slug,collegeName,division,conference,currentBaseballWebsiteUrl,replacementBaseballWebsiteUrl,reviewStatus
syracuse-university,Syracuse University,NCAA_D1,ACC,,,NEEDS_REPLACEMENT
iowa-state-university,Iowa State University,NCAA_D1,Big 12,,,NEEDS_REPLACEMENT
university-of-colorado-boulder,University of Colorado Boulder,NCAA_D1,Big 12,,,NEEDS_REPLACEMENT
butler-university,Butler University,NCAA_D1,Big East,,,NEEDS_REPLACEMENT
marquette-university,Marquette University,NCAA_D1,Big East,,,NEEDS_REPLACEMENT
wisconsin,University of Wisconsin,NCAA_D1,Big Ten,,,NEEDS_REPLACEMENT
university-of-northern-iowa,University of Northern Iowa,NCAA_D1,Missouri Valley,,,NEEDS_REPLACEMENT
boise-state-university,Boise State University,NCAA_D1,Mountain West,,,NEEDS_REPLACEMENT
colorado-state-university,Colorado State University,NCAA_D1,Mountain West,,,NEEDS_REPLACEMENT
university-of-wyoming,University of Wyoming,NCAA_D1,Mountain West,,,NEEDS_REPLACEMENT
utah-state-university,Utah State University,NCAA_D1,Mountain West,,,NEEDS_REPLACEMENT
bridgeport,Bridgeport,NCAA_D2,CACC,,,NEEDS_REPLACEMENT
caldwell,Caldwell,NCAA_D2,CACC,,,NEEDS_REPLACEMENT
chestnut-hill,Chestnut Hill,NCAA_D2,CACC,,,NEEDS_REPLACEMENT
dominican-ny,Dominican (NY),NCAA_D2,CACC,,,NEEDS_REPLACEMENT
felician,Felician,NCAA_D2,CACC,,,NEEDS_REPLACEMENT
georgian-court,Georgian Court,NCAA_D2,CACC,,,NEEDS_REPLACEMENT
goldey-beacom,Goldey–Beacom,NCAA_D2,CACC,,,NEEDS_REPLACEMENT
holy-family,Holy Family,NCAA_D2,CACC,,,NEEDS_REPLACEMENT
jefferson,Jefferson,NCAA_D2,CACC,,,NEEDS_REPLACEMENT
lincoln-pa,Lincoln (PA),NCAA_D2,CACC,,,NEEDS_REPLACEMENT
post,Post,NCAA_D2,CACC,,,NEEDS_REPLACEMENT
wilmington,Wilmington,NCAA_D2,CACC,,,NEEDS_REPLACEMENT
cal-poly-pomona,Cal Poly Pomona,NCAA_D2,CCAA,,,NEEDS_REPLACEMENT
cal-state-dominguez-hills,Cal State Dominguez Hills,NCAA_D2,CCAA,,,NEEDS_REPLACEMENT
cal-state-east-bay,Cal State East Bay,NCAA_D2,CCAA,,,NEEDS_REPLACEMENT
cal-state-los-angeles,Cal State Los Angeles,NCAA_D2,CCAA,,,NEEDS_REPLACEMENT
cal-state-monterey-bay,Cal State Monterey Bay,NCAA_D2,CCAA,,,NEEDS_REPLACEMENT
cal-state-san-bernardino,Cal State San Bernardino,NCAA_D2,CCAA,,,NEEDS_REPLACEMENT
cal-state-san-marcos,Cal State San Marcos,NCAA_D2,CCAA,,,NEEDS_REPLACEMENT
cal-state-stanislaus,Cal State Stanislaus,NCAA_D2,CCAA,,,NEEDS_REPLACEMENT
chico-state,Chico State,NCAA_D2,CCAA,,,NEEDS_REPLACEMENT
san-francisco-state,San Francisco State,NCAA_D2,CCAA,,,NEEDS_REPLACEMENT
barton,Barton,NCAA_D2,Carolinas,,,NEEDS_REPLACEMENT
belmont-abbey,Belmont Abbey,NCAA_D2,Carolinas,,,NEEDS_REPLACEMENT
chowan,Chowan,NCAA_D2,Carolinas,,,NEEDS_REPLACEMENT
emmanuel,Emmanuel,NCAA_D2,Carolinas,,,NEEDS_REPLACEMENT
erskine,Erskine,NCAA_D2,Carolinas,,,NEEDS_REPLACEMENT
ferrum,Ferrum,NCAA_D2,Carolinas,,,NEEDS_REPLACEMENT
francis-marion,Francis Marion,NCAA_D2,Carolinas,,,NEEDS_REPLACEMENT
king,King,NCAA_D2,Carolinas,,,NEEDS_REPLACEMENT
mount-olive,Mount Olive,NCAA_D2,Carolinas,,,NEEDS_REPLACEMENT
north-greenville,North Greenville,NCAA_D2,Carolinas,,,NEEDS_REPLACEMENT
shorter,Shorter,NCAA_D2,Carolinas,,,NEEDS_REPLACEMENT
southern-wesleyan,Southern Wesleyan,NCAA_D2,Carolinas,,,NEEDS_REPLACEMENT
young-harris,Young Harris,NCAA_D2,Carolinas,,,NEEDS_REPLACEMENT
d-youville,D'Youville,NCAA_D2,ECC,,,NEEDS_REPLACEMENT
mercy,Mercy,NCAA_D2,ECC,,,NEEDS_REPLACEMENT
molloy,Molloy,NCAA_D2,ECC,,,NEEDS_REPLACEMENT
queens-ny,Queens (NY),NCAA_D2,ECC,,,NEEDS_REPLACEMENT
staten-island,Staten Island,NCAA_D2,ECC,,,NEEDS_REPLACEMENT
ashland,Ashland,NCAA_D2,G-MAC,,,NEEDS_REPLACEMENT
cedarville,Cedarville,NCAA_D2,G-MAC,,,NEEDS_REPLACEMENT
findlay,Findlay,NCAA_D2,G-MAC,,,NEEDS_REPLACEMENT
hillsdale,Hillsdale,NCAA_D2,G-MAC,,,NEEDS_REPLACEMENT
kentucky-wesleyan,Kentucky Wesleyan,NCAA_D2,G-MAC,,,NEEDS_REPLACEMENT
lake-erie,Lake Erie,NCAA_D2,G-MAC,,,NEEDS_REPLACEMENT
malone,Malone,NCAA_D2,G-MAC,,,NEEDS_REPLACEMENT
northwood,Northwood,NCAA_D2,G-MAC,,,NEEDS_REPLACEMENT
ohio-dominican,Ohio Dominican,NCAA_D2,G-MAC,,,NEEDS_REPLACEMENT
thomas-more,Thomas More,NCAA_D2,G-MAC,,,NEEDS_REPLACEMENT
tiffin,Tiffin,NCAA_D2,G-MAC,,,NEEDS_REPLACEMENT
walsh,Walsh,NCAA_D2,G-MAC,,,NEEDS_REPLACEMENT
arkansas-tech,Arkansas Tech,NCAA_D2,GAC,,,NEEDS_REPLACEMENT
arkansas-monticello,Arkansas–Monticello,NCAA_D2,GAC,,,NEEDS_REPLACEMENT
east-central,East Central,NCAA_D2,GAC,,,NEEDS_REPLACEMENT
harding,Harding,NCAA_D2,GAC,,,NEEDS_REPLACEMENT
henderson-state,Henderson State,NCAA_D2,GAC,,,NEEDS_REPLACEMENT
northwestern-oklahoma-state,Northwestern Oklahoma State,NCAA_D2,GAC,,,NEEDS_REPLACEMENT
oklahoma-baptist,Oklahoma Baptist,NCAA_D2,GAC,,,NEEDS_REPLACEMENT
ouachita-baptist,Ouachita Baptist,NCAA_D2,GAC,,,NEEDS_REPLACEMENT
southeastern-oklahoma-state,Southeastern Oklahoma State,NCAA_D2,GAC,,,NEEDS_REPLACEMENT
southern-arkansas,Southern Arkansas,NCAA_D2,GAC,,,NEEDS_REPLACEMENT
southern-nazarene,Southern Nazarene,NCAA_D2,GAC,,,NEEDS_REPLACEMENT
southwestern-oklahoma-state,Southwestern Oklahoma State,NCAA_D2,GAC,,,NEEDS_REPLACEMENT
davenport,Davenport,NCAA_D2,GLIAC,,,NEEDS_REPLACEMENT
grand-valley-state,Grand Valley State,NCAA_D2,GLIAC,,,NEEDS_REPLACEMENT
parkside,Parkside,NCAA_D2,GLIAC,,,NEEDS_REPLACEMENT
purdue-northwest,Purdue Northwest,NCAA_D2,GLIAC,,,NEEDS_REPLACEMENT
roosevelt,Roosevelt,NCAA_D2,GLIAC,,,NEEDS_REPLACEMENT
saginaw-valley-state,Saginaw Valley State,NCAA_D2,GLIAC,,,NEEDS_REPLACEMENT
wayne-state-mi,Wayne State (MI),NCAA_D2,GLIAC,,,NEEDS_REPLACEMENT
drury,Drury,NCAA_D2,GLVC,,,NEEDS_REPLACEMENT
indianapolis,Indianapolis,NCAA_D2,GLVC,,,NEEDS_REPLACEMENT
lewis,Lewis,NCAA_D2,GLVC,,,NEEDS_REPLACEMENT
lincoln-mo,Lincoln (MO),NCAA_D2,GLVC,,,NEEDS_REPLACEMENT
maryville-mo,Maryville (MO),NCAA_D2,GLVC,,,NEEDS_REPLACEMENT
mckendree,McKendree,NCAA_D2,GLVC,,,NEEDS_REPLACEMENT
missouri-s-and-t,Missouri S&T,NCAA_D2,GLVC,,,NEEDS_REPLACEMENT
quincy,Quincy,NCAA_D2,GLVC,,,NEEDS_REPLACEMENT
rockhurst,Rockhurst,NCAA_D2,GLVC,,,NEEDS_REPLACEMENT
southwest-baptist,Southwest Baptist,NCAA_D2,GLVC,,,NEEDS_REPLACEMENT
truman,Truman,NCAA_D2,GLVC,,,NEEDS_REPLACEMENT
uis,UIS,NCAA_D2,GLVC,,,NEEDS_REPLACEMENT
upper-iowa,Upper Iowa,NCAA_D2,GLVC,,,NEEDS_REPLACEMENT
william-jewell,William Jewell,NCAA_D2,GLVC,,,NEEDS_REPLACEMENT
central-washington,Central Washington,NCAA_D2,GNAC,,,NEEDS_REPLACEMENT
montana-state-billings,Montana State–Billings,NCAA_D2,GNAC,,,NEEDS_REPLACEMENT
northwest-nazarene,Northwest Nazarene,NCAA_D2,GNAC,,,NEEDS_REPLACEMENT
saint-martin-s,Saint Martin's,NCAA_D2,GNAC,,,NEEDS_REPLACEMENT
western-oregon,Western Oregon,NCAA_D2,GNAC,,,NEEDS_REPLACEMENT
alabama-huntsville,Alabama–Huntsville,NCAA_D2,Gulf South,,,NEEDS_REPLACEMENT
auburn-montgomery,Auburn Montgomery,NCAA_D2,Gulf South,,,NEEDS_REPLACEMENT
christian-brothers,Christian Brothers,NCAA_D2,Gulf South,,,NEEDS_REPLACEMENT
delta-state,Delta State,NCAA_D2,Gulf South,,,NEEDS_REPLACEMENT
lee,Lee,NCAA_D2,Gulf South,,,NEEDS_REPLACEMENT
mississippi-college,Mississippi College,NCAA_D2,Gulf South,,,NEEDS_REPLACEMENT
montevallo,Montevallo,NCAA_D2,Gulf South,,,NEEDS_REPLACEMENT
trevecca-nazarene,Trevecca Nazarene,NCAA_D2,Gulf South,,,NEEDS_REPLACEMENT
union,Union,NCAA_D2,Gulf South,,,NEEDS_REPLACEMENT
valdosta-state,Valdosta State,NCAA_D2,Gulf South,,,NEEDS_REPLACEMENT
west-alabama,West Alabama,NCAA_D2,Gulf South,,,NEEDS_REPLACEMENT
west-florida,West Florida,NCAA_D2,Gulf South,,,NEEDS_REPLACEMENT
bluefield-state,Bluefield State,NCAA_D2,Independent,,,NEEDS_REPLACEMENT
salem,Salem,NCAA_D2,Independent,,,NEEDS_REPLACEMENT
virginia-state,Virginia State,NCAA_D2,Independent,,,NEEDS_REPLACEMENT
angelo-state,Angelo State,NCAA_D2,Lone Star,,,NEEDS_REPLACEMENT
cameron,Cameron,NCAA_D2,Lone Star,,,NEEDS_REPLACEMENT
eastern-new-mexico,Eastern New Mexico,NCAA_D2,Lone Star,,,NEEDS_REPLACEMENT
lubbock-christian,Lubbock Christian,NCAA_D2,Lone Star,,,NEEDS_REPLACEMENT
oklahoma-christian,Oklahoma Christian,NCAA_D2,Lone Star,,,NEEDS_REPLACEMENT
sul-ross-state,Sul Ross State,NCAA_D2,Lone Star,,,NEEDS_REPLACEMENT
texas-a-and-m-international,Texas A&M International,NCAA_D2,Lone Star,,,NEEDS_REPLACEMENT
ut-dallas,UT Dallas,NCAA_D2,Lone Star,,,NEEDS_REPLACEMENT
ut-permian-basin,UT Permian Basin,NCAA_D2,Lone Star,,,NEEDS_REPLACEMENT
ut-tyler,UT Tyler,NCAA_D2,Lone Star,,,NEEDS_REPLACEMENT
west-texas-a-and-m,West Texas A&M,NCAA_D2,Lone Star,,,NEEDS_REPLACEMENT
charleston-wv,Charleston (WV),NCAA_D2,MEC,,,NEEDS_REPLACEMENT
concord,Concord,NCAA_D2,MEC,,,NEEDS_REPLACEMENT
davis-and-elkins,Davis & Elkins,NCAA_D2,MEC,,,NEEDS_REPLACEMENT
fairmont-state,Fairmont State,NCAA_D2,MEC,,,NEEDS_REPLACEMENT
frostburg-state,Frostburg State,NCAA_D2,MEC,,,NEEDS_REPLACEMENT
glenville-state,Glenville State,NCAA_D2,MEC,,,NEEDS_REPLACEMENT
point-park,Point Park,NCAA_D2,MEC,,,NEEDS_REPLACEMENT
west-liberty,West Liberty,NCAA_D2,MEC,,,NEEDS_REPLACEMENT
west-virginia-state,West Virginia State,NCAA_D2,MEC,,,NEEDS_REPLACEMENT
west-virginia-wesleyan,West Virginia Wesleyan,NCAA_D2,MEC,,,NEEDS_REPLACEMENT
wheeling,Wheeling,NCAA_D2,MEC,,,NEEDS_REPLACEMENT
arkansas-fort-smith,Arkansas–Fort Smith,NCAA_D2,MIAA,,,NEEDS_REPLACEMENT
central-missouri,Central Missouri,NCAA_D2,MIAA,,,NEEDS_REPLACEMENT
central-oklahoma,Central Oklahoma,NCAA_D2,MIAA,,,NEEDS_REPLACEMENT
emporia-state,Emporia State,NCAA_D2,MIAA,,,NEEDS_REPLACEMENT
fort-hays-state,Fort Hays State,NCAA_D2,MIAA,,,NEEDS_REPLACEMENT
missouri-southern,Missouri Southern,NCAA_D2,MIAA,,,NEEDS_REPLACEMENT
missouri-western,Missouri Western,NCAA_D2,MIAA,,,NEEDS_REPLACEMENT
newman,Newman,NCAA_D2,MIAA,,,NEEDS_REPLACEMENT
northeastern-state,Northeastern State,NCAA_D2,MIAA,,,NEEDS_REPLACEMENT
northwest-missouri-state,Northwest Missouri State,NCAA_D2,MIAA,,,NEEDS_REPLACEMENT
pittsburg-state,Pittsburg State,NCAA_D2,MIAA,,,NEEDS_REPLACEMENT
rogers-state,Rogers State,NCAA_D2,MIAA,,,NEEDS_REPLACEMENT
washburn,Washburn,NCAA_D2,MIAA,,,NEEDS_REPLACEMENT
adelphi,Adelphi,NCAA_D2,NE-10,,,NEEDS_REPLACEMENT
american-international,American International,NCAA_D2,NE-10,,,NEEDS_REPLACEMENT
assumption,Assumption,NCAA_D2,NE-10,,,NEEDS_REPLACEMENT
bentley,Bentley,NCAA_D2,NE-10,,,NEEDS_REPLACEMENT
franklin-pierce,Franklin Pierce,NCAA_D2,NE-10,,,NEEDS_REPLACEMENT
pace,Pace,NCAA_D2,NE-10,,,NEEDS_REPLACEMENT
saint-anselm,Saint Anselm,NCAA_D2,NE-10,,,NEEDS_REPLACEMENT
saint-michael-s,Saint Michael's,NCAA_D2,NE-10,,,NEEDS_REPLACEMENT
southern-connecticut,Southern Connecticut,NCAA_D2,NE-10,,,NEEDS_REPLACEMENT
southern-new-hampshire,Southern New Hampshire,NCAA_D2,NE-10,,,NEEDS_REPLACEMENT
augustana,Augustana,NCAA_D2,NSIC,,,NEEDS_REPLACEMENT
bemidji-state,Bemidji State,NCAA_D2,NSIC,,,NEEDS_REPLACEMENT
concordia-st-paul,Concordia–St. Paul,NCAA_D2,NSIC,,,NEEDS_REPLACEMENT
mary,Mary,NCAA_D2,NSIC,,,NEEDS_REPLACEMENT
minnesota-state,Minnesota State,NCAA_D2,NSIC,,,NEEDS_REPLACEMENT
minnesota-crookston,Minnesota–Crookston,NCAA_D2,NSIC,,,NEEDS_REPLACEMENT
minnesota-duluth,Minnesota–Duluth,NCAA_D2,NSIC,,,NEEDS_REPLACEMENT
minot-state,Minot State,NCAA_D2,NSIC,,,NEEDS_REPLACEMENT
northern-state,Northern State,NCAA_D2,NSIC,,,NEEDS_REPLACEMENT
sioux-falls,Sioux Falls,NCAA_D2,NSIC,,,NEEDS_REPLACEMENT
southwest-minnesota-state,Southwest Minnesota State,NCAA_D2,NSIC,,,NEEDS_REPLACEMENT
wayne-state-ne,Wayne State (NE),NCAA_D2,NSIC,,,NEEDS_REPLACEMENT
winona-state,Winona State,NCAA_D2,NSIC,,,NEEDS_REPLACEMENT
bloomsburg,Bloomsburg,NCAA_D2,PSAC,,,NEEDS_REPLACEMENT
california-pa,California (PA),NCAA_D2,PSAC,,,NEEDS_REPLACEMENT
clarion,Clarion,NCAA_D2,PSAC,,,NEEDS_REPLACEMENT
east-stroudsburg,East Stroudsburg,NCAA_D2,PSAC,,,NEEDS_REPLACEMENT
gannon,Gannon,NCAA_D2,PSAC,,,NEEDS_REPLACEMENT
iup,IUP,NCAA_D2,PSAC,,,NEEDS_REPLACEMENT
kutztown,Kutztown,NCAA_D2,PSAC,,,NEEDS_REPLACEMENT
lock-haven,Lock Haven,NCAA_D2,PSAC,,,NEEDS_REPLACEMENT
mansfield,Mansfield,NCAA_D2,PSAC,,,NEEDS_REPLACEMENT
millersville,Millersville,NCAA_D2,PSAC,,,NEEDS_REPLACEMENT
pitt-johnstown,Pitt–Johnstown,NCAA_D2,PSAC,,,NEEDS_REPLACEMENT
seton-hill,Seton Hill,NCAA_D2,PSAC,,,NEEDS_REPLACEMENT
shepherd,Shepherd,NCAA_D2,PSAC,,,NEEDS_REPLACEMENT
shippensburg,Shippensburg,NCAA_D2,PSAC,,,NEEDS_REPLACEMENT
slippery-rock,Slippery Rock,NCAA_D2,PSAC,,,NEEDS_REPLACEMENT
west-chester,West Chester,NCAA_D2,PSAC,,,NEEDS_REPLACEMENT
azusa-pacific,Azusa Pacific,NCAA_D2,PacWest,,,NEEDS_REPLACEMENT
biola,Biola,NCAA_D2,PacWest,,,NEEDS_REPLACEMENT
chaminade,Chaminade,NCAA_D2,PacWest,,,NEEDS_REPLACEMENT
concordia-irvine,Concordia–Irvine,NCAA_D2,PacWest,,,NEEDS_REPLACEMENT
fresno-pacific,Fresno Pacific,NCAA_D2,PacWest,,,NEEDS_REPLACEMENT
hawai-i-pacific,Hawaiʻi Pacific,NCAA_D2,PacWest,,,NEEDS_REPLACEMENT
jessup,Jessup,NCAA_D2,PacWest,,,NEEDS_REPLACEMENT
menlo,Menlo,NCAA_D2,PacWest,,,NEEDS_REPLACEMENT
point-loma-nazarene,Point Loma Nazarene,NCAA_D2,PacWest,,,NEEDS_REPLACEMENT
vanguard,Vanguard,NCAA_D2,PacWest,,,NEEDS_REPLACEMENT
westmont,Westmont,NCAA_D2,PacWest,,,NEEDS_REPLACEMENT
augusta,Augusta,NCAA_D2,Peach Belt,,,NEEDS_REPLACEMENT
claflin,Claflin,NCAA_D2,Peach Belt,,,NEEDS_REPLACEMENT
columbus-state,Columbus State,NCAA_D2,Peach Belt,,,NEEDS_REPLACEMENT
flagler,Flagler,NCAA_D2,Peach Belt,,,NEEDS_REPLACEMENT
georgia-college,Georgia College,NCAA_D2,Peach Belt,,,NEEDS_REPLACEMENT
georgia-southwestern-state,Georgia Southwestern State,NCAA_D2,Peach Belt,,,NEEDS_REPLACEMENT
lander,Lander,NCAA_D2,Peach Belt,,,NEEDS_REPLACEMENT
middle-georgia,Middle Georgia,NCAA_D2,Peach Belt,,,NEEDS_REPLACEMENT
north-georgia,North Georgia,NCAA_D2,Peach Belt,,,NEEDS_REPLACEMENT
usc-aiken,USC Aiken,NCAA_D2,Peach Belt,,,NEEDS_REPLACEMENT
usc-beaufort,USC Beaufort,NCAA_D2,Peach Belt,,,NEEDS_REPLACEMENT
adams-state,Adams State,NCAA_D2,RMAC,,,NEEDS_REPLACEMENT
csu-pueblo,CSU Pueblo,NCAA_D2,RMAC,,,NEEDS_REPLACEMENT
colorado-christian,Colorado Christian,NCAA_D2,RMAC,,,NEEDS_REPLACEMENT
colorado-mesa,Colorado Mesa,NCAA_D2,RMAC,,,NEEDS_REPLACEMENT
colorado-mines,Colorado Mines,NCAA_D2,RMAC,,,NEEDS_REPLACEMENT
metropolitan-state,Metropolitan State,NCAA_D2,RMAC,,,NEEDS_REPLACEMENT
new-mexico-highlands,New Mexico Highlands,NCAA_D2,RMAC,,,NEEDS_REPLACEMENT
regis,Regis,NCAA_D2,RMAC,,,NEEDS_REPLACEMENT
uccs,UCCS,NCAA_D2,RMAC,,,NEEDS_REPLACEMENT
anderson,Anderson,NCAA_D2,SAC,,,NEEDS_REPLACEMENT
carson-newman,Carson–Newman,NCAA_D2,SAC,,,NEEDS_REPLACEMENT
catawba,Catawba,NCAA_D2,SAC,,,NEEDS_REPLACEMENT
coker,Coker,NCAA_D2,SAC,,,NEEDS_REPLACEMENT
emory-and-henry,Emory & Henry,NCAA_D2,SAC,,,NEEDS_REPLACEMENT
lenoir-rhyne,Lenoir–Rhyne,NCAA_D2,SAC,,,NEEDS_REPLACEMENT
lincoln-memorial,Lincoln Memorial,NCAA_D2,SAC,,,NEEDS_REPLACEMENT
mars-hill,Mars Hill,NCAA_D2,SAC,,,NEEDS_REPLACEMENT
newberry,Newberry,NCAA_D2,SAC,,,NEEDS_REPLACEMENT
tusculum,Tusculum,NCAA_D2,SAC,,,NEEDS_REPLACEMENT
wingate,Wingate,NCAA_D2,SAC,,,NEEDS_REPLACEMENT
albany-state,Albany State,NCAA_D2,SIAC,,,NEEDS_REPLACEMENT
benedict,Benedict,NCAA_D2,SIAC,,,NEEDS_REPLACEMENT
clark-atlanta,Clark Atlanta,NCAA_D2,SIAC,,,NEEDS_REPLACEMENT
edward-waters,Edward Waters,NCAA_D2,SIAC,,,NEEDS_REPLACEMENT
kentucky-state,Kentucky State,NCAA_D2,SIAC,,,NEEDS_REPLACEMENT
lane,Lane,NCAA_D2,SIAC,,,NEEDS_REPLACEMENT
lemoyne-owen,LeMoyne–Owen,NCAA_D2,SIAC,,,NEEDS_REPLACEMENT
miles,Miles,NCAA_D2,SIAC,,,NEEDS_REPLACEMENT
morehouse,Morehouse,NCAA_D2,SIAC,,,NEEDS_REPLACEMENT
savannah-state,Savannah State,NCAA_D2,SIAC,,,NEEDS_REPLACEMENT
spring-hill,Spring Hill,NCAA_D2,SIAC,,,NEEDS_REPLACEMENT
tuskegee,Tuskegee,NCAA_D2,SIAC,,,NEEDS_REPLACEMENT
barry,Barry,NCAA_D2,SSC,,,NEEDS_REPLACEMENT
eckerd,Eckerd,NCAA_D2,SSC,,,NEEDS_REPLACEMENT
florida-southern,Florida Southern,NCAA_D2,SSC,,,NEEDS_REPLACEMENT
florida-tech,Florida Tech,NCAA_D2,SSC,,,NEEDS_REPLACEMENT
lynn,Lynn,NCAA_D2,SSC,,,NEEDS_REPLACEMENT
nova-southeastern,Nova Southeastern,NCAA_D2,SSC,,,NEEDS_REPLACEMENT
palm-beach-atlantic,Palm Beach Atlantic,NCAA_D2,SSC,,,NEEDS_REPLACEMENT
rollins,Rollins,NCAA_D2,SSC,,,NEEDS_REPLACEMENT
saint-leo,Saint Leo,NCAA_D2,SSC,,,NEEDS_REPLACEMENT
tampa,Tampa,NCAA_D2,SSC,,,NEEDS_REPLACEMENT
central-baptist,Central Baptist,NAIA,American Midwest Conference,https://naiastats.prestosports.com/sports/bsb/2024-25/teams/centralbaptistar,,NEEDS_REPLACEMENT
columbia,Columbia,NAIA,American Midwest Conference,https://naiastats.prestosports.com/sports/bsb/2024-25/teams/columbiamo,,NEEDS_REPLACEMENT
crowley-s-ridge,Crowley's Ridge,NAIA,American Midwest Conference,https://naiastats.prestosports.com/sports/bsb/2024-25/teams/crowleysridgear,,NEEDS_REPLACEMENT
hannibal-lagrange,Hannibal-LaGrange,NAIA,American Midwest Conference,https://naiastats.prestosports.com/sports/bsb/2024-25/teams/hanniballagrangemo,,NEEDS_REPLACEMENT
harris-stowe,Harris-Stowe,NAIA,American Midwest Conference,https://naiastats.prestosports.com/sports/bsb/2024-25/teams/harrisstowemo,,NEEDS_REPLACEMENT
mission,Mission,NAIA,American Midwest Conference,https://naiastats.prestosports.com/sports/bsb/2024-25/teams/missionmo,,NEEDS_REPLACEMENT
missouri-baptist,Missouri Baptist,NAIA,American Midwest Conference,https://naiastats.prestosports.com/sports/bsb/2024-25/teams/missouribaptist,,NEEDS_REPLACEMENT
uhsp,UHSP,NAIA,American Midwest Conference,https://naiastats.prestosports.com/sports/bsb/2024-25/teams/uhsp,,NEEDS_REPLACEMENT
william-woods,William Woods,NAIA,American Midwest Conference,https://naiastats.prestosports.com/sports/bsb/2024-25/teams/williamwoodsmo,,NEEDS_REPLACEMENT
williams-baptist,Williams Baptist,NAIA,American Midwest Conference,https://naiastats.prestosports.com/sports/bsb/2024-25/teams/williamsbaptistar,,NEEDS_REPLACEMENT
bluefield,Bluefield,NAIA,Appalachian Athletic Conference,https://naiastats.prestosports.com/sports/bsb/2024-25/teams/bluefieldva,,NEEDS_REPLACEMENT
bryan,Bryan,NAIA,Appalachian Athletic Conference,https://naiastats.prestosports.com/sports/bsb/2024-25/teams/bryantn,,NEEDS_REPLACEMENT
ciu,CIU,NAIA,Appalachian Athletic Conference,https://naiastats.prestosports.com/sports/bsb/2024-25/teams/ciusc,,NEEDS_REPLACEMENT
johnson,Johnson,NAIA,Appalachian Athletic Conference,https://naiastats.prestosports.com/sports/bsb/2024-25/teams/johnsontn,,NEEDS_REPLACEMENT
kentucky-christian,Kentucky Christian,NAIA,Appalachian Athletic Conference,https://naiastats.prestosports.com/sports/bsb/2024-25/teams/kentuckychristian,,NEEDS_REPLACEMENT
milligan,Milligan,NAIA,Appalachian Athletic Conference,https://naiastats.prestosports.com/sports/bsb/2024-25/teams/milligantn,,NEEDS_REPLACEMENT
montreat,Montreat,NAIA,Appalachian Athletic Conference,https://naiastats.prestosports.com/sports/bsb/2024-25/teams/montreatnc,,NEEDS_REPLACEMENT
pikeville,Pikeville,NAIA,Appalachian Athletic Conference,https://naiastats.prestosports.com/sports/bsb/2024-25/teams/pikevilleky,,NEEDS_REPLACEMENT
reinhardt,Reinhardt,NAIA,Appalachian Athletic Conference,https://naiastats.prestosports.com/sports/bsb/2024-25/teams/reinhardtga,,NEEDS_REPLACEMENT
st-andrews,St. Andrews,NAIA,Appalachian Athletic Conference,https://naiastats.prestosports.com/sports/bsb/2024-25/teams/standrewsnc,,NEEDS_REPLACEMENT
tennessee-wesleyan,Tennessee Wesleyan,NAIA,Appalachian Athletic Conference,https://naiastats.prestosports.com/sports/bsb/2024-25/teams/tennesseewesleyan,,NEEDS_REPLACEMENT
truett-mcconnell,Truett McConnell,NAIA,Appalachian Athletic Conference,https://naiastats.prestosports.com/sports/bsb/2024-25/teams/truettmcconnell,,NEEDS_REPLACEMENT
union-commonwealth,Union Commonwealth,NAIA,Appalachian Athletic Conference,https://naiastats.prestosports.com/sports/bsb/2024-25/teams/unioncommonwealth,,NEEDS_REPLACEMENT
british-columbia,British Columbia,NAIA,Cascade Collegiate Conference,https://naiastats.prestosports.com/sports/bsb/2024-25/teams/britishcolumbia,,NEEDS_REPLACEMENT
bushnell,Bushnell,NAIA,Cascade Collegiate Conference,https://naiastats.prestosports.com/sports/bsb/2024-25/teams/bushnellor,,NEEDS_REPLACEMENT
college-of-idaho,College of Idaho,NAIA,Cascade Collegiate Conference,https://naiastats.prestosports.com/sports/bsb/2024-25/teams/collegeofidaho,,NEEDS_REPLACEMENT
corban,Corban,NAIA,Cascade Collegiate Conference,https://naiastats.prestosports.com/sports/bsb/2024-25/teams/corbanor,,NEEDS_REPLACEMENT
eastern-oregon,Eastern Oregon,NAIA,Cascade Collegiate Conference,https://naiastats.prestosports.com/sports/bsb/2024-25/teams/easternoregon,,NEEDS_REPLACEMENT
lewis-clark-state,Lewis-Clark State,NAIA,Cascade Collegiate Conference,https://naiastats.prestosports.com/sports/bsb/2024-25/teams/lewisclarkstate,,NEEDS_REPLACEMENT
oregon-tech,Oregon Tech,NAIA,Cascade Collegiate Conference,https://naiastats.prestosports.com/sports/bsb/2024-25/teams/oregontech,,NEEDS_REPLACEMENT
calumet,Calumet,NAIA,Chicagoland Collegiate Athletic Conference,https://naiastats.prestosports.com/sports/bsb/2024-25/teams/calumetin,,NEEDS_REPLACEMENT
indiana-south-bend,Indiana South Bend,NAIA,Chicagoland Collegiate Athletic Conference,https://naiastats.prestosports.com/sports/bsb/2024-25/teams/indianasouthbend,,NEEDS_REPLACEMENT
judson,Judson,NAIA,Chicagoland Collegiate Athletic Conference,https://naiastats.prestosports.com/sports/bsb/2024-25/teams/judsonil,,NEEDS_REPLACEMENT
olivet-nazarene,Olivet Nazarene,NAIA,Chicagoland Collegiate Athletic Conference,https://naiastats.prestosports.com/sports/bsb/2024-25/teams/olivetnazareneil,,NEEDS_REPLACEMENT
saint-xavier,Saint Xavier,NAIA,Chicagoland Collegiate Athletic Conference,https://naiastats.prestosports.com/sports/bsb/2024-25/teams/saintxavieril,,NEEDS_REPLACEMENT
st-ambrose,St. Ambrose,NAIA,Chicagoland Collegiate Athletic Conference,https://naiastats.prestosports.com/sports/bsb/2024-25/teams/stambroseia,,NEEDS_REPLACEMENT
st-francis,St. Francis,NAIA,Chicagoland Collegiate Athletic Conference,https://naiastats.prestosports.com/sports/bsb/2024-25/teams/stfrancisil,,NEEDS_REPLACEMENT
trinity-christian,Trinity Christian,NAIA,Chicagoland Collegiate Athletic Conference,https://naiastats.prestosports.com/sports/bsb/2024-25/teams/trinitychristianil,,NEEDS_REPLACEMENT
viterbo,Viterbo,NAIA,Chicagoland Collegiate Athletic Conference,https://naiastats.prestosports.com/sports/bsb/2024-25/teams/viterbo,,NEEDS_REPLACEMENT
arkansas-baptist,Arkansas Baptist,NAIA,Continental Athletic Conference,https://naiastats.prestosports.com/sports/bsb/2024-25/teams/arkansasbaptist,,NEEDS_REPLACEMENT
carolina,Carolina,NAIA,Continental Athletic Conference,https://naiastats.prestosports.com/sports/bsb/2024-25/teams/carolinanc,,NEEDS_REPLACEMENT
fisher,Fisher,NAIA,Continental Athletic Conference,https://naiastats.prestosports.com/sports/bsb/2024-25/teams/fisherma,,NEEDS_REPLACEMENT
florida-national,Florida National,NAIA,Continental Athletic Conference,https://naiastats.prestosports.com/sports/bsb/2024-25/teams/floridanationalfl,,NEEDS_REPLACEMENT
georgia-gwinnett,Georgia Gwinnett,NAIA,Continental Athletic Conference,https://naiastats.prestosports.com/sports/bsb/2024-25/teams/georgiagwinnett,,NEEDS_REPLACEMENT
morris,Morris,NAIA,Continental Athletic Conference,https://naiastats.prestosports.com/sports/bsb/2024-25/teams/morris,,NEEDS_REPLACEMENT
spartanburg-methodist,Spartanburg Methodist,NAIA,Continental Athletic Conference,https://naiastats.prestosports.com/sports/bsb/2024-25/teams/spartanburgmethodist,,NEEDS_REPLACEMENT
goshen,Goshen,NAIA,Crossroads League,https://naiastats.prestosports.com/sports/bsb/2024-25/teams/goshenin,,NEEDS_REPLACEMENT
grace,Grace,NAIA,Crossroads League,https://naiastats.prestosports.com/sports/bsb/2024-25/teams/gracein,,NEEDS_REPLACEMENT
huntington,Huntington,NAIA,Crossroads League,https://naiastats.prestosports.com/sports/bsb/2024-25/teams/huntingtonin,,NEEDS_REPLACEMENT
indiana-wesleyan,Indiana Wesleyan,NAIA,Crossroads League,https://naiastats.prestosports.com/sports/bsb/2024-25/teams/indianawesleyanin,,NEEDS_REPLACEMENT
marian,Marian,NAIA,Crossroads League,https://naiastats.prestosports.com/sports/bsb/2024-25/teams/marianin,,NEEDS_REPLACEMENT
mount-vernon-nazarene,Mount Vernon Nazarene,NAIA,Crossroads League,https://naiastats.prestosports.com/sports/bsb/2024-25/teams/mountvernonnazareneoh,,NEEDS_REPLACEMENT
saint-francis,Saint Francis,NAIA,Crossroads League,https://naiastats.prestosports.com/sports/bsb/2024-25/teams/saintfrancisin,,NEEDS_REPLACEMENT
spring-arbor,Spring Arbor,NAIA,Crossroads League,https://naiastats.prestosports.com/sports/bsb/2024-25/teams/springarbormi,,NEEDS_REPLACEMENT
taylor,Taylor,NAIA,Crossroads League,https://naiastats.prestosports.com/sports/bsb/2024-25/teams/taylorin,,NEEDS_REPLACEMENT
briar-cliff,Briar Cliff,NAIA,Great Plains Athletic Conference,https://naiastats.prestosports.com/sports/bsb/2024-25/teams/briarcliffia,,NEEDS_REPLACEMENT
concordia,Concordia,NAIA,Great Plains Athletic Conference,https://naiastats.prestosports.com/sports/bsb/2024-25/teams/concordiane,,NEEDS_REPLACEMENT
dakota-wesleyan,Dakota Wesleyan,NAIA,Great Plains Athletic Conference,https://naiastats.prestosports.com/sports/bsb/2024-25/teams/dakotawesleyansd,,NEEDS_REPLACEMENT
doane,Doane,NAIA,Great Plains Athletic Conference,https://naiastats.prestosports.com/sports/bsb/2024-25/teams/doanene,,NEEDS_REPLACEMENT
dordt,Dordt,NAIA,Great Plains Athletic Conference,https://naiastats.prestosports.com/sports/bsb/2024-25/teams/dordtia,,NEEDS_REPLACEMENT
hastings,Hastings,NAIA,Great Plains Athletic Conference,https://naiastats.prestosports.com/sports/bsb/2024-25/teams/hastings,,NEEDS_REPLACEMENT
midland,Midland,NAIA,Great Plains Athletic Conference,https://naiastats.prestosports.com/sports/bsb/2024-25/teams/midland,,NEEDS_REPLACEMENT
morningside,Morningside,NAIA,Great Plains Athletic Conference,https://naiastats.prestosports.com/sports/bsb/2024-25/teams/morningside,,NEEDS_REPLACEMENT
mount-marty,Mount Marty,NAIA,Great Plains Athletic Conference,https://naiastats.prestosports.com/sports/bsb/2024-25/teams/mountmarty,,NEEDS_REPLACEMENT
northwestern,Northwestern,NAIA,Great Plains Athletic Conference,https://naiastats.prestosports.com/sports/bsb/2024-25/teams/northwestern,,NEEDS_REPLACEMENT
waldorf,Waldorf,NAIA,Great Plains Athletic Conference,https://naiastats.prestosports.com/sports/bsb/2024-25/teams/waldorf,,NEEDS_REPLACEMENT
arizona-christian,Arizona Christian,NAIA,Great Southwest Athletic Conference,https://naiastats.prestosports.com/sports/bsb/2024-25/teams/arizonachristianaz,,NEEDS_REPLACEMENT
benedictine-mesa,Benedictine Mesa,NAIA,Great Southwest Athletic Conference,https://naiastats.prestosports.com/sports/bsb/2024-25/teams/benedictinemesaaz,,NEEDS_REPLACEMENT
embry-riddle,Embry-Riddle,NAIA,Great Southwest Athletic Conference,https://naiastats.prestosports.com/sports/bsb/2024-25/teams/embryriddleaz,,NEEDS_REPLACEMENT
hope-international,Hope International,NAIA,Great Southwest Athletic Conference,https://naiastats.prestosports.com/sports/bsb/2024-25/teams/hopeinternational,,NEEDS_REPLACEMENT
ouaz,OUAZ,NAIA,Great Southwest Athletic Conference,https://naiastats.prestosports.com/sports/bsb/2024-25/teams/ouaz,,NEEDS_REPLACEMENT
park-gilbert,Park-Gilbert,NAIA,Great Southwest Athletic Conference,https://naiastats.prestosports.com/sports/bsb/2024-25/teams/parkgilbertaz,,NEEDS_REPLACEMENT
the-master-s,The Master's,NAIA,Great Southwest Athletic Conference,https://naiastats.prestosports.com/sports/bsb/2024-25/teams/themasters,,NEEDS_REPLACEMENT
dillard,Dillard,NAIA,HBCU Athletic Conference,https://naiastats.prestosports.com/sports/bsb/2024-25/teams/dillardla,,NEEDS_REPLACEMENT
oakwood,Oakwood,NAIA,HBCU Athletic Conference,https://naiastats.prestosports.com/sports/bsb/2024-25/teams/oakwoodal,,NEEDS_REPLACEMENT
philander-smith,Philander Smith,NAIA,HBCU Athletic Conference,https://naiastats.prestosports.com/sports/bsb/2024-25/teams/philandersmithar,,NEEDS_REPLACEMENT
rust,Rust,NAIA,HBCU Athletic Conference,https://naiastats.prestosports.com/sports/bsb/2024-25/teams/rustms,,NEEDS_REPLACEMENT
southern-university-at-new-orleans,Southern University at New Orleans,NAIA,HBCU Athletic Conference,https://naiastats.prestosports.com/sports/bsb/2024-25/teams/southernuniversityatneworleansla,,NEEDS_REPLACEMENT
stillman,Stillman,NAIA,HBCU Athletic Conference,https://naiastats.prestosports.com/sports/bsb/2024-25/teams/stillman,,NEEDS_REPLACEMENT
talladega,Talladega,NAIA,HBCU Athletic Conference,https://naiastats.prestosports.com/sports/bsb/2024-25/teams/talladegaal,,NEEDS_REPLACEMENT
tougaloo,Tougaloo,NAIA,HBCU Athletic Conference,https://naiastats.prestosports.com/sports/bsb/2024-25/teams/tougalooms,,NEEDS_REPLACEMENT
voorhees-university,Voorhees University,NAIA,HBCU Athletic Conference,https://naiastats.prestosports.com/sports/bsb/2024-25/teams/voorheesuniversity,,NEEDS_REPLACEMENT
wilberforce,Wilberforce,NAIA,HBCU Athletic Conference,https://naiastats.prestosports.com/sports/bsb/2024-25/teams/wilberforceoh,,NEEDS_REPLACEMENT
wiley,Wiley,NAIA,HBCU Athletic Conference,https://naiastats.prestosports.com/sports/bsb/2024-25/teams/wileytx,,NEEDS_REPLACEMENT
baker,Baker,NAIA,Heart of America Athletic Conference,https://naiastats.prestosports.com/sports/bsb/2024-25/teams/bakerks,,NEEDS_REPLACEMENT
benedictine,Benedictine,NAIA,Heart of America Athletic Conference,https://naiastats.prestosports.com/sports/bsb/2024-25/teams/benedictineks,,NEEDS_REPLACEMENT
central-methodist,Central Methodist,NAIA,Heart of America Athletic Conference,https://naiastats.prestosports.com/sports/bsb/2024-25/teams/centralmethodistmo,,NEEDS_REPLACEMENT
clarke,Clarke,NAIA,Heart of America Athletic Conference,https://naiastats.prestosports.com/sports/bsb/2024-25/teams/clarkeia,,NEEDS_REPLACEMENT
culver-stockton,Culver-Stockton,NAIA,Heart of America Athletic Conference,https://naiastats.prestosports.com/sports/bsb/2024-25/teams/culverstocktonmo,,NEEDS_REPLACEMENT
graceland,Graceland,NAIA,Heart of America Athletic Conference,https://naiastats.prestosports.com/sports/bsb/2024-25/teams/graceland,,NEEDS_REPLACEMENT
grand-view,Grand View,NAIA,Heart of America Athletic Conference,https://naiastats.prestosports.com/sports/bsb/2024-25/teams/grandview,,NEEDS_REPLACEMENT
midamerica-nazarene,MidAmerica Nazarene,NAIA,Heart of America Athletic Conference,https://naiastats.prestosports.com/sports/bsb/2024-25/teams/midamericanazarene,,NEEDS_REPLACEMENT
missouri-valley,Missouri Valley,NAIA,Heart of America Athletic Conference,https://naiastats.prestosports.com/sports/bsb/2024-25/teams/missourivalley,,NEEDS_REPLACEMENT
mount-mercy,Mount Mercy,NAIA,Heart of America Athletic Conference,https://naiastats.prestosports.com/sports/bsb/2024-25/teams/mountmercy,,NEEDS_REPLACEMENT
park,Park,NAIA,Heart of America Athletic Conference,https://naiastats.prestosports.com/sports/bsb/2024-25/teams/park,,NEEDS_REPLACEMENT
peru-state,Peru State,NAIA,Heart of America Athletic Conference,https://naiastats.prestosports.com/sports/bsb/2024-25/teams/perustate,,NEEDS_REPLACEMENT
william-penn,William Penn,NAIA,Heart of America Athletic Conference,https://naiastats.prestosports.com/sports/bsb/2024-25/teams/williampennia,,NEEDS_REPLACEMENT
avila,Avila,NAIA,Kansas Collegiate Athletic Conference,https://naiastats.prestosports.com/sports/bsb/2024-25/teams/avilamo,,NEEDS_REPLACEMENT
bethany,Bethany,NAIA,Kansas Collegiate Athletic Conference,https://naiastats.prestosports.com/sports/bsb/2024-25/teams/bethanyks,,NEEDS_REPLACEMENT
evangel,Evangel,NAIA,Kansas Collegiate Athletic Conference,https://naiastats.prestosports.com/sports/bsb/2024-25/teams/evangelmo,,NEEDS_REPLACEMENT
friends,Friends,NAIA,Kansas Collegiate Athletic Conference,https://naiastats.prestosports.com/sports/bsb/2024-25/teams/friendsks,,NEEDS_REPLACEMENT
kansas-wesleyan,Kansas Wesleyan,NAIA,Kansas Collegiate Athletic Conference,https://naiastats.prestosports.com/sports/bsb/2024-25/teams/kansaswesleyan,,NEEDS_REPLACEMENT
mcpherson,McPherson,NAIA,Kansas Collegiate Athletic Conference,https://naiastats.prestosports.com/sports/bsb/2024-25/teams/mcpherson,,NEEDS_REPLACEMENT
oklahoma-wesleyan,Oklahoma Wesleyan,NAIA,Kansas Collegiate Athletic Conference,https://naiastats.prestosports.com/sports/bsb/2024-25/teams/oklahomawesleyan,,NEEDS_REPLACEMENT
ottawa,Ottawa,NAIA,Kansas Collegiate Athletic Conference,https://naiastats.prestosports.com/sports/bsb/2024-25/teams/ottawa,,NEEDS_REPLACEMENT
saint-mary,Saint Mary,NAIA,Kansas Collegiate Athletic Conference,https://naiastats.prestosports.com/sports/bsb/2024-25/teams/saintmary,,NEEDS_REPLACEMENT
southwestern,Southwestern,NAIA,Kansas Collegiate Athletic Conference,https://naiastats.prestosports.com/sports/bsb/2024-25/teams/southwestern,,NEEDS_REPLACEMENT
sterling,Sterling,NAIA,Kansas Collegiate Athletic Conference,https://naiastats.prestosports.com/sports/bsb/2024-25/teams/sterling,,NEEDS_REPLACEMENT
tabor,Tabor,NAIA,Kansas Collegiate Athletic Conference,https://naiastats.prestosports.com/sports/bsb/2024-25/teams/tabor,,NEEDS_REPLACEMENT
york,York,NAIA,Kansas Collegiate Athletic Conference,https://naiastats.prestosports.com/sports/bsb/2024-25/teams/yorkne,,NEEDS_REPLACEMENT
bethel,Bethel,NAIA,Mid-South Conference,https://naiastats.prestosports.com/sports/bsb/2024-25/teams/betheltn,,NEEDS_REPLACEMENT
campbellsville,Campbellsville,NAIA,Mid-South Conference,https://naiastats.prestosports.com/sports/bsb/2024-25/teams/campbellsvilleky,,NEEDS_REPLACEMENT
cumberland,Cumberland,NAIA,Mid-South Conference,https://naiastats.prestosports.com/sports/bsb/2024-25/teams/cumberlandtn,,NEEDS_REPLACEMENT
cumberlands,Cumberlands,NAIA,Mid-South Conference,https://naiastats.prestosports.com/sports/bsb/2024-25/teams/cumberlandsky,,NEEDS_REPLACEMENT
freed-hardeman,Freed-Hardeman,NAIA,Mid-South Conference,https://naiastats.prestosports.com/sports/bsb/2024-25/teams/freedhardemantn,,NEEDS_REPLACEMENT
georgetown,Georgetown,NAIA,Mid-South Conference,https://naiastats.prestosports.com/sports/bsb/2024-25/teams/georgetown,,NEEDS_REPLACEMENT
lindsey-wilson,Lindsey Wilson,NAIA,Mid-South Conference,https://naiastats.prestosports.com/sports/bsb/2024-25/teams/lindseywilson,,NEEDS_REPLACEMENT
bellevue,Bellevue,NAIA,North Star Athletic Association,https://naiastats.prestosports.com/sports/bsb/2024-25/teams/bellevuene,,NEEDS_REPLACEMENT
dakota-state,Dakota State,NAIA,North Star Athletic Association,https://naiastats.prestosports.com/sports/bsb/2024-25/teams/dakotastatesd,,NEEDS_REPLACEMENT
dickinson-state,Dickinson State,NAIA,North Star Athletic Association,https://naiastats.prestosports.com/sports/bsb/2024-25/teams/dickinsonstatend,,NEEDS_REPLACEMENT
jamestown,Jamestown,NAIA,North Star Athletic Association,https://naiastats.prestosports.com/sports/bsb/2024-25/teams/jamestown,,NEEDS_REPLACEMENT
la-sierra,La Sierra,NAIA,North Star Athletic Association,https://naiastats.prestosports.com/sports/bsb/2024-25/teams/lasierra,,NEEDS_REPLACEMENT
mayville-state,Mayville State,NAIA,North Star Athletic Association,https://naiastats.prestosports.com/sports/bsb/2024-25/teams/mayvillestate,,NEEDS_REPLACEMENT
providence-christian,Providence Christian,NAIA,North Star Athletic Association,https://naiastats.prestosports.com/sports/bsb/2024-25/teams/providencechristianca,,NEEDS_REPLACEMENT
simpson,Simpson,NAIA,North Star Athletic Association,https://naiastats.prestosports.com/sports/bsb/2024-25/teams/simpsonca,,NEEDS_REPLACEMENT
valley-city-state,Valley City State,NAIA,North Star Athletic Association,https://naiastats.prestosports.com/sports/bsb/2024-25/teams/valleycitystate,,NEEDS_REPLACEMENT
westcliff,Westcliff,NAIA,North Star Athletic Association,https://naiastats.prestosports.com/sports/bsb/2024-25/teams/westcliffca,,NEEDS_REPLACEMENT
houston-victoria,Houston-Victoria,NAIA,Red River Athletic Conference,https://naiastats.prestosports.com/sports/bsb/2024-25/teams/houstonvictoria,,NEEDS_REPLACEMENT
huston-tillotson,Huston-Tillotson,NAIA,Red River Athletic Conference,https://naiastats.prestosports.com/sports/bsb/2024-25/teams/hustontillotson,,NEEDS_REPLACEMENT
jarvis-christian,Jarvis Christian,NAIA,Red River Athletic Conference,https://naiastats.prestosports.com/sports/bsb/2024-25/teams/jarvischristian,,NEEDS_REPLACEMENT
lsu-alexandria,LSU Alexandria,NAIA,Red River Athletic Conference,https://naiastats.prestosports.com/sports/bsb/2024-25/teams/lsualexandria,,NEEDS_REPLACEMENT
lsu-shreveport,LSU Shreveport,NAIA,Red River Athletic Conference,https://naiastats.prestosports.com/sports/bsb/2024-25/teams/lsushreveport,,NEEDS_REPLACEMENT
louisiana-christian,Louisiana Christian,NAIA,Red River Athletic Conference,https://naiastats.prestosports.com/sports/bsb/2024-25/teams/louisianachristian,,NEEDS_REPLACEMENT
our-lady-of-the-lake,Our Lady of the Lake,NAIA,Red River Athletic Conference,https://naiastats.prestosports.com/sports/bsb/2024-25/teams/ourladyofthelake,,NEEDS_REPLACEMENT
southwest,Southwest,NAIA,Red River Athletic Conference,https://naiastats.prestosports.com/sports/bsb/2024-25/teams/southwest,,NEEDS_REPLACEMENT
texas-a-and-m-texarkana,Texas A&M  Texarkana,NAIA,Red River Athletic Conference,https://naiastats.prestosports.com/sports/bsb/2024-25/teams/texasamtexarkana,,NEEDS_REPLACEMENT
texas-college,Texas College,NAIA,Red River Athletic Conference,https://naiastats.prestosports.com/sports/bsb/2024-25/teams/texascollege,,NEEDS_REPLACEMENT
xavier,Xavier,NAIA,Red River Athletic Conference,https://naiastats.prestosports.com/sports/bsb/2024-25/teams/xavierla,,NEEDS_REPLACEMENT
brescia,Brescia,NAIA,River States Conference,https://naiastats.prestosports.com/sports/bsb/2024-25/teams/bresciaky,,NEEDS_REPLACEMENT
iu-columbus,IU Columbus,NAIA,River States Conference,https://naiastats.prestosports.com/sports/bsb/2024-25/teams/iucolumbusind,,NEEDS_REPLACEMENT
iu-kokomo,IU Kokomo,NAIA,River States Conference,https://naiastats.prestosports.com/sports/bsb/2024-25/teams/iukokomo,,NEEDS_REPLACEMENT
indiana-southeast,Indiana Southeast,NAIA,River States Conference,https://naiastats.prestosports.com/sports/bsb/2024-25/teams/indianasoutheast,,NEEDS_REPLACEMENT
midway,Midway,NAIA,River States Conference,https://naiastats.prestosports.com/sports/bsb/2024-25/teams/midway,,NEEDS_REPLACEMENT
oakland-city,Oakland City,NAIA,River States Conference,https://naiastats.prestosports.com/sports/bsb/2024-25/teams/oaklandcity,,NEEDS_REPLACEMENT
rio-grande,Rio Grande,NAIA,River States Conference,https://naiastats.prestosports.com/sports/bsb/2024-25/teams/riogrande,,NEEDS_REPLACEMENT
shawnee-state,Shawnee State,NAIA,River States Conference,https://naiastats.prestosports.com/sports/bsb/2024-25/teams/shawneestate,,NEEDS_REPLACEMENT
wvu-tech,WVU Tech,NAIA,River States Conference,https://naiastats.prestosports.com/sports/bsb/2024-25/teams/wvutechwv,,NEEDS_REPLACEMENT
central-christian,Central Christian,NAIA,Sooner Athletic Conference,https://naiastats.prestosports.com/sports/bsb/2024-25/teams/centralchristianks,,NEEDS_REPLACEMENT
nelson,Nelson,NAIA,Sooner Athletic Conference,https://naiastats.prestosports.com/sports/bsb/2024-25/teams/nelsontexas,,NEEDS_REPLACEMENT
wayland-baptist,Wayland Baptist,NAIA,Sooner Athletic Conference,https://naiastats.prestosports.com/sports/bsb/2024-25/teams/waylandbaptisttx,,NEEDS_REPLACEMENT
abraham-baldwin,Abraham Baldwin,NAIA,Southern States Athletic Conference,https://naiastats.prestosports.com/sports/bsb/2024-25/teams/abrahambaldwinga,,NEEDS_REPLACEMENT
blue-mountain-christian,Blue Mountain Christian,NAIA,Southern States Athletic Conference,https://naiastats.prestosports.com/sports/bsb/2024-25/teams/bluemountainchristianms,,NEEDS_REPLACEMENT
brewton-parker,Brewton-Parker,NAIA,Southern States Athletic Conference,https://naiastats.prestosports.com/sports/bsb/2024-25/teams/brewtonparkerga,,NEEDS_REPLACEMENT
faulkner,Faulkner,NAIA,Southern States Athletic Conference,https://naiastats.prestosports.com/sports/bsb/2024-25/teams/faulkneral,,NEEDS_REPLACEMENT
loyola,Loyola,NAIA,Southern States Athletic Conference,https://naiastats.prestosports.com/sports/bsb/2024-25/teams/loyola,,NEEDS_REPLACEMENT
middle-georgia-state,Middle Georgia State,NAIA,Southern States Athletic Conference,https://naiastats.prestosports.com/sports/bsb/2024-25/teams/middlegeorgiastate,,NEEDS_REPLACEMENT
mobile,Mobile,NAIA,Southern States Athletic Conference,https://naiastats.prestosports.com/sports/bsb/2024-25/teams/mobile,,NEEDS_REPLACEMENT
point,Point,NAIA,Southern States Athletic Conference,https://naiastats.prestosports.com/sports/bsb/2024-25/teams/point,,NEEDS_REPLACEMENT
tennessee-southern,Tennessee Southern,NAIA,Southern States Athletic Conference,https://naiastats.prestosports.com/sports/bsb/2024-25/teams/tennesseesouthern,,NEEDS_REPLACEMENT
thomas,Thomas,NAIA,Southern States Athletic Conference,https://naiastats.prestosports.com/sports/bsb/2024-25/teams/thomas,,NEEDS_REPLACEMENT
william-carey,William Carey,NAIA,Southern States Athletic Conference,https://naiastats.prestosports.com/sports/bsb/2024-25/teams/williamcareyms,,NEEDS_REPLACEMENT
ave-maria,Ave Maria,NAIA,The Sun Conference,https://naiastats.prestosports.com/sports/bsb/2024-25/teams/avemariafl,,NEEDS_REPLACEMENT
florida-memorial,Florida Memorial,NAIA,The Sun Conference,https://naiastats.prestosports.com/sports/bsb/2024-25/teams/floridamemorialfl,,NEEDS_REPLACEMENT
keiser,Keiser,NAIA,The Sun Conference,https://naiastats.prestosports.com/sports/bsb/2024-25/teams/keiser,,NEEDS_REPLACEMENT
new-college-of-florida,New College of Florida,NAIA,The Sun Conference,https://naiastats.prestosports.com/sports/bsb/2024-25/teams/newcollegeofflorida,,NEEDS_REPLACEMENT
southeastern,Southeastern,NAIA,The Sun Conference,https://naiastats.prestosports.com/sports/bsb/2024-25/teams/southeastern,,NEEDS_REPLACEMENT
st-thomas,St. Thomas,NAIA,The Sun Conference,https://naiastats.prestosports.com/sports/bsb/2024-25/teams/stthomas,,NEEDS_REPLACEMENT
warner,Warner,NAIA,The Sun Conference,https://naiastats.prestosports.com/sports/bsb/2024-25/teams/warnerfl,,NEEDS_REPLACEMENT
webber-international,Webber International,NAIA,The Sun Conference,https://naiastats.prestosports.com/sports/bsb/2024-25/teams/webberinternationalfl,,NEEDS_REPLACEMENT
aquinas,Aquinas,NAIA,Wolverine-Hoosier Athletic Conference,https://naiastats.prestosports.com/sports/bsb/2024-25/teams/aquinasmi,,NEEDS_REPLACEMENT
cleary,Cleary,NAIA,Wolverine-Hoosier Athletic Conference,https://naiastats.prestosports.com/sports/bsb/2024-25/teams/clearymi,,NEEDS_REPLACEMENT
cornerstone,Cornerstone,NAIA,Wolverine-Hoosier Athletic Conference,https://naiastats.prestosports.com/sports/bsb/2024-25/teams/cornerstonemi,,NEEDS_REPLACEMENT
defiance-college,Defiance College,NAIA,Wolverine-Hoosier Athletic Conference,https://naiastats.prestosports.com/sports/bsb/2024-25/teams/defiancecollegeoh,,NEEDS_REPLACEMENT
indiana-tech,Indiana Tech,NAIA,Wolverine-Hoosier Athletic Conference,https://naiastats.prestosports.com/sports/bsb/2024-25/teams/indianatech,,NEEDS_REPLACEMENT
lawrence-tech,Lawrence Tech,NAIA,Wolverine-Hoosier Athletic Conference,https://naiastats.prestosports.com/sports/bsb/2024-25/teams/lawrencetech,,NEEDS_REPLACEMENT
lourdes,Lourdes,NAIA,Wolverine-Hoosier Athletic Conference,https://naiastats.prestosports.com/sports/bsb/2024-25/teams/lourdes,,NEEDS_REPLACEMENT
madonna,Madonna,NAIA,Wolverine-Hoosier Athletic Conference,https://naiastats.prestosports.com/sports/bsb/2024-25/teams/madonna,,NEEDS_REPLACEMENT
michigan-dearborn,Michigan-Dearborn,NAIA,Wolverine-Hoosier Athletic Conference,https://naiastats.prestosports.com/sports/bsb/2024-25/teams/michigandearborn,,NEEDS_REPLACEMENT
northwestern-ohio,Northwestern Ohio,NAIA,Wolverine-Hoosier Athletic Conference,https://naiastats.prestosports.com/sports/bsb/2024-25/teams/northwesternohio,,NEEDS_REPLACEMENT
rochester-christian,Rochester Christian,NAIA,Wolverine-Hoosier Athletic Conference,https://naiastats.prestosports.com/sports/bsb/2024-25/teams/rochesterchristianmich,,NEEDS_REPLACEMENT
siena-heights,Siena Heights,NAIA,Wolverine-Hoosier Athletic Conference,https://naiastats.prestosports.com/sports/bsb/2024-25/teams/sienaheights,,NEEDS_REPLACEMENT
arizona-western-college,Arizona Western College,NJCAA_D1,Region 1,https://njcaastats.prestosports.com/sports/bsb/2024-25/div1/teams/arizonawesterncollege,,NEEDS_REPLACEMENT
central-arizona-college,Central Arizona College,NJCAA_D1,Region 1,https://njcaastats.prestosports.com/sports/bsb/2024-25/div1/teams/centralarizonacollege,,NEEDS_REPLACEMENT
cochise-college,Cochise College,NJCAA_D1,Region 1,https://njcaastats.prestosports.com/sports/bsb/2024-25/div1/teams/cochisecollege,,NEEDS_REPLACEMENT
college-of-southern-nevada,College of Southern Nevada,NJCAA_D1,Region 1,https://njcaastats.prestosports.com/sports/bsb/2024-25/div1/teams/collegeofsouthernnevada,,NEEDS_REPLACEMENT
community-christian-college,Community Christian College,NJCAA_D1,Region 1,https://njcaastats.prestosports.com/sports/bsb/2024-25/div1/teams/communitychristiancollege,,NEEDS_REPLACEMENT
eastern-arizona-college,Eastern Arizona College,NJCAA_D1,Region 1,https://njcaastats.prestosports.com/sports/bsb/2024-25/div1/teams/easternarizonacollege,,NEEDS_REPLACEMENT
yavapai-college,Yavapai College,NJCAA_D1,Region 1,https://njcaastats.prestosports.com/sports/bsb/2024-25/div1/teams/yavapaicollege,,NEEDS_REPLACEMENT
florence-darlington-technical-college,Florence-Darlington Technical College,NJCAA_D1,Region 10,https://njcaastats.prestosports.com/sports/bsb/2024-25/div1/teams/florencedarlingtontechnicalcollege,,NEEDS_REPLACEMENT
gaston-college,Gaston College,NJCAA_D1,Region 10,https://njcaastats.prestosports.com/sports/bsb/2024-25/div1/teams/gastoncollege,,NEEDS_REPLACEMENT
usc-lancaster,USC Lancaster,NJCAA_D1,Region 10,https://njcaastats.prestosports.com/sports/bsb/2024-25/div1/teams/usclancaster,,NEEDS_REPLACEMENT
usc-salkehatchie,USC Salkehatchie,NJCAA_D1,Region 10,https://njcaastats.prestosports.com/sports/bsb/2024-25/div1/teams/uscsalkehatchie,,NEEDS_REPLACEMENT
usc-sumter,USC Sumter,NJCAA_D1,Region 10,https://njcaastats.prestosports.com/sports/bsb/2024-25/div1/teams/uscsumter,,NEEDS_REPLACEMENT
usc-union,USC Union,NJCAA_D1,Region 10,https://njcaastats.prestosports.com/sports/bsb/2024-25/div1/teams/uscunion,,NEEDS_REPLACEMENT
indian-hills-community-college,Indian Hills Community College,NJCAA_D1,Region 11,https://njcaastats.prestosports.com/sports/bsb/2024-25/div1/teams/indianhillscommunitycollege,,NEEDS_REPLACEMENT
iowa-western-community-college,Iowa Western Community College,NJCAA_D1,Region 11,https://njcaastats.prestosports.com/sports/bsb/2024-25/div1/teams/iowawesterncommunitycollege,,NEEDS_REPLACEMENT
southwestern-community-college,Southwestern Community College,NJCAA_D1,Region 11,https://njcaastats.prestosports.com/sports/bsb/2024-25/div1/teams/southwesterncommunitycollege,,NEEDS_REPLACEMENT
alvin-community-college,Alvin Community College,NJCAA_D1,Region 14,https://njcaastats.prestosports.com/sports/bsb/2024-25/div1/teams/alvincommunitycollege,,NEEDS_REPLACEMENT
angelina-college,Angelina College,NJCAA_D1,Region 14,https://njcaastats.prestosports.com/sports/bsb/2024-25/div1/teams/angelinacollege,,NEEDS_REPLACEMENT
blinn-college,Blinn College,NJCAA_D1,Region 14,https://njcaastats.prestosports.com/sports/bsb/2024-25/div1/teams/blinncollege,,NEEDS_REPLACEMENT
bossier-parish-community-college,Bossier Parish Community College,NJCAA_D1,Region 14,https://njcaastats.prestosports.com/sports/bsb/2024-25/div1/teams/bossierparishcommunitycollege,,NEEDS_REPLACEMENT
coastal-bend-college,Coastal Bend College,NJCAA_D1,Region 14,https://njcaastats.prestosports.com/sports/bsb/2024-25/div1/teams/coastalbendcollege,,NEEDS_REPLACEMENT
galveston-college,Galveston College,NJCAA_D1,Region 14,https://njcaastats.prestosports.com/sports/bsb/2024-25/div1/teams/galvestoncollege,,NEEDS_REPLACEMENT
navarro-college,Navarro College,NJCAA_D1,Region 14,https://njcaastats.prestosports.com/sports/bsb/2024-25/div1/teams/navarrocollege,,NEEDS_REPLACEMENT
northeast-texas-community-college,Northeast Texas Community College,NJCAA_D1,Region 14,https://njcaastats.prestosports.com/sports/bsb/2024-25/div1/teams/northeasttexascommunitycollege,,NEEDS_REPLACEMENT
panola-college,Panola College,NJCAA_D1,Region 14,https://njcaastats.prestosports.com/sports/bsb/2024-25/div1/teams/panolacollege,,NEEDS_REPLACEMENT
paris-junior-college,Paris Junior College,NJCAA_D1,Region 14,https://njcaastats.prestosports.com/sports/bsb/2024-25/div1/teams/parisjuniorcollege,,NEEDS_REPLACEMENT
san-jacinto-college-north,San Jacinto College-North,NJCAA_D1,Region 14,https://njcaastats.prestosports.com/sports/bsb/2024-25/div1/teams/sanjacintocollegenorth,,NEEDS_REPLACEMENT
tyler-junior-college,Tyler Junior College,NJCAA_D1,Region 14,https://njcaastats.prestosports.com/sports/bsb/2024-25/div1/teams/tylerjuniorcollege,,NEEDS_REPLACEMENT
wharton-county-junior-college,Wharton County Junior College,NJCAA_D1,Region 14,https://njcaastats.prestosports.com/sports/bsb/2024-25/div1/teams/whartoncountyjuniorcollege,,NEEDS_REPLACEMENT
monroe-university,Monroe University,NJCAA_D1,Region 15,https://njcaastats.prestosports.com/sports/bsb/2024-25/div1/teams/monroeuniversity,,NEEDS_REPLACEMENT
crowder-college,Crowder College,NJCAA_D1,Region 16,https://njcaastats.prestosports.com/sports/bsb/2024-25/div1/teams/crowdercollege,,NEEDS_REPLACEMENT
jefferson-college,Jefferson College,NJCAA_D1,Region 16,https://njcaastats.prestosports.com/sports/bsb/2024-25/div1/teams/jeffersoncollege,,NEEDS_REPLACEMENT
metropolitan-community-college,Metropolitan Community College,NJCAA_D1,Region 16,https://njcaastats.prestosports.com/sports/bsb/2024-25/div1/teams/metropolitancommunitycollege,,NEEDS_REPLACEMENT
mineral-area-college,Mineral Area College,NJCAA_D1,Region 16,https://njcaastats.prestosports.com/sports/bsb/2024-25/div1/teams/mineralareacollege,,NEEDS_REPLACEMENT
st-charles-community-college,St. Charles Community College,NJCAA_D1,Region 16,https://njcaastats.prestosports.com/sports/bsb/2024-25/div1/teams/stcharlescommunitycollege,,NEEDS_REPLACEMENT
st-louis-community-college,St. Louis Community College,NJCAA_D1,Region 16,https://njcaastats.prestosports.com/sports/bsb/2024-25/div1/teams/stlouiscommunitycollege,,NEEDS_REPLACEMENT
state-fair-community-college,State Fair Community College,NJCAA_D1,Region 16,https://njcaastats.prestosports.com/sports/bsb/2024-25/div1/teams/statefaircommunitycollege,,NEEDS_REPLACEMENT
three-rivers-community-college-mo,Three Rivers Community College - MO,NJCAA_D1,Region 16,https://njcaastats.prestosports.com/sports/bsb/2024-25/div1/teams/threeriverscommunitycollegemo,,NEEDS_REPLACEMENT
andrew-college,Andrew College,NJCAA_D1,Region 17,https://njcaastats.prestosports.com/sports/bsb/2024-25/div1/teams/andrewcollege,,NEEDS_REPLACEMENT
east-georgia-college,East Georgia College,NJCAA_D1,Region 17,https://njcaastats.prestosports.com/sports/bsb/2024-25/div1/teams/eastgeorgiacollege,,NEEDS_REPLACEMENT
georgia-highlands-college,Georgia Highlands College,NJCAA_D1,Region 17,https://njcaastats.prestosports.com/sports/bsb/2024-25/div1/teams/georgiahighlandscollege,,NEEDS_REPLACEMENT
gordon-state-college,Gordon State College,NJCAA_D1,Region 17,https://njcaastats.prestosports.com/sports/bsb/2024-25/div1/teams/gordonstatecollege,,NEEDS_REPLACEMENT
south-georgia-state-college,South Georgia State College,NJCAA_D1,Region 17,https://njcaastats.prestosports.com/sports/bsb/2024-25/div1/teams/southgeorgiastatecollege,,NEEDS_REPLACEMENT
college-of-southern-idaho,College of Southern Idaho,NJCAA_D1,Region 18,https://njcaastats.prestosports.com/sports/bsb/2024-25/div1/teams/collegeofsouthernidaho,,NEEDS_REPLACEMENT
colorado-northwestern-community-college,Colorado Northwestern Community College,NJCAA_D1,Region 18,https://njcaastats.prestosports.com/sports/bsb/2024-25/div1/teams/coloradonorthwesterncommunitycollege,,NEEDS_REPLACEMENT
salt-lake-community-college,Salt Lake Community College,NJCAA_D1,Region 18,https://njcaastats.prestosports.com/sports/bsb/2024-25/div1/teams/saltlakecommunitycollege,,NEEDS_REPLACEMENT
utah-state-eastern,Utah State Eastern,NJCAA_D1,Region 18,https://njcaastats.prestosports.com/sports/bsb/2024-25/div1/teams/utahstateeastern,,NEEDS_REPLACEMENT
connors-state-college,Connors State College,NJCAA_D1,Region 2,https://njcaastats.prestosports.com/sports/bsb/2024-25/div1/teams/connorsstatecollege,,NEEDS_REPLACEMENT
eastern-oklahoma-state-college,Eastern Oklahoma State College,NJCAA_D1,Region 2,https://njcaastats.prestosports.com/sports/bsb/2024-25/div1/teams/easternoklahomastatecollege,,NEEDS_REPLACEMENT
northeastern-oklahoma-am-college,Northeastern Oklahoma AM College,NJCAA_D1,Region 2,https://njcaastats.prestosports.com/sports/bsb/2024-25/div1/teams/northeasternoklahomaamcollege,,NEEDS_REPLACEMENT
rose-state-college,Rose State College,NJCAA_D1,Region 2,https://njcaastats.prestosports.com/sports/bsb/2024-25/div1/teams/rosestatecollege,,NEEDS_REPLACEMENT
seminole-state-college,Seminole State College,NJCAA_D1,Region 2,https://njcaastats.prestosports.com/sports/bsb/2024-25/div1/teams/seminolestatecollegeok,,NEEDS_REPLACEMENT
harford-community-college,Harford Community College,NJCAA_D1,Region 20,https://njcaastats.prestosports.com/sports/bsb/2024-25/div1/teams/harfordcommunitycollege,,NEEDS_REPLACEMENT
wvu-potomac-state-college,WVU Potomac State College,NJCAA_D1,Region 20,https://njcaastats.prestosports.com/sports/bsb/2024-25/div1/teams/wvupotomacstatecollege,,NEEDS_REPLACEMENT
calhoun-community-college,Calhoun Community College,NJCAA_D1,Region 22,https://njcaastats.prestosports.com/sports/bsb/2024-25/div1/teams/calhouncommunitycollege,,NEEDS_REPLACEMENT
chattahoochee-valley-community-college,Chattahoochee Valley Community College,NJCAA_D1,Region 22,https://njcaastats.prestosports.com/sports/bsb/2024-25/div1/teams/chattahoocheevalleycommunitycollege,,NEEDS_REPLACEMENT
coastal-alabama-south,Coastal Alabama - South,NJCAA_D1,Region 22,https://njcaastats.prestosports.com/sports/bsb/2024-25/div1/teams/coastalalabamasouth,,NEEDS_REPLACEMENT
lawson-state-community-college,Lawson State Community College,NJCAA_D1,Region 22,https://njcaastats.prestosports.com/sports/bsb/2024-25/div1/teams/lawsonstatecommunitycollege,,NEEDS_REPLACEMENT
northwest-shoals-community-college,Northwest-Shoals Community College,NJCAA_D1,Region 22,https://njcaastats.prestosports.com/sports/bsb/2024-25/div1/teams/northwestshoalscommunitycollege,,NEEDS_REPLACEMENT
shelton-state-community-college,Shelton State Community College,NJCAA_D1,Region 22,https://njcaastats.prestosports.com/sports/bsb/2024-25/div1/teams/sheltonstatecommunitycollege,,NEEDS_REPLACEMENT
snead-state-community-college,Snead State Community College,NJCAA_D1,Region 22,https://njcaastats.prestosports.com/sports/bsb/2024-25/div1/teams/sneadstatecommunitycollege,,NEEDS_REPLACEMENT
southern-union-state-community-college,Southern Union State Community College,NJCAA_D1,Region 22,https://njcaastats.prestosports.com/sports/bsb/2024-25/div1/teams/southernunionstatecommunitycollege,,NEEDS_REPLACEMENT
wallace-state-community-college-hanceville,Wallace State Community College-Hanceville,NJCAA_D1,Region 22,https://njcaastats.prestosports.com/sports/bsb/2024-25/div1/teams/wallacestatecommunitycollegehancevil,,NEEDS_REPLACEMENT
baton-rouge-community-college,Baton Rouge Community College,NJCAA_D1,Region 23,https://njcaastats.prestosports.com/sports/bsb/2024-25/div1/teams/batonrougecommunitycollege,,NEEDS_REPLACEMENT
delgado-community-college,Delgado Community College,NJCAA_D1,Region 23,https://njcaastats.prestosports.com/sports/bsb/2024-25/div1/teams/delgadocommunitycollege,,NEEDS_REPLACEMENT
louisiana-state-university-eunice,Louisiana State University Eunice,NJCAA_D1,Region 23,https://njcaastats.prestosports.com/sports/bsb/2024-25/div1/teams/louisianastateuniversityeunice,,NEEDS_REPLACEMENT
nunez-community-college,Nunez Community College,NJCAA_D1,Region 23,https://njcaastats.prestosports.com/sports/bsb/2024-25/div1/teams/nunezcommunitycollege,,NEEDS_REPLACEMENT
frontier-community-college,Frontier Community College,NJCAA_D1,Region 24,https://njcaastats.prestosports.com/sports/bsb/2024-25/div1/teams/frontiercommunitycollege,,NEEDS_REPLACEMENT
john-a-logan-college,John A. Logan College,NJCAA_D1,Region 24,https://njcaastats.prestosports.com/sports/bsb/2024-25/div1/teams/johnalogancollege,,NEEDS_REPLACEMENT
kaskaskia-college,Kaskaskia College,NJCAA_D1,Region 24,https://njcaastats.prestosports.com/sports/bsb/2024-25/div1/teams/kaskaskiacollege,,NEEDS_REPLACEMENT
lake-land-college,Lake Land College,NJCAA_D1,Region 24,https://njcaastats.prestosports.com/sports/bsb/2024-25/div1/teams/lakelandcollege,,NEEDS_REPLACEMENT
lincoln-trail-college,Lincoln Trail College,NJCAA_D1,Region 24,https://njcaastats.prestosports.com/sports/bsb/2024-25/div1/teams/lincolntrailcollege,,NEEDS_REPLACEMENT
olney-central-college,Olney Central College,NJCAA_D1,Region 24,https://njcaastats.prestosports.com/sports/bsb/2024-25/div1/teams/olneycentralcollege,,NEEDS_REPLACEMENT
rend-lake-college,Rend Lake College,NJCAA_D1,Region 24,https://njcaastats.prestosports.com/sports/bsb/2024-25/div1/teams/rendlakecollege,,NEEDS_REPLACEMENT
shawnee-community-college,Shawnee Community College,NJCAA_D1,Region 24,https://njcaastats.prestosports.com/sports/bsb/2024-25/div1/teams/shawneecommunitycollege,,NEEDS_REPLACEMENT
southeastern-illinois-college,Southeastern Illinois College,NJCAA_D1,Region 24,https://njcaastats.prestosports.com/sports/bsb/2024-25/div1/teams/southeasternillinoiscollege,,NEEDS_REPLACEMENT
southwestern-illinois-college,Southwestern Illinois College,NJCAA_D1,Region 24,https://njcaastats.prestosports.com/sports/bsb/2024-25/div1/teams/southwesternillinoiscollege,,NEEDS_REPLACEMENT
wabash-valley-college,Wabash Valley College,NJCAA_D1,Region 24,https://njcaastats.prestosports.com/sports/bsb/2024-25/div1/teams/wabashvalleycollege,,NEEDS_REPLACEMENT
kennedy-king-college,Kennedy-King College,NJCAA_D1,Region 4,https://njcaastats.prestosports.com/sports/bsb/2024-25/div1/teams/kennedykingcollege,,NEEDS_REPLACEMENT
kishwaukee-college,Kishwaukee College,NJCAA_D1,Region 4,https://njcaastats.prestosports.com/sports/bsb/2024-25/div1/teams/kishwaukeecollege,,NEEDS_REPLACEMENT
mchenry-county-college,McHenry County College,NJCAA_D1,Region 4,https://njcaastats.prestosports.com/sports/bsb/2024-25/div1/teams/mchenrycountycollege,,NEEDS_REPLACEMENT
olive-harvey-college,Olive-Harvey College,NJCAA_D1,Region 4,https://njcaastats.prestosports.com/sports/bsb/2024-25/div1/teams/oliveharveycollege,,NEEDS_REPLACEMENT
south-suburban-college,South Suburban College,NJCAA_D1,Region 4,https://njcaastats.prestosports.com/sports/bsb/2024-25/div1/teams/southsuburbancollege,,NEEDS_REPLACEMENT
triton-college,Triton College,NJCAA_D1,Region 4,https://njcaastats.prestosports.com/sports/bsb/2024-25/div1/teams/tritoncollege,,NEEDS_REPLACEMENT
amarillo-college,Amarillo College,NJCAA_D1,Region 5,https://njcaastats.prestosports.com/sports/bsb/2024-25/div1/teams/amarillocollege,,NEEDS_REPLACEMENT
cisco-college,Cisco College,NJCAA_D1,Region 5,https://njcaastats.prestosports.com/sports/bsb/2024-25/div1/teams/ciscocollege,,NEEDS_REPLACEMENT
clarendon-college,Clarendon College,NJCAA_D1,Region 5,https://njcaastats.prestosports.com/sports/bsb/2024-25/div1/teams/clarendoncollege,,NEEDS_REPLACEMENT
el-paso-community-college,El Paso Community College,NJCAA_D1,Region 5,https://njcaastats.prestosports.com/sports/bsb/2024-25/div1/teams/elpasocommunitycollege,,NEEDS_REPLACEMENT
frank-phillips-college,Frank Phillips College,NJCAA_D1,Region 5,https://njcaastats.prestosports.com/sports/bsb/2024-25/div1/teams/frankphillipscollege,,NEEDS_REPLACEMENT
grayson-college,Grayson College,NJCAA_D1,Region 5,https://njcaastats.prestosports.com/sports/bsb/2024-25/div1/teams/graysoncollege,,NEEDS_REPLACEMENT
hill-college,Hill College,NJCAA_D1,Region 5,https://njcaastats.prestosports.com/sports/bsb/2024-25/div1/teams/hillcollege,,NEEDS_REPLACEMENT
howard-college,Howard College,NJCAA_D1,Region 5,https://njcaastats.prestosports.com/sports/bsb/2024-25/div1/teams/howardcollege,,NEEDS_REPLACEMENT
mclennan-community-college,McLennan Community College,NJCAA_D1,Region 5,https://njcaastats.prestosports.com/sports/bsb/2024-25/div1/teams/mclennancommunitycollege,,NEEDS_REPLACEMENT
midland-college,Midland College,NJCAA_D1,Region 5,https://njcaastats.prestosports.com/sports/bsb/2024-25/div1/teams/midlandcollege,,NEEDS_REPLACEMENT
new-mexico-junior-college,New Mexico Junior College,NJCAA_D1,Region 5,https://njcaastats.prestosports.com/sports/bsb/2024-25/div1/teams/newmexicojuniorcollege,,NEEDS_REPLACEMENT
new-mexico-military-institute,New Mexico Military Institute,NJCAA_D1,Region 5,https://njcaastats.prestosports.com/sports/bsb/2024-25/div1/teams/newmexicomilitaryinstitute,,NEEDS_REPLACEMENT
north-central-texas-college,North Central Texas College,NJCAA_D1,Region 5,https://njcaastats.prestosports.com/sports/bsb/2024-25/div1/teams/northcentraltexascollege,,NEEDS_REPLACEMENT
odessa-college,Odessa College,NJCAA_D1,Region 5,https://njcaastats.prestosports.com/sports/bsb/2024-25/div1/teams/odessacollege,,NEEDS_REPLACEMENT
ranger-college,Ranger College,NJCAA_D1,Region 5,https://njcaastats.prestosports.com/sports/bsb/2024-25/div1/teams/rangercollege,,NEEDS_REPLACEMENT
temple-college,Temple College,NJCAA_D1,Region 5,https://njcaastats.prestosports.com/sports/bsb/2024-25/div1/teams/templecollege,,NEEDS_REPLACEMENT
vernon-college,Vernon College,NJCAA_D1,Region 5,https://njcaastats.prestosports.com/sports/bsb/2024-25/div1/teams/vernoncollege,,NEEDS_REPLACEMENT
weatherford-college,Weatherford College,NJCAA_D1,Region 5,https://njcaastats.prestosports.com/sports/bsb/2024-25/div1/teams/weatherfordcollege,,NEEDS_REPLACEMENT
western-texas-college,Western Texas College,NJCAA_D1,Region 5,https://njcaastats.prestosports.com/sports/bsb/2024-25/div1/teams/westerntexascollege,,NEEDS_REPLACEMENT
allen-county-community-college,Allen County Community College,NJCAA_D1,Region 6,https://njcaastats.prestosports.com/sports/bsb/2024-25/div1/teams/allencountycommunitycollege,,NEEDS_REPLACEMENT
barton-community-college,Barton Community College,NJCAA_D1,Region 6,https://njcaastats.prestosports.com/sports/bsb/2024-25/div1/teams/bartoncommunitycollege,,NEEDS_REPLACEMENT
butler-community-college-ks,Butler Community College - KS,NJCAA_D1,Region 6,https://njcaastats.prestosports.com/sports/bsb/2024-25/div1/teams/butlercommunitycollegeks,,NEEDS_REPLACEMENT
cloud-county-community-college,Cloud County Community College,NJCAA_D1,Region 6,https://njcaastats.prestosports.com/sports/bsb/2024-25/div1/teams/cloudcountycommunitycollege,,NEEDS_REPLACEMENT
coffeyville-community-college,Coffeyville Community College,NJCAA_D1,Region 6,https://njcaastats.prestosports.com/sports/bsb/2024-25/div1/teams/coffeyvillecommunitycollege,,NEEDS_REPLACEMENT
colby-community-college,Colby Community College,NJCAA_D1,Region 6,https://njcaastats.prestosports.com/sports/bsb/2024-25/div1/teams/colbycommunitycollege,,NEEDS_REPLACEMENT
cowley-county-community-college,Cowley County Community College,NJCAA_D1,Region 6,https://njcaastats.prestosports.com/sports/bsb/2024-25/div1/teams/cowleycountycommunitycollege,,NEEDS_REPLACEMENT
dodge-city-community-college,Dodge City Community College,NJCAA_D1,Region 6,https://njcaastats.prestosports.com/sports/bsb/2024-25/div1/teams/dodgecitycommunitycollege,,NEEDS_REPLACEMENT
fort-scott-community-college,Fort Scott Community College,NJCAA_D1,Region 6,https://njcaastats.prestosports.com/sports/bsb/2024-25/div1/teams/fortscottcommunitycollege,,NEEDS_REPLACEMENT
garden-city-community-college,Garden City Community College,NJCAA_D1,Region 6,https://njcaastats.prestosports.com/sports/bsb/2024-25/div1/teams/gardencitycommunitycollege,,NEEDS_REPLACEMENT
highland-community-college-kansas,Highland Community College - Kansas,NJCAA_D1,Region 6,https://njcaastats.prestosports.com/sports/bsb/2024-25/div1/teams/highlandcommunitycollegekansas,,NEEDS_REPLACEMENT
hutchinson-community-college,Hutchinson Community College,NJCAA_D1,Region 6,https://njcaastats.prestosports.com/sports/bsb/2024-25/div1/teams/hutchinsoncommunitycollege,,NEEDS_REPLACEMENT
johnson-county-community-college,Johnson County Community College,NJCAA_D1,Region 6,https://njcaastats.prestosports.com/sports/bsb/2024-25/div1/teams/johnsoncountycommunitycollege,,NEEDS_REPLACEMENT
kansas-city-kansas-community-college,Kansas City Kansas Community College,NJCAA_D1,Region 6,https://njcaastats.prestosports.com/sports/bsb/2024-25/div1/teams/kansascitykansascommunitycollege,,NEEDS_REPLACEMENT
labette-community-college,Labette Community College,NJCAA_D1,Region 6,https://njcaastats.prestosports.com/sports/bsb/2024-25/div1/teams/labettecommunitycollege,,NEEDS_REPLACEMENT
neosho-county-community-college,Neosho County Community College,NJCAA_D1,Region 6,https://njcaastats.prestosports.com/sports/bsb/2024-25/div1/teams/neoshocountycommunitycollege,,NEEDS_REPLACEMENT
pratt-community-college,Pratt Community College,NJCAA_D1,Region 6,https://njcaastats.prestosports.com/sports/bsb/2024-25/div1/teams/prattcommunitycollege,,NEEDS_REPLACEMENT
seward-county-community-college,Seward County Community College,NJCAA_D1,Region 6,https://njcaastats.prestosports.com/sports/bsb/2024-25/div1/teams/sewardcountycommunitycollege,,NEEDS_REPLACEMENT
chattanooga-state-community-college,Chattanooga State Community College,NJCAA_D1,Region 7,https://njcaastats.prestosports.com/sports/bsb/2024-25/div1/teams/chattanoogastatecommunitycollege,,NEEDS_REPLACEMENT
cleveland-state-community-college,Cleveland State Community College,NJCAA_D1,Region 7,https://njcaastats.prestosports.com/sports/bsb/2024-25/div1/teams/clevelandstatecommunitycollege,,NEEDS_REPLACEMENT
columbia-state-community-college,Columbia State Community College,NJCAA_D1,Region 7,https://njcaastats.prestosports.com/sports/bsb/2024-25/div1/teams/columbiastatecommunitycollege,,NEEDS_REPLACEMENT
dyersburg-state-community-college,Dyersburg State Community College,NJCAA_D1,Region 7,https://njcaastats.prestosports.com/sports/bsb/2024-25/div1/teams/dyersburgstatecommunitycollege,,NEEDS_REPLACEMENT
jackson-state-community-college,Jackson State Community College,NJCAA_D1,Region 7,https://njcaastats.prestosports.com/sports/bsb/2024-25/div1/teams/jacksonstatecommunitycollege,,NEEDS_REPLACEMENT
motlow-state-community-college,Motlow State Community College,NJCAA_D1,Region 7,https://njcaastats.prestosports.com/sports/bsb/2024-25/div1/teams/motlowstatecommunitycollege,,NEEDS_REPLACEMENT
roane-state-community-college,Roane State Community College,NJCAA_D1,Region 7,https://njcaastats.prestosports.com/sports/bsb/2024-25/div1/teams/roanestatecommunitycollege,,NEEDS_REPLACEMENT
southwest-tennessee-community-college,Southwest Tennessee Community College,NJCAA_D1,Region 7,https://njcaastats.prestosports.com/sports/bsb/2024-25/div1/teams/southwesttennesseecommunitycollege,,NEEDS_REPLACEMENT
volunteer-state-community-college,Volunteer State Community College,NJCAA_D1,Region 7,https://njcaastats.prestosports.com/sports/bsb/2024-25/div1/teams/volunteerstatecommunitycollege,,NEEDS_REPLACEMENT
walters-state-community-college,Walters State Community College,NJCAA_D1,Region 7,https://njcaastats.prestosports.com/sports/bsb/2024-25/div1/teams/waltersstatecommunitycollege,,NEEDS_REPLACEMENT
chipola-college,Chipola  College,NJCAA_D1,Region 8,https://njcaastats.prestosports.com/sports/bsb/2024-25/div1/teams/chipolacollege,,NEEDS_REPLACEMENT
college-of-central-florida,College of Central Florida,NJCAA_D1,Region 8,https://njcaastats.prestosports.com/sports/bsb/2024-25/div1/teams/collegeofcentralflorida,,NEEDS_REPLACEMENT
daytona-state-college,Daytona State College,NJCAA_D1,Region 8,https://njcaastats.prestosports.com/sports/bsb/2024-25/div1/teams/daytonastatecollege,,NEEDS_REPLACEMENT
eastern-florida-state-college,Eastern Florida State College,NJCAA_D1,Region 8,https://njcaastats.prestosports.com/sports/bsb/2024-25/div1/teams/easternfloridastatecollege,,NEEDS_REPLACEMENT
florida-southwestern-state-college,Florida Southwestern State College,NJCAA_D1,Region 8,https://njcaastats.prestosports.com/sports/bsb/2024-25/div1/teams/floridasouthwesternstatecollege,,NEEDS_REPLACEMENT
gulf-coast-state-college,Gulf Coast State College,NJCAA_D1,Region 8,https://njcaastats.prestosports.com/sports/bsb/2024-25/div1/teams/gulfcoaststatecollege,,NEEDS_REPLACEMENT
hillsborough-community-college,Hillsborough Community College,NJCAA_D1,Region 8,https://njcaastats.prestosports.com/sports/bsb/2024-25/div1/teams/hillsboroughcommunitycollege,,NEEDS_REPLACEMENT
indian-river-state-college,Indian River State College,NJCAA_D1,Region 8,https://njcaastats.prestosports.com/sports/bsb/2024-25/div1/teams/indianriverstatecollege,,NEEDS_REPLACEMENT
miami-dade-college,Miami Dade College,NJCAA_D1,Region 8,https://njcaastats.prestosports.com/sports/bsb/2024-25/div1/teams/miamidadecollege,,NEEDS_REPLACEMENT
northwest-florida-state-college,Northwest Florida State College,NJCAA_D1,Region 8,https://njcaastats.prestosports.com/sports/bsb/2024-25/div1/teams/northwestfloridastatecollege,,NEEDS_REPLACEMENT
pensacola-state-college,Pensacola State College,NJCAA_D1,Region 8,https://njcaastats.prestosports.com/sports/bsb/2024-25/div1/teams/pensacolastatecollege,,NEEDS_REPLACEMENT
polk-state-college,Polk State College,NJCAA_D1,Region 8,https://njcaastats.prestosports.com/sports/bsb/2024-25/div1/teams/polkstatecollege,,NEEDS_REPLACEMENT
santa-fe-college,Santa Fe College,NJCAA_D1,Region 8,https://njcaastats.prestosports.com/sports/bsb/2024-25/div1/teams/santafecollege,,NEEDS_REPLACEMENT
seminole-state-college-of-florida,Seminole State College of Florida,NJCAA_D1,Region 8,https://njcaastats.prestosports.com/sports/bsb/2024-25/div1/teams/seminolestatecollegeofflorida,,NEEDS_REPLACEMENT
st-petersburg-college,St. Petersburg College,NJCAA_D1,Region 8,https://njcaastats.prestosports.com/sports/bsb/2024-25/div1/teams/stpetersburgcollege,,NEEDS_REPLACEMENT
state-college-of-florida-manatee-sarasota,"State College of Florida, Manatee-Sarasota",NJCAA_D1,Region 8,https://njcaastats.prestosports.com/sports/bsb/2024-25/div1/teams/statecollegeoffloridamanateesaraso,,NEEDS_REPLACEMENT
tallahassee-state-college,Tallahassee State College,NJCAA_D1,Region 8,https://njcaastats.prestosports.com/sports/bsb/2024-25/div1/teams/tallahasseestatecollege,,NEEDS_REPLACEMENT
lamar-community-college,Lamar Community College,NJCAA_D1,Region 9,https://njcaastats.prestosports.com/sports/bsb/2024-25/div1/teams/lamarcommunitycollege,,NEEDS_REPLACEMENT
luna-community-college,Luna Community College,NJCAA_D1,Region 9,https://njcaastats.prestosports.com/sports/bsb/2024-25/div1/teams/lunacommunitycollege,,NEEDS_REPLACEMENT
mccook-community-college,McCook Community College,NJCAA_D1,Region 9,https://njcaastats.prestosports.com/sports/bsb/2024-25/div1/teams/mccookcommunitycollege,,NEEDS_REPLACEMENT
northeastern-junior-college,Northeastern Junior College,NJCAA_D1,Region 9,https://njcaastats.prestosports.com/sports/bsb/2024-25/div1/teams/northeasternjuniorcollege,,NEEDS_REPLACEMENT
otero-college,Otero College,NJCAA_D1,Region 9,https://njcaastats.prestosports.com/sports/bsb/2024-25/div1/teams/oterocollege,,NEEDS_REPLACEMENT
southeast-community-college,Southeast Community College,NJCAA_D1,Region 9,https://njcaastats.prestosports.com/sports/bsb/2024-25/div1/teams/southeastcommunitycollege,,NEEDS_REPLACEMENT
trinidad-state-college,Trinidad State College,NJCAA_D1,Region 9,https://njcaastats.prestosports.com/sports/bsb/2024-25/div1/teams/trinidadstatecollege,,NEEDS_REPLACEMENT
western-nebraska-community-college,Western Nebraska Community College,NJCAA_D1,Region 9,https://njcaastats.prestosports.com/sports/bsb/2024-25/div1/teams/westernnebraskacommunitycollege,,NEEDS_REPLACEMENT
gadsden-state-community-college,Gadsden State Community College,NJCAA_D1,,https://njcaastats.prestosports.com/sports/bsb/2024-25/div1/teams/gadsdenstatecommunitycollege,,NEEDS_REPLACEMENT
missouri-state-university-west-plains,Missouri State University - West Plains,NJCAA_D1,,https://njcaastats.prestosports.com/sports/bsb/2024-25/div1/teams/missouristateuniversitywestplains,,NEEDS_REPLACEMENT
pellissippi-state-community-college,Pellissippi State Community College,NJCAA_D1,,https://njcaastats.prestosports.com/sports/bsb/2024-25/div1/teams/pellissippistatecommunitycollege,,NEEDS_REPLACEMENT
chandler-gilbert-community-college,Chandler-Gilbert Community College,NJCAA_D2,Region 1,https://njcaastats.prestosports.com/sports/bsb/2024-25/div2/teams/chandlergilbertcommunitycollege,,NEEDS_REPLACEMENT
gateway-community-college-az,GateWay Community College - AZ,NJCAA_D2,Region 1,https://njcaastats.prestosports.com/sports/bsb/2024-25/div2/teams/gatewaycommunitycollegeaz,,NEEDS_REPLACEMENT
glendale-community-college,Glendale Community College,NJCAA_D2,Region 1,https://njcaastats.prestosports.com/sports/bsb/2024-25/div2/teams/glendalecommunitycollege,,NEEDS_REPLACEMENT
mesa-community-college,Mesa Community College,NJCAA_D2,Region 1,https://njcaastats.prestosports.com/sports/bsb/2024-25/div2/teams/mesacommunitycollege,,NEEDS_REPLACEMENT
paradise-valley-community-college,Paradise Valley Community College,NJCAA_D2,Region 1,https://njcaastats.prestosports.com/sports/bsb/2024-25/div2/teams/paradisevalleycommunitycollege,,NEEDS_REPLACEMENT
phoenix-college,Phoenix College,NJCAA_D2,Region 1,https://njcaastats.prestosports.com/sports/bsb/2024-25/div2/teams/phoenixcollege,,NEEDS_REPLACEMENT
pima-community-college,Pima Community College,NJCAA_D2,Region 1,https://njcaastats.prestosports.com/sports/bsb/2024-25/div2/teams/pimacommunitycollege,,NEEDS_REPLACEMENT
scottsdale-community-college,Scottsdale Community College,NJCAA_D2,Region 1,https://njcaastats.prestosports.com/sports/bsb/2024-25/div2/teams/scottsdalecommunitycollege,,NEEDS_REPLACEMENT
south-mountain-community-college,South Mountain Community College,NJCAA_D2,Region 1,https://njcaastats.prestosports.com/sports/bsb/2024-25/div2/teams/southmountaincommunitycollege,,NEEDS_REPLACEMENT
brunswick-community-college,Brunswick Community College,NJCAA_D2,Region 10,https://njcaastats.prestosports.com/sports/bsb/2024-25/div2/teams/brunswickcommunitycollege,,NEEDS_REPLACEMENT
catawba-valley-community-college,Catawba Valley Community College,NJCAA_D2,Region 10,https://njcaastats.prestosports.com/sports/bsb/2024-25/div2/teams/catawbavalleycommunitycollege,,NEEDS_REPLACEMENT
cleveland-community-college,Cleveland Community College,NJCAA_D2,Region 10,https://njcaastats.prestosports.com/sports/bsb/2024-25/div2/teams/clevelandcommunitycollege,,NEEDS_REPLACEMENT
fayetteville-technical-community-college,Fayetteville Technical Community College,NJCAA_D2,Region 10,https://njcaastats.prestosports.com/sports/bsb/2024-25/div2/teams/fayettevilletechnicalcommunitycollege,,NEEDS_REPLACEMENT
guilford-technical-community-college,Guilford Technical Community College,NJCAA_D2,Region 10,https://njcaastats.prestosports.com/sports/bsb/2024-25/div2/teams/guilfordtechnicalcommunitycollege,,NEEDS_REPLACEMENT
lenoir-community-college,Lenoir Community College,NJCAA_D2,Region 10,https://njcaastats.prestosports.com/sports/bsb/2024-25/div2/teams/lenoircommunitycollege,,NEEDS_REPLACEMENT
louisburg-college,Louisburg College,NJCAA_D2,Region 10,https://njcaastats.prestosports.com/sports/bsb/2024-25/div2/teams/louisburgcollege,,NEEDS_REPLACEMENT
patrick-and-henry-community-college,Patrick & Henry Community College,NJCAA_D2,Region 10,https://njcaastats.prestosports.com/sports/bsb/2024-25/div2/teams/patrickhenrycommunitycollege,,NEEDS_REPLACEMENT
pitt-community-college,Pitt Community College,NJCAA_D2,Region 10,https://njcaastats.prestosports.com/sports/bsb/2024-25/div2/teams/pittcommunitycollege,,NEEDS_REPLACEMENT
richard-bland-college,Richard Bland College,NJCAA_D2,Region 10,https://njcaastats.prestosports.com/sports/bsb/2024-25/div2/teams/richardblandcollege,,NEEDS_REPLACEMENT
southeastern-community-college-whiteville,Southeastern Community College-Whiteville,NJCAA_D2,Region 10,https://njcaastats.prestosports.com/sports/bsb/2024-25/div2/teams/southeasterncommunitycollegewhitevill,,NEEDS_REPLACEMENT
southwest-virginia,Southwest Virginia,NJCAA_D2,Region 10,https://njcaastats.prestosports.com/sports/bsb/2024-25/div2/teams/southwestvirginia,,NEEDS_REPLACEMENT
wake-technical-community-college,Wake Technical Community College,NJCAA_D2,Region 10,https://njcaastats.prestosports.com/sports/bsb/2024-25/div2/teams/waketechnicalcommunitycollege,,NEEDS_REPLACEMENT
des-moines-area-community-college,Des Moines Area Community College,NJCAA_D2,Region 11,https://njcaastats.prestosports.com/sports/bsb/2024-25/div2/teams/desmoinesareacommunitycollege,,NEEDS_REPLACEMENT
ellsworth-community-college,Ellsworth Community College,NJCAA_D2,Region 11,https://njcaastats.prestosports.com/sports/bsb/2024-25/div2/teams/ellsworthcommunitycollege,,NEEDS_REPLACEMENT
iowa-central-community-college,Iowa Central Community College,NJCAA_D2,Region 11,https://njcaastats.prestosports.com/sports/bsb/2024-25/div2/teams/iowacentralcommunitycollege,,NEEDS_REPLACEMENT
iowa-lakes-community-college,Iowa Lakes Community College,NJCAA_D2,Region 11,https://njcaastats.prestosports.com/sports/bsb/2024-25/div2/teams/iowalakescommunitycollege,,NEEDS_REPLACEMENT
kirkwood-community-college,Kirkwood Community College,NJCAA_D2,Region 11,https://njcaastats.prestosports.com/sports/bsb/2024-25/div2/teams/kirkwoodcommunitycollege,,NEEDS_REPLACEMENT
marshalltown-community-college,Marshalltown Community College,NJCAA_D2,Region 11,https://njcaastats.prestosports.com/sports/bsb/2024-25/div2/teams/marshalltowncc,,NEEDS_REPLACEMENT
north-iowa-area-community-college,North Iowa Area Community College,NJCAA_D2,Region 11,https://njcaastats.prestosports.com/sports/bsb/2024-25/div2/teams/northiowaareacommunitycollege,,NEEDS_REPLACEMENT
northeast-community-college,Northeast Community College,NJCAA_D2,Region 11,https://njcaastats.prestosports.com/sports/bsb/2024-25/div2/teams/northeastcommunitycollege,,NEEDS_REPLACEMENT
southeastern-community-college,Southeastern Community College,NJCAA_D2,Region 11,https://njcaastats.prestosports.com/sports/bsb/2024-25/div2/teams/southeasterncommunitycollege,,NEEDS_REPLACEMENT
alpena-community-college,Alpena Community College,NJCAA_D2,Region 12,https://njcaastats.prestosports.com/sports/bsb/2024-25/div2/teams/alpenacommunitycollege,,NEEDS_REPLACEMENT
bay-college,Bay College,NJCAA_D2,Region 12,https://njcaastats.prestosports.com/sports/bsb/2024-25/div2/teams/baycollege,,NEEDS_REPLACEMENT
bryant-and-stratton,Bryant & Stratton,NJCAA_D2,Region 12,https://njcaastats.prestosports.com/sports/bsb/2024-25/div2/teams/bryantstrattonohio,,NEEDS_REPLACEMENT
clark-state-college,Clark State College,NJCAA_D2,Region 12,https://njcaastats.prestosports.com/sports/bsb/2024-25/div2/teams/clarkstatecollege,,NEEDS_REPLACEMENT
community-christian,Community Christian,NJCAA_D2,Region 12,https://njcaastats.prestosports.com/sports/bsb/2024-25/div2/teams/communitychristianmich,,NEEDS_REPLACEMENT
cuyahoga-community-college,Cuyahoga Community College,NJCAA_D2,Region 12,https://njcaastats.prestosports.com/sports/bsb/2024-25/div2/teams/cuyahogacommunitycollege,,NEEDS_REPLACEMENT
edison-state,Edison State,NJCAA_D2,Region 12,https://njcaastats.prestosports.com/sports/bsb/2024-25/div2/teams/edisonstate,,NEEDS_REPLACEMENT
glen-oaks-community-college,Glen Oaks Community College,NJCAA_D2,Region 12,https://njcaastats.prestosports.com/sports/bsb/2024-25/div2/teams/glenoakscommunitycollege,,NEEDS_REPLACEMENT
grand-rapids-community-college,Grand Rapids Community College,NJCAA_D2,Region 12,https://njcaastats.prestosports.com/sports/bsb/2024-25/div2/teams/grandrapidscommunitycollege,,NEEDS_REPLACEMENT
henry-ford-college,Henry Ford College,NJCAA_D2,Region 12,https://njcaastats.prestosports.com/sports/bsb/2024-25/div2/teams/henryfordcollege,,NEEDS_REPLACEMENT
hocking,Hocking,NJCAA_D2,Region 12,https://njcaastats.prestosports.com/sports/bsb/2024-25/div2/teams/hocking,,NEEDS_REPLACEMENT
jackson-college,Jackson College,NJCAA_D2,Region 12,https://njcaastats.prestosports.com/sports/bsb/2024-25/div2/teams/jacksoncollege,,NEEDS_REPLACEMENT
kalamazoo-valley-community-college,Kalamazoo Valley Community College,NJCAA_D2,Region 12,https://njcaastats.prestosports.com/sports/bsb/2024-25/div2/teams/kalamazoovalleycommunitycollege,,NEEDS_REPLACEMENT
kellogg-community-college,Kellogg Community College,NJCAA_D2,Region 12,https://njcaastats.prestosports.com/sports/bsb/2024-25/div2/teams/kelloggcommunitycollege,,NEEDS_REPLACEMENT
lake-michigan-college,Lake Michigan College,NJCAA_D2,Region 12,https://njcaastats.prestosports.com/sports/bsb/2024-25/div2/teams/lakemichigancollege,,NEEDS_REPLACEMENT
lakeland-community-college,Lakeland Community College,NJCAA_D2,Region 12,https://njcaastats.prestosports.com/sports/bsb/2024-25/div2/teams/lakelandcommunitycollege,,NEEDS_REPLACEMENT
lansing-community-college,Lansing Community College,NJCAA_D2,Region 12,https://njcaastats.prestosports.com/sports/bsb/2024-25/div2/teams/lansingcommunitycollege,,NEEDS_REPLACEMENT
macomb-community-college,Macomb Community College,NJCAA_D2,Region 12,https://njcaastats.prestosports.com/sports/bsb/2024-25/div2/teams/macombcommunitycollege,,NEEDS_REPLACEMENT
marian-university-ancilla,Marian University Ancilla,NJCAA_D2,Region 12,https://njcaastats.prestosports.com/sports/bsb/2024-25/div2/teams/marianuniversityancilla,,NEEDS_REPLACEMENT
mid-michigan-college,Mid Michigan College,NJCAA_D2,Region 12,https://njcaastats.prestosports.com/sports/bsb/2024-25/div2/teams/midmichigancollege,,NEEDS_REPLACEMENT
mott-community-college,Mott Community College,NJCAA_D2,Region 12,https://njcaastats.prestosports.com/sports/bsb/2024-25/div2/teams/mottcommunitycollege,,NEEDS_REPLACEMENT
muskegon-community-college,Muskegon Community College,NJCAA_D2,Region 12,https://njcaastats.prestosports.com/sports/bsb/2024-25/div2/teams/muskegoncommunitycollege,,NEEDS_REPLACEMENT
schoolcraft-college,Schoolcraft College,NJCAA_D2,Region 12,https://njcaastats.prestosports.com/sports/bsb/2024-25/div2/teams/schoolcraftcollege,,NEEDS_REPLACEMENT
st-clair-county-community-college,St. Clair County Community College,NJCAA_D2,Region 12,https://njcaastats.prestosports.com/sports/bsb/2024-25/div2/teams/stclaircountycommunitycollege,,NEEDS_REPLACEMENT
bismarck-state-college,Bismarck State College,NJCAA_D2,Region 13,https://njcaastats.prestosports.com/sports/bsb/2024-25/div2/teams/bismarckstatecollege,,NEEDS_REPLACEMENT
dakota-college-at-bottineau,Dakota College at Bottineau,NJCAA_D2,Region 13,https://njcaastats.prestosports.com/sports/bsb/2024-25/div2/teams/dakotacollegeatbottineau,,NEEDS_REPLACEMENT
dakota-county-technical-college,Dakota County Technical College,NJCAA_D2,Region 13,https://njcaastats.prestosports.com/sports/bsb/2024-25/div2/teams/dakotacountytechnicalcollege,,NEEDS_REPLACEMENT
dawson-community-college,Dawson Community College,NJCAA_D2,Region 13,https://njcaastats.prestosports.com/sports/bsb/2024-25/div2/teams/dawsoncommunitycollege,,NEEDS_REPLACEMENT
lake-region-state-college-nd,Lake Region State College - ND,NJCAA_D2,Region 13,https://njcaastats.prestosports.com/sports/bsb/2024-25/div2/teams/lakeregionstatecollegend,,NEEDS_REPLACEMENT
miles-community-college,Miles Community College,NJCAA_D2,Region 13,https://njcaastats.prestosports.com/sports/bsb/2024-25/div2/teams/milescommunitycollege,,NEEDS_REPLACEMENT
williston-state-college,Williston State College,NJCAA_D2,Region 13,https://njcaastats.prestosports.com/sports/bsb/2024-25/div2/teams/willistonstatecollege,,NEEDS_REPLACEMENT
orange-county-community-college,Orange County Community College,NJCAA_D2,Region 15,https://njcaastats.prestosports.com/sports/bsb/2024-25/div2/teams/orangecountycommunitycollege,,NEEDS_REPLACEMENT
rockland-community-college,Rockland Community College,NJCAA_D2,Region 15,https://njcaastats.prestosports.com/sports/bsb/2024-25/div2/teams/rocklandcommunitycollege,,NEEDS_REPLACEMENT
sullivan-county-community-college,Sullivan County Community College,NJCAA_D2,Region 15,https://njcaastats.prestosports.com/sports/bsb/2024-25/div2/teams/sullivancountycommunitycollege,,NEEDS_REPLACEMENT
ulster-county-community-college,Ulster County Community College,NJCAA_D2,Region 15,https://njcaastats.prestosports.com/sports/bsb/2024-25/div2/teams/ulstercountycommunitycollege,,NEEDS_REPLACEMENT
westchester-community-college,Westchester Community College,NJCAA_D2,Region 15,https://njcaastats.prestosports.com/sports/bsb/2024-25/div2/teams/westchestercommunitycollege,,NEEDS_REPLACEMENT
east-central-college,East Central College,NJCAA_D2,Region 16,https://njcaastats.prestosports.com/sports/bsb/2024-25/div2/teams/eastcentralcollege,,NEEDS_REPLACEMENT
moberly-area-community-college,Moberly Area Community College,NJCAA_D2,Region 16,https://njcaastats.prestosports.com/sports/bsb/2024-25/div2/teams/moberlyareacommunitycollege,,NEEDS_REPLACEMENT
north-central-missouri-college,North Central Missouri College,NJCAA_D2,Region 16,https://njcaastats.prestosports.com/sports/bsb/2024-25/div2/teams/northcentralmissouricollege,,NEEDS_REPLACEMENT
county-college-of-morris,County College of Morris,NJCAA_D2,Region 19,https://njcaastats.prestosports.com/sports/bsb/2024-25/div2/teams/countycollegeofmorris,,NEEDS_REPLACEMENT
delaware-technical-community-college,Delaware Technical Community College,NJCAA_D2,Region 19,https://njcaastats.prestosports.com/sports/bsb/2024-25/div2/teams/delawaretechnicalcommunitycollege,,NEEDS_REPLACEMENT
lackawanna-college,Lackawanna College,NJCAA_D2,Region 19,https://njcaastats.prestosports.com/sports/bsb/2024-25/div2/teams/lackawannacollege,,NEEDS_REPLACEMENT
mercer-county-community-college,Mercer County Community College,NJCAA_D2,Region 19,https://njcaastats.prestosports.com/sports/bsb/2024-25/div2/teams/mercercountycommunitycollege,,NEEDS_REPLACEMENT
raritan-valley-community-college,Raritan Valley Community College,NJCAA_D2,Region 19,https://njcaastats.prestosports.com/sports/bsb/2024-25/div2/teams/raritanvalleycommunitycollege,,NEEDS_REPLACEMENT
sussex-county-community-college,Sussex County Community College,NJCAA_D2,Region 19,https://njcaastats.prestosports.com/sports/bsb/2024-25/div2/teams/sussexcountycommunitycollege,,NEEDS_REPLACEMENT
arkansas-state-mid-south,Arkansas State Mid-South,NJCAA_D2,Region 2,https://njcaastats.prestosports.com/sports/bsb/2024-25/div2/teams/arkansasstatemidsouth,,NEEDS_REPLACEMENT
arkansas-state-university-three-rivers,Arkansas State University - Three Rivers,NJCAA_D2,Region 2,https://njcaastats.prestosports.com/sports/bsb/2024-25/div2/teams/arkansasstateuniversitythreerivers,,NEEDS_REPLACEMENT
arkansas-state-university-mountain-home,Arkansas State University Mountain Home,NJCAA_D2,Region 2,https://njcaastats.prestosports.com/sports/bsb/2024-25/div2/teams/arkansasstateuniversitymountainhome,,NEEDS_REPLACEMENT
carl-albert-state-college,Carl Albert State College,NJCAA_D2,Region 2,https://njcaastats.prestosports.com/sports/bsb/2024-25/div2/teams/carlalbertstatecollege,,NEEDS_REPLACEMENT
murray-state-college,Murray State College,NJCAA_D2,Region 2,https://njcaastats.prestosports.com/sports/bsb/2024-25/div2/teams/murraystatecollege,,NEEDS_REPLACEMENT
national-park-college,National Park College,NJCAA_D2,Region 2,https://njcaastats.prestosports.com/sports/bsb/2024-25/div2/teams/nationalparkcollege,,NEEDS_REPLACEMENT
northern-oklahoma-college-enid,Northern Oklahoma College-Enid,NJCAA_D2,Region 2,https://njcaastats.prestosports.com/sports/bsb/2024-25/div2/teams/northernoklahomacollegeenid,,NEEDS_REPLACEMENT
northern-oklahoma-college-tonkawa,Northern Oklahoma College-Tonkawa,NJCAA_D2,Region 2,https://njcaastats.prestosports.com/sports/bsb/2024-25/div2/teams/northernoklahomacollegetonkawa,,NEEDS_REPLACEMENT
redlands-community-college,Redlands Community College,NJCAA_D2,Region 2,https://njcaastats.prestosports.com/sports/bsb/2024-25/div2/teams/redlandscommunitycollege,,NEEDS_REPLACEMENT
south-arkansas-college,South Arkansas College,NJCAA_D2,Region 2,https://njcaastats.prestosports.com/sports/bsb/2024-25/div2/teams/southarkansascollege,,NEEDS_REPLACEMENT
southeast-arkansas-college,Southeast Arkansas College,NJCAA_D2,Region 2,https://njcaastats.prestosports.com/sports/bsb/2024-25/div2/teams/southeastarkansascollege,,NEEDS_REPLACEMENT
southern-arkansas-university-tech,Southern Arkansas University Tech,NJCAA_D2,Region 2,https://njcaastats.prestosports.com/sports/bsb/2024-25/div2/teams/southernarkansasuniversitytech,,NEEDS_REPLACEMENT
ua-rich-mountain,UA Rich Mountain,NJCAA_D2,Region 2,https://njcaastats.prestosports.com/sports/bsb/2024-25/div2/teams/uarichmountain,,NEEDS_REPLACEMENT
western-oklahoma-state-college,Western Oklahoma State College,NJCAA_D2,Region 2,https://njcaastats.prestosports.com/sports/bsb/2024-25/div2/teams/westernoklahomastatecollege,,NEEDS_REPLACEMENT
allegany-college-of-maryland,Allegany College of Maryland,NJCAA_D2,Region 20,https://njcaastats.prestosports.com/sports/bsb/2024-25/div2/teams/alleganycollegeofmaryland,,NEEDS_REPLACEMENT
anne-arundel-community-college,Anne Arundel Community College,NJCAA_D2,Region 20,https://njcaastats.prestosports.com/sports/bsb/2024-25/div2/teams/annearundelcommunitycollege,,NEEDS_REPLACEMENT
cc-of-allegheny-county,CC of Allegheny County,NJCAA_D2,Region 20,https://njcaastats.prestosports.com/sports/bsb/2024-25/div2/teams/ccofalleghenycounty,,NEEDS_REPLACEMENT
ccbc-catonsville,CCBC Catonsville,NJCAA_D2,Region 20,https://njcaastats.prestosports.com/sports/bsb/2024-25/div2/teams/ccbccatonsville,,NEEDS_REPLACEMENT
ccbc-dundalk,CCBC Dundalk,NJCAA_D2,Region 20,https://njcaastats.prestosports.com/sports/bsb/2024-25/div2/teams/ccbcdundalk,,NEEDS_REPLACEMENT
ccbc-essex,CCBC Essex,NJCAA_D2,Region 20,https://njcaastats.prestosports.com/sports/bsb/2024-25/div2/teams/ccbcessex,,NEEDS_REPLACEMENT
cecil-college,Cecil College,NJCAA_D2,Region 20,https://njcaastats.prestosports.com/sports/bsb/2024-25/div2/teams/cecilcollege,,NEEDS_REPLACEMENT
chesapeake-college,Chesapeake College,NJCAA_D2,Region 20,https://njcaastats.prestosports.com/sports/bsb/2024-25/div2/teams/chesapeakecollege,,NEEDS_REPLACEMENT
college-of-southern-maryland,College of Southern Maryland,NJCAA_D2,Region 20,https://njcaastats.prestosports.com/sports/bsb/2024-25/div2/teams/collegeofsouthernmaryland,,NEEDS_REPLACEMENT
frederick-community-college,Frederick Community College,NJCAA_D2,Region 20,https://njcaastats.prestosports.com/sports/bsb/2024-25/div2/teams/frederickcommunitycollege,,NEEDS_REPLACEMENT
garrett-college,Garrett College,NJCAA_D2,Region 20,https://njcaastats.prestosports.com/sports/bsb/2024-25/div2/teams/garrettcollege,,NEEDS_REPLACEMENT
hagerstown-community-college,Hagerstown Community College,NJCAA_D2,Region 20,https://njcaastats.prestosports.com/sports/bsb/2024-25/div2/teams/hagerstowncommunitycollege,,NEEDS_REPLACEMENT
montgomery-college,Montgomery College,NJCAA_D2,Region 20,https://njcaastats.prestosports.com/sports/bsb/2024-25/div2/teams/montgomerycollegemd,,NEEDS_REPLACEMENT
prince-george-s-community-college,Prince George's Community College,NJCAA_D2,Region 20,https://njcaastats.prestosports.com/sports/bsb/2024-25/div2/teams/princegeorgescommunitycollege,,NEEDS_REPLACEMENT
westmoreland-county-community-college,Westmoreland County Community College,NJCAA_D2,Region 20,https://njcaastats.prestosports.com/sports/bsb/2024-25/div2/teams/westmorelandcountycc,,NEEDS_REPLACEMENT
university-of-connecticut-at-avery-point,University of Connecticut at Avery Point,NJCAA_D2,Region 21,https://njcaastats.prestosports.com/sports/bsb/2024-25/div2/teams/universityofconnecticutataverypoint,,NEEDS_REPLACEMENT
bevill-state-community-college,Bevill State Community College,NJCAA_D2,Region 22,https://njcaastats.prestosports.com/sports/bsb/2024-25/div2/teams/bevillstatecommunitycollege,,NEEDS_REPLACEMENT
bishop-state-community-college,Bishop State Community College,NJCAA_D2,Region 22,https://njcaastats.prestosports.com/sports/bsb/2024-25/div2/teams/bishopstatecommunitycollege,,NEEDS_REPLACEMENT
central-alabama-community-college,Central Alabama Community College,NJCAA_D2,Region 22,https://njcaastats.prestosports.com/sports/bsb/2024-25/div2/teams/centralalabamacommunitycollege,,NEEDS_REPLACEMENT
coastal-alabama-north,Coastal Alabama - North,NJCAA_D2,Region 22,https://njcaastats.prestosports.com/sports/bsb/2024-25/div2/teams/coastalalabamanorth,,NEEDS_REPLACEMENT
enterprise-state-community-college,Enterprise State Community College,NJCAA_D2,Region 22,https://njcaastats.prestosports.com/sports/bsb/2024-25/div2/teams/enterprisestatecommunitycollege,,NEEDS_REPLACEMENT
lurleen-b-wallace-community-college,Lurleen B. Wallace Community College,NJCAA_D2,Region 22,https://njcaastats.prestosports.com/sports/bsb/2024-25/div2/teams/lurleenbwallacecommunitycollege,,NEEDS_REPLACEMENT
marion-military-institute,Marion Military Institute,NJCAA_D2,Region 22,https://njcaastats.prestosports.com/sports/bsb/2024-25/div2/teams/marionmilitaryinstitute,,NEEDS_REPLACEMENT
reid-state-technical-college,Reid State Technical College,NJCAA_D2,Region 22,https://njcaastats.prestosports.com/sports/bsb/2024-25/div2/teams/reidstatetechnicalcollege,,NEEDS_REPLACEMENT
wallace-community-college-dothan,Wallace Community College-Dothan,NJCAA_D2,Region 22,https://njcaastats.prestosports.com/sports/bsb/2024-25/div2/teams/wallacecommunitycollegedothan,,NEEDS_REPLACEMENT
wallace-community-college-selma,Wallace Community College-Selma,NJCAA_D2,Region 22,https://njcaastats.prestosports.com/sports/bsb/2024-25/div2/teams/wallacecommunitycollegeselma,,NEEDS_REPLACEMENT
coahoma-community-college,Coahoma Community College,NJCAA_D2,Region 23,https://njcaastats.prestosports.com/sports/bsb/2024-25/div2/teams/coahomacommunitycollege,,NEEDS_REPLACEMENT
copiah-lincoln-community-college,Copiah-Lincoln Community College,NJCAA_D2,Region 23,https://njcaastats.prestosports.com/sports/bsb/2024-25/div2/teams/copiahlincolncommunitycollege,,NEEDS_REPLACEMENT
east-central-community-college,East Central Community College,NJCAA_D2,Region 23,https://njcaastats.prestosports.com/sports/bsb/2024-25/div2/teams/eastcentralcommunitycollege,,NEEDS_REPLACEMENT
east-mississippi-community-college,East Mississippi Community College,NJCAA_D2,Region 23,https://njcaastats.prestosports.com/sports/bsb/2024-25/div2/teams/eastmississippicommunitycollege,,NEEDS_REPLACEMENT
hinds-community-college,Hinds Community College,NJCAA_D2,Region 23,https://njcaastats.prestosports.com/sports/bsb/2024-25/div2/teams/hindscommunitycollege,,NEEDS_REPLACEMENT
holmes-community-college,Holmes Community College,NJCAA_D2,Region 23,https://njcaastats.prestosports.com/sports/bsb/2024-25/div2/teams/holmescommunitycollege,,NEEDS_REPLACEMENT
itawamba-community-college,Itawamba Community College,NJCAA_D2,Region 23,https://njcaastats.prestosports.com/sports/bsb/2024-25/div2/teams/itawambacommunitycollege,,NEEDS_REPLACEMENT
jones-college,Jones College,NJCAA_D2,Region 23,https://njcaastats.prestosports.com/sports/bsb/2024-25/div2/teams/jonescollege,,NEEDS_REPLACEMENT
meridian-community-college,Meridian Community College,NJCAA_D2,Region 23,https://njcaastats.prestosports.com/sports/bsb/2024-25/div2/teams/meridiancommunitycollege,,NEEDS_REPLACEMENT
mississippi-delta-community-college,Mississippi Delta Community College,NJCAA_D2,Region 23,https://njcaastats.prestosports.com/sports/bsb/2024-25/div2/teams/mississippideltacommunitycollege,,NEEDS_REPLACEMENT
mississippi-gulf-coast-community-college,Mississippi Gulf Coast Community College,NJCAA_D2,Region 23,https://njcaastats.prestosports.com/sports/bsb/2024-25/div2/teams/mississippigulfcoastcommunitycollege,,NEEDS_REPLACEMENT
northeast-mississippi-community-college,Northeast Mississippi Community College,NJCAA_D2,Region 23,https://njcaastats.prestosports.com/sports/bsb/2024-25/div2/teams/northeastmississippicommunitycollege,,NEEDS_REPLACEMENT
northwest-mississippi-community-college,Northwest Mississippi Community College,NJCAA_D2,Region 23,https://njcaastats.prestosports.com/sports/bsb/2024-25/div2/teams/northwestmississippicommunitycollege,,NEEDS_REPLACEMENT
pearl-river-community-college,Pearl River Community College,NJCAA_D2,Region 23,https://njcaastats.prestosports.com/sports/bsb/2024-25/div2/teams/pearlrivercommunitycollege,,NEEDS_REPLACEMENT
southwest-mississippi-community-college,Southwest Mississippi Community College,NJCAA_D2,Region 23,https://njcaastats.prestosports.com/sports/bsb/2024-25/div2/teams/southwestmississippicommunitycollege,,NEEDS_REPLACEMENT
danville-area-community-college,Danville Area Community College,NJCAA_D2,Region 24,https://njcaastats.prestosports.com/sports/bsb/2024-25/div2/teams/danvilleareacommunitycollege,,NEEDS_REPLACEMENT
heartland-community-college,Heartland Community College,NJCAA_D2,Region 24,https://njcaastats.prestosports.com/sports/bsb/2024-25/div2/teams/heartlandcommunitycollege,,NEEDS_REPLACEMENT
illinois-central-college,Illinois Central College,NJCAA_D2,Region 24,https://njcaastats.prestosports.com/sports/bsb/2024-25/div2/teams/illinoiscentralcollege,,NEEDS_REPLACEMENT
john-wood-community-college,John Wood Community College,NJCAA_D2,Region 24,https://njcaastats.prestosports.com/sports/bsb/2024-25/div2/teams/johnwoodcommunitycollege,,NEEDS_REPLACEMENT
lewis-and-clark-community-college,Lewis & Clark Community College,NJCAA_D2,Region 24,https://njcaastats.prestosports.com/sports/bsb/2024-25/div2/teams/lewisclarkcommunitycollege,,NEEDS_REPLACEMENT
lincoln-land-community-college,Lincoln Land Community College,NJCAA_D2,Region 24,https://njcaastats.prestosports.com/sports/bsb/2024-25/div2/teams/lincolnlandcommunitycollege,,NEEDS_REPLACEMENT
parkland-college,Parkland College,NJCAA_D2,Region 24,https://njcaastats.prestosports.com/sports/bsb/2024-25/div2/teams/parklandcollege,,NEEDS_REPLACEMENT
spoon-river-college,Spoon River College,NJCAA_D2,Region 24,https://njcaastats.prestosports.com/sports/bsb/2024-25/div2/teams/spoonrivercollege,,NEEDS_REPLACEMENT
vincennes-university,Vincennes University,NJCAA_D2,Region 24,https://njcaastats.prestosports.com/sports/bsb/2024-25/div2/teams/vincennesuniversity,,NEEDS_REPLACEMENT
monroe-community-college,Monroe Community College,NJCAA_D2,Region 3,https://njcaastats.prestosports.com/sports/bsb/2024-25/div2/teams/monroecommunitycollege,,NEEDS_REPLACEMENT
black-hawk-college,Black Hawk College,NJCAA_D2,Region 4,https://njcaastats.prestosports.com/sports/bsb/2024-25/div2/teams/blackhawkcollege,,NEEDS_REPLACEMENT
bryant-and-stratton-college,Bryant & Stratton College,NJCAA_D2,Region 4,https://njcaastats.prestosports.com/sports/bsb/2024-25/div2/teams/bryantstrattoncollegewi,,NEEDS_REPLACEMENT
carl-sandburg-college,Carl Sandburg College,NJCAA_D2,Region 4,https://njcaastats.prestosports.com/sports/bsb/2024-25/div2/teams/carlsandburgcollege,,NEEDS_REPLACEMENT
college-of-lake-county,College of Lake County,NJCAA_D2,Region 4,https://njcaastats.prestosports.com/sports/bsb/2024-25/div2/teams/collegeoflakecounty,,NEEDS_REPLACEMENT
elgin-community-college,Elgin Community College,NJCAA_D2,Region 4,https://njcaastats.prestosports.com/sports/bsb/2024-25/div2/teams/elgincommunitycollege,,NEEDS_REPLACEMENT
highland-community-college-illinois,Highland Community College - Illinois,NJCAA_D2,Region 4,https://njcaastats.prestosports.com/sports/bsb/2024-25/div2/teams/highlandcommunitycollegeillinois,,NEEDS_REPLACEMENT
illinois-valley-community-college,Illinois Valley Community College,NJCAA_D2,Region 4,https://njcaastats.prestosports.com/sports/bsb/2024-25/div2/teams/illinoisvalleycommunitycollege,,NEEDS_REPLACEMENT
kankakee-community-college,Kankakee Community College,NJCAA_D2,Region 4,https://njcaastats.prestosports.com/sports/bsb/2024-25/div2/teams/kankakeecommunitycollege,,NEEDS_REPLACEMENT
madison-college,Madison College,NJCAA_D2,Region 4,https://njcaastats.prestosports.com/sports/bsb/2024-25/div2/teams/madisoncollege,,NEEDS_REPLACEMENT
milwaukee-area-technical-college,Milwaukee Area Technical College,NJCAA_D2,Region 4,https://njcaastats.prestosports.com/sports/bsb/2024-25/div2/teams/milwaukeeareatechnicalcollege,,NEEDS_REPLACEMENT
moraine-valley-community-college,Moraine Valley Community College,NJCAA_D2,Region 4,https://njcaastats.prestosports.com/sports/bsb/2024-25/div2/teams/morainevalleycommunitycollege,,NEEDS_REPLACEMENT
morton-college,Morton College,NJCAA_D2,Region 4,https://njcaastats.prestosports.com/sports/bsb/2024-25/div2/teams/mortoncollege,,NEEDS_REPLACEMENT
prairie-state-college,Prairie State College,NJCAA_D2,Region 4,https://njcaastats.prestosports.com/sports/bsb/2024-25/div2/teams/prairiestatecollege,,NEEDS_REPLACEMENT
rock-valley-college,Rock Valley College,NJCAA_D2,Region 4,https://njcaastats.prestosports.com/sports/bsb/2024-25/div2/teams/rockvalleycollege,,NEEDS_REPLACEMENT
sauk-valley-community-college,Sauk Valley Community College,NJCAA_D2,Region 4,https://njcaastats.prestosports.com/sports/bsb/2024-25/div2/teams/saukvalleycommunitycollege,,NEEDS_REPLACEMENT
hesston-college,Hesston College,NJCAA_D2,Region 6,https://njcaastats.prestosports.com/sports/bsb/2024-25/div2/teams/hesstoncollege,,NEEDS_REPLACEMENT
florida-state-college-at-jacksonville,Florida State College at Jacksonville,NJCAA_D2,Region 8,https://njcaastats.prestosports.com/sports/bsb/2024-25/div2/teams/floridastatecollegeatjacksonville,,NEEDS_REPLACEMENT
lake-sumter-state-college,Lake-Sumter State College,NJCAA_D2,Region 8,https://njcaastats.prestosports.com/sports/bsb/2024-25/div2/teams/lakesumterstatecollege,,NEEDS_REPLACEMENT
palm-beach-state-college,Palm Beach State College,NJCAA_D2,Region 8,https://njcaastats.prestosports.com/sports/bsb/2024-25/div2/teams/palmbeachstatecollege,,NEEDS_REPLACEMENT
pasco-hernando-state-college,Pasco-Hernando State College,NJCAA_D2,Region 8,https://njcaastats.prestosports.com/sports/bsb/2024-25/div2/teams/pascohernandostatecollege,,NEEDS_REPLACEMENT
south-florida-state-college,South Florida State College,NJCAA_D2,Region 8,https://njcaastats.prestosports.com/sports/bsb/2024-25/div2/teams/southfloridastatecollege,,NEEDS_REPLACEMENT
st-johns-river-state-college,St. Johns River State College,NJCAA_D2,Region 8,https://njcaastats.prestosports.com/sports/bsb/2024-25/div2/teams/stjohnsriverstatecollege,,NEEDS_REPLACEMENT
caldwell-community-college-and-technical-institute,Caldwell Community College & Technical Institute,NJCAA_D3,Region 10,https://njcaastats.prestosports.com/sports/bsb/2024-25/div3/teams/caldwellcommunitycollegetechnicali,,NEEDS_REPLACEMENT
camp-community-college,Camp Community College,NJCAA_D3,Region 10,https://njcaastats.prestosports.com/sports/bsb/2024-25/div3/teams/campcommunitycollege,,NEEDS_REPLACEMENT
rockingham-community-college,Rockingham Community College,NJCAA_D3,Region 10,https://njcaastats.prestosports.com/sports/bsb/2024-25/div3/teams/rockinghamcommunitycollege,,NEEDS_REPLACEMENT
surry-community-college,Surry Community College,NJCAA_D3,Region 10,https://njcaastats.prestosports.com/sports/bsb/2024-25/div3/teams/surrycommunitycollege,,NEEDS_REPLACEMENT
virginia-peninsula-community-college,Virginia Peninsula Community College,NJCAA_D3,Region 10,https://njcaastats.prestosports.com/sports/bsb/2024-25/div3/teams/virginiapeninsulacc,,NEEDS_REPLACEMENT
delta-college,Delta College,NJCAA_D3,Region 12,https://njcaastats.prestosports.com/sports/bsb/2024-25/div3/teams/deltacollege,,NEEDS_REPLACEMENT
lorain-county-community-college,Lorain County Community College,NJCAA_D3,Region 12,https://njcaastats.prestosports.com/sports/bsb/2024-25/div3/teams/loraincountycommunitycollege,,NEEDS_REPLACEMENT
owens-community-college,Owens Community College,NJCAA_D3,Region 12,https://njcaastats.prestosports.com/sports/bsb/2024-25/div3/teams/owenscommunitycollege,,NEEDS_REPLACEMENT
terra-state,Terra State,NJCAA_D3,Region 12,https://njcaastats.prestosports.com/sports/bsb/2024-25/div3/teams/terrastate,,NEEDS_REPLACEMENT
alexandria-technical-and-community-college,Alexandria Technical & Community College,NJCAA_D3,Region 13,https://njcaastats.prestosports.com/sports/bsb/2024-25/div3/teams/alexandriatechnicalcommunitycollege,,NEEDS_REPLACEMENT
anoka-ramsey-community-college,Anoka-Ramsey Community College,NJCAA_D3,Region 13,https://njcaastats.prestosports.com/sports/bsb/2024-25/div3/teams/anokaramseycommunitycollege,,NEEDS_REPLACEMENT
central-lakes-college-brainerd,Central Lakes College-Brainerd,NJCAA_D3,Region 13,https://njcaastats.prestosports.com/sports/bsb/2024-25/div3/teams/centrallakescollegebrainerd,,NEEDS_REPLACEMENT
century-college,Century College,NJCAA_D3,Region 13,https://njcaastats.prestosports.com/sports/bsb/2024-25/div3/teams/centurycollege,,NEEDS_REPLACEMENT
minnesota-north-college-hibbing,Minnesota North College-Hibbing,NJCAA_D3,Region 13,https://njcaastats.prestosports.com/sports/bsb/2024-25/div3/teams/minnesotanorthcollegehibbing,,NEEDS_REPLACEMENT
minnesota-north-college-itasca,Minnesota North College-Itasca,NJCAA_D3,Region 13,https://njcaastats.prestosports.com/sports/bsb/2024-25/div3/teams/minnesotanorthcollegeitasca,,NEEDS_REPLACEMENT
minnesota-north-college-mesabi-range,Minnesota North College-Mesabi Range,NJCAA_D3,Region 13,https://njcaastats.prestosports.com/sports/bsb/2024-25/div3/teams/minnesotanorthcollegemesabirange,,NEEDS_REPLACEMENT
minnesota-north-college-rainy-river,Minnesota North College-Rainy River,NJCAA_D3,Region 13,https://njcaastats.prestosports.com/sports/bsb/2024-25/div3/teams/minnesotanorthcollegerainyriver,,NEEDS_REPLACEMENT
minnesota-north-college-vermilion,Minnesota North College-Vermilion,NJCAA_D3,Region 13,https://njcaastats.prestosports.com/sports/bsb/2024-25/div3/teams/minnesotanorthcollegevermilion,,NEEDS_REPLACEMENT
minnesota-state-community-and-technical-college,Minnesota State Community and Technical College,NJCAA_D3,Region 13,https://njcaastats.prestosports.com/sports/bsb/2024-25/div3/teams/minnesotastatecommunityandtechnical,,NEEDS_REPLACEMENT
minnesota-west-community-and-technical-college,Minnesota West Community & Technical College,NJCAA_D3,Region 13,https://njcaastats.prestosports.com/sports/bsb/2024-25/div3/teams/minnesotawestcommunitytechnicalcol,,NEEDS_REPLACEMENT
north-dakota-state-college-of-science,North Dakota State College of Science,NJCAA_D3,Region 13,https://njcaastats.prestosports.com/sports/bsb/2024-25/div3/teams/northdakotastatecollegeofscience,,NEEDS_REPLACEMENT
northland-community-and-technical-college,Northland Community & Technical College,NJCAA_D3,Region 13,https://njcaastats.prestosports.com/sports/bsb/2024-25/div3/teams/northlandcommunitytechnicalcollege,,NEEDS_REPLACEMENT
ridgewater-college,Ridgewater College,NJCAA_D3,Region 13,https://njcaastats.prestosports.com/sports/bsb/2024-25/div3/teams/ridgewatercollege,,NEEDS_REPLACEMENT
riverland-community-college,Riverland Community College,NJCAA_D3,Region 13,https://njcaastats.prestosports.com/sports/bsb/2024-25/div3/teams/riverlandcommunitycollege,,NEEDS_REPLACEMENT
rochester-community-and-technical-college,Rochester Community and Technical College,NJCAA_D3,Region 13,https://njcaastats.prestosports.com/sports/bsb/2024-25/div3/teams/rochestercommunityandtechnicalcolleg,,NEEDS_REPLACEMENT
st-cloud-technical-and-community-college,St. Cloud Technical & Community College,NJCAA_D3,Region 13,https://njcaastats.prestosports.com/sports/bsb/2024-25/div3/teams/stcloudtechnicalcommunitycollege,,NEEDS_REPLACEMENT
western-technical-college,Western Technical College,NJCAA_D3,Region 13,https://njcaastats.prestosports.com/sports/bsb/2024-25/div3/teams/westerntechnicalcollege,,NEEDS_REPLACEMENT
borough-of-manhattan-community-college,Borough of Manhattan Community College,NJCAA_D3,Region 15,https://njcaastats.prestosports.com/sports/bsb/2024-25/div3/teams/boroughofmanhattancommunitycollege,,NEEDS_REPLACEMENT
bronx-community-college,Bronx Community College,NJCAA_D3,Region 15,https://njcaastats.prestosports.com/sports/bsb/2024-25/div3/teams/bronxcommunitycollege,,NEEDS_REPLACEMENT
dutchess-community-college,Dutchess Community College,NJCAA_D3,Region 15,https://njcaastats.prestosports.com/sports/bsb/2024-25/div3/teams/dutchesscommunitycollege,,NEEDS_REPLACEMENT
kingsborough-community-college,Kingsborough Community College,NJCAA_D3,Region 15,https://njcaastats.prestosports.com/sports/bsb/2024-25/div3/teams/kingsboroughcommunitycollege,,NEEDS_REPLACEMENT
monroe-university-bronx,Monroe University - Bronx,NJCAA_D3,Region 15,https://njcaastats.prestosports.com/sports/bsb/2024-25/div3/teams/monroeuniversitybronx,,NEEDS_REPLACEMENT
nassau-community-college,Nassau Community College,NJCAA_D3,Region 15,https://njcaastats.prestosports.com/sports/bsb/2024-25/div3/teams/nassaucommunitycollege,,NEEDS_REPLACEMENT
queensborough-community-college,Queensborough Community College,NJCAA_D3,Region 15,https://njcaastats.prestosports.com/sports/bsb/2024-25/div3/teams/queensboroughcommunitycollege,,NEEDS_REPLACEMENT
suffolk-community-college,Suffolk Community College,NJCAA_D3,Region 15,https://njcaastats.prestosports.com/sports/bsb/2024-25/div3/teams/suffolkcc,,NEEDS_REPLACEMENT
atlantic-cape-community-college,Atlantic Cape Community College,NJCAA_D3,Region 19,https://njcaastats.prestosports.com/sports/bsb/2024-25/div3/teams/atlanticcapecommunitycollege,,NEEDS_REPLACEMENT
bergen-community-college,Bergen Community College,NJCAA_D3,Region 19,https://njcaastats.prestosports.com/sports/bsb/2024-25/div3/teams/bergencommunitycollege,,NEEDS_REPLACEMENT
brookdale-community-college,Brookdale Community College,NJCAA_D3,Region 19,https://njcaastats.prestosports.com/sports/bsb/2024-25/div3/teams/brookdalecommunitycollege,,NEEDS_REPLACEMENT
camden-county-college,Camden County College,NJCAA_D3,Region 19,https://njcaastats.prestosports.com/sports/bsb/2024-25/div3/teams/camdencountycollege,,NEEDS_REPLACEMENT
delaware-county-community-college,Delaware County Community College,NJCAA_D3,Region 19,https://njcaastats.prestosports.com/sports/bsb/2024-25/div3/teams/delawarecountycommunitycollege,,NEEDS_REPLACEMENT
luzerne-county-community-college,Luzerne County Community College,NJCAA_D3,Region 19,https://njcaastats.prestosports.com/sports/bsb/2024-25/div3/teams/luzernecountycommunitycollege,,NEEDS_REPLACEMENT
middlesex-college,Middlesex College,NJCAA_D3,Region 19,https://njcaastats.prestosports.com/sports/bsb/2024-25/div3/teams/middlesexcollege,,NEEDS_REPLACEMENT
montgomery-county-community-college,Montgomery County Community College,NJCAA_D3,Region 19,https://njcaastats.prestosports.com/sports/bsb/2024-25/div3/teams/montgomerycountycommunitycollegepa,,NEEDS_REPLACEMENT
northampton-community-college,Northampton Community College,NJCAA_D3,Region 19,https://njcaastats.prestosports.com/sports/bsb/2024-25/div3/teams/northamptoncommunitycollege,,NEEDS_REPLACEMENT
ocean-county-college,Ocean County College,NJCAA_D3,Region 19,https://njcaastats.prestosports.com/sports/bsb/2024-25/div3/teams/oceancountycollege,,NEEDS_REPLACEMENT
rowan-college-south-jersey-gloucester,Rowan College South Jersey - Gloucester,NJCAA_D3,Region 19,https://njcaastats.prestosports.com/sports/bsb/2024-25/div3/teams/rowancollegesouthjerseygloucester,,NEEDS_REPLACEMENT
rowan-college-of-south-jersey-cumberland,Rowan College of South Jersey-Cumberland,NJCAA_D3,Region 19,https://njcaastats.prestosports.com/sports/bsb/2024-25/div3/teams/rowancollegeofsouthjerseycumberland,,NEEDS_REPLACEMENT
salem-community-college,Salem Community College,NJCAA_D3,Region 19,https://njcaastats.prestosports.com/sports/bsb/2024-25/div3/teams/salemcommunitycollege,,NEEDS_REPLACEMENT
ucnj,UCNJ,NJCAA_D3,Region 19,https://njcaastats.prestosports.com/sports/bsb/2024-25/div3/teams/ucnj,,NEEDS_REPLACEMENT
north-arkansas-college,North Arkansas College,NJCAA_D3,Region 2,https://njcaastats.prestosports.com/sports/bsb/2024-25/div3/teams/northarkansascollege,,NEEDS_REPLACEMENT
bunker-hill-community-college,Bunker Hill Community College,NJCAA_D3,Region 21,https://njcaastats.prestosports.com/sports/bsb/2024-25/div3/teams/bunkerhillcommunitycollege,,NEEDS_REPLACEMENT
community-college-of-rhode-island,Community College of Rhode Island,NJCAA_D3,Region 21,https://njcaastats.prestosports.com/sports/bsb/2024-25/div3/teams/communitycollegeofrhodeisland,,NEEDS_REPLACEMENT
holyoke-community-college,Holyoke Community College,NJCAA_D3,Region 21,https://njcaastats.prestosports.com/sports/bsb/2024-25/div3/teams/holyokecommunitycollege,,NEEDS_REPLACEMENT
massasoit-community-college,Massasoit Community College,NJCAA_D3,Region 21,https://njcaastats.prestosports.com/sports/bsb/2024-25/div3/teams/massasoitcommunitycollege,,NEEDS_REPLACEMENT
northern-essex-community-college,Northern Essex Community College,NJCAA_D3,Region 21,https://njcaastats.prestosports.com/sports/bsb/2024-25/div3/teams/northernessexcommunitycollege,,NEEDS_REPLACEMENT
quinsigamond-community-college,Quinsigamond Community College,NJCAA_D3,Region 21,https://njcaastats.prestosports.com/sports/bsb/2024-25/div3/teams/quinsigamondcommunitycollege,,NEEDS_REPLACEMENT
roxbury-community-college,Roxbury Community College,NJCAA_D3,Region 21,https://njcaastats.prestosports.com/sports/bsb/2024-25/div3/teams/roxburycommunitycollege,,NEEDS_REPLACEMENT
cayuga-community-college,Cayuga Community College,NJCAA_D3,Region 3,https://njcaastats.prestosports.com/sports/bsb/2024-25/div3/teams/cayugacommunitycollege,,NEEDS_REPLACEMENT
columbia-greene-community-college,Columbia-Greene Community College,NJCAA_D3,Region 3,https://njcaastats.prestosports.com/sports/bsb/2024-25/div3/teams/columbiagreenecommunitycollege,,NEEDS_REPLACEMENT
corning-community-college,Corning Community College,NJCAA_D3,Region 3,https://njcaastats.prestosports.com/sports/bsb/2024-25/div3/teams/corningcommunitycollege,,NEEDS_REPLACEMENT
erie-community-college,Erie Community College,NJCAA_D3,Region 3,https://njcaastats.prestosports.com/sports/bsb/2024-25/div3/teams/eriecommunitycollege,,NEEDS_REPLACEMENT
finger-lakes-community-college,Finger Lakes Community College,NJCAA_D3,Region 3,https://njcaastats.prestosports.com/sports/bsb/2024-25/div3/teams/fingerlakescommunitycollege,,NEEDS_REPLACEMENT
fulton-montgomery-community-college,Fulton-Montgomery Community College,NJCAA_D3,Region 3,https://njcaastats.prestosports.com/sports/bsb/2024-25/div3/teams/fultonmontgomerycommunitycollege,,NEEDS_REPLACEMENT
genesee-community-college,Genesee Community College,NJCAA_D3,Region 3,https://njcaastats.prestosports.com/sports/bsb/2024-25/div3/teams/geneseecommunitycollege,,NEEDS_REPLACEMENT
herkimer-college,Herkimer College,NJCAA_D3,Region 3,https://njcaastats.prestosports.com/sports/bsb/2024-25/div3/teams/herkimercollege,,NEEDS_REPLACEMENT
hudson-valley-community-college,Hudson Valley Community College,NJCAA_D3,Region 3,https://njcaastats.prestosports.com/sports/bsb/2024-25/div3/teams/hudsonvalleycommunitycollege,,NEEDS_REPLACEMENT
jamestown-community-college,Jamestown Community College,NJCAA_D3,Region 3,https://njcaastats.prestosports.com/sports/bsb/2024-25/div3/teams/jamestowncommunitycollege,,NEEDS_REPLACEMENT
jefferson-community-college,Jefferson Community College,NJCAA_D3,Region 3,https://njcaastats.prestosports.com/sports/bsb/2024-25/div3/teams/jeffersoncommunitycollege,,NEEDS_REPLACEMENT
mohawk-valley-community-college,Mohawk Valley Community College,NJCAA_D3,Region 3,https://njcaastats.prestosports.com/sports/bsb/2024-25/div3/teams/mohawkvalleycommunitycollege,,NEEDS_REPLACEMENT
onondaga-community-college,Onondaga Community College,NJCAA_D3,Region 3,https://njcaastats.prestosports.com/sports/bsb/2024-25/div3/teams/onondagacommunitycollege,,NEEDS_REPLACEMENT
suny-adirondack,SUNY Adirondack,NJCAA_D3,Region 3,https://njcaastats.prestosports.com/sports/bsb/2024-25/div3/teams/sunyadirondack,,NEEDS_REPLACEMENT
suny-broome-community-college,SUNY Broome Community College,NJCAA_D3,Region 3,https://njcaastats.prestosports.com/sports/bsb/2024-25/div3/teams/sunybroomecommunitycollege,,NEEDS_REPLACEMENT
suny-niagara,SUNY Niagara,NJCAA_D3,Region 3,https://njcaastats.prestosports.com/sports/bsb/2024-25/div3/teams/sunyniagara,,NEEDS_REPLACEMENT
tompkins-cortland-community-college,Tompkins Cortland Community College,NJCAA_D3,Region 3,https://njcaastats.prestosports.com/sports/bsb/2024-25/div3/teams/tompkinscortlandcommunitycollege,,NEEDS_REPLACEMENT
college-of-dupage,College of DuPage,NJCAA_D3,Region 4,https://njcaastats.prestosports.com/sports/bsb/2024-25/div3/teams/collegeofdupage,,NEEDS_REPLACEMENT
harper-college,Harper College,NJCAA_D3,Region 4,https://njcaastats.prestosports.com/sports/bsb/2024-25/div3/teams/harpercollege,,NEEDS_REPLACEMENT
joliet-junior-college,Joliet Junior College,NJCAA_D3,Region 4,https://njcaastats.prestosports.com/sports/bsb/2024-25/div3/teams/jolietjuniorcollege,,NEEDS_REPLACEMENT
oakton-community-college,Oakton Community College,NJCAA_D3,Region 4,https://njcaastats.prestosports.com/sports/bsb/2024-25/div3/teams/oaktoncommunitycollege,,NEEDS_REPLACEMENT
waubonsee-community-college,Waubonsee Community College,NJCAA_D3,Region 4,https://njcaastats.prestosports.com/sports/bsb/2024-25/div3/teams/waubonseecommunitycollege,,NEEDS_REPLACEMENT
dallas-college-brookhaven,Dallas College Brookhaven,NJCAA_D3,Region 5,https://njcaastats.prestosports.com/sports/bsb/2024-25/div3/teams/dallascollegebrookhaven,,NEEDS_REPLACEMENT
dallas-college-cedar-valley,Dallas College Cedar Valley,NJCAA_D3,Region 5,https://njcaastats.prestosports.com/sports/bsb/2024-25/div3/teams/dallascollegecedarvalley,,NEEDS_REPLACEMENT
dallas-college-eastfield,Dallas College Eastfield,NJCAA_D3,Region 5,https://njcaastats.prestosports.com/sports/bsb/2024-25/div3/teams/dallascollegeeastfield,,NEEDS_REPLACEMENT
dallas-college-mountain-view,Dallas College Mountain View,NJCAA_D3,Region 5,https://njcaastats.prestosports.com/sports/bsb/2024-25/div3/teams/dallascollegemountainview,,NEEDS_REPLACEMENT
dallas-college-north-lake,Dallas College North Lake,NJCAA_D3,Region 5,https://njcaastats.prestosports.com/sports/bsb/2024-25/div3/teams/dallascollegenorthlake,,NEEDS_REPLACEMENT
dallas-college-richland,Dallas College Richland,NJCAA_D3,Region 5,https://njcaastats.prestosports.com/sports/bsb/2024-25/div3/teams/dallascollegerichland,,NEEDS_REPLACEMENT