slug,collegeName,highConfidenceAreas,mediumConfidenceAreas,lowConfidenceAreas,writeAreas,matchedCount,writeCount,sourceUrl,writeStatus
abilene-christian-university,Abilene Christian University,Business|Education|Engineering,Biochemistry|Biology|Chemistry|History|Human Services|Information Technology|Management|Nursing|Psychology,Hospitality|Physics,Business|Education|Engineering|Biochemistry|Biology|Chemistry|History|Human Services|Information Technology|Management|Nursing|Psychology,14,12,https://www.acu.edu/academics,WRITTEN
adrian-college,Adrian College,Education,Architecture|Art|Engineering|History,Communications|Human Resources|Public Relations,Education|Architecture|Art|Engineering|History,8,5,https://www.adrian.edu/academics,WRITTEN
air-force-academy,Air Force Academy,Education,Engineering|Information Technology,Mathematics,Education|Engineering|Information Technology,4,3,https://www.usafa.edu/academics,WRITTEN
alabama-am-university,Alabama A&M University,Business|Chemistry|Computer Science|Education|Electrical Engineering|Engineering|History|Mathematics|Physics|Psychology|Social Work,Accounting|Art|Biochemistry|Civil Engineering|Communications|Construction Management|English|Entrepreneurship|Environmental Science|Finance|International Business|Management|Marketing|Mechanical Engineering|Nutrition|Performing Arts|Visual Arts,Biotechnology|Hospitality|Hospitality Management|Pre-Law|Public Administration,Business|Chemistry|Computer Science|Education|Electrical Engineering|Engineering|History|Mathematics|Physics|Psychology|Social Work|Accounting|Art|Biochemistry|Civil Engineering|Communications|Construction Management|English|Entrepreneurship|Environmental Science|Finance|International Business|Management|Marketing|Mechanical Engineering|Nutrition|Performing Arts|Visual Arts,33,28,https://www.aamu.edu/academics,WRITTEN
alabama-state-university,Alabama State University,Education,Art|History,Communications|Social Work,Education|Art|History,5,3,https://www.alasu.edu,WRITTEN
albertus-magnus-college,Albertus Magnus College,Accounting|Art|Biology|Business|Chemistry|Criminal Justice|Education|English|Entrepreneurship|History|Human Services|Information Systems|Management|Mathematics|Nursing|Philosophy|Political Science|Psychology|Religion|Sociology,Communications|Graphic Design|Health Sciences|Marketing|Pre-Law|Public Administration|Public Health|Social Work|Sport Management,,Accounting|Art|Biology|Business|Chemistry|Criminal Justice|Education|English|Entrepreneurship|History|Human Services|Information Systems|Management|Mathematics|Nursing|Philosophy|Political Science|Psychology|Religion|Sociology|Communications|Graphic Design|Health Sciences|Marketing|Pre-Law|Public Administration|Public Health|Social Work|Sport Management,29,29,https://www.albertus.edu/academics,WRITTEN
albion-college,Albion College,Biology|Economics|Management|Mathematics,Accounting|Actuarial Science|Art|Art History|Biochemistry|Business|Chemistry|Computer Science|Data Analytics|Data Science|Education|Engineering|English|Environmental Science|Exercise Science|Finance|History|Human Services|Information Systems|Kinesiology|Marketing|Music|Neuroscience|Nursing|Philosophy|Physical Therapy|Physics|Political Science|Pre-Law|Pre-Nursing|Pre-Physical Therapy|Pre-Veterinary Medicine|Public Health|Sociology|Statistics,Human Resources,Biology|Economics|Management|Mathematics|Accounting|Actuarial Science|Art|Art History|Biochemistry|Business|Chemistry|Computer Science|Data Analytics|Data Science|Education|Engineering|English|Environmental Science|Exercise Science|Finance|History|Human Services|Information Systems|Kinesiology|Marketing|Music|Neuroscience|Nursing|Philosophy|Physical Therapy|Physics|Political Science|Pre-Law|Pre-Nursing|Pre-Physical Therapy|Pre-Veterinary Medicine|Public Health|Sociology|Statistics,40,39,https://www.albion.edu/programs,WRITTEN
albright-college,Albright College,Accounting|Art|Biochemistry|Biology|Business|Chemistry|Communications|Computer Science|Cybersecurity|Economics|Education|English|Finance|History|Management|Mathematics|Music|Political Science|Pre-Dentistry|Pre-Law|Psychology|Public Health|Sociology,Criminal Justice|Digital Media|Human Resources|Media Studies|Performing Arts|Visual Arts,,Accounting|Art|Biochemistry|Biology|Business|Chemistry|Communications|Computer Science|Cybersecurity|Economics|Education|English|Finance|History|Management|Mathematics|Music|Political Science|Pre-Dentistry|Pre-Law|Psychology|Public Health|Sociology|Criminal Justice|Digital Media|Human Resources|Media Studies|Performing Arts|Visual Arts,29,29,https://www.albright.edu/academics,WRITTEN
alcorn-state-university,Alcorn State University,Agriculture|Business|Education|Nursing|Psychology,Art|Communications|History,Accounting|Computer Science|Mathematics|Social Work,Agriculture|Business|Education|Nursing|Psychology|Art|Communications|History,12,8,https://www.alcorn.edu/academics,WRITTEN
alfred-state-college,Alfred State College,Education,Architecture|Art|Engineering|Management,,Education|Architecture|Art|Engineering|Management,5,5,https://www.alfredstate.edu/academics,WRITTEN
alfred-university,Alfred University,Business,Education|Engineering,Performing Arts,Business|Education|Engineering,4,3,https://www.alfred.edu/academics,WRITTEN
allegheny-college,Allegheny College,,Business|Education|Political Science,,Business|Education|Political Science,3,3,https://www.allegheny.edu/academics,WRITTEN
alma-college,Alma College,,Business|Education|English|Health Sciences|History|Music|Performing Arts,Psychology,Business|Education|English|Health Sciences|History|Music|Performing Arts,8,7,https://www.alma.edu/academics,WRITTEN
alvernia-university,Alvernia University,Education,Business,,Education|Business,2,2,https://www.alvernia.edu/academics,WRITTEN
alverno-college,Alverno College,Art|Education|Music|Psychology,Biology|Business|Nursing|Public Health,Art History|Biomedical Sciences|Chemistry|Kinesiology|Social Work,Art|Education|Music|Psychology|Biology|Business|Nursing|Public Health,13,8,https://www.alverno.edu/majors,WRITTEN
amherst-college,Amherst College,,Art|Computer Science|Education|History|Literature|Mathematics|Philosophy|Physics|Religion,Chemistry|Political Science,Art|Computer Science|Education|History|Literature|Mathematics|Philosophy|Physics|Religion,11,9,https://www.amherst.edu,WRITTEN
anderson-university-sc,Anderson University,Business|Cybersecurity|Economics|Education,Art|Biology|Engineering|Graphic Design|Kinesiology|Management|Philosophy|Political Science|Religion,Accounting|Criminal Justice|Mathematics,Business|Cybersecurity|Economics|Education|Art|Biology|Engineering|Graphic Design|Kinesiology|Management|Philosophy|Political Science|Religion,16,13,https://andersonuniversity.edu/academics,WRITTEN
anderson-university-indiana,Anderson University (Indiana),Business|Cybersecurity|Engineering|Music|Nursing,Business Analytics|Education|Finance|Management|Psychology,Criminal Justice|Exercise Science|Performing Arts|Pre-Med|Sports Management,Business|Cybersecurity|Engineering|Music|Nursing|Business Analytics|Education|Finance|Management|Psychology,15,10,https://www.anderson.edu/academics,WRITTEN
anna-maria-college,Anna Maria College,Education|Music|Nursing,Art|Business|Criminal Justice|Management|Psychology|Public Administration|Social Work,Communications|Emergency Management|Forensic Science|Graphic Design|Health Administration|Human Services|Philosophy|Sports Management,Education|Music|Nursing|Art|Business|Criminal Justice|Management|Psychology|Public Administration|Social Work,18,10,https://www.annamaria.edu,WRITTEN
appalachian-state-university,Appalachian State University,Business|Education|Music,Art|Health Sciences|Management|Psychology,Exercise Science|Nursing|Nutrition|Public Health|Social Work,Business|Education|Music|Art|Health Sciences|Management|Psychology,12,7,https://www.appstate.edu/academics,WRITTEN
arcadia-university,Arcadia University,Art|Biology|Business|Education|English|Health Sciences|History|International Relations|Marketing|Mathematics|Physical Therapy|Pre-Physical Therapy|Public Health|Statistics,Accounting|Actuarial Science|Art History|Biochemistry|Chemistry|Computer Science|Criminal Justice|Cybersecurity|Data Analytics|Data Science|Economics|Engineering|Entrepreneurship|Finance|Forensic Science|International Business|Management|Music|Neuroscience|Nursing|Occupational Therapy|Philosophy|Physics|Political Science|Pre-Nursing|Psychology|Sociology|Sport Management|Theater,,Art|Biology|Business|Education|English|Health Sciences|History|International Relations|Marketing|Mathematics|Physical Therapy|Pre-Physical Therapy|Public Health|Statistics|Accounting|Actuarial Science|Art History|Biochemistry|Chemistry|Computer Science|Criminal Justice|Cybersecurity|Data Analytics|Data Science|Economics|Engineering|Entrepreneurship|Finance|Forensic Science|International Business|Management|Music|Neuroscience|Nursing|Occupational Therapy|Philosophy|Physics|Political Science|Pre-Nursing|Psychology|Sociology|Sport Management|Theater,43,43,https://www.arcadia.edu/academics,WRITTEN
arizona,Arizona,Education,Health Sciences|History|Management,,Education|Health Sciences|History|Management,4,4,https://www.arizona.edu,WRITTEN
arizona-state-university,Arizona State University,Education,Architecture|Business,Engineering|Entrepreneurship|Mathematics,Education|Architecture|Business,6,3,https://www.asu.edu/majors,WRITTEN
arkansas-state-university,Arkansas State University,Education|Nursing,Agriculture|Business|Political Science,Computer Science|Engineering|Mathematics,Education|Nursing|Agriculture|Business|Political Science,8,5,https://www.astate.edu/academics,WRITTEN
army-west-point,Army West Point,Education,Engineering|History,,Education|Engineering|History,3,3,https://www.westpoint.edu/academics,WRITTEN
asbury-university,Asbury University,Accounting|Art|Art History|Biology|Business|Chemistry|Computer Science|Economics|Education|English|Exercise Science|Finance|Graphic Design|History|Journalism|Literature|Management|Marketing|Mathematics|Music|Nursing|Philosophy|Physics|Political Science|Psychology|Public Relations|Social Work,Athletic Training|Biochemistry|Digital Media|Engineering|Entrepreneurship|Kinesiology|Nutrition|Pre-Law|Pre-Pharmacy|Religion|Sociology|Sport Management|Theater|Visual Arts,,Accounting|Art|Art History|Biology|Business|Chemistry|Computer Science|Economics|Education|English|Exercise Science|Finance|Graphic Design|History|Journalism|Literature|Management|Marketing|Mathematics|Music|Nursing|Philosophy|Physics|Political Science|Psychology|Public Relations|Social Work|Athletic Training|Biochemistry|Digital Media|Engineering|Entrepreneurship|Kinesiology|Nutrition|Pre-Law|Pre-Pharmacy|Religion|Sociology|Sport Management|Theater|Visual Arts,41,41,https://www.asbury.edu/academics,WRITTEN
auburn-university,Auburn University,Agriculture|Architecture|Biology|Business|Chemistry|Computer Science|Education|Engineering|History|Management|Marketing|Mathematics|Physical Therapy|Physics|Pre-Pharmacy|Pre-Physical Therapy|Pre-Veterinary Medicine,Actuarial Science|Art|Art History|Biochemistry|Biomedical Sciences|Biotechnology|Business Analytics|Civil Engineering|Communications|Computer Engineering|Economics|Electrical Engineering|English|Environmental Science|Exercise Science|Finance|Graphic Design|Health Sciences|Hospitality|Hospitality Management|Information Systems|Journalism|Language Arts|Literature|Marine Biology|Mechanical Engineering|Media Studies|Music|Neuroscience|Nursing|Nutrition|Philosophy|Political Science|Psychology|Public Administration|Public Relations|Social Work|Sociology|Software Engineering,Information Technology|Theater,Agriculture|Architecture|Biology|Business|Chemistry|Computer Science|Education|Engineering|History|Management|Marketing|Mathematics|Physical Therapy|Physics|Pre-Pharmacy|Pre-Physical Therapy|Pre-Veterinary Medicine|Actuarial Science|Art|Art History|Biochemistry|Biomedical Sciences|Biotechnology|Business Analytics|Civil Engineering|Communications|Computer Engineering|Economics|Electrical Engineering|English|Environmental Science|Exercise Science|Finance|Graphic Design|Health Sciences|Hospitality|Hospitality Management|Information Systems|Journalism|Language Arts|Literature|Marine Biology|Mechanical Engineering|Media Studies|Music|Neuroscience|Nursing|Nutrition|Philosophy|Political Science|Psychology|Public Administration|Public Relations|Social Work|Sociology|Software Engineering,58,56,https://www.auburn.edu/majors,WRITTEN
augsburg-university,Augsburg University,Education,Business|Music|Nursing|Psychology|Social Work,Political Science,Education|Business|Music|Nursing|Psychology|Social Work,7,6,https://www.augsburg.edu/academics,WRITTEN
augustana-college-illinois,Augustana College (Illinois),Education,Art|Music,,Education|Art|Music,3,3,https://www.augustana.edu/academics,WRITTEN
aurora-university,Aurora University,,Art|Athletic Training|Biology|Business|Education|Exercise Science|Finance|History|Neuroscience|Social Work|Sociology,Computer Science|Criminal Justice|Environmental Science|Nursing|Psychology,Art|Athletic Training|Biology|Business|Education|Exercise Science|Finance|History|Neuroscience|Social Work|Sociology,16,11,https://www.aurora.edu,WRITTEN
austin-college,Austin College,Art|Biology|Education|Finance|History,Accounting|Art History|Biochemistry|Business|Chemistry|Computer Science|Data Science|Economics|Engineering|English|Environmental Science|Health Sciences|International Relations|Kinesiology|Mathematics|Media Studies|Music|Neuroscience|Philosophy|Physics|Political Science|Psychology|Public Health|Sociology,Human Resources,Art|Biology|Education|Finance|History|Accounting|Art History|Biochemistry|Business|Chemistry|Computer Science|Data Science|Economics|Engineering|English|Environmental Science|Health Sciences|International Relations|Kinesiology|Mathematics|Media Studies|Music|Neuroscience|Philosophy|Physics|Political Science|Psychology|Public Health|Sociology,30,29,https://www.austincollege.edu/academics,WRITTEN
austin-peay-state-university,Austin Peay State University,Business|Education,Engineering|History|Marketing|Mathematics,Emergency Management|Health Sciences,Business|Education|Engineering|History|Marketing|Mathematics,8,6,https://www.apsu.edu/academics,WRITTEN
averett-university,Averett University,Education,Communications|Information Technology|Nursing,Human Resources,Education|Communications|Information Technology|Nursing,5,4,https://www.averett.edu,WRITTEN
byu,BYU,Nursing,Religion,Engineering,Nursing|Religion,3,2,https://www.byu.edu,WRITTEN
baldwin-wallace-university,Baldwin Wallace University,Engineering,Business|Education|Health Sciences|Mathematics|Performing Arts,,Engineering|Business|Education|Health Sciences|Mathematics|Performing Arts,6,6,https://www.bw.edu/academics,WRITTEN
ball-state-university,Ball State University,,,,,0,0,,NO_WRITABLE_MATCHES
bard-college,Bard College,Education|History|Literature|Mathematics,Architecture|Art|Art History|Biochemistry|Biology|Chemistry|Economics|International Relations|Music|Philosophy|Physics|Sociology,Communications|Psychology|Theater,Education|History|Literature|Mathematics|Architecture|Art|Art History|Biochemistry|Biology|Chemistry|Economics|International Relations|Music|Philosophy|Physics|Sociology,19,16,https://www.bard.edu/academics,WRITTEN
barton-college,Barton College,Business|Education|Health Sciences,,,Business|Education|Health Sciences,3,3,https://www.barton.edu/academics,WRITTEN
bates-college,Bates College,Art|Chemistry|Education|History|Theater,Engineering|English|Mathematics|Music|Neuroscience|Philosophy|Physics,Biochemistry|Biology|Communications|Economics|Literature|Media Studies|Psychology|Public Health|Sociology,Art|Chemistry|Education|History|Theater|Engineering|English|Mathematics|Music|Neuroscience|Philosophy|Physics,21,12,https://www.bates.edu/academics,WRITTEN
baylor-university,Baylor University,Education|Social Work,Business|Computer Science|Engineering|Finance|Music|Nursing,Communications|Human Resources,Education|Social Work|Business|Computer Science|Engineering|Finance|Music|Nursing,10,8,https://www.baylor.edu/academics,WRITTEN
belhaven-university,Belhaven University,Art|Business|Education|Human Services|Nursing,Music|Social Work,,Art|Business|Education|Human Services|Nursing|Music|Social Work,7,7,https://www.belhaven.edu/academics,WRITTEN
bellarmine-university,Bellarmine University,Education,Management,,Education|Management,2,2,https://www.bellarmine.edu/academics,WRITTEN
belmont-abbey-college,Belmont Abbey College,Business|Data Analytics|Education|History|Management|Marketing|Nursing|Performing Arts,Accounting|Art|Biochemistry|Biology|Chemistry|Computer Science|Criminal Justice|Economics|English|Finance|Hospitality|Hospitality Management|Human Services|Information Systems|International Business|Mathematics|Philosophy|Psychology|Sport Management,Actuarial Science|Art History|Cybersecurity|Entrepreneurship|Environmental Science|Physics|Pre-Law|Pre-Med|Pre-Vet,Business|Data Analytics|Education|History|Management|Marketing|Nursing|Performing Arts|Accounting|Art|Biochemistry|Biology|Chemistry|Computer Science|Criminal Justice|Economics|English|Finance|Hospitality|Hospitality Management|Human Services|Information Systems|International Business|Mathematics|Philosophy|Psychology|Sport Management,36,27,https://belmontabbeycollege.edu/academics,WRITTEN
belmont-university,Belmont University,Architecture|Business|Education|Music,Art|Chemistry|Economics|Entrepreneurship|Finance|Health Sciences|History|Mathematics|Nursing|Performing Arts|Physics|Pre-Med|Psychology|Public Relations|Social Work,,Architecture|Business|Education|Music|Art|Chemistry|Economics|Entrepreneurship|Finance|Health Sciences|History|Mathematics|Nursing|Performing Arts|Physics|Pre-Med|Psychology|Public Relations|Social Work,19,19,https://www.belmont.edu,WRITTEN
beloit-college,Beloit College,Business|Education,Art|Biology|Economics|Entrepreneurship|Music,Health Sciences,Business|Education|Art|Biology|Economics|Entrepreneurship|Music,8,7,https://www.beloit.edu/academics,WRITTEN
benedictine-university-illinois,Benedictine University (Illinois),Business|Education,Art|Human Resources,,Business|Education|Art|Human Resources,4,4,https://www.ben.edu/academics,WRITTEN
berea-college,Berea College,Art|Education,Agriculture|Art History|Computer Science|History|Physics,Engineering,Art|Education|Agriculture|Art History|Computer Science|History|Physics,8,7,https://www.berea.edu/academics,WRITTEN
berry-college,Berry College,Art|Business|Education|Entrepreneurship|History,Accounting|Animal Science|Art History|Biology|Chemistry|Computer Science|Data Analytics|Data Science|Economics|Engineering|English|Environmental Science|Exercise Science|Finance|International Business|Management|Marketing|Mathematics|Music|Nursing|Philosophy|Physical Therapy|Physics|Political Science|Pre-Dentistry|Pre-Law|Pre-Pharmacy|Pre-Physical Therapy|Psychology|Public Relations|Religion|Sociology,,Art|Business|Education|Entrepreneurship|History|Accounting|Animal Science|Art History|Biology|Chemistry|Computer Science|Data Analytics|Data Science|Economics|Engineering|English|Environmental Science|Exercise Science|Finance|International Business|Management|Marketing|Mathematics|Music|Nursing|Philosophy|Physical Therapy|Physics|Political Science|Pre-Dentistry|Pre-Law|Pre-Pharmacy|Pre-Physical Therapy|Psychology|Public Relations|Religion|Sociology,37,37,https://www.berry.edu/majors,WRITTEN
bethany-college-west-virginia,Bethany College (West Virginia),,Accounting|Art|Biology|Business|Chemistry|Exercise Science|History|Management|Marketing|Nursing,Communications|Computer Science|Criminal Justice|Cybersecurity|Economics|Mathematics|Philosophy|Physics|Political Science|Pre-Law|Pre-Med|Pre-Veterinary Medicine|Psychology|Social Work,Accounting|Art|Biology|Business|Chemistry|Exercise Science|History|Management|Marketing|Nursing,24,10,https://www.bethanywv.edu/academics,WRITTEN
bethany-lutheran-college,Bethany Lutheran College,,,,,0,0,,NO_WRITABLE_MATCHES
bethel-university-minnesota,Bethel University (Minnesota),Art|Business|Education,Biology|Engineering|English|Health Sciences,Forensic Science|Visual Arts,Art|Business|Education|Biology|Engineering|English|Health Sciences,9,7,https://www.bethel.edu,WRITTEN
bethune-cookman-university,Bethune-Cookman University,,Business|Criminal Justice|Education|Engineering|Entrepreneurship|Health Sciences|Hospitality|Mathematics|Nursing,Communications,Business|Criminal Justice|Education|Engineering|Entrepreneurship|Health Sciences|Hospitality|Mathematics|Nursing,10,9,https://www.cookman.edu/academics,WRITTEN
blackburn-college,Blackburn College,Education,History|Management|Psychology,,Education|History|Management|Psychology,4,4,https://www.blackburn.edu,WRITTEN
bluffton-university,Bluffton University,Art|Business|Education|Engineering|History|Management|Nutrition|Social Work,Accounting|Biology|Chemistry|Computer Science|Criminal Justice|Electrical Engineering|English|Environmental Science|Exercise Science|Graphic Design|Human Resources|Information Systems|Information Technology|International Business|Journalism|Language Arts|Marketing|Mathematics|Media Studies|Nursing|Physical Therapy|Physics|Political Science|Pre-Law|Pre-Physical Therapy|Psychology|Public Relations|Religion|Sociology|Sport Management,Health Sciences|International Relations,Art|Business|Education|Engineering|History|Management|Nutrition|Social Work|Accounting|Biology|Chemistry|Computer Science|Criminal Justice|Electrical Engineering|English|Environmental Science|Exercise Science|Graphic Design|Human Resources|Information Systems|Information Technology|International Business|Journalism|Language Arts|Marketing|Mathematics|Media Studies|Nursing|Physical Therapy|Physics|Political Science|Pre-Law|Pre-Physical Therapy|Psychology|Public Relations|Religion|Sociology|Sport Management,40,38,https://www.bluffton.edu/majors,WRITTEN
boise-state-university,Boise State University,Economics,Education|Mathematics,,Economics|Education|Mathematics,3,3,https://www.boisestate.edu/academics,WRITTEN
boston-college,Boston College,Education,Management|Nursing|Social Work|Theater,Communications|Public Health,Education|Management|Nursing|Social Work|Theater,7,5,https://www.bc.edu/academics,WRITTEN
bowling-green-state-university,Bowling Green State University,Accounting|Architecture|Art|Art History|Biochemistry|Biology|Business|Chemistry|Communications|Computer Science|Construction Management|Criminal Justice|Data Science|Economics|Education|Engineering|English|Finance|Forensic Science|Graphic Design|History|Hospitality|Human Services|Journalism|Language Arts|Literature|Management|Marine Biology|Marketing|Mathematics|Music|Nursing|Nutrition|Occupational Therapy|Performing Arts|Philosophy|Physical Therapy|Physics|Political Science|Pre-Law|Pre-Veterinary Medicine|Psychology|Public Administration|Public Relations|Social Work|Sociology|Software Engineering|Statistics|Theater,Actuarial Science|Athletic Training|Business Analytics|Computer Engineering|Cybersecurity|Entrepreneurship|Environmental Science|Exercise Science|Hospitality Management|Human Resources|Industrial Engineering|Information Systems|International Business|Kinesiology|Media Studies|Neuroscience|Pre-Dentistry|Pre-Med|Pre-Pharmacy|Pre-Physical Therapy|Pre-Vet|Public Health|Sport Management,Exercise Physiology|Film Studies|Speech Pathology|Web Development,Accounting|Architecture|Art|Art History|Biochemistry|Biology|Business|Chemistry|Communications|Computer Science|Construction Management|Criminal Justice|Data Science|Economics|Education|Engineering|English|Finance|Forensic Science|Graphic Design|History|Hospitality|Human Services|Journalism|Language Arts|Literature|Management|Marine Biology|Marketing|Mathematics|Music|Nursing|Nutrition|Occupational Therapy|Performing Arts|Philosophy|Physical Therapy|Physics|Political Science|Pre-Law|Pre-Veterinary Medicine|Psychology|Public Administration|Public Relations|Social Work|Sociology|Software Engineering|Statistics|Theater|Actuarial Science|Athletic Training|Business Analytics|Computer Engineering|Cybersecurity|Entrepreneurship|Environmental Science|Exercise Science|Hospitality Management|Human Resources|Industrial Engineering|Information Systems|International Business|Kinesiology|Media Studies|Neuroscience|Pre-Dentistry|Pre-Med|Pre-Pharmacy|Pre-Physical Therapy|Pre-Vet|Public Health|Sport Management,76,72,https://www.bgsu.edu/academics,WRITTEN
bradley-university,Bradley University,Education,Engineering|Health Sciences,Accounting|Communications|Entrepreneurship,Education|Engineering|Health Sciences,6,3,https://www.bradley.edu/academics,WRITTEN
brandeis-university,Brandeis University,Education,Art|Business|Economics|Sociology,,Education|Art|Business|Economics|Sociology,5,5,https://www.brandeis.edu/academics,WRITTEN
brevard-college,Brevard College,Business|Education|Management,Art|Biology|Chemistry|Music|Physics|Psychology,Business Analytics|Computer Science|Criminal Justice|Engineering|Exercise Science|Mathematics|Performing Arts|Sports Management,Business|Education|Management|Art|Biology|Chemistry|Music|Physics|Psychology,17,9,https://www.brevard.edu/academics,WRITTEN
bridgewater-college-virginia,Bridgewater College (Virginia),Digital Media,Art|Athletic Training|Business|Education|Management,Biochemistry|Biology|Chemistry|Computer Science|Economics|Engineering|Environmental Science|Human Resources|Mathematics|Philosophy|Physics|Political Science|Psychology|Sociology,Digital Media|Art|Athletic Training|Business|Education|Management,20,6,https://www.bridgewater.edu/academics,WRITTEN
bridgewater-state-university,Bridgewater State University,Education,Cybersecurity|Engineering|Human Resources|Social Work,Criminal Justice|Physics|Statistics,Education|Cybersecurity|Engineering|Human Resources|Social Work,8,5,https://www.bridgew.edu/academics,WRITTEN
brown-university,Brown University,Education,Engineering|Public Health,,Education|Engineering|Public Health,3,3,https://www.brown.edu/academics,WRITTEN
bryan-college,Bryan College,History|Performing Arts,Biology|Business|Criminal Justice|Education|Engineering|English|Marketing|Mathematics|Nursing|Psychology,,History|Performing Arts|Biology|Business|Criminal Justice|Education|Engineering|English|Marketing|Mathematics|Nursing|Psychology,12,12,https://www.bryan.edu/academics,WRITTEN
bucknell-university,Bucknell University,Engineering|History|Management,Information Technology,,Engineering|History|Management|Information Technology,4,4,https://www.bucknell.edu/academics,WRITTEN
buena-vista-university,Buena Vista University,Accounting|Agriculture|Art|Biology|Biomedical Sciences|Business|Computer Science|Digital Media|Education|Engineering|English|Exercise Science|Graphic Design|Health Sciences|History|Human Services|Kinesiology|Language Arts|Management|Marketing|Mathematics|Music|Nursing|Physics|Political Science|Pre-Law|Psychology|Social Work,Animal Science|Athletic Training|Criminal Justice|Finance|Forensic Science|Game Design|Human Resources|Information Technology|Occupational Therapy|Physical Therapy|Public Relations|Visual Arts,Communications|Literature|Pre-Dentistry|Pre-Pharmacy|Pre-Physical Therapy|Pre-Veterinary Medicine|Public Health,Accounting|Agriculture|Art|Biology|Biomedical Sciences|Business|Computer Science|Digital Media|Education|Engineering|English|Exercise Science|Graphic Design|Health Sciences|History|Human Services|Kinesiology|Language Arts|Management|Marketing|Mathematics|Music|Nursing|Physics|Political Science|Pre-Law|Psychology|Social Work|Animal Science|Athletic Training|Criminal Justice|Finance|Forensic Science|Game Design|Human Resources|Information Technology|Occupational Therapy|Physical Therapy|Public Relations|Visual Arts,47,40,https://www.bvu.edu/programs,WRITTEN
buffalo-state-state-university-of-new-york,"Buffalo State, State University of New York",Art|Education,Business|English,Biology|Chemistry|Criminal Justice|Economics|Engineering|Hospitality|Information Systems|Information Technology|Mathematics|Nutrition|Performing Arts|Philosophy|Physics|Psychology|Public Administration|Social Work|Sociology|Theater,Art|Education|Business|English,22,4,https://www.buffalostate.edu/academics,WRITTEN
butler-university,Butler University,,Accounting|Actuarial Science|Art|Business|History,Art History|Biochemistry|Biology|Chemistry|Computer Science|Economics|Engineering|Entrepreneurship|Finance|International Business|Mathematics|Media Studies|Philosophy|Physics|Political Science|Public Relations|Sociology|Software Engineering|Statistics,Accounting|Actuarial Science|Art|Business|History,24,5,https://www.butler.edu/academics/majors,WRITTEN
cairn-university,Cairn University,Accounting|Art|Business|Criminal Justice|Education|English|History|Management|Marketing|Mathematics|Music|Psychology|Religion,Biology|Computer Science|Cybersecurity|Data Analytics|Digital Media|Finance|Graphic Design|Information Systems|Sport Management,Business Analytics|Exercise Science|Philosophy|Physical Therapy|Pre-Med|Pre-Physical Therapy,Accounting|Art|Business|Criminal Justice|Education|English|History|Management|Marketing|Mathematics|Music|Psychology|Religion|Biology|Computer Science|Cybersecurity|Data Analytics|Digital Media|Finance|Graphic Design|Information Systems|Sport Management,28,22,https://www.cairn.edu/academics,WRITTEN
california-baptist-university,California Baptist University,Business|Education,Biotechnology|Business Analytics|Engineering|Performing Arts|Theater,Architecture|Exercise Physiology|Nursing|Visual Arts,Business|Education|Biotechnology|Business Analytics|Engineering|Performing Arts|Theater,11,7,https://calbaptist.edu/academics,WRITTEN
california-institute-of-technology,California Institute of Technology,Education|Engineering,Biology|Business|Chemistry|History|Mathematics|Physics|Visual Arts,Philosophy,Education|Engineering|Biology|Business|Chemistry|History|Mathematics|Physics|Visual Arts,10,9,https://www.caltech.edu/academics,WRITTEN
california-lutheran-university,California Lutheran University,Business|Education|Mathematics,Accounting|Art|Biochemistry|Biology|Chemistry|Computer Science|Criminal Justice|Data Science|Digital Media|Economics|Engineering|English|Entrepreneurship|History|Information Systems|Journalism|Management|Marketing|Music|Performing Arts|Philosophy|Physics|Political Science|Pre-Law|Pre-Med|Psychology|Public Relations|Religion|Sociology|Sports Management,Environmental Science|Exercise Science|Film Studies|Finance|Graphic Design|Public Health,Business|Education|Mathematics|Accounting|Art|Biochemistry|Biology|Chemistry|Computer Science|Criminal Justice|Data Science|Digital Media|Economics|Engineering|English|Entrepreneurship|History|Information Systems|Journalism|Management|Marketing|Music|Performing Arts|Philosophy|Physics|Political Science|Pre-Law|Pre-Med|Psychology|Public Relations|Religion|Sociology|Sports Management,39,33,https://www.callutheran.edu/majors,WRITTEN
california-state-university-fresno,California State University Fresno,,,,,0,0,,NO_WRITABLE_MATCHES
calvin-university,Calvin University,Business|Education,History,,Business|Education|History,3,3,https://www.calvin.edu/academics,WRITTEN
campbell-university,Campbell University,Education,Business,Communications|Engineering|Finance|Human Resources|Information Technology,Education|Business,7,2,https://www.campbell.edu,WRITTEN
canisius-university,Canisius University,Accounting|Art|Biology|Business|Business Analytics|Computer Science|Cybersecurity|Data Analytics|Economics|Education|Engineering|English|Exercise Science|Finance|History|Management|Marketing|Mathematics|Music|Psychology|Sociology|Sport Management,Art History|Biochemistry|Chemistry|Criminal Justice|Data Science|Digital Media|Environmental Science|International Relations|Journalism|Neuroscience|Nursing|Philosophy|Political Science|Pre-Law|Social Work,Agriculture|Architecture|Communications|Literature|Statistics,Accounting|Art|Biology|Business|Business Analytics|Computer Science|Cybersecurity|Data Analytics|Economics|Education|Engineering|English|Exercise Science|Finance|History|Management|Marketing|Mathematics|Music|Psychology|Sociology|Sport Management|Art History|Biochemistry|Chemistry|Criminal Justice|Data Science|Digital Media|Environmental Science|International Relations|Journalism|Neuroscience|Nursing|Philosophy|Political Science|Pre-Law|Social Work,42,37,https://www.canisius.edu/programs,WRITTEN
capital-university,Capital University,Art|Education,Athletic Training|Biochemistry|Business|Chemistry|Computer Science|Economics|English|Environmental Science|History|Mathematics|Music|Nursing|Philosophy|Physics|Political Science|Pre-Law|Pre-Med|Psychology|Public Relations|Religion|Social Work|Sociology,Occupational Therapy|Physical Therapy,Art|Education|Athletic Training|Biochemistry|Business|Chemistry|Computer Science|Economics|English|Environmental Science|History|Mathematics|Music|Nursing|Philosophy|Physics|Political Science|Pre-Law|Pre-Med|Psychology|Public Relations|Religion|Social Work|Sociology,26,24,https://www.capital.edu/academics,WRITTEN
carleton-college,Carleton College,,Art|Art History|Education|History|Music|Statistics,Biochemistry|Biology|Chemistry|Computer Science|Data Science|Economics|Engineering|International Relations|Mathematics|Media Studies|Neuroscience|Philosophy|Physics|Political Science|Pre-Law|Pre-Med|Psychology|Sociology|Theater,Art|Art History|Education|History|Music|Statistics,25,6,https://www.carleton.edu/academics,WRITTEN
carlow-university,Carlow University,Accounting|Art|Biology|Business|Criminal Justice|Data Analytics|Education|English|Health Sciences|History|Management|Neuroscience|Nursing|Occupational Therapy|Psychology|Social Work,Art History|Business Analytics|Chemistry|Communications|Computer Science|Cybersecurity|Digital Media|Economics|Environmental Science|Exercise Science|Information Technology|Marketing|Mathematics|Philosophy|Physical Therapy|Pre-Law|Pre-Physical Therapy|Respiratory Therapy|Sports Management,Graphic Design|Human Resources,Accounting|Art|Biology|Business|Criminal Justice|Data Analytics|Education|English|Health Sciences|History|Management|Neuroscience|Nursing|Occupational Therapy|Psychology|Social Work|Art History|Business Analytics|Chemistry|Communications|Computer Science|Cybersecurity|Digital Media|Economics|Environmental Science|Exercise Science|Information Technology|Marketing|Mathematics|Philosophy|Physical Therapy|Pre-Law|Pre-Physical Therapy|Respiratory Therapy|Sports Management,37,35,https://www.carlow.edu/academics,WRITTEN
carroll-university-wisconsin,Carroll University (Wisconsin),Business|Education|Health Sciences|Nursing,Biology|Engineering|Exercise Science|Human Services|Physical Therapy|Psychology,,Business|Education|Health Sciences|Nursing|Biology|Engineering|Exercise Science|Human Services|Physical Therapy|Psychology,10,10,https://www.carrollu.edu/academics,WRITTEN
carson-newman-university,Carson-Newman University,Business|Education|Nursing,Information Technology|Marketing,Communications,Business|Education|Nursing|Information Technology|Marketing,6,5,https://www.cn.edu/academics/programs,WRITTEN
carthage-college,Carthage College,,Athletic Training|Business|Education|Engineering|Management|Music|Nursing|Sports Management,,Athletic Training|Business|Education|Engineering|Management|Music|Nursing|Sports Management,8,8,https://www.carthage.edu/academics,WRITTEN
case-western-reserve-university,Case Western Reserve University,Education|Engineering|Management|Nursing|Social Work,Music|Psychology,Biomedical Engineering|Computer Science|Mathematics,Education|Engineering|Management|Nursing|Social Work|Music|Psychology,10,7,https://www.case.edu/academics,WRITTEN
catawba-college,Catawba College,,Business|Exercise Science|Pre-Med,,Business|Exercise Science|Pre-Med,3,3,https://www.catawba.edu/academics,WRITTEN
catholic-university,Catholic University,,Architecture|Business|Engineering|Nursing|Philosophy|Social Work|Visual Arts,,Architecture|Business|Engineering|Nursing|Philosophy|Social Work|Visual Arts,7,7,https://www.catholic.edu/academics,WRITTEN
centenary-college-louisiana,Centenary College (Louisiana),Art|Business|History|Management|Music,Accounting|Art History|Biochemistry|Biology|Chemistry|Education|Health Sciences|Kinesiology|Mathematics|Neuroscience|Nursing|Public Health,Computer Science|Economics|Engineering|Philosophy|Physics|Political Science|Pre-Dentistry|Pre-Law|Pre-Nursing|Pre-Pharmacy|Pre-Veterinary Medicine|Psychology|Sociology|Sport Management,Art|Business|History|Management|Music|Accounting|Art History|Biochemistry|Biology|Chemistry|Education|Health Sciences|Kinesiology|Mathematics|Neuroscience|Nursing|Public Health,31,17,https://www.centenary.edu/majors,WRITTEN
centenary-university-new-jersey,Centenary University (New Jersey),Business|Education,Entrepreneurship|Human Resources|Statistics,Communications|Finance,Business|Education|Entrepreneurship|Human Resources|Statistics,7,5,https://www.centenaryuniversity.edu/degrees,WRITTEN
central-college-iowa,Central College (Iowa),Athletic Training|Business|Data Science|Education|Management,Accounting|Actuarial Science|Art|Biochemistry|Biology|Business Analytics|Chemistry|Communications|Computer Science|Criminal Justice|Economics|Engineering|English|Entrepreneurship|Environmental Science|Exercise Science|Finance|History|Information Systems|International Business|Marketing|Music|Nursing|Occupational Therapy|Philosophy|Physics|Political Science|Psychology|Public Health|Strength & Conditioning,Kinesiology|Mathematics|Physical Therapy|Sociology|Sports Management,Athletic Training|Business|Data Science|Education|Management|Accounting|Actuarial Science|Art|Biochemistry|Biology|Business Analytics|Chemistry|Communications|Computer Science|Criminal Justice|Economics|Engineering|English|Entrepreneurship|Environmental Science|Exercise Science|Finance|History|Information Systems|International Business|Marketing|Music|Nursing|Occupational Therapy|Philosophy|Physics|Political Science|Psychology|Public Health|Strength & Conditioning,40,35,https://www.central.edu/academics,WRITTEN
central-connecticut-state-university,Central Connecticut State University,Accounting|Art|Biochemistry|Biology|Business|Chemistry|Computer Science|Construction Management|Criminal Justice|Cybersecurity|Data Science|Economics|Education|Engineering|English|Exercise Science|Finance|History|Information Systems|Information Technology|Journalism|Language Arts|Management|Marketing|Mathematics|Media Studies|Music|Nursing|Philosophy|Physics|Political Science|Social Work|Sociology|Software Engineering|Statistics,Actuarial Science|Art History|Athletic Training|Business Analytics|Civil Engineering|Computer Engineering|Electrical Engineering|Entrepreneurship|Hospitality|Mechanical Engineering|Psychology|Public Relations|Supply Chain & Logistics,,Accounting|Art|Biochemistry|Biology|Business|Chemistry|Computer Science|Construction Management|Criminal Justice|Cybersecurity|Data Science|Economics|Education|Engineering|English|Exercise Science|Finance|History|Information Systems|Information Technology|Journalism|Language Arts|Management|Marketing|Mathematics|Media Studies|Music|Nursing|Philosophy|Physics|Political Science|Social Work|Sociology|Software Engineering|Statistics|Actuarial Science|Art History|Athletic Training|Business Analytics|Civil Engineering|Computer Engineering|Electrical Engineering|Entrepreneurship|Hospitality|Mechanical Engineering|Psychology|Public Relations|Supply Chain & Logistics,48,48,https://www.ccsu.edu/programs,WRITTEN
central-michigan-university,Central Michigan University,,Education|Engineering|Public Relations,Emergency Management|Human Resources|Political Science,Education|Engineering|Public Relations,6,3,https://www.cmich.edu,WRITTEN
centre-college,Centre College,Art|Biology|Engineering|History|Physics|Sociology,Art History|Biochemistry|Business|Chemistry|Computer Science|Data Science|Economics|Education|English|Film Studies|Finance|Marketing|Mathematics|Music|Neuroscience|Nursing|Philosophy|Physical Therapy|Pre-Dentistry|Pre-Law|Pre-Med|Pre-Nursing|Pre-Pharmacy|Pre-Physical Therapy|Psychology|Religion|Social Work|Statistics,,Art|Biology|Engineering|History|Physics|Sociology|Art History|Biochemistry|Business|Chemistry|Computer Science|Data Science|Economics|Education|English|Film Studies|Finance|Marketing|Mathematics|Music|Neuroscience|Nursing|Philosophy|Physical Therapy|Pre-Dentistry|Pre-Law|Pre-Med|Pre-Nursing|Pre-Pharmacy|Pre-Physical Therapy|Psychology|Religion|Social Work|Statistics,34,34,https://www.centre.edu/majors,WRITTEN
chapman-university,Chapman University,Art|Business|Economics|Education|Engineering|History,Accounting|Computer Engineering|Computer Science|Electrical Engineering|English|Media Studies|Music|Performing Arts|Psychology,Art History|Biochemistry|Biology|Chemistry|Data Science|Entrepreneurship|Environmental Science|Graphic Design|Health Sciences|Journalism|Mathematics|Philosophy|Physical Therapy|Physics|Political Science|Public Relations|Sociology|Software Engineering,Art|Business|Economics|Education|Engineering|History|Accounting|Computer Engineering|Computer Science|Electrical Engineering|English|Media Studies|Music|Performing Arts|Psychology,33,15,https://www.chapman.edu/academics,WRITTEN
charleston-southern-university,Charleston Southern University,Business,Accounting|Art|Athletic Training|Biochemistry|Biology|Chemistry|Computer Science|Criminal Justice|Cybersecurity|Education|Engineering|English|Entrepreneurship|Graphic Design|Health Sciences|History|Hospitality|Human Resources|Journalism|Kinesiology|Management|Marketing|Mathematics|Music|Nursing|Philosophy|Physics|Psychology|Public Relations|Sociology,Business Analytics|Information Technology|Performing Arts|Physical Therapy|Political Science|Pre-Law|Public Health|Sport Management,Business|Accounting|Art|Athletic Training|Biochemistry|Biology|Chemistry|Computer Science|Criminal Justice|Cybersecurity|Education|Engineering|English|Entrepreneurship|Graphic Design|Health Sciences|History|Hospitality|Human Resources|Journalism|Kinesiology|Management|Marketing|Mathematics|Music|Nursing|Philosophy|Physics|Psychology|Public Relations|Sociology,39,31,https://www.charlestonsouthern.edu/academics,WRITTEN
chatham-university,Chatham University,,Business|Chemistry|Exercise Science|Health Sciences,,Business|Chemistry|Exercise Science|Health Sciences,4,4,https://www.chatham.edu/academics,WRITTEN
christopher-newport-university,Christopher Newport University,Art|Business|Engineering|Philosophy,Accounting|Computer Science|History|Mathematics|Physics|Political Science|Pre-Law|Pre-Med|Psychology|Religion|Social Work|Sociology,Art History|Biochemistry|Biology|Chemistry|Computer Engineering|Cybersecurity|Data Analytics|Data Science|Economics|Electrical Engineering|Environmental Science|Film Studies|Finance|Forensic Science|Graphic Design|Journalism|Kinesiology|Literature|Neuroscience|Nursing,Art|Business|Engineering|Philosophy|Accounting|Computer Science|History|Mathematics|Physics|Political Science|Pre-Law|Pre-Med|Psychology|Religion|Social Work|Sociology,36,16,https://www.cnu.edu/majors,WRITTEN
claremont-mckenna-harvey-mudd-scripps-colleges,Claremont McKenna-Harvey Mudd-Scripps Colleges,Business|Education|History,Economics|Entrepreneurship|Finance|Literature|Philosophy,,Business|Education|History|Economics|Entrepreneurship|Finance|Literature|Philosophy,8,8,https://www.claremontmckenna.edu/academics,WRITTEN
clarkson-university,Clarkson University,Business|Education,Art|Engineering,Chemistry|Human Resources|Information Technology,Business|Education|Art|Engineering,7,4,https://www.clarkson.edu/academics,WRITTEN
clemson-university,Clemson University,Agriculture|Art|Education,Architecture|Biomedical Engineering|Business|Engineering|Health Sciences|Performing Arts,,Agriculture|Art|Education|Architecture|Biomedical Engineering|Business|Engineering|Health Sciences|Performing Arts,9,9,https://www.clemson.edu/academics,WRITTEN
cleveland-community-college,Cleveland Community College,Education,English|Health Sciences,,Education|English|Health Sciences,3,3,https://clevelandcc.edu/academics,WRITTEN
coastal-carolina-university,Coastal Carolina University,Education,Art|Computer Science|Finance|Management|Music|Nursing|Physical Therapy|Political Science,Agriculture|Biomedical Sciences|Cybersecurity|Engineering|Health Sciences|Public Health|Sport Management|Statistics,Education|Art|Computer Science|Finance|Management|Music|Nursing|Physical Therapy|Political Science,17,9,https://www.coastal.edu,WRITTEN
coe-college,Coe College,Art|Business|Education|Engineering|History|Management|Mathematics,Accounting|Actuarial Science|Architecture|Art History|Biochemistry|Biology|Chemistry|Computer Science|Criminal Justice|Data Science|Economics|English|Environmental Science|Film Studies|Finance|Kinesiology|Marketing|Music|Neuroscience|Nursing|Philosophy|Physical Therapy|Physics|Political Science|Pre-Law|Pre-Med|Pre-Pharmacy|Pre-Physical Therapy|Psychology|Public Health|Public Relations|Religion|Sociology|Sports Management,Athletic Training|Graphic Design|Health Sciences|International Business|Performing Arts,Art|Business|Education|Engineering|History|Management|Mathematics|Accounting|Actuarial Science|Architecture|Art History|Biochemistry|Biology|Chemistry|Computer Science|Criminal Justice|Data Science|Economics|English|Environmental Science|Film Studies|Finance|Kinesiology|Marketing|Music|Neuroscience|Nursing|Philosophy|Physical Therapy|Physics|Political Science|Pre-Law|Pre-Med|Pre-Pharmacy|Pre-Physical Therapy|Psychology|Public Health|Public Relations|Religion|Sociology|Sports Management,46,41,https://www.coe.edu/academics,WRITTEN
coker-university,Coker University,Art|Biology|Business|Cybersecurity|Data Analytics|Education|Information Technology|Marketing|Music|Nursing|Psychology|Public Administration|Public Health|Public Relations|Sociology,Accounting|Actuarial Science|Agriculture|Business Analytics|Criminal Justice|English|Entrepreneurship|Environmental Science|Exercise Science|Graphic Design|Health Sciences|History|Management|Nutrition|Political Science,Philosophy,Art|Biology|Business|Cybersecurity|Data Analytics|Education|Information Technology|Marketing|Music|Nursing|Psychology|Public Administration|Public Health|Public Relations|Sociology|Accounting|Actuarial Science|Agriculture|Business Analytics|Criminal Justice|English|Entrepreneurship|Environmental Science|Exercise Science|Graphic Design|Health Sciences|History|Management|Nutrition|Political Science,31,30,https://www.coker.edu/programs,WRITTEN
colby-college,Colby College,,,,,0,0,,NO_WRITABLE_MATCHES
colby-sawyer-college,Colby-Sawyer College,Art|Education,Business|Health Sciences|History|Management|Nursing|Psychology,,Art|Education|Business|Health Sciences|History|Management|Nursing|Psychology,8,8,https://www.colby-sawyer.edu/academics,WRITTEN
college-of-charleston,College of Charleston,,Education|Management|Music|Physics,,Education|Management|Music|Physics,4,4,https://www.cofc.edu,WRITTEN
college-of-saint-benedict,College of Saint Benedict,Accounting|Art|Biology|Business|Chemistry|Computer Science|Data Analytics|Data Science|Economics|Education|Engineering|English|Entrepreneurship|Finance|History|Mathematics|Music|Neuroscience|Nursing|Nutrition|Philosophy|Physics|Political Science|Psychology|Sociology|Theater,Art History|Athletic Training|Biochemistry|Exercise Science|Literature|Management|Marketing|Occupational Therapy|Physical Therapy|Public Health|Public Relations,,Accounting|Art|Biology|Business|Chemistry|Computer Science|Data Analytics|Data Science|Economics|Education|Engineering|English|Entrepreneurship|Finance|History|Mathematics|Music|Neuroscience|Nursing|Nutrition|Philosophy|Physics|Political Science|Psychology|Sociology|Theater|Art History|Athletic Training|Biochemistry|Exercise Science|Literature|Management|Marketing|Occupational Therapy|Physical Therapy|Public Health|Public Relations,37,37,https://www.csbsju.edu/majors,WRITTEN
college-of-the-holy-cross,College of the Holy Cross,,Art|Education|Religion,,Art|Education|Religion,3,3,https://www.holycross.edu/academics,WRITTEN
colorado-college,Colorado College,,,,,0,0,,NO_WRITABLE_MATCHES
colorado-state-university,Colorado State University,Education|Engineering,Biomedical Engineering|Biomedical Sciences|Business|Philosophy,Public Health|Social Work,Education|Engineering|Biomedical Engineering|Biomedical Sciences|Business|Philosophy,8,6,https://www.colostate.edu/academics,WRITTEN
columbia-university,Columbia University,,,,,0,0,,NO_WRITABLE_MATCHES
concordia-college-moorhead,"Concordia College, Moorhead",,Art|Business|Education|Music|Nursing,Business Analytics|International Business|Nutrition|Social Work,Art|Business|Education|Music|Nursing,9,5,https://www.concordiacollege.edu/academics,WRITTEN
concordia-university-chicago,Concordia University Chicago,Education|Music,English,Visual Arts,Education|Music|English,4,3,https://www.cuchicago.edu/academics,WRITTEN
concordia-university-texas,Concordia University Texas,Business|Computer Science|Education,Communications|History|Music|Nursing|Pre-Law,Health Sciences,Business|Computer Science|Education|Communications|History|Music|Nursing|Pre-Law,9,8,https://www.concordia.edu/academics,WRITTEN
concordia-university-wisconsin,Concordia University Wisconsin,Business|Computer Science|Education|Engineering|English|Finance|Language Arts|Management|Marketing|Mathematics|Music|Nursing|Philosophy|Public Health|Social Work,Accounting|Actuarial Science|Architecture|Art|Athletic Training|Biology|Business Analytics|Chemistry|Communications|Data Science|Economics|Entrepreneurship|Environmental Science|Exercise Science|History|Industrial Engineering|Information Systems|Mechanical Engineering|Occupational Therapy|Physical Therapy|Pre-Law|Pre-Pharmacy|Psychology|Public Relations,Digital Media|Public Administration,Business|Computer Science|Education|Engineering|English|Finance|Language Arts|Management|Marketing|Mathematics|Music|Nursing|Philosophy|Public Health|Social Work|Accounting|Actuarial Science|Architecture|Art|Athletic Training|Biology|Business Analytics|Chemistry|Communications|Data Science|Economics|Entrepreneurship|Environmental Science|Exercise Science|History|Industrial Engineering|Information Systems|Mechanical Engineering|Occupational Therapy|Physical Therapy|Pre-Law|Pre-Pharmacy|Psychology|Public Relations,41,39,https://www.cuw.edu/academics,WRITTEN
connecticut-college,Connecticut College,,Business|Education,Human Resources,Business|Education,3,2,https://www.conncoll.edu/academics,WRITTEN
cornell-college,Cornell College,,,,,0,0,,NO_WRITABLE_MATCHES
cornell-university,Cornell University,Art|Education,Cybersecurity,,Art|Education|Cybersecurity,3,3,https://www.cornell.edu,WRITTEN
covenant-college,Covenant College,Art|Art History|Biology|Business|Chemistry|Computer Science|Economics|Education|Engineering|English|Entrepreneurship|History|Journalism|Management|Mathematics|Music|Neuroscience|Nursing|Philosophy|Physical Therapy|Physics|Political Science|Pre-Law|Pre-Nursing|Psychology|Sociology|Sport Management,Accounting|Biochemistry|Finance|Graphic Design|Literature|Marketing|Pre-Med|Pre-Physical Therapy|Social Work,,Art|Art History|Biology|Business|Chemistry|Computer Science|Economics|Education|Engineering|English|Entrepreneurship|History|Journalism|Management|Mathematics|Music|Neuroscience|Nursing|Philosophy|Physical Therapy|Physics|Political Science|Pre-Law|Pre-Nursing|Psychology|Sociology|Sport Management|Accounting|Biochemistry|Finance|Graphic Design|Literature|Marketing|Pre-Med|Pre-Physical Therapy|Social Work,36,36,https://www.covenant.edu/academics,WRITTEN
creighton-university,Creighton University,Business|Education|Nursing,Art|Communications|Finance|Health Sciences|History|Management|Marketing,,Business|Education|Nursing|Art|Communications|Finance|Health Sciences|History|Management|Marketing,10,10,https://www.creighton.edu/academics,WRITTEN
curry-college,Curry College,Business|Education,Accounting|Criminal Justice|Health Sciences|Human Resources|Nursing,,Business|Education|Accounting|Criminal Justice|Health Sciences|Human Resources|Nursing,7,7,https://www.curry.edu/academics,WRITTEN
dallas-baptist-university,Dallas Baptist University,Education|History,Business|Nursing|Pre-Law|Pre-Nursing,Information Technology|Mathematics,Education|History|Business|Nursing|Pre-Law|Pre-Nursing,8,6,https://www.dbu.edu/academics,WRITTEN
dartmouth-college,Dartmouth College,Business|Education|Engineering,Art|Computer Science|Economics,Biology,Business|Education|Engineering|Art|Computer Science|Economics,7,6,https://home.dartmouth.edu/academics,WRITTEN
davidson-college,Davidson College,,Art|Education,,Art|Education,2,2,https://www.davidson.edu,WRITTEN
depaul-university,DePaul University,Education,Business|Statistics,Digital Media,Education|Business|Statistics,4,3,https://www.depaul.edu,WRITTEN
depauw-university,DePauw University,,Business|Education|Music,Performing Arts,Business|Education|Music,4,3,https://www.depauw.edu/academics,WRITTEN
desales-university,DeSales University,Business|Criminal Justice|Data Analytics|Education|Management|Marketing|Nursing,Accounting|Art|Biochemistry|Biology|Business Analytics|Chemistry|Computer Science|Economics|English|Environmental Science|Exercise Physiology|Finance|History|Human Resources|International Business|Journalism|Mathematics|Media Studies|Music|Neuroscience|Performing Arts|Philosophy|Physical Therapy|Political Science|Pre-Law|Psychology|Sport Management,Information Systems,Business|Criminal Justice|Data Analytics|Education|Management|Marketing|Nursing|Accounting|Art|Biochemistry|Biology|Business Analytics|Chemistry|Computer Science|Economics|English|Environmental Science|Exercise Physiology|Finance|History|Human Resources|International Business|Journalism|Mathematics|Media Studies|Music|Neuroscience|Performing Arts|Philosophy|Physical Therapy|Political Science|Pre-Law|Psychology|Sport Management,35,34,https://www.desales.edu/majors,WRITTEN
dean-college,Dean College,Biology|Business|Education|Exercise Science|History|Management,Accounting|Communications|Criminal Justice|Cybersecurity|Data Science|English|Finance|Hospitality|Hospitality Management|Human Services|Marketing|Neuroscience|Physical Therapy|Pre-Law|Pre-Physical Therapy|Psychology|Public Health|Sociology|Sport Management,Athletic Training,Biology|Business|Education|Exercise Science|History|Management|Accounting|Communications|Criminal Justice|Cybersecurity|Data Science|English|Finance|Hospitality|Hospitality Management|Human Services|Marketing|Neuroscience|Physical Therapy|Pre-Law|Pre-Physical Therapy|Psychology|Public Health|Sociology|Sport Management,26,25,https://www.dean.edu/majors,WRITTEN
delaware-state-university,Delaware State University,Accounting|Agriculture|Business|Communications|Education|History|Management|Neuroscience,Criminal Justice|English|Human Resources|Information Technology|Marketing|Nursing|Physics|Psychology|Public Health|Social Work|Sport Management,Finance,Accounting|Agriculture|Business|Communications|Education|History|Management|Neuroscience|Criminal Justice|English|Human Resources|Information Technology|Marketing|Nursing|Physics|Psychology|Public Health|Social Work|Sport Management,20,19,https://www.desu.edu/academics,WRITTEN
denison-university,Denison University,Actuarial Science|Business|Education|Engineering|Finance|Marketing|Pre-Law,Communications|Economics|Entrepreneurship|Journalism|Mathematics|Performing Arts|Pre-Med|Public Health|Statistics,Data Analytics|Nursing|Occupational Therapy|Physical Therapy|Public Relations,Actuarial Science|Business|Education|Engineering|Finance|Marketing|Pre-Law|Communications|Economics|Entrepreneurship|Journalism|Mathematics|Performing Arts|Pre-Med|Public Health|Statistics,21,16,https://www.denison.edu/academics,WRITTEN
dickinson-college,Dickinson College,,Art|Biology|Business|Economics|Education|Engineering|History|International Business|Management|Music,Art History|Biochemistry|Chemistry|Computer Science|Data Analytics|Environmental Science|Finance|Journalism|Mathematics|Media Studies|Neuroscience|Philosophy|Physics|Political Science|Pre-Law|Psychology|Sociology,Art|Biology|Business|Economics|Education|Engineering|History|International Business|Management|Music,27,10,https://www.dickinson.edu/majors,WRITTEN
dominican-university-illinois,Dominican University (Illinois),Education,Business,Health Sciences|Information Technology|Nursing|Philosophy|Social Work,Education|Business,7,2,https://www.dom.edu/academics,WRITTEN
drew-university,Drew University,Art|Business|Education|Finance|History|Religion,Accounting|Biology|Chemistry|Communications|Data Science|Economics|Human Resources|Management|Music|Physics,Psychology|Statistics,Art|Business|Education|Finance|History|Religion|Accounting|Biology|Chemistry|Communications|Data Science|Economics|Human Resources|Management|Music|Physics,18,16,https://www.drew.edu/academics,WRITTEN
duke-university,Duke University,Business|Education|Engineering|Nursing,Art|Entrepreneurship|Music|Philosophy,Human Resources|Information Technology,Business|Education|Engineering|Nursing|Art|Entrepreneurship|Music|Philosophy,10,8,https://www.duke.edu/academics,WRITTEN
earlham-college,Earlham College,Education|Religion,Entrepreneurship|History|Human Resources|Marketing,Psychology,Education|Religion|Entrepreneurship|History|Human Resources|Marketing,7,6,https://www.earlham.edu/academics,WRITTEN
east-carolina-university,East Carolina University,,,,,0,0,,NO_WRITABLE_MATCHES
east-tennessee-state-university,East Tennessee State University,Hospitality,Business|Education|Management,Health Sciences,Hospitality|Business|Education|Management,5,4,https://www.etsu.edu,WRITTEN
east-texas-am-university,East Texas A&M University,Art|Education,Agriculture|Biology|Business|Chemistry|Criminal Justice|Engineering|Health Sciences|History|Human Services|Music|Nursing|Psychology,Physics|Public Health,Art|Education|Agriculture|Biology|Business|Chemistry|Criminal Justice|Engineering|Health Sciences|History|Human Services|Music|Nursing|Psychology,16,14,https://www.tamuc.edu/academics,WRITTEN
east-texas-baptist-university,East Texas Baptist University,Business|Education|Nursing,Biology|Chemistry|History|Literature|Mathematics|Performing Arts|Religion,Human Resources|Kinesiology|Political Science,Business|Education|Nursing|Biology|Chemistry|History|Literature|Mathematics|Performing Arts|Religion,13,10,https://www.etbu.edu/academics,WRITTEN
eastern-connecticut-state-university,Eastern Connecticut State University,Education,Accounting|Management|Psychology,,Education|Accounting|Management|Psychology,4,4,https://www.easternct.edu/academics,WRITTEN
eastern-illinois-university,Eastern Illinois University,Education|Human Services,Art|Business|History|Journalism,Biochemistry|Chemistry|Computer Science|Economics|Kinesiology|Mathematics|Nursing|Nutrition|Philosophy|Physics|Political Science|Psychology|Public Health|Sociology,Education|Human Services|Art|Business|History|Journalism,20,6,https://www.eiu.edu/academics,WRITTEN
eastern-kentucky-university,Eastern Kentucky University,Agriculture|Business|Education|Engineering|English|History|Nursing|Philosophy|Sociology|Statistics,Accounting|Art|Emergency Management|Finance|Health Sciences|Information Technology|Management|Mathematics|Music|Occupational Therapy|Physics|Political Science|Public Relations|Theater,Chemistry|Computer Science|Forensic Science|Psychology|Public Health|Social Work,Agriculture|Business|Education|Engineering|English|History|Nursing|Philosophy|Sociology|Statistics|Accounting|Art|Emergency Management|Finance|Health Sciences|Information Technology|Management|Mathematics|Music|Occupational Therapy|Physics|Political Science|Public Relations|Theater,30,24,https://www.eku.edu/academics,WRITTEN
eastern-mennonite-university,Eastern Mennonite University,,Art|Education,,Art|Education,2,2,https://www.emu.edu/academics,WRITTEN
eastern-michigan-university,Eastern Michigan University,,,,,0,0,,NO_WRITABLE_MATCHES
eastern-university,Eastern University,Accounting|Art|Athletic Training|Biochemistry|Biology|Business|Chemistry|Computer Science|Criminal Justice|Data Analytics|Data Science|Economics|Education|Engineering|English|Environmental Science|Exercise Science|Finance|Health Sciences|History|Journalism|Literature|Management|Marketing|Mathematics|Music|Nursing|Occupational Therapy|Performing Arts|Philosophy|Physical Therapy|Physics|Political Science|Pre-Law|Pre-Med|Pre-Pharmacy|Pre-Physical Therapy|Psychology|Religion|Social Work|Sociology,Actuarial Science|Biotechnology|Communications|International Relations|Pre-Vet|Public Administration|Statistics|Theater,Public Relations,Accounting|Art|Athletic Training|Biochemistry|Biology|Business|Chemistry|Computer Science|Criminal Justice|Data Analytics|Data Science|Economics|Education|Engineering|English|Environmental Science|Exercise Science|Finance|Health Sciences|History|Journalism|Literature|Management|Marketing|Mathematics|Music|Nursing|Occupational Therapy|Performing Arts|Philosophy|Physical Therapy|Physics|Political Science|Pre-Law|Pre-Med|Pre-Pharmacy|Pre-Physical Therapy|Psychology|Religion|Social Work|Sociology|Actuarial Science|Biotechnology|Communications|International Relations|Pre-Vet|Public Administration|Statistics|Theater,50,49,https://www.eastern.edu/majors,WRITTEN
edgewood-university,Edgewood University,Business|Education,Art|Nursing,Communications|Health Sciences,Business|Education|Art|Nursing,6,4,https://www.edgewood.edu/academics,WRITTEN
elizabethtown-college,Elizabethtown College,Education,Mathematics|Psychology,,Education|Mathematics|Psychology,3,3,https://www.etown.edu,WRITTEN
elmhurst-university,Elmhurst University,,Data Science|Education|Nursing,,Data Science|Education|Nursing,3,3,https://public.elmhurst.edu/academics,WRITTEN
elmira-college,Elmira College,Education,Business|History,Biology,Education|Business|History,4,3,https://www.elmira.edu/academics,WRITTEN
elms-college,Elms College,Business|Education|Mathematics|Nursing|Social Work,Biology|Biomedical Sciences|Chemistry|Computer Science|Criminal Justice|Entrepreneurship|Literature|Management|Music|Pre-Med|Psychology|Religion,,Business|Education|Mathematics|Nursing|Social Work|Biology|Biomedical Sciences|Chemistry|Computer Science|Criminal Justice|Entrepreneurship|Literature|Management|Music|Pre-Med|Psychology|Religion,17,17,https://www.elms.edu/academics,WRITTEN
elon-university,Elon University,Education,Business|Health Sciences,Communications|Entrepreneurship|Human Resources,Education|Business|Health Sciences,6,3,https://www.elon.edu/academics,WRITTEN
emmanuel-college-massachusetts,Emmanuel College (Massachusetts),Accounting|Art|Education|English,Biochemistry|Biology|Biotechnology|Business|Business Analytics|Chemistry|Economics|Finance|History|Management|Marketing|Neuroscience|Nursing|Psychology|Sport Management,Art History|Computer Science|Criminal Justice|Data Analytics|Data Science|Digital Media|Forensic Science|Graphic Design|Health Sciences|Human Resources|International Relations|Mathematics|Media Studies|Philosophy|Political Science|Public Health|Social Work|Sociology|Statistics|Theater,Accounting|Art|Education|English|Biochemistry|Biology|Biotechnology|Business|Business Analytics|Chemistry|Economics|Finance|History|Management|Marketing|Neuroscience|Nursing|Psychology|Sport Management,39,19,https://www.emmanuel.edu/academics,WRITTEN
emory-and-henry-university,Emory & Henry University,Accounting|Biology|Business|Education|Environmental Science|Exercise Science|Health Sciences|Nursing|Psychology,Art|English|History|Literature|Occupational Therapy|Performing Arts|Political Science,Computer Science|Physical Therapy,Accounting|Biology|Business|Education|Environmental Science|Exercise Science|Health Sciences|Nursing|Psychology|Art|English|History|Literature|Occupational Therapy|Performing Arts|Political Science,18,16,https://www.ehc.edu/academics,WRITTEN
emory-university,Emory University,Education|Nursing|Public Health,Biomedical Engineering|Engineering,Human Resources|Information Technology,Education|Nursing|Public Health|Biomedical Engineering|Engineering,7,5,https://www.emory.edu/academics,WRITTEN
endicott-college,Endicott College,Art|Business|Education|Mathematics|Nursing|Performing Arts,Accounting|Actuarial Science|Art History|Athletic Training|Business Analytics|Criminal Justice|Data Science|History|Management|Psychology,Cybersecurity,Art|Business|Education|Mathematics|Nursing|Performing Arts|Accounting|Actuarial Science|Art History|Athletic Training|Business Analytics|Criminal Justice|Data Science|History|Management|Psychology,17,16,https://www.endicott.edu/programs,WRITTEN
erskine-college,Erskine College,History,Education|Information Technology|Marketing|Music,Communications|Finance|Physical Therapy|Pre-Med|Sports Medicine,History|Education|Information Technology|Marketing|Music,10,5,https://www.erskine.edu/academics,WRITTEN
eureka-college,Eureka College,Education,Business|Cybersecurity|Human Resources|Mathematics|Performing Arts,,Education|Business|Cybersecurity|Human Resources|Mathematics|Performing Arts,6,6,https://www.eureka.edu/academics,WRITTEN
fairfield-university,Fairfield University,,Business|Education|Entrepreneurship|Finance|Hospitality|Management|Marketing|Public Relations,,Business|Education|Entrepreneurship|Finance|Hospitality|Management|Marketing|Public Relations,8,8,https://www.fairfield.edu,WRITTEN
fairleigh-dickinson-university,Fairleigh Dickinson University,,Education|History|Information Technology,Biology|Computer Science|Criminal Justice|Engineering|Nursing|Philosophy|Psychology,Education|History|Information Technology,10,3,https://www.fdu.edu/academics,WRITTEN
fairleigh-dickinson-university-florham,"Fairleigh Dickinson University, Florham",,Education|History|Information Technology,Biology|Computer Science|Criminal Justice|Engineering|Nursing|Philosophy|Psychology,Education|History|Information Technology,10,3,https://www.fdu.edu/academics,WRITTEN
farmingdale-state-college,Farmingdale State College,Business|Engineering|Health Sciences|Management,Architecture|Art|Communications|Computer Engineering|Construction Management|Criminal Justice|Education|Mechanical Engineering|Nursing|Nutrition,Biology|Chemistry|Civil Engineering|Economics|Information Systems|Mathematics|Physics|Psychology|Sociology|Sport Management,Business|Engineering|Health Sciences|Management|Architecture|Art|Communications|Computer Engineering|Construction Management|Criminal Justice|Education|Mechanical Engineering|Nursing|Nutrition,24,14,https://www.farmingdale.edu/academics,WRITTEN
ferrum-college,Ferrum College,,Criminal Justice|Education|Performing Arts,Agriculture,Criminal Justice|Education|Performing Arts,4,3,https://www.ferrum.edu/academics,WRITTEN
fitchburg-state-university,Fitchburg State University,Digital Media|Education|Management,Accounting|Agriculture|Business|Computer Science|Construction Management|Criminal Justice|Entrepreneurship|Game Design|Marketing|Political Science,Communications|Exercise Science|Media Studies|Nursing,Digital Media|Education|Management|Accounting|Agriculture|Business|Computer Science|Construction Management|Criminal Justice|Entrepreneurship|Game Design|Marketing|Political Science,17,13,https://www.fitchburgstate.edu,WRITTEN
florence-darlington-technical-college,Florence-Darlington Technical College,Business,Engineering|Nursing,Biology|Chemistry|Civil Engineering,Business|Engineering|Nursing,6,3,https://www.fdtc.edu/academics,WRITTEN
florida-am-university,Florida A&M University,Education,History,Communications|Finance|Information Technology,Education|History,5,2,https://www.famu.edu,WRITTEN
florida-atlantic-university,Florida Atlantic University,Accounting|Art|Biology|Biomedical Engineering|Business|Business Analytics|Chemistry|Computer Engineering|Computer Science|Criminal Justice|Cybersecurity|Data Analytics|Data Science|Economics|Education|Electrical Engineering|Engineering|English|Entrepreneurship|Environmental Science|Finance|Health Administration|History|Hospitality|Information Systems|Information Technology|International Business|Literature|Management|Marketing|Mathematics|Mechanical Engineering|Music|Neuroscience|Nursing|Physics|Political Science|Psychology|Social Work|Sport Management,Actuarial Science|Architecture|Art History|Biochemistry|Biotechnology|Civil Engineering|Exercise Physiology|Exercise Science|Graphic Design|Journalism|Marine Biology|Occupational Therapy|Performing Arts|Philosophy|Physical Therapy|Pre-Law|Pre-Physical Therapy|Public Administration|Sociology|Statistics,Emergency Management,Accounting|Art|Biology|Biomedical Engineering|Business|Business Analytics|Chemistry|Computer Engineering|Computer Science|Criminal Justice|Cybersecurity|Data Analytics|Data Science|Economics|Education|Electrical Engineering|Engineering|English|Entrepreneurship|Environmental Science|Finance|Health Administration|History|Hospitality|Information Systems|Information Technology|International Business|Literature|Management|Marketing|Mathematics|Mechanical Engineering|Music|Neuroscience|Nursing|Physics|Political Science|Psychology|Social Work|Sport Management|Actuarial Science|Architecture|Art History|Biochemistry|Biotechnology|Civil Engineering|Exercise Physiology|Exercise Science|Graphic Design|Journalism|Marine Biology|Occupational Therapy|Performing Arts|Philosophy|Physical Therapy|Pre-Law|Pre-Physical Therapy|Public Administration|Sociology|Statistics,61,60,https://www.fau.edu/programs,WRITTEN
florida-gulf-coast-university,Florida Gulf Coast University,Art|Business|Education|Engineering|Hospitality|Hospitality Management|Management|Nursing,Computer Science|Data Science|Entrepreneurship|History|Human Services|Information Technology|Music|Performing Arts|Software Engineering|Visual Arts,Civil Engineering|Construction Management|Health Sciences,Art|Business|Education|Engineering|Hospitality|Hospitality Management|Management|Nursing|Computer Science|Data Science|Entrepreneurship|History|Human Services|Information Technology|Music|Performing Arts|Software Engineering|Visual Arts,21,18,https://www.fgcu.edu/academics,WRITTEN
florida-international-university,Florida International University,Business|Engineering,Art|Biology|English,Communications|Data Analytics|Hospitality|Philosophy|Physics,Business|Engineering|Art|Biology|English,10,5,https://www.fiu.edu/academics,WRITTEN
florida-state-university,Florida State University,,Business|Human Resources|Information Technology,Social Work,Business|Human Resources|Information Technology,4,3,https://www.fsu.edu,WRITTEN
fordham-university,Fordham University,Education,Business|History|Religion,Hospitality|Human Resources|Information Technology|Philosophy,Education|Business|History|Religion,8,4,https://www.fordham.edu/academics,WRITTEN
framingham-state-university,Framingham State University,Biology|Business|Education|Engineering|English|History|Mathematics|Nutrition,Accounting|Art|Art History|Biochemistry|Chemistry|Economics|Marketing|Nursing|Pre-Med,Computer Science|Finance|Information Technology|Philosophy|Political Science|Psychology|Sociology,Biology|Business|Education|Engineering|English|History|Mathematics|Nutrition|Accounting|Art|Art History|Biochemistry|Chemistry|Economics|Marketing|Nursing|Pre-Med,24,17,https://www.framingham.edu/academics,WRITTEN
francis-marion-university,Francis Marion University,Accounting|Business|Communications|Education|Health Sciences|Nursing|Performing Arts|Psychology,Art|Biology|Chemistry|Engineering|English|History|Human Resources|Journalism|Management|Mathematics|Music|Philosophy|Physical Therapy|Physics|Political Science|Pre-Law|Pre-Med|Pre-Pharmacy|Pre-Physical Therapy|Public Relations|Sociology,Art History|Civil Engineering|Computer Science|Criminal Justice|Economics|Environmental Science|Finance|Graphic Design|Industrial Engineering|Information Systems|Mechanical Engineering,Accounting|Business|Communications|Education|Health Sciences|Nursing|Performing Arts|Psychology|Art|Biology|Chemistry|Engineering|English|History|Human Resources|Journalism|Management|Mathematics|Music|Philosophy|Physical Therapy|Physics|Political Science|Pre-Law|Pre-Med|Pre-Pharmacy|Pre-Physical Therapy|Public Relations|Sociology,40,29,https://www.fmarion.edu/academics,WRITTEN
franciscan-university-of-steubenville,Franciscan University of Steubenville,Criminal Justice|Education|Engineering|History|Management|Philosophy|Psychology,Accounting|Biochemistry|Biology|Business|Chemistry|Computer Science|Cybersecurity|Economics|English|Entrepreneurship|Exercise Science|Film Studies|Finance|Forensic Science|Literature|Marketing|Mechanical Engineering|Music|Neuroscience|Nursing|Occupational Therapy|Physical Therapy|Political Science|Pre-Physical Therapy|Social Work|Sociology|Software Engineering,,Criminal Justice|Education|Engineering|History|Management|Philosophy|Psychology|Accounting|Biochemistry|Biology|Business|Chemistry|Computer Science|Cybersecurity|Economics|English|Entrepreneurship|Exercise Science|Film Studies|Finance|Forensic Science|Literature|Marketing|Mechanical Engineering|Music|Neuroscience|Nursing|Occupational Therapy|Physical Therapy|Political Science|Pre-Physical Therapy|Social Work|Sociology|Software Engineering,34,34,https://www.franciscan.edu/programs,WRITTEN
franklin-and-marshall-college,Franklin & Marshall College,Education|History,Computer Science|Data Science|Economics|Electrical Engineering|Engineering|English|Entrepreneurship|Mathematics|Music|Performing Arts|Physics|Psychology,Biology|Marine Biology|Philosophy|Theater,Education|History|Computer Science|Data Science|Economics|Electrical Engineering|Engineering|English|Entrepreneurship|Mathematics|Music|Performing Arts|Physics|Psychology,18,14,https://www.fandm.edu,WRITTEN
franklin-college,Franklin College,Art|Business|Engineering|English|Exercise Science|History|Journalism|Marketing|Mathematics|Music|Political Science,Accounting|Athletic Training|Biology|Chemistry|Cybersecurity|Data Science|Economics|Education|Neuroscience|Philosophy|Physics|Psychology|Public Relations|Religion|Sociology|Software Engineering,Actuarial Science|Art History|Communications|Computer Science|Finance|Graphic Design|Literature,Art|Business|Engineering|English|Exercise Science|History|Journalism|Marketing|Mathematics|Music|Political Science|Accounting|Athletic Training|Biology|Chemistry|Cybersecurity|Data Science|Economics|Education|Neuroscience|Philosophy|Physics|Psychology|Public Relations|Religion|Sociology|Software Engineering,34,27,https://www.franklincollege.edu/academics,WRITTEN
fresno-state,Fresno State,,,,,0,0,,NO_WRITABLE_MATCHES
gallaudet-university,Gallaudet University,Accounting|Art|Biology|Business|Chemistry|Communications|Data Science|Education|English|Finance|History|Human Services|Information Technology|Management|Mathematics|Neuroscience|Philosophy|Psychology|Public Administration|Public Health|Social Work|Sociology,Criminal Justice|Engineering|Entrepreneurship|Human Resources|Industrial Engineering|International Relations|Performing Arts|Religion,Economics|Theater,Accounting|Art|Biology|Business|Chemistry|Communications|Data Science|Education|English|Finance|History|Human Services|Information Technology|Management|Mathematics|Neuroscience|Philosophy|Psychology|Public Administration|Public Health|Social Work|Sociology|Criminal Justice|Engineering|Entrepreneurship|Human Resources|Industrial Engineering|International Relations|Performing Arts|Religion,32,30,https://www.gallaudet.edu/academics,WRITTEN
gardner-webb-university,Gardner-Webb University,Education,History|Nursing|Psychology,Communications|Health Sciences,Education|History|Nursing|Psychology,6,4,https://gardner-webb.edu/academics,WRITTEN
gaston-college,Gaston College,Business|Education|Engineering|Information Technology,Biotechnology|Civil Engineering|History|Nursing,Accounting|Criminal Justice|Finance|Human Resources|Human Services|Information Systems|Respiratory Therapy|Visual Arts|Web Development,Business|Education|Engineering|Information Technology|Biotechnology|Civil Engineering|History|Nursing,17,8,https://www.gaston.edu/academic-programs,WRITTEN
geneva-college,Geneva College,Engineering,Accounting|Business|Education|English|History|Management|Political Science|Psychology|Sport Management,Computer Science|Mathematics|Nursing|Philosophy,Engineering|Accounting|Business|Education|English|History|Management|Political Science|Psychology|Sport Management,14,10,https://www.geneva.edu/academics,WRITTEN
george-fox-university,George Fox University,,Education|Marketing|Public Relations,,Education|Marketing|Public Relations,3,3,https://www.georgefox.edu/majors,WRITTEN
george-mason-university,George Mason University,,Business|Communications|Cybersecurity|Education|Human Resources|Performing Arts,Economics|Engineering,Business|Communications|Cybersecurity|Education|Human Resources|Performing Arts,8,6,https://www.gmu.edu,WRITTEN
george-washington-university,George Washington University,,Architecture|Biology|Computer Science|Engineering|International Relations|Nursing|Political Science,Communications|Economics|Health Sciences|Performing Arts|Theater,Architecture|Biology|Computer Science|Engineering|International Relations|Nursing|Political Science,12,7,https://www.gwu.edu/academics,WRITTEN
georgetown-university,Georgetown University,,Education|History,,Education|History,2,2,https://www.georgetown.edu/academics,WRITTEN
georgia-gwinnett-college,Georgia Gwinnett College,Business|Education,Health Sciences|History,,Business|Education|Health Sciences|History,4,4,https://www.ggc.edu/academics,WRITTEN
georgia-southern-university,Georgia Southern University,Education,Art|Business|Criminal Justice|Engineering|Finance|Mathematics|Psychology|Public Administration|Sociology,Computer Science|Information Technology|Literature|Philosophy|Public Health,Education|Art|Business|Criminal Justice|Engineering|Finance|Mathematics|Psychology|Public Administration|Sociology,15,10,https://www.georgiasouthern.edu/academics,WRITTEN
georgia-state-university,Georgia State University,Accounting|Actuarial Science|Business|Data Science|Information Systems|Public Health,Art|Art History|Biomedical Sciences|Communications|Criminal Justice|Education|English|Finance|History|Human Resources|Information Technology|Management|Marketing|Mathematics|Nursing|Psychology|Social Work|Statistics,Economics|Sociology,Accounting|Actuarial Science|Business|Data Science|Information Systems|Public Health|Art|Art History|Biomedical Sciences|Communications|Criminal Justice|Education|English|Finance|History|Human Resources|Information Technology|Management|Marketing|Mathematics|Nursing|Psychology|Social Work|Statistics,26,24,https://www.gsu.edu/academics,WRITTEN
georgia-tech,Georgia Tech,Business|Education|Engineering,Entrepreneurship,Communications|Finance|Human Resources,Business|Education|Engineering|Entrepreneurship,7,4,https://www.gatech.edu/academics,WRITTEN
gettysburg-college,Gettysburg College,,Education|Music,Communications,Education|Music,3,2,https://www.gettysburg.edu/academics,WRITTEN
gonzaga-university,Gonzaga University,,,,,0,0,,NO_WRITABLE_MATCHES
gordon-college,Gordon College,Music,Art|Business|Education|Human Services|Psychology,Biology|Computer Science|Human Resources,Music|Art|Business|Education|Human Services|Psychology,9,6,https://www.gordon.edu/academics,WRITTEN
grambling-state-university,Grambling State University,Business|Education|History,Criminal Justice|Finance|Nursing|Psychology|Social Work|Sociology,Accounting|Chemistry|Computer Science|Cybersecurity|Engineering|Information Systems|Kinesiology|Mathematics|Performing Arts|Physics|Political Science|Public Administration,Business|Education|History|Criminal Justice|Finance|Nursing|Psychology|Social Work|Sociology,21,9,https://www.gram.edu/academics,WRITTEN
grand-canyon-university,Grand Canyon University,Business|Education|Engineering|Nursing,Criminal Justice|Digital Media|History|Psychology,,Business|Education|Engineering|Nursing|Criminal Justice|Digital Media|History|Psychology,8,8,https://www.gcu.edu/academics,WRITTEN
greensboro-college,Greensboro College,Accounting|Art|Biology|Business|Criminal Justice|Economics|Education|English|History|Mathematics|Music|Political Science|Psychology|Religion|Sociology,Business Analytics|Chemistry|Data Science|Engineering|Exercise Science|Health Sciences|Human Services|Language Arts|Management|Philosophy|Public Health,Kinesiology|Media Studies,Accounting|Art|Biology|Business|Criminal Justice|Economics|Education|English|History|Mathematics|Music|Political Science|Psychology|Religion|Sociology|Business Analytics|Chemistry|Data Science|Engineering|Exercise Science|Health Sciences|Human Services|Language Arts|Management|Philosophy|Public Health,28,26,https://www.greensboro.edu/academics,WRITTEN
greenville-university,Greenville University,Education,Business|History,,Education|Business|History,3,3,https://www.greenville.edu/academics,WRITTEN
grinnell-college,Grinnell College,Art|Education,Art History|Biology|Business|Chemistry|Computer Science|Economics|Engineering|English|History|International Relations|Mathematics|Media Studies|Music|Neuroscience|Philosophy|Physics|Political Science|Psychology|Sociology|Statistics,Communications,Art|Education|Art History|Biology|Business|Chemistry|Computer Science|Economics|Engineering|English|History|International Relations|Mathematics|Media Studies|Music|Neuroscience|Philosophy|Physics|Political Science|Psychology|Sociology|Statistics,23,22,https://www.grinnell.edu/academics/majors,WRITTEN
grove-city-college,Grove City College,Business|Education|Engineering|Mathematics,Accounting|Business Analytics|Communications|Entrepreneurship|Exercise Science|History|Information Technology|Marketing|Pre-Law,Economics,Business|Education|Engineering|Mathematics|Accounting|Business Analytics|Communications|Entrepreneurship|Exercise Science|History|Information Technology|Marketing|Pre-Law,14,13,https://www.gcc.edu/academics,WRITTEN
guilford-college,Guilford College,Education,Communications|History|Marketing,Entrepreneurship|International Relations,Education|Communications|History|Marketing,6,4,https://www.guilford.edu/academics,WRITTEN
gustavus-adolphus-college,Gustavus Adolphus College,,History|Nursing|Visual Arts,Engineering,History|Nursing|Visual Arts,4,3,https://www.gustavus.edu,WRITTEN
gwynedd-mercy-university,Gwynedd Mercy University,Accounting|Biology|Business|Chemistry|Communications|Criminal Justice|Cybersecurity|Data Analytics|Education|Finance|Forensic Science|History|Management|Marketing|Mathematics|Music|Nursing|Philosophy|Physical Therapy|Pre-Med|Pre-Physical Therapy|Psychology|Public Health|Social Work|Sport Management,Art|Exercise Science|Occupational Therapy,,Accounting|Biology|Business|Chemistry|Communications|Criminal Justice|Cybersecurity|Data Analytics|Education|Finance|Forensic Science|History|Management|Marketing|Mathematics|Music|Nursing|Philosophy|Physical Therapy|Pre-Med|Pre-Physical Therapy|Psychology|Public Health|Social Work|Sport Management|Art|Exercise Science|Occupational Therapy,28,28,https://www.gmercyu.edu/academics/programs,WRITTEN
hamilton-college,Hamilton College,Art|History,Biology|Education|Physics|Statistics,Art History|Biochemistry|Chemistry|Computer Science|Data Science|Economics|Literature|Mathematics|Media Studies|Neuroscience|Performing Arts|Philosophy|Psychology|Sociology,Art|History|Biology|Education|Physics|Statistics,20,6,https://www.hamilton.edu/academics,WRITTEN
hamline-university,Hamline University,Business|Education,Forensic Science|History|Psychology|Religion,,Business|Education|Forensic Science|History|Psychology|Religion,6,6,https://www.hamline.edu/academics,WRITTEN
hampden-sydney-college,Hampden-Sydney College,Education,History,Entrepreneurship|Human Resources,Education|History,4,2,https://www.hsc.edu/academics,WRITTEN
hanover-college,Hanover College,Education|Occupational Therapy|Physical Therapy,Accounting|Business|Engineering|Health Sciences|Human Resources|Nursing|Pre-Law|Pre-Med,,Education|Occupational Therapy|Physical Therapy|Accounting|Business|Engineering|Health Sciences|Human Resources|Nursing|Pre-Law|Pre-Med,11,11,https://www.hanover.edu/academics,WRITTEN
hardin-simmons-university,Hardin-Simmons University,,Accounting|Business|Education|Management|Physical Therapy,,Accounting|Business|Education|Management|Physical Therapy,5,5,https://www.hsutx.edu/academics,WRITTEN
harvard-university,Harvard University,History,Art|Education,Engineering|Philosophy|Public Health|Visual Arts,History|Art|Education,7,3,https://www.harvard.edu/academics,WRITTEN
haverford-college,Haverford College,,,,,0,0,,NO_WRITABLE_MATCHES
heidelberg-university,Heidelberg University,Education,Business|History|Marketing,Human Resources|Information Technology,Education|Business|History|Marketing,6,4,https://www.heidelberg.edu/academics,WRITTEN
hendrix-college,Hendrix College,Art|Biology|Business|Education|History|Literature|Mathematics|Physics|Sociology,Accounting|Art History|Biochemistry|Chemistry|Computer Science|Economics|Engineering|English|Media Studies|Music|Occupational Therapy|Philosophy|Psychology|Social Work|Theater,Data Analytics|Journalism|Neuroscience|Physical Therapy|Public Health,Art|Biology|Business|Education|History|Literature|Mathematics|Physics|Sociology|Accounting|Art History|Biochemistry|Chemistry|Computer Science|Economics|Engineering|English|Media Studies|Music|Occupational Therapy|Philosophy|Psychology|Social Work|Theater,29,24,https://www.hendrix.edu/academics,WRITTEN
high-point-university,High Point University,Education|Engineering|Health Sciences,Business|Entrepreneurship|Information Technology|Nursing,Visual Arts,Education|Engineering|Health Sciences|Business|Entrepreneurship|Information Technology|Nursing,8,7,https://www.highpoint.edu/academics,WRITTEN
hilbert-college,Hilbert College,Accounting|Biology|Business|Criminal Justice|Cybersecurity|Digital Media|Education|English|Forensic Science|Human Services|Management|Political Science|Psychology|Public Administration,Graphic Design|Journalism|Literature|Marketing|Pre-Med|Pre-Pharmacy|Theater,Finance|Information Systems|Pre-Law,Accounting|Biology|Business|Criminal Justice|Cybersecurity|Digital Media|Education|English|Forensic Science|Human Services|Management|Political Science|Psychology|Public Administration|Graphic Design|Journalism|Literature|Marketing|Pre-Med|Pre-Pharmacy|Theater,24,21,https://www.hilbert.edu/programs,WRITTEN
hiram-college,Hiram College,Computer Science|Management|Sport Management,Accounting|Art|Biochemistry|Biology|Chemistry|Criminal Justice|Education|English|Exercise Science|History|Human Resources|Marketing|Neuroscience|Nursing|Physics|Political Science|Psychology|Public Health|Sociology|Statistics,,Computer Science|Management|Sport Management|Accounting|Art|Biochemistry|Biology|Chemistry|Criminal Justice|Education|English|Exercise Science|History|Human Resources|Marketing|Neuroscience|Nursing|Physics|Political Science|Psychology|Public Health|Sociology|Statistics,23,23,https://www.hiram.edu/academics,WRITTEN
hood-college,Hood College,Art|Biology|Business|Computer Science|Education|English|History|Information Technology|Marketing|Mathematics|Psychology,Accounting|Actuarial Science|Art History|Biochemistry|Chemistry|Criminal Justice|Cybersecurity|Data Science|Economics|Environmental Science|Finance|Graphic Design|Health Sciences|Journalism|Literature|Management|Music|Nursing|Philosophy|Physics|Political Science|Public Health|Public Relations|Religion|Social Work|Sociology,Human Resources,Art|Biology|Business|Computer Science|Education|English|History|Information Technology|Marketing|Mathematics|Psychology|Accounting|Actuarial Science|Art History|Biochemistry|Chemistry|Criminal Justice|Cybersecurity|Data Science|Economics|Environmental Science|Finance|Graphic Design|Health Sciences|Journalism|Literature|Management|Music|Nursing|Philosophy|Physics|Political Science|Public Health|Public Relations|Religion|Social Work|Sociology,38,37,https://www.hood.edu/majors,WRITTEN
hope-college,Hope College,Accounting|Art|Art History|Biochemistry|Biology|Business|Chemistry|Computer Science|Economics|Education|Engineering|English|Environmental Science|History|Kinesiology|Mathematics|Music|Neuroscience|Nursing|Philosophy|Physics|Political Science|Psychology|Religion|Social Work|Sociology|Statistics,Criminal Justice|Exercise Science|Finance|Pre-Law,Civil Engineering|Human Resources|Performing Arts,Accounting|Art|Art History|Biochemistry|Biology|Business|Chemistry|Computer Science|Economics|Education|Engineering|English|Environmental Science|History|Kinesiology|Mathematics|Music|Neuroscience|Nursing|Philosophy|Physics|Political Science|Psychology|Religion|Social Work|Sociology|Statistics|Criminal Justice|Exercise Science|Finance|Pre-Law,34,31,https://www.hope.edu/academics,WRITTEN
houghton-university,Houghton University,Accounting|Art|Athletic Training|Biochemistry|Biology|Biomedical Sciences|Business|Chemistry|Communications|Computer Science|Criminal Justice|Cybersecurity|Data Science|Education|Engineering|English|Environmental Science|Exercise Science|Finance|Forensic Science|Graphic Design|History|Literature|Management|Marketing|Mathematics|Music|Neuroscience|Nursing|Nutrition|Occupational Therapy|Philosophy|Physical Therapy|Physics|Pre-Law|Pre-Med|Pre-Nursing|Pre-Pharmacy|Pre-Physical Therapy|Pre-Veterinary Medicine|Psychology,Art History|Business Analytics|Digital Media|Economics|Human Resources|Information Technology|Journalism|Pre-Vet|Public Relations|Sports Management|Statistics,Architecture|Data Analytics|International Business|Kinesiology|Political Science|Social Work|Sports Medicine,Accounting|Art|Athletic Training|Biochemistry|Biology|Biomedical Sciences|Business|Chemistry|Communications|Computer Science|Criminal Justice|Cybersecurity|Data Science|Education|Engineering|English|Environmental Science|Exercise Science|Finance|Forensic Science|Graphic Design|History|Literature|Management|Marketing|Mathematics|Music|Neuroscience|Nursing|Nutrition|Occupational Therapy|Philosophy|Physical Therapy|Physics|Pre-Law|Pre-Med|Pre-Nursing|Pre-Pharmacy|Pre-Physical Therapy|Pre-Veterinary Medicine|Psychology|Art History|Business Analytics|Digital Media|Economics|Human Resources|Information Technology|Journalism|Pre-Vet|Public Relations|Sports Management|Statistics,59,52,https://www.houghton.edu/majors,WRITTEN
houston-christian-university,Houston Christian University,Education,Philosophy,,Education|Philosophy,2,2,https://www.hcu.edu/degrees,WRITTEN
howard-payne-university,Howard Payne University,Business|Education,Emergency Management|Management|Mathematics|Music|Nursing|Religion,,Business|Education|Emergency Management|Management|Mathematics|Music|Nursing|Religion,8,8,https://www.hputx.edu/academics,WRITTEN
huntingdon-college,Huntingdon College,Education,Accounting|Athletic Training|Business|Mathematics|Psychology,Criminal Justice|Literature|Sport Management,Education|Accounting|Athletic Training|Business|Mathematics|Psychology,9,6,https://www.huntingdon.edu/academics,WRITTEN
husson-university,Husson University,Business|Education,Communications|Criminal Justice|Marketing|Statistics,,Business|Education|Communications|Criminal Justice|Marketing|Statistics,6,6,https://www.husson.edu/academics,WRITTEN
illinois-college,Illinois College,Psychology,Accounting|Business|Education|Engineering|Kinesiology|Mechanical Engineering|Physical Therapy,Biology|Criminal Justice|Exercise Science|Finance|Nursing|Political Science,Psychology|Accounting|Business|Education|Engineering|Kinesiology|Mechanical Engineering|Physical Therapy,14,8,https://www.ic.edu,WRITTEN
illinois-institute-of-technology,Illinois Institute of Technology,Engineering,Art|Education,Entrepreneurship,Engineering|Art|Education,4,3,https://www.iit.edu/programs,WRITTEN
illinois-state-university,Illinois State University,,Agriculture|Business|Education|Engineering|Nursing|Physical Therapy,Economics|Mathematics,Agriculture|Business|Education|Engineering|Nursing|Physical Therapy,8,6,https://illinoisstate.edu/academics,WRITTEN
illinois-wesleyan-university,Illinois Wesleyan University,Accounting|Art|Biology|Business|Economics|Education|English|Finance|Graphic Design|History|Management|Mathematics|Music|Physics,Actuarial Science|Art History|Biochemistry|Chemistry|Computer Science|Data Analytics|Data Science|Engineering|Entrepreneurship|Exercise Science|Human Services|International Relations|Journalism|Kinesiology|Language Arts|Literature|Marketing|Neuroscience|Nursing|Nutrition|Occupational Therapy|Philosophy|Physical Therapy|Political Science|Pre-Dentistry|Pre-Law|Pre-Pharmacy|Pre-Physical Therapy|Pre-Veterinary Medicine|Psychology|Public Administration|Public Health|Sociology|Sports Management|Statistics,,Accounting|Art|Biology|Business|Economics|Education|English|Finance|Graphic Design|History|Management|Mathematics|Music|Physics|Actuarial Science|Art History|Biochemistry|Chemistry|Computer Science|Data Analytics|Data Science|Engineering|Entrepreneurship|Exercise Science|Human Services|International Relations|Journalism|Kinesiology|Language Arts|Literature|Marketing|Neuroscience|Nursing|Nutrition|Occupational Therapy|Philosophy|Physical Therapy|Political Science|Pre-Dentistry|Pre-Law|Pre-Pharmacy|Pre-Physical Therapy|Pre-Veterinary Medicine|Psychology|Public Administration|Public Health|Sociology|Sports Management|Statistics,49,49,https://www.iwu.edu/majors,WRITTEN
immaculata-university,Immaculata University,Biology|Business|Chemistry|Education|History|Management|Music|Psychology,Accounting|Computer Science|Cybersecurity|Emergency Management|English|Exercise Science|Finance|Marketing|Nursing|Nutrition|Philosophy|Pre-Law|Pre-Pharmacy|Respiratory Therapy|Social Work|Sport Management,,Biology|Business|Chemistry|Education|History|Management|Music|Psychology|Accounting|Computer Science|Cybersecurity|Emergency Management|English|Exercise Science|Finance|Marketing|Nursing|Nutrition|Philosophy|Pre-Law|Pre-Pharmacy|Respiratory Therapy|Social Work|Sport Management,24,24,https://www.immaculata.edu/majors,WRITTEN
indiana-state-university,Indiana State University,,Music|Philosophy,Engineering,Music|Philosophy,3,2,https://www.indstate.edu/academics,WRITTEN
indiana-university,Indiana University,,Business|Education|Management,,Business|Education|Management,3,3,https://www.iu.edu/academics,WRITTEN
iowa-state-university,Iowa State University,Pre-Law|Pre-Med,Agriculture|Business|Engineering|Entrepreneurship,,Pre-Law|Pre-Med|Agriculture|Business|Engineering|Entrepreneurship,6,6,https://www.iastate.edu/academics,WRITTEN
ithaca-college,Ithaca College,Health Sciences|Music,Business|Communications|Performing Arts,,Health Sciences|Music|Business|Communications|Performing Arts,5,5,https://www.ithaca.edu/academics,WRITTEN
jackson-state-university,Jackson State University,Business|Education|Health Sciences|Management,Engineering|History,,Business|Education|Health Sciences|Management|Engineering|History,6,6,https://www.jsums.edu/academics,WRITTEN
jacksonville-state-university,Jacksonville State University,Education,Business|Entrepreneurship|History|Kinesiology|Nursing|Performing Arts|Respiratory Therapy,,Education|Business|Entrepreneurship|History|Kinesiology|Nursing|Performing Arts|Respiratory Therapy,8,8,https://www.jsu.edu,WRITTEN
jacksonville-university,Jacksonville University,Education,Business|Kinesiology|Music|Nursing,Biology,Education|Business|Kinesiology|Music|Nursing,6,5,https://www.ju.edu,WRITTEN
james-madison-university,James Madison University,Business|Education|Engineering,Art|Communications|Music|Performing Arts,Mathematics,Business|Education|Engineering|Art|Communications|Music|Performing Arts,8,7,https://www.jmu.edu/academics,WRITTEN
john-carroll-university,John Carroll University,Business|International Business,Biology|Education|Exercise Science|History|Management|Nursing|Political Science,Entrepreneurship|Journalism,Business|International Business|Biology|Education|Exercise Science|History|Management|Nursing|Political Science,11,9,https://www.jcu.edu,WRITTEN
john-jay-college-of-criminal-justice,John Jay College of Criminal Justice,Criminal Justice|Education|Management|Psychology,Art|Business|Cybersecurity|Economics|Emergency Management|English|Finance|Forensic Science|History|Philosophy|Public Administration|Sociology,Communications|Computer Science|Human Services|Literature|Mathematics|Political Science|Pre-Law,Criminal Justice|Education|Management|Psychology|Art|Business|Cybersecurity|Economics|Emergency Management|English|Finance|Forensic Science|History|Philosophy|Public Administration|Sociology,23,16,https://www.jjay.cuny.edu/academics,WRITTEN
johns-hopkins-university,Johns Hopkins University,,,,,0,0,,NO_WRITABLE_MATCHES
johnson-and-wales-university-providence,Johnson & Wales University (Providence),,,,,0,0,,NO_WRITABLE_MATCHES
johnson-and-wales-university-charlotte,Johnson & Wales University Charlotte,,,,,0,0,,NO_WRITABLE_MATCHES
juniata-college,Juniata College,,,,,0,0,,NO_WRITABLE_MATCHES
kalamazoo-college,Kalamazoo College,Education,Art|Art History|Biochemistry|Biology|Business|Chemistry|Computer Science|Economics|Engineering|English|History|Literature|Mathematics|Media Studies|Music|Neuroscience|Philosophy|Physics|Political Science|Pre-Law|Psychology|Religion|Sociology,Public Health,Education|Art|Art History|Biochemistry|Biology|Business|Chemistry|Computer Science|Economics|Engineering|English|History|Literature|Mathematics|Media Studies|Music|Neuroscience|Philosophy|Physics|Political Science|Pre-Law|Psychology|Religion|Sociology,25,24,https://www.kzoo.edu/academics,WRITTEN
kansas-state-university,Kansas State University,,Agriculture|Architecture|Art|Business|Education|Engineering,Computer Science|Hospitality|Information Technology|Mathematics|Performing Arts,Agriculture|Architecture|Art|Business|Education|Engineering,11,6,https://www.k-state.edu/majors,WRITTEN
kean-university,Kean University,Education,Architecture|Business,Biology|Chemistry|Criminal Justice|Human Services|Mathematics|Psychology|Public Administration,Education|Architecture|Business,10,3,https://www.kean.edu/academics,WRITTEN
keene-state-college,Keene State College,Education,Business|Finance|Management|Music,Accounting|Architecture|Biology|Chemistry|Computer Science|Construction Management|Criminal Justice|Cybersecurity|Data Analytics|Exercise Science|Film Studies|Health Sciences|Journalism|Mathematics|Neuroscience|Nursing|Philosophy|Psychology|Sociology,Education|Business|Finance|Management|Music,24,5,https://www.keene.edu/academics,WRITTEN
kennesaw-state-university,Kennesaw State University,Architecture|Art|Biology|Business|Computer Science|Construction Management|Education|Engineering|Information Technology|Management|Mechanical Engineering|Nursing|Software Engineering,Accounting|Biochemistry|Chemistry|Civil Engineering|Communications|Criminal Justice|Cybersecurity|Electrical Engineering|Exercise Science|Finance|Game Design|Human Services|Marketing|Mathematics|Psychology|Public Administration|Social Work|Sport Management,,Architecture|Art|Biology|Business|Computer Science|Construction Management|Education|Engineering|Information Technology|Management|Mechanical Engineering|Nursing|Software Engineering|Accounting|Biochemistry|Chemistry|Civil Engineering|Communications|Criminal Justice|Cybersecurity|Electrical Engineering|Exercise Science|Finance|Game Design|Human Services|Marketing|Mathematics|Psychology|Public Administration|Social Work|Sport Management,31,31,https://www.kennesaw.edu/academics,WRITTEN
kent-state-university,Kent State University,Cybersecurity|Education,Business|Engineering|History|Mathematics,Environmental Science|Human Resources,Cybersecurity|Education|Business|Engineering|History|Mathematics,8,6,https://www.kent.edu/academics,WRITTEN
kenyon-college,Kenyon College,,Art|Education|Political Science|Sociology,Biology|Economics|Literature,Art|Education|Political Science|Sociology,7,4,https://www.kenyon.edu/academics,WRITTEN
keuka-college,Keuka College,Biology|Business|Education|Mathematics|Occupational Therapy|Psychology,Accounting|Art|Chemistry|Criminal Justice|English|Environmental Science|Finance|History|Human Resources|Management|Marketing|Nursing|Political Science|Social Work,Computer Science|Graphic Design|Health Sciences|Information Technology|Pre-Law|Sports Management,Biology|Business|Education|Mathematics|Occupational Therapy|Psychology|Accounting|Art|Chemistry|Criminal Justice|English|Environmental Science|Finance|History|Human Resources|Management|Marketing|Nursing|Political Science|Social Work,26,20,https://www.keuka.edu/academics,WRITTEN
keystone-college,Keystone College,Education,Business|History|Physical Therapy|Pre-Physical Therapy,,Education|Business|History|Physical Therapy|Pre-Physical Therapy,5,5,https://www.keystone.edu/academics,WRITTEN
king-s-college-pennsylvania,King's College (Pennsylvania),Business,Education|Engineering|Health Sciences|History,,Business|Education|Engineering|Health Sciences|History,5,5,https://www.kings.edu/academics,WRITTEN
knox-college,Knox College,,Art|Education|History,Mathematics,Art|Education|History,4,3,https://www.knox.edu/academics,WRITTEN
liu,LIU,,Business|Education|History|Human Resources|Information Technology|Religion,,Business|Education|History|Human Resources|Information Technology|Religion,6,6,https://www.liu.edu/academics,WRITTEN
la-roche-university,La Roche University,Education|English|History|Management,Accounting|Architecture|Biochemistry|Biology|Chemistry|Finance|Graphic Design|Health Sciences|Information Systems|Information Technology|Nursing|Visual Arts,Athletic Training|Computer Science|Criminal Justice|Cybersecurity|Human Resources|Literature|Mathematics|Physics|Political Science|Pre-Law|Psychology|Sociology,Education|English|History|Management|Accounting|Architecture|Biochemistry|Biology|Chemistry|Finance|Graphic Design|Health Sciences|Information Systems|Information Technology|Nursing|Visual Arts,28,16,https://www.laroche.edu,WRITTEN
lagrange-college,LaGrange College,Art|Business|Education|Engineering|Music,Biochemistry|Biology|Chemistry|Computer Science|Data Science|English|Entrepreneurship|Exercise Science|Finance|Graphic Design|History|Human Resources|International Business|Management|Marketing|Mathematics|Nursing|Philosophy|Physical Therapy|Political Science|Religion|Sociology|Sports Management,,Art|Business|Education|Engineering|Music|Biochemistry|Biology|Chemistry|Computer Science|Data Science|English|Entrepreneurship|Exercise Science|Finance|Graphic Design|History|Human Resources|International Business|Management|Marketing|Mathematics|Nursing|Philosophy|Physical Therapy|Political Science|Religion|Sociology|Sports Management,28,28,https://www.lagrange.edu/majors,WRITTEN
lafayette-college,Lafayette College,,Engineering|History,,Engineering|History,2,2,https://www.lafayette.edu/academics,WRITTEN
lake-forest-college,Lake Forest College,Accounting|Art|Art History|Biochemistry|Business|Chemistry|Economics|Education|Entrepreneurship|Finance|History|International Relations|Mathematics|Music|Nursing|Philosophy|Physical Therapy|Physics|Pre-Law|Psychology|Religion|Sociology|Theater,Biology|Biomedical Sciences|Communications|Computer Science|Data Science|Digital Media|Engineering|English|Human Resources|Journalism|Management|Marketing|Neuroscience|Occupational Therapy,Literature,Accounting|Art|Art History|Biochemistry|Business|Chemistry|Economics|Education|Entrepreneurship|Finance|History|International Relations|Mathematics|Music|Nursing|Philosophy|Physical Therapy|Physics|Pre-Law|Psychology|Religion|Sociology|Theater|Biology|Biomedical Sciences|Communications|Computer Science|Data Science|Digital Media|Engineering|English|Human Resources|Journalism|Management|Marketing|Neuroscience|Occupational Therapy,38,37,https://www.lakeforest.edu/academics,WRITTEN
lakeland-university,Lakeland University,Business|Chemistry|Education|Engineering|English|Management|Music|Nursing|Psychology,Accounting|Art|Biology|Computer Science|Criminal Justice|Economics|Exercise Science|Graphic Design|History|Hospitality|Hospitality Management|Human Resources|Human Services|Journalism|Literature|Marketing|Mathematics|Philosophy|Physics|Political Science|Social Work|Sociology,Biochemistry|Data Science|Finance|Performing Arts|Sport Management,Business|Chemistry|Education|Engineering|English|Management|Music|Nursing|Psychology|Accounting|Art|Biology|Computer Science|Criminal Justice|Economics|Exercise Science|Graphic Design|History|Hospitality|Hospitality Management|Human Resources|Human Services|Journalism|Literature|Marketing|Mathematics|Philosophy|Physics|Political Science|Social Work|Sociology,36,31,https://www.lakeland.edu/academics,WRITTEN
lamar-university,Lamar University,,Education|Engineering,,Education|Engineering,2,2,https://www.lamar.edu/academics,WRITTEN
lancaster-bible-college,Lancaster Bible College,Business|Education|History|Management|Music|Psychology|Social Work,Criminal Justice|Performing Arts|Sport Management,Entrepreneurship|Literature|Political Science|Pre-Law,Business|Education|History|Management|Music|Psychology|Social Work|Criminal Justice|Performing Arts|Sport Management,14,10,https://www.lbc.edu/majors,WRITTEN
lander-university,Lander University,,Business|Communications|Education|Health Sciences|History|Human Resources|Information Technology|Marketing|Mathematics|Nursing,,Business|Communications|Education|Health Sciences|History|Human Resources|Information Technology|Marketing|Mathematics|Nursing,10,10,https://www.lander.edu/academics,WRITTEN
lasell-university,Lasell University,Accounting|Art|Athletic Training|Biochemistry|Biology|Business|Criminal Justice|Education|Entrepreneurship|Finance|Forensic Science|Graphic Design|Health Sciences|Journalism|Management|Marketing|Mathematics|Psychology|Public Relations|Sport Management,Cybersecurity|Data Analytics|English|Exercise Science|Hospitality|Human Resources|Literature,Occupational Therapy|Physical Therapy|Pre-Law|Pre-Med|Pre-Physical Therapy,Accounting|Art|Athletic Training|Biochemistry|Biology|Business|Criminal Justice|Education|Entrepreneurship|Finance|Forensic Science|Graphic Design|Health Sciences|Journalism|Management|Marketing|Mathematics|Psychology|Public Relations|Sport Management|Cybersecurity|Data Analytics|English|Exercise Science|Hospitality|Human Resources|Literature,32,27,https://www.lasell.edu/academics,WRITTEN
lawrence-university,Lawrence University,Art|Music,History,Chemistry|Economics,Art|Music|History,5,3,https://www.lawrence.edu/academics,WRITTEN
le-moyne-college,Le Moyne College,Business|Education,Communications|Finance|Nursing|Performing Arts|Political Science|Psychology,Economics,Business|Education|Communications|Finance|Nursing|Performing Arts|Political Science|Psychology,9,8,https://www.lemoyne.edu/academics,WRITTEN
letourneau-university,LeTourneau University,Business|Computer Science|Digital Media|Education|Engineering|English|Finance|History|Language Arts|Management|Marketing|Mathematics|Mechanical Engineering|Nursing|Psychology,Accounting|Athletic Training|Biology|Biomedical Sciences|Chemistry|Civil Engineering|Computer Engineering|Construction Management|Criminal Justice|Information Systems|Literature|Physical Therapy|Physics|Political Science|Pre-Physical Therapy|Sport Management,Data Science|Electrical Engineering|Performing Arts|Philosophy,Business|Computer Science|Digital Media|Education|Engineering|English|Finance|History|Language Arts|Management|Marketing|Mathematics|Mechanical Engineering|Nursing|Psychology|Accounting|Athletic Training|Biology|Biomedical Sciences|Chemistry|Civil Engineering|Computer Engineering|Construction Management|Criminal Justice|Information Systems|Literature|Physical Therapy|Physics|Political Science|Pre-Physical Therapy|Sport Management,35,31,https://www.letu.edu/majors,WRITTEN
lebanon-valley-college,Lebanon Valley College,Education|History,Management|Philosophy,,Education|History|Management|Philosophy,4,4,https://www.lvc.edu/academics,WRITTEN
lees-mcrae-college,Lees-McRae College,Criminal Justice|Education|Human Services,Business|Health Sciences|History,,Criminal Justice|Education|Human Services|Business|Health Sciences|History,6,6,https://www.lmc.edu/academics,WRITTEN
lehigh-university,Lehigh University,Education|Entrepreneurship|Statistics,Business|Engineering|English|History,,Education|Entrepreneurship|Statistics|Business|Engineering|English|History,7,7,https://www.lehigh.edu/academics,WRITTEN
lehman-college,Lehman College,Art|Communications|Education|Health Sciences|Human Services|Marketing|Nursing,Business|Finance|Music|Performing Arts,Accounting|Architecture|Human Resources|Visual Arts,Art|Communications|Education|Health Sciences|Human Services|Marketing|Nursing|Business|Finance|Music|Performing Arts,15,11,https://www.lehman.edu/academics,WRITTEN
lenoir-rhyne-university,Lenoir-Rhyne University,Biology|Business|Chemistry|Computer Science|Education|History,Accounting|Actuarial Science|Art|Biochemistry|Economics|Exercise Science|Finance|Health Sciences|Human Services|Kinesiology|Literature|Management|Marketing|Mathematics|Nursing|Nutrition|Political Science|Psychology,Physics,Biology|Business|Chemistry|Computer Science|Education|History|Accounting|Actuarial Science|Art|Biochemistry|Economics|Exercise Science|Finance|Health Sciences|Human Services|Kinesiology|Literature|Management|Marketing|Mathematics|Nursing|Nutrition|Political Science|Psychology,25,24,https://www.lr.edu/degrees,WRITTEN
lesley-university,Lesley University,Art|Business|Education,Psychology|Social Work,,Art|Business|Education|Psychology|Social Work,5,5,https://www.lesley.edu/academics,WRITTEN
lewis-and-clark-college,Lewis & Clark College,Art|Education|Sociology,Art History|Biology|Business|Computer Science|English|History|Mathematics|Media Studies|Music|Neuroscience|Nutrition|Philosophy|Physics|Political Science|Pre-Law|Pre-Med|Psychology,Biochemistry|Chemistry|Cybersecurity|Data Science|Economics|Engineering,Art|Education|Sociology|Art History|Biology|Business|Computer Science|English|History|Mathematics|Media Studies|Music|Neuroscience|Nutrition|Philosophy|Physics|Political Science|Pre-Law|Pre-Med|Psychology,26,20,https://www.lclark.edu,WRITTEN
liberty-university,Liberty University,Art|Business,Education|Health Sciences|Music|Theater,Cybersecurity|Entrepreneurship,Art|Business|Education|Health Sciences|Music|Theater,8,6,https://www.liberty.edu/majors,WRITTEN
limestone-university,Limestone University,,,,,0,0,,NO_WRITABLE_MATCHES
lincoln-memorial-university,Lincoln Memorial University,Education,Business|Communications,Engineering|Human Resources|Mathematics|Nursing,Education|Business|Communications,7,3,https://www.lmunet.edu/academics,WRITTEN
linfield-university,Linfield University,Business|Education|Nursing,Accounting|Marketing,Performing Arts,Business|Education|Nursing|Accounting|Marketing,6,5,https://www.linfield.edu/academics,WRITTEN
longwood-university,Longwood University,Education,,Economics|Human Services,Education,3,1,https://www.longwood.edu/academics,WRITTEN
loras-college,Loras College,Education,Art|Religion,,Education|Art|Religion,3,3,https://www.loras.edu/academics,WRITTEN
louisburg-college,Louisburg College,,Business|History|Human Resources,Information Technology|Literature|Sociology,Business|History|Human Resources,6,3,https://www.louisburg.edu/academics,WRITTEN
louisiana-state-university,Louisiana State University,Agriculture|Art|Business|Education,Architecture|Art History|Engineering|Health Sciences|History|Management|Music|Nursing|Pre-Nursing,Communications|Construction Management|Cybersecurity|Performing Arts,Agriculture|Art|Business|Education|Architecture|Art History|Engineering|Health Sciences|History|Management|Music|Nursing|Pre-Nursing,17,13,https://www.lsu.edu/academics,WRITTEN
louisiana-tech-university,Louisiana Tech University,Accounting|Animal Science|Architecture|Art|Art History|Biochemistry|Biology|Biomedical Engineering|Business|Business Analytics|Chemistry|Civil Engineering|Communications|Computer Science|Cybersecurity|Data Analytics|Data Science|Economics|Education|Electrical Engineering|Engineering|English|Entrepreneurship|Environmental Science|Finance|Game Design|Graphic Design|Health Sciences|History|Industrial Engineering|Information Systems|Journalism|Kinesiology|Literature|Management|Marketing|Mathematics|Mechanical Engineering|Media Studies|Music|Nursing|Nutrition|Physics|Political Science|Psychology|Public Administration|Sociology|Speech Pathology|Statistics,Biotechnology|Computer Engineering|Criminal Justice|Digital Media|Exercise Science|Human Resources|Human Services|Information Technology|International Business|International Relations|Occupational Therapy|Philosophy|Physical Therapy|Pre-Law|Public Relations|Visual Arts,Exercise Physiology|Public Health|Social Work,Accounting|Animal Science|Architecture|Art|Art History|Biochemistry|Biology|Biomedical Engineering|Business|Business Analytics|Chemistry|Civil Engineering|Communications|Computer Science|Cybersecurity|Data Analytics|Data Science|Economics|Education|Electrical Engineering|Engineering|English|Entrepreneurship|Environmental Science|Finance|Game Design|Graphic Design|Health Sciences|History|Industrial Engineering|Information Systems|Journalism|Kinesiology|Literature|Management|Marketing|Mathematics|Mechanical Engineering|Media Studies|Music|Nursing|Nutrition|Physics|Political Science|Psychology|Public Administration|Sociology|Speech Pathology|Statistics|Biotechnology|Computer Engineering|Criminal Justice|Digital Media|Exercise Science|Human Resources|Human Services|Information Technology|International Business|International Relations|Occupational Therapy|Philosophy|Physical Therapy|Pre-Law|Public Relations|Visual Arts,68,65,https://www.latech.edu/majors,WRITTEN
loyola-marymount-university,Loyola Marymount University,Business|Education|Hospitality|Religion,Communications|Engineering|Finance|History|Human Resources|Information Technology|Management|Marketing,,Business|Education|Hospitality|Religion|Communications|Engineering|Finance|History|Human Resources|Information Technology|Management|Marketing,12,12,https://www.lmu.edu/academics,WRITTEN
lycoming-college,Lycoming College,Actuarial Science|Education|Engineering|Management|Mathematics|Nursing|Philosophy|Physics|Psychology,Accounting|Art|Art History|Biochemistry|Biology|Business|Chemistry|Computer Science|Criminal Justice|Data Science|Economics|English|Entrepreneurship|Environmental Science|Film Studies|Finance|Graphic Design|Health Sciences|History|Human Services|Literature|Marketing|Media Studies|Music|Neuroscience|Performing Arts|Physical Therapy|Political Science|Pre-Dentistry|Pre-Law|Pre-Pharmacy|Pre-Physical Therapy|Religion|Sociology|Veterinary Science,,Actuarial Science|Education|Engineering|Management|Mathematics|Nursing|Philosophy|Physics|Psychology|Accounting|Art|Art History|Biochemistry|Biology|Business|Chemistry|Computer Science|Criminal Justice|Data Science|Economics|English|Entrepreneurship|Environmental Science|Film Studies|Finance|Graphic Design|Health Sciences|History|Human Services|Literature|Marketing|Media Studies|Music|Neuroscience|Performing Arts|Physical Therapy|Political Science|Pre-Dentistry|Pre-Law|Pre-Pharmacy|Pre-Physical Therapy|Religion|Sociology|Veterinary Science,44,44,https://www.lycoming.edu/academics,WRITTEN
lyon-college,Lyon College,Accounting|Business|Computer Science|Economics|Education|History|Literature|Physics,Art|Biology|Chemistry|Data Science|Emergency Management|Engineering|English|Entrepreneurship|Exercise Science|Information Technology|Journalism|Management|Marketing|Mathematics|Media Studies|Music|Neuroscience|Nursing|Occupational Therapy|Philosophy|Physical Therapy|Political Science|Pre-Law|Pre-Pharmacy|Pre-Physical Therapy|Religion,,Accounting|Business|Computer Science|Economics|Education|History|Literature|Physics|Art|Biology|Chemistry|Data Science|Emergency Management|Engineering|English|Entrepreneurship|Exercise Science|Information Technology|Journalism|Management|Marketing|Mathematics|Media Studies|Music|Neuroscience|Nursing|Occupational Therapy|Philosophy|Physical Therapy|Political Science|Pre-Law|Pre-Pharmacy|Pre-Physical Therapy|Religion,34,34,https://www.lyon.edu/academics,WRITTEN
maine-maritime-academy,Maine Maritime Academy,Education,Business|Engineering|Management,Communications|International Business,Education|Business|Engineering|Management,6,4,https://www.mainemaritime.edu/academics,WRITTEN
manchester-university,Manchester University,Accounting|Art|Athletic Training|Biology|Management,Business|Criminal Justice|Education|History|Marketing|Mathematics|Physical Therapy|Pre-Physical Therapy|Social Work|Sociology|Sport Management,Chemistry|Computer Science|Exercise Science|Finance|Human Services|Nursing|Nutrition|Philosophy|Political Science|Psychology,Accounting|Art|Athletic Training|Biology|Management|Business|Criminal Justice|Education|History|Marketing|Mathematics|Physical Therapy|Pre-Physical Therapy|Social Work|Sociology|Sport Management,26,16,https://www.manchester.edu/programs,WRITTEN
manhattan-university,Manhattan University,,Business|Engineering|History,Business Analytics,Business|Engineering|History,4,3,https://manhattan.edu/academics,WRITTEN
manhattanville-university,Manhattanville University,Education|Health Sciences|Nursing,Business|Marketing,Human Resources,Education|Health Sciences|Nursing|Business|Marketing,6,5,https://www.mville.edu/academics,WRITTEN
maranatha-baptist-university,Maranatha Baptist University,Education|Music,Business|History|Nursing,,Education|Music|Business|History|Nursing,5,5,https://www.mbu.edu/academics,WRITTEN
marian-university-wisconsin,Marian University (Wisconsin),,,,,0,0,,NO_WRITABLE_MATCHES
marietta-college,Marietta College,History,Entrepreneurship|Information Technology|Music,,History|Entrepreneurship|Information Technology|Music,4,4,https://www.marietta.edu/academics,WRITTEN
marist-university,Marist University,Computer Science|Education|Mathematics,Art|History|Human Resources|Information Technology|Management,Architecture|Physical Therapy|Public Administration,Computer Science|Education|Mathematics|Art|History|Human Resources|Information Technology|Management,11,8,https://www.marist.edu,WRITTEN
marquette-university,Marquette University,Business|Education,Health Sciences,Engineering|Nursing,Business|Education|Health Sciences,5,3,https://www.marquette.edu/academics,WRITTEN
mars-hill-university,Mars Hill University,Art|Business|Criminal Justice|Education|Graphic Design|History|Management|Visual Arts,Art History|Biochemistry|Biology|Biomedical Sciences|Chemistry|Computer Science|Data Analytics|English|Mathematics|Music|Philosophy|Political Science|Psychology|Religion|Social Work|Sociology|Sport Management|Web Development,Athletic Training|Communications|Health Sciences|Kinesiology|Nursing|Occupational Therapy|Physical Therapy|Pre-Law,Art|Business|Criminal Justice|Education|Graphic Design|History|Management|Visual Arts|Art History|Biochemistry|Biology|Biomedical Sciences|Chemistry|Computer Science|Data Analytics|English|Mathematics|Music|Philosophy|Political Science|Psychology|Religion|Social Work|Sociology|Sport Management|Web Development,34,26,https://www.mhu.edu/academics,WRITTEN
marshall-university,Marshall University,Education,Communications|History|Human Resources|Marketing,,Education|Communications|History|Human Resources|Marketing,5,5,https://www.marshall.edu/academics,WRITTEN
martin-luther-college,Martin Luther College,Education,Music|Public Relations,,Education|Music|Public Relations,3,3,https://www.mlc-wels.edu/academics,WRITTEN
mary-baldwin-university,Mary Baldwin University,Business|Education|Health Sciences,Nursing,Mathematics|Performing Arts,Business|Education|Health Sciences|Nursing,6,4,https://www.marybaldwin.edu/academics,WRITTEN
marymount-university-virginia,Marymount University (Virginia),,Business|Education|Emergency Management|History|Management,,Business|Education|Emergency Management|History|Management,5,5,https://www.marymount.edu/academics,WRITTEN
marywood-university,Marywood University,Education,English|History|Human Resources,,Education|English|History|Human Resources,4,4,https://www.marywood.edu/academics,WRITTEN
massachusetts-college-of-liberal-arts,Massachusetts College of Liberal Arts,Biology|Business|Communications|Education|History|Management|Mathematics|Psychology|Sociology,Art|Chemistry|Computer Science|Criminal Justice|Data Science|Digital Media|Engineering|English|Finance|Health Sciences|Journalism|Marketing|Music|Nursing|Nutrition|Philosophy|Physical Therapy|Physics|Political Science|Pre-Law|Public Health|Social Work,Entrepreneurship|Human Resources|Information Technology|Occupational Therapy|Pre-Physical Therapy|Public Relations|Sports Medicine,Biology|Business|Communications|Education|History|Management|Mathematics|Psychology|Sociology|Art|Chemistry|Computer Science|Criminal Justice|Data Science|Digital Media|Engineering|English|Finance|Health Sciences|Journalism|Marketing|Music|Nursing|Nutrition|Philosophy|Physical Therapy|Physics|Political Science|Pre-Law|Public Health|Social Work,38,31,https://www.mcla.edu/academics,WRITTEN
massachusetts-maritime-academy,Massachusetts Maritime Academy,Business|Emergency Management|Engineering|Management,Accounting|Economics|Finance|Public Health,Statistics,Business|Emergency Management|Engineering|Management|Accounting|Economics|Finance|Public Health,9,8,https://www.maritime.edu,WRITTEN
mcdaniel-college,McDaniel College,Biology|Education|History|Management|Occupational Therapy,Accounting|Agriculture|Art|Athletic Training|Biochemistry|Business|Chemistry|Economics|Entrepreneurship|Human Services|International Relations|Journalism|Kinesiology|Mathematics|Neuroscience|Nursing|Nutrition|Philosophy|Physics|Pre-Med|Psychology|Public Health|Social Work,Architecture|Computer Science|Engineering|Finance|Health Sciences|Human Resources|Literature|Physical Therapy|Political Science|Sociology|Statistics|Theater,Biology|Education|History|Management|Occupational Therapy|Accounting|Agriculture|Art|Athletic Training|Biochemistry|Business|Chemistry|Economics|Entrepreneurship|Human Services|International Relations|Journalism|Kinesiology|Mathematics|Neuroscience|Nursing|Nutrition|Philosophy|Physics|Pre-Med|Psychology|Public Health|Social Work,40,28,https://www.mcdaniel.edu/academics,WRITTEN
mcmurry-university,McMurry University,Business|Education|Music|Nursing,Human Resources|Marketing|Religion,,Business|Education|Music|Nursing|Human Resources|Marketing|Religion,7,7,https://www.mcm.edu,WRITTEN
mcneese-state-university,McNeese State University,,,,,0,0,,NO_WRITABLE_MATCHES
medgar-evers-college,Medgar Evers College,English,Business|Education|Management|Music,Human Resources|Literature,English|Business|Education|Management|Music,7,5,https://www.mec.cuny.edu/academics/programs,WRITTEN
mercer-university,Mercer University,Education,Art|Engineering|English|Graphic Design|History|Information Technology,Communications|Health Sciences|Nursing|Philosophy,Education|Art|Engineering|English|Graphic Design|History|Information Technology,11,7,https://www.mercer.edu/academics,WRITTEN
merrimack-college,Merrimack College,Business|Education|Health Sciences|Social Work,Engineering|History|Human Resources|Nursing,Communications,Business|Education|Health Sciences|Social Work|Engineering|History|Human Resources|Nursing,9,8,https://www.merrimack.edu/academics,WRITTEN
messiah-university,Messiah University,,Business|Education|History|Mathematics,,Business|Education|History|Mathematics,4,4,https://www.messiah.edu,WRITTEN
methodist-university,Methodist University,Education|Human Services,Art|Business|Health Sciences|Performing Arts,,Education|Human Services|Art|Business|Health Sciences|Performing Arts,6,6,https://www.methodist.edu/academics,WRITTEN
miami-university,Miami University,Business|Education|Engineering,Art|English|Software Engineering,Biomedical Engineering|Economics|Human Resources|Kinesiology|Nutrition|Public Health|Social Work,Business|Education|Engineering|Art|English|Software Engineering,13,6,https://miamioh.edu/academics,WRITTEN
michigan-state-university,Michigan State University,Education,History|Human Resources,,Education|History|Human Resources,3,3,https://msu.edu/academics,WRITTEN
middle-tennessee-state-university,Middle Tennessee State University,Animal Science|Art|Biology|Business|Chemistry|Computer Science|Construction Management|Cybersecurity|Data Science|Economics|Education|Engineering|English|Finance|History|Hospitality|Hospitality Management|Information Systems|Journalism|Management|Marketing|Mathematics|Music|Nursing|Nutrition|Physics|Psychology|Public Health|Public Relations|Social Work|Sociology|Sport Management,Accounting|Actuarial Science|Architecture|Art History|Athletic Training|Biochemistry|Biomedical Sciences|Biotechnology|Computer Engineering|Criminal Justice|Data Analytics|Emergency Management|Entrepreneurship|Environmental Science|Exercise Physiology|Exercise Science|Forensic Science|Graphic Design|Health Administration|Health Sciences|Human Resources|Information Technology|International Relations|Literature|Mechanical Engineering|Media Studies|Philosophy|Pre-Law|Pre-Veterinary Medicine|Statistics|Visual Arts,Digital Media,Animal Science|Art|Biology|Business|Chemistry|Computer Science|Construction Management|Cybersecurity|Data Science|Economics|Education|Engineering|English|Finance|History|Hospitality|Hospitality Management|Information Systems|Journalism|Management|Marketing|Mathematics|Music|Nursing|Nutrition|Physics|Psychology|Public Health|Public Relations|Social Work|Sociology|Sport Management|Accounting|Actuarial Science|Architecture|Art History|Athletic Training|Biochemistry|Biomedical Sciences|Biotechnology|Computer Engineering|Criminal Justice|Data Analytics|Emergency Management|Entrepreneurship|Environmental Science|Exercise Physiology|Exercise Science|Forensic Science|Graphic Design|Health Administration|Health Sciences|Human Resources|Information Technology|International Relations|Literature|Mechanical Engineering|Media Studies|Philosophy|Pre-Law|Pre-Veterinary Medicine|Statistics|Visual Arts,64,63,https://www.mtsu.edu/programs,WRITTEN
middlebury-college,Middlebury College,Art|Education,Architecture|Biology|Computer Science|Performing Arts,Neuroscience,Art|Education|Architecture|Biology|Computer Science|Performing Arts,7,6,https://www.middlebury.edu/academics,WRITTEN
millikin-university,Millikin University,Art|Biology|Business|Criminal Justice|Education|Engineering|English|History|Management|Marketing|Mathematics|Music|Nursing,Accounting|Athletic Training|Biochemistry|Biomedical Engineering|Chemistry|Civil Engineering|Computer Engineering|Computer Science|Cybersecurity|Electrical Engineering|Entrepreneurship|Exercise Science|Finance|Graphic Design|Information Systems|Information Technology|International Business|Mechanical Engineering|Occupational Therapy|Physical Therapy|Physics|Political Science|Pre-Dentistry|Pre-Law|Pre-Pharmacy|Pre-Physical Therapy|Pre-Veterinary Medicine|Psychology|Sociology|Statistics,,Art|Biology|Business|Criminal Justice|Education|Engineering|English|History|Management|Marketing|Mathematics|Music|Nursing|Accounting|Athletic Training|Biochemistry|Biomedical Engineering|Chemistry|Civil Engineering|Computer Engineering|Computer Science|Cybersecurity|Electrical Engineering|Entrepreneurship|Exercise Science|Finance|Graphic Design|Information Systems|Information Technology|International Business|Mechanical Engineering|Occupational Therapy|Physical Therapy|Physics|Political Science|Pre-Dentistry|Pre-Law|Pre-Pharmacy|Pre-Physical Therapy|Pre-Veterinary Medicine|Psychology|Sociology|Statistics,43,43,https://www.millikin.edu/academics,WRITTEN
milwaukee-school-of-engineering,Milwaukee School of Engineering,Business|Education|Engineering|Mathematics|Nursing,Actuarial Science|Art|Computer Science|Marketing,Entrepreneurship,Business|Education|Engineering|Mathematics|Nursing|Actuarial Science|Art|Computer Science|Marketing,10,9,https://www.msoe.edu/academics,WRITTEN
mississippi-state-university,Mississippi State University,Education,Agriculture|Architecture|Art|Business|Engineering|Human Resources|Nursing|Public Relations,Information Technology,Education|Agriculture|Architecture|Art|Business|Engineering|Human Resources|Nursing|Public Relations,10,9,https://www.msstate.edu/academics,WRITTEN
mississippi-valley-state-university,Mississippi Valley State University,,,,,0,0,,NO_WRITABLE_MATCHES
missouri-state-university,Missouri State University,Accounting|Agriculture|Art|Biology|Business|Chemistry|Criminal Justice|Cybersecurity|Education|Engineering|English|History|Hospitality|Management|Marketing|Mathematics|Nursing|Occupational Therapy|Physical Therapy|Physics|Psychology|Sociology,Animal Science|Art History|Athletic Training|Biochemistry|Biotechnology|Civil Engineering|Computer Science|Economics|Entrepreneurship|Finance|Graphic Design|Health Administration|Health Sciences|Human Services|Information Technology|Journalism|Literature|Mechanical Engineering|Music|Nutrition|Philosophy|Political Science|Public Administration|Public Health|Religion|Social Work|Statistics|Theater,Architecture|Biomedical Sciences|Communications|Computer Engineering|Construction Management|Data Analytics|Data Science|Electrical Engineering|Exercise Science|Film Studies|Hospitality Management|Human Resources|International Business|International Relations|Kinesiology|Language Arts|Media Studies|Pre-Dentistry|Pre-Law|Pre-Pharmacy|Pre-Physical Therapy|Pre-Veterinary Medicine|Public Relations|Respiratory Therapy|Software Engineering|Sports Management|Sports Medicine,Accounting|Agriculture|Art|Biology|Business|Chemistry|Criminal Justice|Cybersecurity|Education|Engineering|English|History|Hospitality|Management|Marketing|Mathematics|Nursing|Occupational Therapy|Physical Therapy|Physics|Psychology|Sociology|Animal Science|Art History|Athletic Training|Biochemistry|Biotechnology|Civil Engineering|Computer Science|Economics|Entrepreneurship|Finance|Graphic Design|Health Administration|Health Sciences|Human Services|Information Technology|Journalism|Literature|Mechanical Engineering|Music|Nutrition|Philosophy|Political Science|Public Administration|Public Health|Religion|Social Work|Statistics|Theater,77,50,https://www.missouristate.edu/academics,WRITTEN
mitchell-college,Mitchell College,Business|Criminal Justice|Education|Management|Nursing|Performing Arts|Psychology|Sport Management,Entrepreneurship|Environmental Science|Exercise Science|Health Sciences|Human Services|Marketing|Public Health|Sociology|Statistics,Communications|Hospitality|Hospitality Management,Business|Criminal Justice|Education|Management|Nursing|Performing Arts|Psychology|Sport Management|Entrepreneurship|Environmental Science|Exercise Science|Health Sciences|Human Services|Marketing|Public Health|Sociology|Statistics,20,17,https://www.mitchell.edu/academics,WRITTEN
monmouth-college-illinois,Monmouth College (Illinois),Chemistry|Education,Art|Biochemistry|Business|Public Health,Computer Science|Urban Planning,Chemistry|Education|Art|Biochemistry|Business|Public Health,8,6,https://www.monmouthcollege.edu/academics,WRITTEN
monmouth-university,Monmouth University,Business|Education|Nursing,Accounting|Criminal Justice|Economics|English|Finance|International Business|Management|Political Science|Social Work,Biology|Chemistry|Computer Science|Engineering|Mathematics|Physics|Psychology|Software Engineering,Business|Education|Nursing|Accounting|Criminal Justice|Economics|English|Finance|International Business|Management|Political Science|Social Work,20,12,https://www.monmouth.edu/academics,WRITTEN
montclair-state-university,Montclair State University,Education,Business|Digital Media|International Business|Journalism|Nursing,,Education|Business|Digital Media|International Business|Journalism|Nursing,6,6,https://www.montclair.edu/academics,WRITTEN
moravian-university,Moravian University,Education,Biology|History,Chemistry|Economics|Human Resources,Education|Biology|History,6,3,https://www.moravian.edu/academics,WRITTEN
morehead-state-university,Morehead State University,Education,Business|Mathematics,,Education|Business|Mathematics,3,3,https://www.moreheadstate.edu/academics,WRITTEN
mount-aloysius-college,Mount Aloysius College,Nursing,Biology|Education|History|Management,,Nursing|Biology|Education|History|Management,5,5,https://www.mtaloy.edu/academics,WRITTEN
mount-olive-university,Mount Olive University,Business|Education,Agriculture,Public Relations,Business|Education|Agriculture,4,3,https://umo.edu/academics,WRITTEN
mount-saint-mary-college-new-york,Mount Saint Mary College (New York),Accounting|Art|Biology|Business|Chemistry|Education,Actuarial Science|Management|Mathematics,Nursing,Accounting|Art|Biology|Business|Chemistry|Education|Actuarial Science|Management|Mathematics,10,9,https://www.msmc.edu/programs,WRITTEN
mount-st-joseph-university,Mount St. Joseph University,Education,Art|Business|Health Sciences,,Education|Art|Business|Health Sciences,4,4,https://www.msj.edu/academics,WRITTEN
mount-st-marys-university,Mount St. Mary's University,Education,Business|Entrepreneurship|Management|Mathematics,,Education|Business|Entrepreneurship|Management|Mathematics,5,5,https://www.msmary.edu/academics,WRITTEN
muhlenberg-college,Muhlenberg College,Accounting|Education,Art|Computer Science|History|Mathematics|Music|Statistics,Communications|Engineering,Accounting|Education|Art|Computer Science|History|Mathematics|Music|Statistics,10,8,https://www.muhlenberg.edu/academics,WRITTEN
murray-state-university,Murray State University,,Animal Science|Criminal Justice|Education,Engineering|Human Resources|Nursing,Animal Science|Criminal Justice|Education,6,3,https://www.murraystate.edu/academics,WRITTEN
muskingum-university,Muskingum University,Education|Nursing,Business|Occupational Therapy,Human Resources,Education|Nursing|Business|Occupational Therapy,5,4,https://www.muskingum.edu/academics,WRITTEN
naval-academy,Naval Academy,History,Education|Engineering,Mathematics,History|Education|Engineering,4,3,https://www.usna.edu,WRITTEN
nazareth-university,Nazareth University,,,,,0,0,,NO_WRITABLE_MATCHES
nebraska-wesleyan-university,Nebraska Wesleyan University,,Business|History|Music,,Business|History|Music,3,3,https://www.nebrwesleyan.edu,WRITTEN
neumann-university,Neumann University,Business|Education,Management|Sport Management,Biology|Human Resources,Business|Education|Management|Sport Management,6,4,https://www.neumann.edu/academics,WRITTEN
new-england-college,New England College,Art|Business|Criminal Justice|Education|Human Services|Information Technology|Management|Nursing|Psychology,Accounting|Biochemistry|Biology|Communications|Data Analytics|Health Sciences|History|Human Resources|Literature|Philosophy,,Art|Business|Criminal Justice|Education|Human Services|Information Technology|Management|Nursing|Psychology|Accounting|Biochemistry|Biology|Communications|Data Analytics|Health Sciences|History|Human Resources|Literature|Philosophy,19,19,https://www.nec.edu/academics,WRITTEN
new-jersey-city-university,New Jersey City University,Education,Business|Business Analytics|Criminal Justice|Cybersecurity|Data Science|Exercise Science|Management|Nursing,,Education|Business|Business Analytics|Criminal Justice|Cybersecurity|Data Science|Exercise Science|Management|Nursing,9,9,https://www.njcu.edu/academics,WRITTEN
new-mexico-state-university,New Mexico State University,Business|Education|Engineering|Management,Accounting|Criminal Justice|Economics|Finance|Information Systems|International Business|Marketing|Physical Therapy|Psychology,Computer Engineering|Kinesiology|Nursing|Public Health|Social Work|Sociology,Business|Education|Engineering|Management|Accounting|Criminal Justice|Economics|Finance|Information Systems|International Business|Marketing|Physical Therapy|Psychology,19,13,https://www.nmsu.edu/academics,WRITTEN
new-york-university,New York University,,Art,,Art,1,1,https://www.nyu.edu,WRITTEN
newberry-college,Newberry College,Business,Communications|Computer Science|Criminal Justice|Education|Music|Nursing|Psychology,Information Technology|Mathematics|Statistics,Business|Communications|Computer Science|Criminal Justice|Education|Music|Nursing|Psychology,11,8,https://www.newberry.edu/academics,WRITTEN
niagara-university,Niagara University,Education,Art|Business|Hospitality|Management|Marketing|Nursing|Statistics,Social Work,Education|Art|Business|Hospitality|Management|Marketing|Nursing|Statistics,9,8,https://www.niagara.edu/academics,WRITTEN
nicholls-state-university,Nicholls State University,Business|Education,Management|Nursing,Biology,Business|Education|Management|Nursing,5,4,https://www.nicholls.edu/academics,WRITTEN
nichols-college,Nichols College,Accounting|Business|Economics|Education|Management|Marketing,Business Analytics|Criminal Justice|English|Entrepreneurship|Finance|History|Political Science|Psychology|Sport Management,Data Analytics|Hospitality|International Business,Accounting|Business|Economics|Education|Management|Marketing|Business Analytics|Criminal Justice|English|Entrepreneurship|Finance|History|Political Science|Psychology|Sport Management,18,15,https://www.nichols.edu/academics,WRITTEN
norfolk-state-university,Norfolk State University,Biology|Business|Chemistry|Communications|Computer Engineering|Computer Science|Cybersecurity|Education|Engineering|History|Management|Mathematics|Music|Physics|Psychology|Public Health|Social Work|Sociology,Biomedical Engineering|Construction Management|Criminal Justice|English|Entrepreneurship|Finance|Graphic Design|Hospitality|Hospitality Management|Human Resources|Information Technology|Journalism|Marketing|Nursing|Nutrition|Performing Arts|Political Science|Pre-Med|Software Engineering|Statistics|Theater,Accounting|Exercise Science,Biology|Business|Chemistry|Communications|Computer Engineering|Computer Science|Cybersecurity|Education|Engineering|History|Management|Mathematics|Music|Physics|Psychology|Public Health|Social Work|Sociology|Biomedical Engineering|Construction Management|Criminal Justice|English|Entrepreneurship|Finance|Graphic Design|Hospitality|Hospitality Management|Human Resources|Information Technology|Journalism|Marketing|Nursing|Nutrition|Performing Arts|Political Science|Pre-Med|Software Engineering|Statistics|Theater,41,39,https://www.nsu.edu/academics,WRITTEN
north-carolina-at-state-university,North Carolina A&T State University,Business|Economics|Education|Engineering|History|Management,Accounting|Agriculture|Animal Science|Biology|Chemistry|Computer Science|English|Health Sciences|Information Technology|Journalism|Mathematics|Mechanical Engineering|Visual Arts,Architecture|Computer Engineering|Construction Management|Criminal Justice|Data Science|Electrical Engineering|Finance|Human Resources|Kinesiology|Literature|Nursing|Physics|Political Science|Psychology|Social Work|Sociology|Theater,Business|Economics|Education|Engineering|History|Management|Accounting|Agriculture|Animal Science|Biology|Chemistry|Computer Science|English|Health Sciences|Information Technology|Journalism|Mathematics|Mechanical Engineering|Visual Arts,36,19,https://www.ncat.edu,WRITTEN
north-carolina-central-university,North Carolina Central University,Business|Education,Criminal Justice|Management|Psychology,Health Sciences|Nursing,Business|Education|Criminal Justice|Management|Psychology,7,5,https://www.nccu.edu/academics,WRITTEN
north-carolina-state-university,North Carolina State University,Education|Entrepreneurship,Accounting|Architecture|Biology,,Education|Entrepreneurship|Accounting|Architecture|Biology,5,5,https://www.ncsu.edu/academics,WRITTEN
north-carolina-wesleyan-university,North Carolina Wesleyan University,Art|Education,Business|Criminal Justice|English|Marketing|Mathematics,Health Sciences,Art|Education|Business|Criminal Justice|English|Marketing|Mathematics,8,7,https://ncwu.edu/academics,WRITTEN
north-central-college,North Central College,,,,,0,0,,NO_WRITABLE_MATCHES
north-central-university,North Central University,Business|Education|Literature|Management,Accounting|Art|Communications|Emergency Management|Finance|History|Marketing|Mathematics|Music|Psychology|Social Work|Sports Management,,Business|Education|Literature|Management|Accounting|Art|Communications|Emergency Management|Finance|History|Marketing|Mathematics|Music|Psychology|Social Work|Sports Management,16,16,https://www.northcentral.edu/academics,WRITTEN
north-greenville-university,North Greenville University,,Business|Education|Entrepreneurship|Marketing|Statistics,Communications|Health Sciences|Theater,Business|Education|Entrepreneurship|Marketing|Statistics,8,5,https://ngu.edu/academics,WRITTEN
north-park-university,North Park University,Art|Business,Accounting|Actuarial Science|Biochemistry|Biology|Biomedical Sciences|Chemistry|Computer Science|Criminal Justice|Education|Health Sciences|Management|Marketing|Music|Nursing|Psychology,Human Resources,Art|Business|Accounting|Actuarial Science|Biochemistry|Biology|Biomedical Sciences|Chemistry|Computer Science|Criminal Justice|Education|Health Sciences|Management|Marketing|Music|Nursing|Psychology,18,17,https://www.northpark.edu/majors,WRITTEN
northeastern-university,Northeastern University,Education|Entrepreneurship,Art|Finance|Health Sciences,Engineering,Education|Entrepreneurship|Art|Finance|Health Sciences,6,5,https://www.northeastern.edu/academics,WRITTEN
northern-illinois-university,Northern Illinois University,Business|Education|Engineering,Health Sciences|Performing Arts,,Business|Education|Engineering|Health Sciences|Performing Arts,5,5,https://www.niu.edu/academics,WRITTEN
northern-kentucky-university,Northern Kentucky University,Education|Human Services,Art|Business,,Education|Human Services|Art|Business,4,4,https://www.nku.edu/academics,WRITTEN
northwestern-state-university,Northwestern State University,Communications,Business,,Communications|Business,2,2,https://www.nsula.edu,WRITTEN
northwestern-university,Northwestern University,Education|Engineering,Art|Communications|Entrepreneurship|History|Journalism|Management|Music,Computer Science|Data Analytics|Mathematics|Performing Arts|Theater,Education|Engineering|Art|Communications|Entrepreneurship|History|Journalism|Management|Music,14,9,https://www.northwestern.edu/academics,WRITTEN
norwich-university,Norwich University,Education,Business|Cybersecurity|History,,Education|Business|Cybersecurity|History,4,4,https://www.norwich.edu/academics,WRITTEN
notre-dame-of-maryland-university,Notre Dame of Maryland University,Business|Education|Nursing|Occupational Therapy,Art|History|Human Resources|Information Technology,,Business|Education|Nursing|Occupational Therapy|Art|History|Human Resources|Information Technology,8,8,https://www.ndm.edu/academics,WRITTEN
oakland-university,Oakland University,Business|Education|Engineering,Art|Computer Science|Cybersecurity|Health Sciences|Human Services|Nursing,,Business|Education|Engineering|Art|Computer Science|Cybersecurity|Health Sciences|Human Services|Nursing,9,9,https://www.oakland.edu/programs,WRITTEN
oberlin-college,Oberlin College,Art|Education|History|Music|Theater,Art History|Biochemistry|Biology|Business|Chemistry|Computer Science|Data Science|Economics|Engineering|English|Environmental Science|Journalism|Literature|Management|Mathematics|Neuroscience|Philosophy|Physics|Psychology|Religion|Sociology,,Art|Education|History|Music|Theater|Art History|Biochemistry|Biology|Business|Chemistry|Computer Science|Data Science|Economics|Engineering|English|Environmental Science|Journalism|Literature|Management|Mathematics|Neuroscience|Philosophy|Physics|Psychology|Religion|Sociology,26,26,https://www.oberlin.edu,WRITTEN
occidental-college,Occidental College,Education,Art|Art History|Biology|Computer Science|Economics|Engineering|History|Kinesiology|Literature|Music|Neuroscience|Philosophy|Physics|Pre-Law|Psychology|Public Health|Sociology,,Education|Art|Art History|Biology|Computer Science|Economics|Engineering|History|Kinesiology|Literature|Music|Neuroscience|Philosophy|Physics|Pre-Law|Psychology|Public Health|Sociology,18,18,https://www.oxy.edu/academics,WRITTEN
oglethorpe-university,Oglethorpe University,Business|History,Art|Education|English,Psychology,Business|History|Art|Education|English,6,5,https://www.oglethorpe.edu/academics,WRITTEN
ohio-northern-university,Ohio Northern University,Accounting|Biology|Business|Education|Engineering|English|History|Management|Mathematics|Music|Philosophy|Psychology,Actuarial Science|Art|Athletic Training|Biochemistry|Biomedical Engineering|Biomedical Sciences|Business Analytics|Chemistry|Civil Engineering|Computer Engineering|Computer Science|Construction Management|Criminal Justice|Cybersecurity|Data Analytics|Economics|Electrical Engineering|Entrepreneurship|Exercise Physiology|Finance|Health Sciences|Human Resources|Marketing|Mechanical Engineering|Neuroscience|Nursing|Occupational Therapy|Physical Therapy|Political Science|Pre-Dentistry|Pre-Law|Pre-Physical Therapy|Public Health|Public Relations|Sociology|Sport Management|Statistics|Strength & Conditioning,Communications|Pre-Med,Accounting|Biology|Business|Education|Engineering|English|History|Management|Mathematics|Music|Philosophy|Psychology|Actuarial Science|Art|Athletic Training|Biochemistry|Biomedical Engineering|Biomedical Sciences|Business Analytics|Chemistry|Civil Engineering|Computer Engineering|Computer Science|Construction Management|Criminal Justice|Cybersecurity|Data Analytics|Economics|Electrical Engineering|Entrepreneurship|Exercise Physiology|Finance|Health Sciences|Human Resources|Marketing|Mechanical Engineering|Neuroscience|Nursing|Occupational Therapy|Physical Therapy|Political Science|Pre-Dentistry|Pre-Law|Pre-Physical Therapy|Public Health|Public Relations|Sociology|Sport Management|Statistics|Strength & Conditioning,52,50,https://www.onu.edu/academics,WRITTEN
ohio-state-university,Ohio State University,Education,,,Education,1,1,https://www.osu.edu/academics,WRITTEN
ohio-university,Ohio University,,Business|Communications|Education|Entrepreneurship,,Business|Communications|Education|Entrepreneurship,4,4,https://www.ohio.edu/academics,WRITTEN
ohio-wesleyan-university,Ohio Wesleyan University,Art|Education|Entrepreneurship,Biology|Business|History|Mathematics,Economics|Psychology,Art|Education|Entrepreneurship|Biology|Business|History|Mathematics,9,7,https://www.owu.edu/academics,WRITTEN
oklahoma-state-university,Oklahoma State University,,,,,0,0,,NO_WRITABLE_MATCHES
old-dominion-university,Old Dominion University,Art|Education,Business|Computer Science|Cybersecurity|Data Science|Engineering|Health Sciences|History|Nursing|Public Health,Emergency Management,Art|Education|Business|Computer Science|Cybersecurity|Data Science|Engineering|Health Sciences|History|Nursing|Public Health,12,11,https://www.odu.edu/academics,WRITTEN
oregon-state-university,Oregon State University,Education,Business,Engineering,Education|Business,3,2,https://oregonstate.edu/academics,WRITTEN
otterbein-university,Otterbein University,Accounting|Actuarial Science|Art|Art History|Biochemistry|Biology|Business|Chemistry|Computer Science|Economics|Education|Engineering|English|Environmental Science|History|Management|Mechanical Engineering|Music|Nursing|Philosophy|Physical Therapy|Physics|Political Science|Pre-Law|Pre-Vet|Psychology|Religion|Sociology,Athletic Training|Business Analytics|Exercise Science|Film Studies|Finance|International Business|Journalism|Language Arts|Literature|Marketing|Mathematics|Nutrition|Occupational Therapy|Pre-Med|Public Health|Public Relations|Sport Management,,Accounting|Actuarial Science|Art|Art History|Biochemistry|Biology|Business|Chemistry|Computer Science|Economics|Education|Engineering|English|Environmental Science|History|Management|Mechanical Engineering|Music|Nursing|Philosophy|Physical Therapy|Physics|Political Science|Pre-Law|Pre-Vet|Psychology|Religion|Sociology|Athletic Training|Business Analytics|Exercise Science|Film Studies|Finance|International Business|Journalism|Language Arts|Literature|Marketing|Mathematics|Nutrition|Occupational Therapy|Pre-Med|Public Health|Public Relations|Sport Management,45,45,https://www.otterbein.edu/academics,WRITTEN
pacific-lutheran-university,Pacific Lutheran University,Actuarial Science|Art|Biochemistry|Biology|Business|Chemistry|Computer Science|Criminal Justice|Data Science|Education|Engineering|English|Environmental Science|Health Sciences|History|Kinesiology|Literature|Music|Nursing|Physics|Pre-Law|Pre-Med|Psychology|Social Work|Statistics,Accounting|Art History|Biomedical Engineering|Communications|Computer Engineering|Cybersecurity|Economics|Film Studies|Finance|Human Resources|Management|Marketing|Mathematics|Philosophy|Physical Therapy|Political Science|Pre-Physical Therapy|Religion|Sociology|Software Engineering|Theater,Athletic Training|Civil Engineering|Electrical Engineering|Entrepreneurship|Hospitality|Journalism|Mechanical Engineering,Actuarial Science|Art|Biochemistry|Biology|Business|Chemistry|Computer Science|Criminal Justice|Data Science|Education|Engineering|English|Environmental Science|Health Sciences|History|Kinesiology|Literature|Music|Nursing|Physics|Pre-Law|Pre-Med|Psychology|Social Work|Statistics|Accounting|Art History|Biomedical Engineering|Communications|Computer Engineering|Cybersecurity|Economics|Film Studies|Finance|Human Resources|Management|Marketing|Mathematics|Philosophy|Physical Therapy|Political Science|Pre-Physical Therapy|Religion|Sociology|Software Engineering|Theater,53,46,https://www.plu.edu/academics,WRITTEN
pacific-university-oregon,Pacific University (Oregon),Athletic Training,Education|Engineering|Kinesiology,Occupational Therapy|Physical Therapy|Pre-Law|Pre-Med|Pre-Pharmacy|Pre-Physical Therapy|Psychology,Athletic Training|Education|Engineering|Kinesiology,11,4,https://www.pacificu.edu/academics,WRITTEN
patrick-and-henry-community-college,Patrick & Henry Community College,Business|Management,Engineering|Entrepreneurship,,Business|Management|Engineering|Entrepreneurship,4,4,https://www.patrickhenry.edu/programs,WRITTEN
penn-state-berks-college,Penn State Berks College,Biology|Business|Education|Engineering|History,Accounting|Biochemistry|Chemistry|Criminal Justice|Cybersecurity|Digital Media|Entrepreneurship|Hospitality|Hospitality Management|Information Technology|Kinesiology|Management|Mechanical Engineering|Nursing|Occupational Therapy|Psychology,Architecture|Communications|Finance|Physics|Political Science,Biology|Business|Education|Engineering|History|Accounting|Biochemistry|Chemistry|Criminal Justice|Cybersecurity|Digital Media|Entrepreneurship|Hospitality|Hospitality Management|Information Technology|Kinesiology|Management|Mechanical Engineering|Nursing|Occupational Therapy|Psychology,26,21,https://www.berks.psu.edu/academics,WRITTEN
penn-state-brandywine,Penn State Brandywine,Business|Education|Entrepreneurship|Psychology,Biology|Cybersecurity|Engineering|English|Information Technology|Management,Communications|Computer Science,Business|Education|Entrepreneurship|Psychology|Biology|Cybersecurity|Engineering|English|Information Technology|Management,12,10,https://www.brandywine.psu.edu/academics,WRITTEN
penn-state-university,Penn State University,Education,Art|Business|Engineering|History,Communications,Education|Art|Business|Engineering|History,6,5,https://www.psu.edu/academics,WRITTEN
penn-state-university-abington,"Penn State University, Abington",,Accounting|Business|Criminal Justice|Education|Engineering|English|Software Engineering,Information Technology,Accounting|Business|Criminal Justice|Education|Engineering|English|Software Engineering,8,7,https://www.abington.psu.edu/academics,WRITTEN
penn-state-university-altoona,"Penn State University, Altoona",Art|Business|Education|Engineering|History,Accounting|Athletic Training|Biology|Communications|Criminal Justice|Cybersecurity|English|Information Technology|Kinesiology|Mechanical Engineering|Nursing|Psychology,,Art|Business|Education|Engineering|History|Accounting|Athletic Training|Biology|Communications|Criminal Justice|Cybersecurity|English|Information Technology|Kinesiology|Mechanical Engineering|Nursing|Psychology,17,17,https://www.altoona.psu.edu/academics,WRITTEN
pennsylvania-college-of-technology,Pennsylvania College of Technology,Accounting|Architecture|Art|Business|Computer Engineering|Education|Emergency Management|Engineering|Graphic Design|Health Sciences|Human Services|Information Technology|Management|Marketing|Nursing,Biomedical Sciences|Civil Engineering|Communications|Construction Management,Environmental Science|Human Resources|Psychology,Accounting|Architecture|Art|Business|Computer Engineering|Education|Emergency Management|Engineering|Graphic Design|Health Sciences|Human Services|Information Technology|Management|Marketing|Nursing|Biomedical Sciences|Civil Engineering|Communications|Construction Management,22,19,https://www.pct.edu/academics,WRITTEN
pennsylvania-state-univ-erie-the-behrend-college,"Pennsylvania State Univ. Erie, the Behrend College",,,,,0,0,,NO_WRITABLE_MATCHES
pepperdine-university,Pepperdine University,Business|Education|Psychology,,,Business|Education|Psychology,3,3,https://www.pepperdine.edu/academics,WRITTEN
pfeiffer-university,Pfeiffer University,Business|Education|Health Administration|Management|Nursing,Accounting|Biochemistry|Biology|English|Exercise Science|Health Sciences|History|Human Resources|Information Systems|Occupational Therapy|Psychology|Religion|Sport Management,,Business|Education|Health Administration|Management|Nursing|Accounting|Biochemistry|Biology|English|Exercise Science|Health Sciences|History|Human Resources|Information Systems|Occupational Therapy|Psychology|Religion|Sport Management,18,18,https://www.Pfeiffer.edu/academics,WRITTEN
piedmont-university,Piedmont University,Art|Biology|Business|Business Analytics|Chemistry|Education,Accounting|Actuarial Science|Athletic Training|Computer Science|Criminal Justice|Graphic Design|Health Sciences|History|Management|Nursing|Nutrition|Religion,Communications|Information Technology,Art|Biology|Business|Business Analytics|Chemistry|Education|Accounting|Actuarial Science|Athletic Training|Computer Science|Criminal Justice|Graphic Design|Health Sciences|History|Management|Nursing|Nutrition|Religion,20,18,https://www.piedmont.edu/academics,WRITTEN
plattsburgh-state-university-of-new-york,Plattsburgh State University of New York,,Art|Environmental Science|Performing Arts,,Art|Environmental Science|Performing Arts,3,3,https://www.plattsburgh.edu/academics,WRITTEN
plymouth-state-university,Plymouth State University,Art,Music,,Art|Music,2,2,https://www.plymouth.edu/programs,WRITTEN
pomona-pitzer-colleges,Pomona-Pitzer Colleges,,,,,0,0,,NO_WRITABLE_MATCHES
prairie-view-am-university,Prairie View A&M University,Business|Education|Nursing,Accounting|Agriculture|Architecture|Biology|Chemistry|Communications|Engineering|Management|Marketing|Nutrition,Computer Engineering|Computer Science|Digital Media|Finance|Human Resources|Kinesiology|Mathematics|Mechanical Engineering|Physics|Psychology|Public Health|Social Work,Business|Education|Nursing|Accounting|Agriculture|Architecture|Biology|Chemistry|Communications|Engineering|Management|Marketing|Nutrition,25,13,https://www.pvamu.edu/academics,WRITTEN
pratt-institute,Pratt Institute,Architecture|Art,Education,,Architecture|Art|Education,3,3,https://www.pratt.edu/academics,WRITTEN
presbyterian-college,Presbyterian College,Biology|Education,Chemistry|English|Psychology,Economics,Biology|Education|Chemistry|English|Psychology,6,5,https://www.presby.edu/academics,WRITTEN
princeton-university,Princeton University,Art|Education,Biology|Chemistry|Computer Science|Engineering|History|Mathematics|Physics,Information Technology|Psychology|Sociology,Art|Education|Biology|Chemistry|Computer Science|Engineering|History|Mathematics|Physics,12,9,https://www.princeton.edu,WRITTEN
principia-college,Principia College,Business|Chemistry|Computer Science|Digital Media|Economics|Education|History|Journalism|Management|Mathematics|Music|Performing Arts|Philosophy|Visual Arts,Information Systems|Political Science|Sociology,Entrepreneurship,Business|Chemistry|Computer Science|Digital Media|Economics|Education|History|Journalism|Management|Mathematics|Music|Performing Arts|Philosophy|Visual Arts|Information Systems|Political Science|Sociology,18,17,https://www.principiacollege.edu/academics,WRITTEN
providence-college,Providence College,Education,Business|History|Social Work,Health Sciences|Nursing,Education|Business|History|Social Work,6,4,https://www.providence.edu/academics,WRITTEN
purchase-college-state-university-of-new-york,"Purchase College, State University of New York",Art|History|Management|Music|Visual Arts,Art History|Biochemistry|Biology|Chemistry|Computer Science|Education|Graphic Design|Mathematics|Media Studies|Performing Arts|Philosophy,Communications|Economics|Journalism|Political Science|Psychology|Sociology,Art|History|Management|Music|Visual Arts|Art History|Biochemistry|Biology|Chemistry|Computer Science|Education|Graphic Design|Mathematics|Media Studies|Performing Arts|Philosophy,22,16,https://www.purchase.edu/academics,WRITTEN
purdue-university,Purdue University,,Education|Engineering,Agriculture|Communications|Entrepreneurship|Human Resources|Information Technology,Education|Engineering,7,2,https://www.purdue.edu/academics,WRITTEN
queens-university-of-charlotte,Queens University of Charlotte,History,Art|Business|Education|Music|Philosophy,Graphic Design,History|Art|Business|Education|Music|Philosophy,7,6,https://www.queens.edu/academics/programs,WRITTEN
quinnipiac-university,Quinnipiac University,Communications|Education|Finance|Health Sciences|Journalism|Marketing|Nursing|Theater|Visual Arts,Accounting|Art|Business|Civil Engineering|Engineering|Information Technology,Mathematics,Communications|Education|Finance|Health Sciences|Journalism|Marketing|Nursing|Theater|Visual Arts|Accounting|Art|Business|Civil Engineering|Engineering|Information Technology,16,15,https://www.qu.edu/academics,WRITTEN
radford-university,Radford University,Accounting|Art|Art History|Athletic Training|Biology|Business|Business Analytics|Chemistry|Computer Science|Criminal Justice|Cybersecurity|Data Analytics|Economics|Education|Engineering|English|Entrepreneurship|Finance|Forensic Science|Graphic Design|Health Sciences|History|Human Resources|Human Services|Information Systems|Management|Marketing|Mathematics|Media Studies|Music|Nursing|Nutrition|Occupational Therapy|Performing Arts|Philosophy|Physical Therapy|Physics|Political Science|Psychology|Public Health|Public Relations|Religion|Respiratory Therapy|Social Work|Sociology|Sport Management|Statistics,Biochemistry|Communications|Exercise Science|Information Technology|International Relations|Journalism|Literature|Pre-Nursing|Software Engineering|Sports Medicine,Biomedical Sciences|Environmental Science|Exercise Physiology|Game Design|Neuroscience,Accounting|Art|Art History|Athletic Training|Biology|Business|Business Analytics|Chemistry|Computer Science|Criminal Justice|Cybersecurity|Data Analytics|Economics|Education|Engineering|English|Entrepreneurship|Finance|Forensic Science|Graphic Design|Health Sciences|History|Human Resources|Human Services|Information Systems|Management|Marketing|Mathematics|Media Studies|Music|Nursing|Nutrition|Occupational Therapy|Performing Arts|Philosophy|Physical Therapy|Physics|Political Science|Psychology|Public Health|Public Relations|Religion|Respiratory Therapy|Social Work|Sociology|Sport Management|Statistics|Biochemistry|Communications|Exercise Science|Information Technology|International Relations|Journalism|Literature|Pre-Nursing|Software Engineering|Sports Medicine,62,57,https://www.radford.edu/programs,WRITTEN
ramapo-college,Ramapo College,Business|Education|Human Services|Nursing,Art|Pre-Med,Visual Arts,Business|Education|Human Services|Nursing|Art|Pre-Med,7,6,https://www.ramapo.edu/academics,WRITTEN
randolph-college,Randolph College,Art|Education|Engineering|History|Physics,Art History|Biology|Business|Chemistry|Computer Science|Criminal Justice|Economics|English|Literature|Mathematics|Philosophy|Pre-Law|Psychology|Sociology,Cybersecurity|Data Science|Environmental Science|Film Studies|Human Services|Information Technology|International Relations|Mechanical Engineering|Political Science|Theater,Art|Education|Engineering|History|Physics|Art History|Biology|Business|Chemistry|Computer Science|Criminal Justice|Economics|English|Literature|Mathematics|Philosophy|Pre-Law|Psychology|Sociology,29,19,https://www.randolphcollege.edu/majors,WRITTEN
randolph-macon-college,Randolph-Macon College,Accounting|Art|Art History|Biochemistry|Biology|Business|Business Analytics|Chemistry|Communications|Computer Science|Data Analytics|Data Science|Digital Media|Economics|Education|Engineering|English|Finance|History|Journalism|Management|Marketing|Mathematics|Music|Neuroscience|Nursing|Philosophy|Physics|Pre-Med|Psychology|Public Health|Social Work|Sociology,Architecture|Biomedical Engineering|Biotechnology|Civil Engineering|Criminal Justice|Cybersecurity|Entrepreneurship|Film Studies|Forensic Science|Graphic Design|Health Sciences|Human Resources|Information Technology|International Relations|Literature|Mechanical Engineering|Media Studies|Physical Therapy|Political Science|Pre-Law|Public Relations|Religion|Statistics|Theater|Urban Planning|Web Development,Electrical Engineering|International Business|Marine Biology|Occupational Therapy|Pre-Dentistry|Pre-Pharmacy|Pre-Physical Therapy|Pre-Vet,Accounting|Art|Art History|Biochemistry|Biology|Business|Business Analytics|Chemistry|Communications|Computer Science|Data Analytics|Data Science|Digital Media|Economics|Education|Engineering|English|Finance|History|Journalism|Management|Marketing|Mathematics|Music|Neuroscience|Nursing|Philosophy|Physics|Pre-Med|Psychology|Public Health|Social Work|Sociology|Architecture|Biomedical Engineering|Biotechnology|Civil Engineering|Criminal Justice|Cybersecurity|Entrepreneurship|Film Studies|Forensic Science|Graphic Design|Health Sciences|Human Resources|Information Technology|International Relations|Literature|Mechanical Engineering|Media Studies|Physical Therapy|Political Science|Pre-Law|Public Relations|Religion|Statistics|Theater|Urban Planning|Web Development,67,59,https://www.rmc.edu,WRITTEN
regent-university,Regent University,Accounting|Business|Business Analytics|Computer Science|Criminal Justice|Cybersecurity|Education|Engineering|English|History|Information Systems|International Relations|Management|Marketing|Mathematics|Nursing|Psychology|Public Administration,Computer Engineering|Finance|Graphic Design|Health Sciences|Human Resources|Journalism|Literature|Religion,Biology|Human Services,Accounting|Business|Business Analytics|Computer Science|Criminal Justice|Cybersecurity|Education|Engineering|English|History|Information Systems|International Relations|Management|Marketing|Mathematics|Nursing|Psychology|Public Administration|Computer Engineering|Finance|Graphic Design|Health Sciences|Human Resources|Journalism|Literature|Religion,28,26,https://www.regent.edu/academics,WRITTEN
regis-college-massachusetts,Regis College (Massachusetts),,,,,0,0,,NO_WRITABLE_MATCHES
reinhardt-university,Reinhardt University,,,,,0,0,,NO_WRITABLE_MATCHES
rensselaer-polytechnic-institute,Rensselaer Polytechnic Institute,Architecture|Business|Engineering|Management,Biochemistry|Biology|Biomedical Engineering|Biotechnology|Business Analytics|Chemistry|Civil Engineering|Computer Science|Data Science|Economics|Education|Electrical Engineering|Environmental Science|Finance|Game Design|Information Technology|Marketing|Mathematics|Mechanical Engineering|Music|Neuroscience|Philosophy|Physics,Data Analytics|Human Resources,Architecture|Business|Engineering|Management|Biochemistry|Biology|Biomedical Engineering|Biotechnology|Business Analytics|Chemistry|Civil Engineering|Computer Science|Data Science|Economics|Education|Electrical Engineering|Environmental Science|Finance|Game Design|Information Technology|Marketing|Mathematics|Mechanical Engineering|Music|Neuroscience|Philosophy|Physics,29,27,https://www.rpi.edu/academics,WRITTEN
rhode-island-college,Rhode Island College,Education,Nursing,Finance,Education|Nursing,3,2,https://www.ric.edu,WRITTEN
rhodes-college,Rhodes College,Information Technology,Accounting|Communications,Human Resources,Information Technology|Accounting|Communications,4,3,https://www.rhodes.edu/academics,WRITTEN
rice-university,Rice University,Business,Architecture|Education|Engineering|Music|Statistics,,Business|Architecture|Education|Engineering|Music|Statistics,6,6,https://www.rice.edu/academics,WRITTEN
rider-university,Rider University,,Communications|Education|Finance|Human Resources|Marketing,Human Services,Communications|Education|Finance|Human Resources|Marketing,6,5,https://www.rider.edu/academics,WRITTEN
ripon-college,Ripon College,Art|Education|English|Music|Nursing|Psychology,Biology|Business|Chemistry|Computer Science|Exercise Science|Health Sciences|History|Management|Mathematics|Neuroscience|Philosophy|Physical Therapy|Physics|Political Science|Pre-Law|Pre-Nursing|Pre-Physical Therapy|Pre-Veterinary Medicine,Art History|Athletic Training|Biochemistry|Criminal Justice|Data Science|Economics|Engineering|Entrepreneurship|Finance|Journalism|Social Work|Sociology|Sports Management,Art|Education|English|Music|Nursing|Psychology|Biology|Business|Chemistry|Computer Science|Exercise Science|Health Sciences|History|Management|Mathematics|Neuroscience|Philosophy|Physical Therapy|Physics|Political Science|Pre-Law|Pre-Nursing|Pre-Physical Therapy|Pre-Veterinary Medicine,37,24,https://www.ripon.edu/academics,WRITTEN
rivier-university,Rivier University,Education,Art|Information Technology,,Education|Art|Information Technology,3,3,https://www.rivier.edu/academics,WRITTEN
rochester-institute-of-technology,Rochester Institute of Technology,Art|Business|Education|Engineering,Architecture|Biotechnology|Entrepreneurship|Game Design|History|Industrial Engineering|Information Technology|Management|Performing Arts|Physics|Software Engineering,Communications|Computer Engineering|Criminal Justice|Cybersecurity|Digital Media|Health Sciences|Hospitality,Art|Business|Education|Engineering|Architecture|Biotechnology|Entrepreneurship|Game Design|History|Industrial Engineering|Information Technology|Management|Performing Arts|Physics|Software Engineering,22,15,https://www.rit.edu/academics,WRITTEN
rockford-university,Rockford University,Art|Business|English,Education|Mathematics|Nursing|Performing Arts,Art History|Communications|Computer Science|Criminal Justice|Human Resources|Information Technology|Kinesiology|Philosophy|Physics|Political Science|Psychology|Social Work|Sociology,Art|Business|English|Education|Mathematics|Nursing|Performing Arts,20,7,https://www.rockford.edu/academics,WRITTEN
roger-williams-university,Roger Williams University,Education|Marketing,Engineering|Graphic Design|History|Mathematics|Visual Arts,Architecture|Biology|Entrepreneurship|Environmental Science|Finance|Forensic Science|Marine Biology|Mechanical Engineering|Psychology,Education|Marketing|Engineering|Graphic Design|History|Mathematics|Visual Arts,16,7,https://www.rwu.edu,WRITTEN
rose-hulman-institute-of-technology,Rose-Hulman Institute of Technology,Biochemistry|Biology|Computer Science|Engineering|Mechanical Engineering|Physics,Art|Biomedical Engineering|Chemistry|Civil Engineering|Communications|Computer Engineering|Data Science|Education|Electrical Engineering|Mathematics|Religion|Software Engineering,Cybersecurity|Economics|Literature|Philosophy|Political Science|Psychology|Statistics|Theater,Biochemistry|Biology|Computer Science|Engineering|Mechanical Engineering|Physics|Art|Biomedical Engineering|Chemistry|Civil Engineering|Communications|Computer Engineering|Data Science|Education|Electrical Engineering|Mathematics|Religion|Software Engineering,26,18,https://www.rose-hulman.edu/academics,WRITTEN
rosemont-college,Rosemont College,Education|History|Philosophy|Sociology,Accounting|Biology|Chemistry|English|Human Resources,Finance|Journalism,Education|History|Philosophy|Sociology|Accounting|Biology|Chemistry|English|Human Resources,11,9,https://www.rosemont.edu/academics,WRITTEN
rowan-university,Rowan University,Education,Engineering|Entrepreneurship,Biomedical Engineering|Mathematics|Nursing,Education|Engineering|Entrepreneurship,6,3,https://www.rowan.edu/academics,WRITTEN
russell-sage-college,Russell Sage College,,,,,0,0,,NO_WRITABLE_MATCHES
rutgers-university,Rutgers University,Education,Business|History,Engineering|Journalism|Mathematics|Performing Arts,Education|Business|History,7,3,https://www.rutgers.edu/academics,WRITTEN
rutgers-the-state-univ-of-new-jersey-camden,"Rutgers, The State Univ. of New Jersey, Camden",Business|Nursing,Communications|Education|Marketing,,Business|Nursing|Communications|Education|Marketing,5,5,https://www.camden.rutgers.edu/academics,WRITTEN
rutgers-the-state-univ-of-new-jersey-newark,"Rutgers, The State Univ. of New Jersey, Newark",Business|Education,Criminal Justice,,Business|Education|Criminal Justice,3,3,https://www.newark.rutgers.edu/academics,WRITTEN
sacred-heart-university,Sacred Heart University,Accounting|Business,Education|Engineering|Performing Arts|Social Work,Nursing,Accounting|Business|Education|Engineering|Performing Arts|Social Work,7,6,https://www.sacredheart.edu/majors,WRITTEN
saint-elizabeth-university,Saint Elizabeth University,Education,,Human Resources|Information Technology,Education,3,1,https://www.steu.edu/academics,WRITTEN
saint-francis-university,Saint Francis University,Business|Education|Health Sciences,Engineering|Mathematics,,Business|Education|Health Sciences|Engineering|Mathematics,5,5,https://www.francis.edu/academics,WRITTEN
saint-john-s-university-minnesota,Saint John's University (Minnesota),Accounting|Art|Biology|Business|Chemistry|Computer Science|Data Analytics|Data Science|Economics|Education|Engineering|English|Entrepreneurship|Finance|History|Mathematics|Music|Neuroscience|Nursing|Nutrition|Philosophy|Physics|Political Science|Psychology|Sociology|Theater,Art History|Athletic Training|Biochemistry|Exercise Science|Literature|Management|Marketing|Occupational Therapy|Physical Therapy|Public Health|Public Relations,,Accounting|Art|Biology|Business|Chemistry|Computer Science|Data Analytics|Data Science|Economics|Education|Engineering|English|Entrepreneurship|Finance|History|Mathematics|Music|Neuroscience|Nursing|Nutrition|Philosophy|Physics|Political Science|Psychology|Sociology|Theater|Art History|Athletic Training|Biochemistry|Exercise Science|Literature|Management|Marketing|Occupational Therapy|Physical Therapy|Public Health|Public Relations,37,37,https://www.csbsju.edu/majors,WRITTEN
saint-joseph-s-college-maine,Saint Joseph's College (Maine),Business|Communications|Education|Health Administration|Marketing|Nursing,Accounting|Biology|Exercise Science|History|Management|Mathematics|Political Science|Psychology,Athletic Training|Biochemistry|Chemistry|Criminal Justice|Environmental Science|Finance|Occupational Therapy|Physical Therapy|Pre-Law|Pre-Pharmacy|Pre-Physical Therapy|Public Health|Social Work|Sport Management,Business|Communications|Education|Health Administration|Marketing|Nursing|Accounting|Biology|Exercise Science|History|Management|Mathematics|Political Science|Psychology,28,14,https://www.sjcme.edu/academics,WRITTEN
saint-josephs-university,Saint Joseph's University,Business|Education|Nursing,Accounting|Data Analytics|Finance|History|Management|Marketing|Occupational Therapy|Physical Therapy,Business Analytics,Business|Education|Nursing|Accounting|Data Analytics|Finance|History|Management|Marketing|Occupational Therapy|Physical Therapy,12,11,https://www.sju.edu/academics,WRITTEN
saint-louis-university,Saint Louis University,Education,Art|Engineering|History|Nursing,Health Sciences|Philosophy|Public Health|Social Work,Education|Art|Engineering|History|Nursing,9,5,https://www.slu.edu/academics,WRITTEN
saint-mary-s-college-indiana,Saint Mary's College (Indiana),Education,Business|Data Science|Human Resources|Social Work,Biology|Marine Biology|Nursing,Education|Business|Data Science|Human Resources|Social Work,8,5,https://www.saintmarys.edu/academics,WRITTEN
saint-marys-college-of-california,Saint Mary's College of California,Art|Business|Economics|Education,Nursing,,Art|Business|Economics|Education|Nursing,5,5,https://www.stmarys-ca.edu/academics,WRITTEN
saint-mary-s-university-of-minnesota,Saint Mary's University of Minnesota,Education,Business|Human Services|Nursing,,Education|Business|Human Services|Nursing,4,4,https://www.smumn.edu/academics,WRITTEN
saint-peters-university,Saint Peter's University,Accounting|Art|Biology|Business|Business Analytics|Chemistry|Criminal Justice|Data Science|Economics|Education|Exercise Science|Finance|Forensic Science|Health Sciences|History|Hospitality|Literature|Management|Marketing|Mathematics|Music|Neuroscience|Nursing|Nutrition|Philosophy|Physical Therapy|Physics|Psychology|Sociology,Art History|Biochemistry|Biotechnology|Communications|Computer Science|English|Hospitality Management|Human Resources|Information Systems|International Business|Journalism|Kinesiology|Political Science|Pre-Dentistry|Pre-Law|Pre-Med|Public Administration|Public Relations|Sports Management|Statistics|Visual Arts,Web Development,Accounting|Art|Biology|Business|Business Analytics|Chemistry|Criminal Justice|Data Science|Economics|Education|Exercise Science|Finance|Forensic Science|Health Sciences|History|Hospitality|Literature|Management|Marketing|Mathematics|Music|Neuroscience|Nursing|Nutrition|Philosophy|Physical Therapy|Physics|Psychology|Sociology|Art History|Biochemistry|Biotechnology|Communications|Computer Science|English|Hospitality Management|Human Resources|Information Systems|International Business|Journalism|Kinesiology|Political Science|Pre-Dentistry|Pre-Law|Pre-Med|Public Administration|Public Relations|Sports Management|Statistics|Visual Arts,51,50,https://www.saintpeters.edu/programs,WRITTEN
salem-state-university,Salem State University,Business|Education,Human Services,,Business|Education|Human Services,3,3,https://www.salemstate.edu/academics,WRITTEN
salisbury-university,Salisbury University,,Education|English,,Education|English,2,2,https://www.salisbury.edu/academics,WRITTEN
sam-houston-state-university,Sam Houston State University,Business|Education,Art|Biology|Chemistry|Computer Science|Criminal Justice|Engineering|Forensic Science|Health Sciences|Kinesiology|Management|Music|Nursing|Public Health|Veterinary Science,Psychology,Business|Education|Art|Biology|Chemistry|Computer Science|Criminal Justice|Engineering|Forensic Science|Health Sciences|Kinesiology|Management|Music|Nursing|Public Health|Veterinary Science,17,16,https://www.shsu.edu/academics,WRITTEN
samford-university,Samford University,Business|Education|Engineering|Entrepreneurship|History|Management|Marketing|Music|Nursing|Public Health,Accounting|Art|Computer Engineering|Computer Science|Cybersecurity|Data Analytics|Data Science|Economics|English|Environmental Science|Exercise Science|Finance|Game Design|Health Sciences|International Relations|Journalism|Mathematics|Neuroscience|Nutrition|Philosophy|Physics|Psychology|Public Administration|Social Work|Sociology|Software Engineering|Sports Medicine,Biochemistry|Biology|Chemistry|Graphic Design|Human Resources|Literature|Physical Therapy|Political Science,Business|Education|Engineering|Entrepreneurship|History|Management|Marketing|Music|Nursing|Public Health|Accounting|Art|Computer Engineering|Computer Science|Cybersecurity|Data Analytics|Data Science|Economics|English|Environmental Science|Exercise Science|Finance|Game Design|Health Sciences|International Relations|Journalism|Mathematics|Neuroscience|Nutrition|Philosophy|Physics|Psychology|Public Administration|Social Work|Sociology|Software Engineering|Sports Medicine,45,37,https://www.samford.edu/majors,WRITTEN
san-diego-state-university,San Diego State University,,Business|Education|Engineering|History|Human Services,,Business|Education|Engineering|History|Human Services,5,5,https://www.sdsu.edu/academics,WRITTEN
san-jose-state-university,San Jose State University,Accounting|Art|Art History|Biology|Biomedical Engineering|Business|Chemistry|Computer Science|Digital Media|Economics|Education|Electrical Engineering|Engineering|English|Finance|Forensic Science|History|Information Systems|Journalism|Kinesiology|Management|Mathematics|Music|Nursing|Nutrition|Philosophy|Physics|Psychology|Public Health|Social Work|Sociology|Software Engineering,Biochemistry|Biotechnology|Business Analytics|Civil Engineering|Communications|Computer Engineering|Cybersecurity|Data Analytics|Data Science|Emergency Management|Entrepreneurship|Exercise Physiology|Graphic Design|Hospitality|International Business|Literature|Marketing|Mechanical Engineering|Occupational Therapy|Political Science|Public Administration|Public Relations|Sport Management|Statistics,Human Services|Marine Biology|Urban Planning,Accounting|Art|Art History|Biology|Biomedical Engineering|Business|Chemistry|Computer Science|Digital Media|Economics|Education|Electrical Engineering|Engineering|English|Finance|Forensic Science|History|Information Systems|Journalism|Kinesiology|Management|Mathematics|Music|Nursing|Nutrition|Philosophy|Physics|Psychology|Public Health|Social Work|Sociology|Software Engineering|Biochemistry|Biotechnology|Business Analytics|Civil Engineering|Communications|Computer Engineering|Cybersecurity|Data Analytics|Data Science|Emergency Management|Entrepreneurship|Exercise Physiology|Graphic Design|Hospitality|International Business|Literature|Marketing|Mechanical Engineering|Occupational Therapy|Political Science|Public Administration|Public Relations|Sport Management|Statistics,59,56,https://www.sjsu.edu/programs,WRITTEN
santa-clara-university,Santa Clara University,,Business|Education|Engineering|Psychology,,Business|Education|Engineering|Psychology,4,4,https://www.scu.edu/academics,WRITTEN
sarah-lawrence-college,Sarah Lawrence College,,Art|Education,Architecture|Art History|Biology|Literature|Philosophy|Physics|Psychology|Sociology|Visual Arts,Art|Education,11,2,https://www.sarahlawrence.edu,WRITTEN
schreiner-university,Schreiner University,Business|Criminal Justice|Education|English|Management|Music|Nursing|Public Health,Accounting|Agriculture|Art|Biology|Chemistry|Exercise Science|Finance|Graphic Design|History|Marketing|Mathematics|Physical Therapy|Political Science|Pre-Physical Therapy|Psychology|Religion|Sport Management|Veterinary Science,Athletic Training|Computer Science|Economics|Engineering|Pre-Dentistry|Pre-Law|Pre-Pharmacy,Business|Criminal Justice|Education|English|Management|Music|Nursing|Public Health|Accounting|Agriculture|Art|Biology|Chemistry|Exercise Science|Finance|Graphic Design|History|Marketing|Mathematics|Physical Therapy|Political Science|Pre-Physical Therapy|Psychology|Religion|Sport Management|Veterinary Science,33,26,https://www.schreiner.edu/academics,WRITTEN
seattle-university,Seattle University,Education,Computer Science|Nursing,Chemistry|Health Sciences|Sociology,Education|Computer Science|Nursing,6,3,https://www.seattleu.edu,WRITTEN
seton-hall-university,Seton Hall University,Business|Education|International Relations,English|History|Nursing|Pre-Law|Pre-Med,Economics|Entrepreneurship|Health Sciences|International Business|Sport Management,Business|Education|International Relations|English|History|Nursing|Pre-Law|Pre-Med,13,8,https://www.shu.edu/academics,WRITTEN
shenandoah-university,Shenandoah University,Business|Education|Nursing|Public Health,Art|Athletic Training|Engineering|Management|Music|Occupational Therapy|Physical Therapy,Biology|Human Resources|Information Technology|Literature|Performing Arts|Theater,Business|Education|Nursing|Public Health|Art|Athletic Training|Engineering|Management|Music|Occupational Therapy|Physical Therapy,17,11,https://www.su.edu/academics,WRITTEN
siena-college,Siena College,Business,Education|English|Marketing,Accounting|Computer Science|Criminal Justice|Engineering|Psychology,Business|Education|English|Marketing,9,4,https://www.siena.edu/academics,WRITTEN
simmons-university,Simmons University,Education,Business|Communications|Health Sciences|Nursing|Social Work,Public Health,Education|Business|Communications|Health Sciences|Nursing|Social Work,7,6,https://www.simmons.edu/academics,WRITTEN
simpson-college,Simpson College,,Accounting|Criminal Justice|Data Analytics|Education|Human Services|Management,Finance,Accounting|Criminal Justice|Data Analytics|Education|Human Services|Management,7,6,https://www.simpson.edu/academics,WRITTEN
skidmore-college,Skidmore College,,Art|Education|Music,Communications|Information Technology|Psychology|Sociology,Art|Education|Music,7,3,https://www.skidmore.edu/academics,WRITTEN
south-carolina-state-university,South Carolina State University,Business|Criminal Justice|Cybersecurity|Education|Engineering|Speech Pathology,Agriculture|Biology|Communications|Computer Science|History|Mathematics|Physics,Information Systems|Public Administration,Business|Criminal Justice|Cybersecurity|Education|Engineering|Speech Pathology|Agriculture|Biology|Communications|Computer Science|History|Mathematics|Physics,15,13,https://www.scsu.edu/academics,WRITTEN
southeast-missouri-state-university,Southeast Missouri State University,Business|Cybersecurity|Education,Art|Communications|Criminal Justice|Human Resources,,Business|Cybersecurity|Education|Art|Communications|Criminal Justice|Human Resources,7,7,https://semo.edu/academics,WRITTEN
southeastern-louisiana-university,Southeastern Louisiana University,,Business|Education|Health Sciences|Nursing,,Business|Education|Health Sciences|Nursing,4,4,https://www.southeastern.edu/academics,WRITTEN
southern-illinois-university,Southern Illinois University,,Agriculture|Architecture|Art|Business|Education|Engineering|English|Mathematics,Theater,Agriculture|Architecture|Art|Business|Education|Engineering|English|Mathematics,9,8,https://siu.edu/academics,WRITTEN
southern-university-and-am-college,Southern University and A&M College,Education,Business|Communications|Human Resources|Information Technology|Management|Nursing,Engineering,Education|Business|Communications|Human Resources|Information Technology|Management|Nursing,8,7,https://www.subr.edu/academics,WRITTEN
southern-utah-university,Southern Utah University,,Education|Health Sciences,Engineering|Mathematics|Visual Arts,Education|Health Sciences,5,2,https://www.suu.edu/academics,WRITTEN
southern-virginia-university,Southern Virginia University,Education,Biochemistry|Business|Management|Music|Religion,,Education|Biochemistry|Business|Management|Music|Religion,6,6,https://www.svu.edu/academics,WRITTEN
southern-wesleyan-university,Southern Wesleyan University,Education|History|Marketing|Music|Psychology,Accounting|Biochemistry|Biology|Business|Chemistry|Communications|Criminal Justice|Economics|Environmental Science|Exercise Science|Finance|Human Services|Literature|Management|Nursing|Sport Management,Computer Science|Forensic Science|Information Systems|Mathematics|Pre-Nursing|Pre-Pharmacy|Veterinary Science,Education|History|Marketing|Music|Psychology|Accounting|Biochemistry|Biology|Business|Chemistry|Communications|Criminal Justice|Economics|Environmental Science|Exercise Science|Finance|Human Services|Literature|Management|Nursing|Sport Management,28,21,https://www.swu.edu/majors,WRITTEN
southwestern-university-texas,Southwestern University (Texas),Engineering,Art|Business|Chemistry|Education|History|Mathematics|Physics,Human Resources,Engineering|Art|Business|Chemistry|Education|History|Mathematics|Physics,9,8,https://www.southwestern.edu/academics,WRITTEN
spalding-university,Spalding University,Education,Business|Psychology|Social Work,Information Technology|Nursing|Occupational Therapy,Education|Business|Psychology|Social Work,7,4,https://www.spalding.edu/academics,WRITTEN
st-john-fisher-university,St. John Fisher University,Education|Finance,Computer Science|English|Human Resources|Management|Nursing,Accounting|Communications|Psychology,Education|Finance|Computer Science|English|Human Resources|Management|Nursing,10,7,https://www.sjf.edu,WRITTEN
st-johns-university,St. John's University,,Biology|Business|Health Sciences|Public Health,Cybersecurity|Entrepreneurship,Biology|Business|Health Sciences|Public Health,6,4,https://www.stjohns.edu/academics,WRITTEN
st-joseph-s-university-ny-brooklyn,St. Joseph's University NY (Brooklyn),,,,,0,0,,NO_WRITABLE_MATCHES
st-joseph-s-university-new-york-l-i,"St. Joseph's University, New York L.I.",,,,,0,0,,NO_WRITABLE_MATCHES
st-lawrence-university,St. Lawrence University,,Biomedical Sciences|Cybersecurity|Data Science|Digital Media|Education|Finance|History,Chemistry|Psychology|Public Health|Sociology,Biomedical Sciences|Cybersecurity|Data Science|Digital Media|Education|Finance|History,11,7,https://www.stlawu.edu/academics,WRITTEN
st-mary-s-college-of-maryland,St. Mary's College of Maryland,Education,Art|Business|Economics|Health Sciences|History|Human Resources|Information Technology|Mathematics|Neuroscience|Performing Arts|Psychology,Biochemistry|Biology|Chemistry|Communications|Computer Science|Data Science|Philosophy|Physics|Political Science|Sociology,Education|Art|Business|Economics|Health Sciences|History|Human Resources|Information Technology|Mathematics|Neuroscience|Performing Arts|Psychology,22,12,https://www.smcm.edu/academics,WRITTEN
st-norbert-college,St. Norbert College,Business,History|Statistics,Human Resources,Business|History|Statistics,4,3,https://www.snc.edu/academics,WRITTEN
st-olaf-college,St. Olaf College,,,,,0,0,,NO_WRITABLE_MATCHES
stanford-university,Stanford University,Education,Engineering|History,,Education|Engineering|History,3,3,https://www.stanford.edu/academics,WRITTEN
state-university-of-new-york-maritime-college,State University of New York Maritime College,,Art|Business|Engineering|Environmental Science,,Art|Business|Engineering|Environmental Science,4,4,https://www.sunymaritime.edu,WRITTEN
state-university-of-new-york-at-brockport,State University of New York at Brockport,Art|Athletic Training|Biology|Business|Chemistry|Criminal Justice|Education|English|Environmental Science|History|Journalism|Kinesiology|Management|Mathematics|Music|Nursing|Physics|Political Science|Psychology|Public Administration|Public Health|Social Work|Sociology,Accounting|Art History|Biochemistry|Computer Science|Cybersecurity|Data Science|Economics|Entrepreneurship|Exercise Science|Film Studies|Finance|Forensic Science|Graphic Design|Information Systems|International Business|Literature|Marketing|Neuroscience|Philosophy|Physical Therapy|Pre-Med|Public Relations|Religion|Sport Management,,Art|Athletic Training|Biology|Business|Chemistry|Criminal Justice|Education|English|Environmental Science|History|Journalism|Kinesiology|Management|Mathematics|Music|Nursing|Physics|Political Science|Psychology|Public Administration|Public Health|Social Work|Sociology|Accounting|Art History|Biochemistry|Computer Science|Cybersecurity|Data Science|Economics|Entrepreneurship|Exercise Science|Film Studies|Finance|Forensic Science|Graphic Design|Information Systems|International Business|Literature|Marketing|Neuroscience|Philosophy|Physical Therapy|Pre-Med|Public Relations|Religion|Sport Management,47,47,https://www.brockport.edu/academics,WRITTEN
state-university-of-new-york-at-canton,State University of New York at Canton,Business|Criminal Justice|Engineering|Human Resources,Accounting|Architecture|Cybersecurity|Education|Finance|Information Systems|Management|Mathematics|Nursing|Public Relations|Web Development,International Relations,Business|Criminal Justice|Engineering|Human Resources|Accounting|Architecture|Cybersecurity|Education|Finance|Information Systems|Management|Mathematics|Nursing|Public Relations|Web Development,16,15,https://www.canton.edu/academics,WRITTEN
state-university-of-new-york-at-cobleskill,State University of New York at Cobleskill,,,,,0,0,,NO_WRITABLE_MATCHES
state-university-of-new-york-at-cortland,State University of New York at Cortland,Art|Biology|Economics|Education|English|History|Management|Mathematics|Physics,Art History|Athletic Training|Biochemistry|Biomedical Sciences|Business|Chemistry|Communications|Engineering|Exercise Science|Graphic Design|Information Systems|Kinesiology|Occupational Therapy|Physical Therapy|Political Science|Pre-Law|Pre-Physical Therapy|Psychology|Public Administration|Public Health|Sociology|Sport Management,Digital Media|Philosophy,Art|Biology|Economics|Education|English|History|Management|Mathematics|Physics|Art History|Athletic Training|Biochemistry|Biomedical Sciences|Business|Chemistry|Communications|Engineering|Exercise Science|Graphic Design|Information Systems|Kinesiology|Occupational Therapy|Physical Therapy|Political Science|Pre-Law|Pre-Physical Therapy|Psychology|Public Administration|Public Health|Sociology|Sport Management,33,31,https://www.cortland.edu/majors,WRITTEN
state-university-of-new-york-at-new-paltz,State University of New York at New Paltz,Art|Business|Education|Engineering,Art History|Computer Science|History|Information Technology|Music|Performing Arts,Journalism,Art|Business|Education|Engineering|Art History|Computer Science|History|Information Technology|Music|Performing Arts,11,10,https://www.newpaltz.edu,WRITTEN
state-university-of-new-york-at-old-westbury,State University of New York at Old Westbury,,Business|Education,,Business|Education,2,2,https://www.oldwestbury.edu/programs,WRITTEN
state-university-of-new-york-at-oneonta,State University of New York at Oneonta,Biology|Physics,Art|Chemistry|Education|Engineering|Mathematics,Statistics,Biology|Physics|Art|Chemistry|Education|Engineering|Mathematics,8,7,https://www.oneonta.edu/majors,WRITTEN
state-university-of-new-york-at-oswego,State University of New York at Oswego,,,,,0,0,,NO_WRITABLE_MATCHES
state-university-of-new-york-at-potsdam,State University of New York at Potsdam,Education|English|Mathematics|Sociology,Economics|History|Language Arts|Music|Religion,Sports Medicine,Education|English|Mathematics|Sociology|Economics|History|Language Arts|Music|Religion,10,9,https://www.potsdam.edu/majors,WRITTEN
stephen-f-austin-state-university,Stephen F. Austin State University,Agriculture|Art,Business|Education|History|Mathematics|Nursing,Accounting|Biology|Emergency Management|Public Relations,Agriculture|Art|Business|Education|History|Mathematics|Nursing,11,7,https://www.sfasu.edu/academics,WRITTEN
stetson-university,Stetson University,,,,,0,0,,NO_WRITABLE_MATCHES
stevens-institute-of-technology,Stevens Institute of Technology,Education|Engineering,Art|Finance|Music,Biomedical Engineering,Education|Engineering|Art|Finance|Music,6,5,https://www.stevens.edu,WRITTEN
stevenson-university,Stevenson University,Accounting|Biochemistry|Biology|Business|Chemistry|Criminal Justice|Cybersecurity|Education|English|Entrepreneurship|Environmental Science|Finance|Forensic Science|Graphic Design|Human Services|Information Systems|Literature|Management|Marketing|Mathematics|Music|Nursing|Psychology|Religion,Art|Biomedical Engineering|Engineering|History|Human Resources|Information Technology|International Business|Language Arts|Performing Arts|Philosophy|Physical Therapy|Pre-Dentistry|Pre-Law|Pre-Pharmacy|Pre-Physical Therapy|Pre-Veterinary Medicine|Sport Management,Computer Science|Economics,Accounting|Biochemistry|Biology|Business|Chemistry|Criminal Justice|Cybersecurity|Education|English|Entrepreneurship|Environmental Science|Finance|Forensic Science|Graphic Design|Human Services|Information Systems|Literature|Management|Marketing|Mathematics|Music|Nursing|Psychology|Religion|Art|Biomedical Engineering|Engineering|History|Human Resources|Information Technology|International Business|Language Arts|Performing Arts|Philosophy|Physical Therapy|Pre-Dentistry|Pre-Law|Pre-Pharmacy|Pre-Physical Therapy|Pre-Veterinary Medicine|Sport Management,43,41,https://www.stevenson.edu/academics,WRITTEN
stockton-university,Stockton University,Accounting|Biology|Business|Chemistry|Economics|Education|Health Sciences|Information Systems|Literature|Mathematics|Physics|Public Health,Art|Art History|Computer Science|Criminal Justice|Entrepreneurship|Environmental Science|History|Management|Neuroscience|Nursing|Philosophy|Political Science|Psychology|Religion|Social Work|Sociology|Visual Arts,Biochemistry|Business Analytics|Data Science|Engineering|Exercise Science|Finance|Forensic Science|Hospitality|Occupational Therapy|Performing Arts|Physical Therapy,Accounting|Biology|Business|Chemistry|Economics|Education|Health Sciences|Information Systems|Literature|Mathematics|Physics|Public Health|Art|Art History|Computer Science|Criminal Justice|Entrepreneurship|Environmental Science|History|Management|Neuroscience|Nursing|Philosophy|Political Science|Psychology|Religion|Social Work|Sociology|Visual Arts,40,29,https://www.stockton.edu/majors,WRITTEN
stonehill-college,Stonehill College,Business|Education,Data Analytics|Engineering|Human Resources|Marketing|Nursing|Pre-Law,Philosophy,Business|Education|Data Analytics|Engineering|Human Resources|Marketing|Nursing|Pre-Law,9,8,https://www.stonehill.edu/academics,WRITTEN
stony-brook-university,Stony Brook University,Business|Education|Health Sciences,Engineering|History|Journalism,Nursing,Business|Education|Health Sciences|Engineering|History|Journalism,7,6,https://www.stonybrook.edu/academics,WRITTEN
suffolk-university,Suffolk University,Business|Education|Management,Accounting|Art|Biochemistry|Biology|Business Analytics|Chemistry|Computer Science|Criminal Justice|Cybersecurity|Economics|English|Entrepreneurship|Finance|Information Systems|International Business|Journalism|Marketing|Mathematics|Philosophy|Physics|Political Science|Psychology|Public Administration|Public Relations|Sports Management,Data Science|Sociology,Business|Education|Management|Accounting|Art|Biochemistry|Biology|Business Analytics|Chemistry|Computer Science|Criminal Justice|Cybersecurity|Economics|English|Entrepreneurship|Finance|Information Systems|International Business|Journalism|Marketing|Mathematics|Philosophy|Physics|Political Science|Psychology|Public Administration|Public Relations|Sports Management,30,28,https://www.suffolk.edu/academics,WRITTEN
sul-ross-state-university,Sul Ross State University,Education,Agriculture|Business|Health Sciences|Literature,Information Technology|Mathematics,Education|Agriculture|Business|Health Sciences|Literature,7,5,https://www.sulross.edu/academics,WRITTEN
swarthmore-college,Swarthmore College,Economics|History,Art|Art History|Communications|Literature|Philosophy|Psychology|Religion|Sociology|Statistics|Theater,Biochemistry|Biology|Chemistry|Computer Science|Engineering|Mathematics|Media Studies|Neuroscience|Physics|Political Science,Economics|History|Art|Art History|Communications|Literature|Philosophy|Psychology|Religion|Sociology|Statistics|Theater,22,12,https://www.swarthmore.edu/academics,WRITTEN
syracuse-university,Syracuse University,Education,Art|History|Human Resources,Biology,Education|Art|History|Human Resources,5,4,https://www.syracuse.edu/academics,WRITTEN
tcu,TCU,Business|Education,Accounting|Actuarial Science|Art|Economics|Entrepreneurship|Finance|Health Sciences|History|Management|Music|Nursing|Physics,Art History|Athletic Training|Biochemistry|Biology|Business Analytics|Chemistry|Computer Science|Criminal Justice|Data Analytics|Data Science|Digital Media|Engineering|Environmental Science|Graphic Design|Information Systems|Information Technology|International Relations|Journalism|Kinesiology|Mathematics|Media Studies|Neuroscience|Nutrition|Occupational Therapy|Philosophy|Political Science|Psychology|Social Work|Sociology,Business|Education|Accounting|Actuarial Science|Art|Economics|Entrepreneurship|Finance|Health Sciences|History|Management|Music|Nursing|Physics,43,14,https://www.tcu.edu/academics/programs,WRITTEN
test,TEST,Art|Education|Language Arts,English|History|Management|Mathematics,Biology|Chemistry|Computer Science|Economics|Engineering|Health Sciences|Literature|Occupational Therapy|Performing Arts,Art|Education|Language Arts|English|History|Management|Mathematics,16,7,https://www.gastonday.org/academics,WRITTEN
tarleton-state-university,Tarleton State University,Accounting|Agriculture|Animal Science|Art|Athletic Training|Biology|Biotechnology|Business|Civil Engineering|Computer Engineering|Computer Science|Criminal Justice|Cybersecurity|Data Science|Digital Media|Economics|Education|Engineering|English|Environmental Science|Finance|Game Design|History|Human Resources|Information Systems|Information Technology|International Business|Journalism|Kinesiology|Literature|Management|Marketing|Mathematics|Mechanical Engineering|Media Studies|Music|Neuroscience|Nursing|Nutrition|Occupational Therapy|Philosophy|Physical Therapy|Physics|Political Science|Psychology|Public Administration|Public Health|Social Work|Statistics,Business Analytics|Chemistry|Communications|Electrical Engineering|Entrepreneurship|Graphic Design|International Relations|Pre-Law|Public Relations|Sociology|Software Engineering|Sports Management|Sports Medicine|Strength & Conditioning|Web Development,,Accounting|Agriculture|Animal Science|Art|Athletic Training|Biology|Biotechnology|Business|Civil Engineering|Computer Engineering|Computer Science|Criminal Justice|Cybersecurity|Data Science|Digital Media|Economics|Education|Engineering|English|Environmental Science|Finance|Game Design|History|Human Resources|Information Systems|Information Technology|International Business|Journalism|Kinesiology|Literature|Management|Marketing|Mathematics|Mechanical Engineering|Media Studies|Music|Neuroscience|Nursing|Nutrition|Occupational Therapy|Philosophy|Physical Therapy|Physics|Political Science|Psychology|Public Administration|Public Health|Social Work|Statistics|Business Analytics|Chemistry|Communications|Electrical Engineering|Entrepreneurship|Graphic Design|International Relations|Pre-Law|Public Relations|Sociology|Software Engineering|Sports Management|Sports Medicine|Strength & Conditioning|Web Development,64,64,https://www.tarleton.edu/degrees,WRITTEN
temple-university,Temple University,Education,History|Neuroscience,Communications|Finance|Performing Arts|Theater,Education|History|Neuroscience,7,3,https://www.temple.edu/academics,WRITTEN
tennessee-technological-university,Tennessee Technological University,Education,Business|Cybersecurity|Engineering|Nursing,Agriculture|Human Resources,Education|Business|Cybersecurity|Engineering|Nursing,7,5,https://www.tntech.edu/academics,WRITTEN
tennessee-wesleyan-university,Tennessee Wesleyan University,Business,Business Analytics|Education|History|Management|Nursing|Occupational Therapy,,Business|Business Analytics|Education|History|Management|Nursing|Occupational Therapy,7,7,https://www.tnwesleyan.edu/academics,WRITTEN
texas-am-university,Texas A&M University,Education,History|Human Resources|Management|Statistics,,Education|History|Human Resources|Management|Statistics,5,5,https://www.tamu.edu/academics,WRITTEN
texas-am-university-corpus-christi,Texas A&M University Corpus Christi,Education,Chemistry|Management|Sport Management,,Education|Chemistry|Management|Sport Management,4,4,https://www.tamucc.edu/academics,WRITTEN
texas-lutheran-university,Texas Lutheran University,Biology|Business|Education|Nursing|Physics,Accounting|Art|Athletic Training|Biochemistry|Chemistry|Computer Science|Engineering|English|Health Sciences|History|Kinesiology|Music|Occupational Therapy|Physical Therapy|Political Science|Psychology|Sociology|Veterinary Science,,Biology|Business|Education|Nursing|Physics|Accounting|Art|Athletic Training|Biochemistry|Chemistry|Computer Science|Engineering|English|Health Sciences|History|Kinesiology|Music|Occupational Therapy|Physical Therapy|Political Science|Psychology|Sociology|Veterinary Science,23,23,https://tlu.edu/academics,WRITTEN
texas-southern-university,Texas Southern University,Business|Education|Engineering|Health Sciences,Human Resources|Information Technology,Accounting,Business|Education|Engineering|Health Sciences|Human Resources|Information Technology,7,6,https://www.tsu.edu/academics,WRITTEN
texas-state-university,Texas State University,,Education|Statistics,,Education|Statistics,2,2,https://www.txst.edu/academics,WRITTEN
texas-tech-university,Texas Tech University,,Architecture|Business|Education|Engineering|Performing Arts,Communications|Health Sciences,Architecture|Business|Education|Engineering|Performing Arts,7,5,https://www.ttu.edu/academics,WRITTEN
the-citadel,The Citadel,Education|Engineering|Human Resources|Management|Mathematics|Nursing,Accounting|Biology|Business|Chemistry|Communications|Computer Engineering|Economics|English|Entrepreneurship|Finance|History|Marketing|Physics|Psychology,Architecture|Biochemistry|Criminal Justice|Data Analytics|Information Technology|Mechanical Engineering|Political Science,Education|Engineering|Human Resources|Management|Mathematics|Nursing|Accounting|Biology|Business|Chemistry|Communications|Computer Engineering|Economics|English|Entrepreneurship|Finance|History|Marketing|Physics|Psychology,27,20,https://www.citadel.edu,WRITTEN
the-city-college-of-new-york,The City College of New York,,,,,0,0,,NO_WRITABLE_MATCHES
the-college-of-new-jersey,The College of New Jersey,Art|Business|Education|Engineering|Health Sciences|Nursing,Data Science|History|Management|Mathematics|Music|Physics|Statistics,Accounting|Biochemistry|Biology|Biomedical Engineering|Chemistry|Civil Engineering|Computer Engineering|Computer Science|Cybersecurity|Economics|Electrical Engineering|Finance|Graphic Design|Journalism|Kinesiology|Mechanical Engineering|Philosophy|Physical Therapy|Political Science|Psychology|Public Health|Sociology|Visual Arts,Art|Business|Education|Engineering|Health Sciences|Nursing|Data Science|History|Management|Mathematics|Music|Physics|Statistics,36,13,https://www.tcnj.edu/academics,WRITTEN
the-college-of-st-scholastica,The College of St. Scholastica,,Business|Education|Health Sciences|Nursing,,Business|Education|Health Sciences|Nursing,4,4,https://www.css.edu/academics,WRITTEN
the-college-of-wooster,The College of Wooster,,Art|Education,,Art|Education,2,2,https://www.wooster.edu/academics,WRITTEN
the-state-university-of-new-york-at-fredonia,The State University of New York at Fredonia,Biochemistry|Biology|Business|Chemistry|Criminal Justice|Education|English|Entrepreneurship|History|Management|Mathematics|Music|Physics|Psychology|Social Work|Visual Arts,Accounting|Art|Art History|Computer Science|Data Science|Economics|Engineering|Exercise Science|Film Studies|Finance|Graphic Design|Information Systems|Journalism|Marketing|Philosophy|Political Science|Public Health|Public Relations|Sociology|Sport Management|Statistics,,Biochemistry|Biology|Business|Chemistry|Criminal Justice|Education|English|Entrepreneurship|History|Management|Mathematics|Music|Physics|Psychology|Social Work|Visual Arts|Accounting|Art|Art History|Computer Science|Data Science|Economics|Engineering|Exercise Science|Film Studies|Finance|Graphic Design|Information Systems|Journalism|Marketing|Philosophy|Political Science|Public Health|Public Relations|Sociology|Sport Management|Statistics,37,37,https://www.fredonia.edu/majors,WRITTEN
the-university-of-olivet,The University of Olivet,Business|Education|Finance|History|Management|Marketing|Mathematics|Psychology|Visual Arts,Accounting|Actuarial Science|Art|Biochemistry|Biology|Chemistry|Computer Science|Criminal Justice|English|Environmental Science|Exercise Science|Forensic Science|Graphic Design|Music|Nursing|Philosophy|Political Science|Pre-Med|Religion|Social Work|Sociology,Literature,Business|Education|Finance|History|Management|Marketing|Mathematics|Psychology|Visual Arts|Accounting|Actuarial Science|Art|Biochemistry|Biology|Chemistry|Computer Science|Criminal Justice|English|Environmental Science|Exercise Science|Forensic Science|Graphic Design|Music|Nursing|Philosophy|Political Science|Pre-Med|Religion|Social Work|Sociology,31,30,https://www.uolivet.edu/academics,WRITTEN
thiel-college,Thiel College,Education,,Communications|Psychology|Statistics,Education,4,1,https://www.thiel.edu/academics,WRITTEN
thomas-college,Thomas College,Accounting|Business|Computer Science|Criminal Justice|Cybersecurity|Education|Entrepreneurship|Finance|Management|Marketing|Mathematics,Actuarial Science|Biology|Business Analytics|Chemistry|Communications|Digital Media|English|Environmental Science|Forensic Science|Information Systems|Public Relations,Human Resources|Political Science|Psychology|Sport Management,Accounting|Business|Computer Science|Criminal Justice|Cybersecurity|Education|Entrepreneurship|Finance|Management|Marketing|Mathematics|Actuarial Science|Biology|Business Analytics|Chemistry|Communications|Digital Media|English|Environmental Science|Forensic Science|Information Systems|Public Relations,26,22,https://www.thomas.edu/programs,WRITTEN
towson-university,Towson University,Business|Education,Accounting|Art|Chemistry|Computer Science|Economics|Finance|Management|Marketing|Mathematics|Music|Theater,Biology|Human Services|Physics|Sports Medicine,Business|Education|Accounting|Art|Chemistry|Computer Science|Economics|Finance|Management|Marketing|Mathematics|Music|Theater,17,13,https://www.towson.edu/academics,WRITTEN
transylvania-university,Transylvania University,Art|Biology|Business|Chemistry|Education|History|Music|Theater,Accounting|Art History|Biochemistry|Computer Science|Data Analytics|Economics|Engineering|English|Exercise Science|Film Studies|Finance|Management|Marketing|Mathematics|Neuroscience|Nursing|Philosophy|Physics|Political Science|Pre-Law|Pre-Nursing|Pre-Veterinary Medicine|Psychology|Public Health|Religion|Sociology|Sport Management,Entrepreneurship|Occupational Therapy|Physical Therapy|Pre-Pharmacy|Pre-Physical Therapy,Art|Biology|Business|Chemistry|Education|History|Music|Theater|Accounting|Art History|Biochemistry|Computer Science|Data Analytics|Economics|Engineering|English|Exercise Science|Film Studies|Finance|Management|Marketing|Mathematics|Neuroscience|Nursing|Philosophy|Physics|Political Science|Pre-Law|Pre-Nursing|Pre-Veterinary Medicine|Psychology|Public Health|Religion|Sociology|Sport Management,40,35,https://www.transy.edu/academics,WRITTEN
trine-university,Trine University,Education|Engineering,Biomedical Engineering|Business|Health Sciences|Management|Music|Nursing|Performing Arts,Chemistry|Exercise Science|Information Systems,Education|Engineering|Biomedical Engineering|Business|Health Sciences|Management|Music|Nursing|Performing Arts,12,9,https://www.trine.edu,WRITTEN
trinity-college-connecticut,Trinity College (Connecticut),,Art|Chemistry|English|Neuroscience,Psychology,Art|Chemistry|English|Neuroscience,5,4,https://www.trincoll.edu/academics,WRITTEN
trinity-university-texas,Trinity University (Texas),Education,Art|Business|Entrepreneurship,,Education|Art|Business|Entrepreneurship,4,4,https://www.trinity.edu/academics,WRITTEN
troy-university,Troy University,Education,Art|Business|Entrepreneurship,Communications|Engineering|Health Sciences,Education|Art|Business|Entrepreneurship,7,4,https://www.troy.edu/academics,WRITTEN
tufts-university,Tufts University,Engineering,Biomedical Sciences|Education|Nutrition,Computer Engineering,Engineering|Biomedical Sciences|Education|Nutrition,5,4,https://www.tufts.edu/academics,WRITTEN
tulane-university,Tulane University,Education,Art|History,Entrepreneurship,Education|Art|History,4,3,https://www.tulane.edu/academics,WRITTEN
tusculum-university,Tusculum University,Art|Biology|Business|Chemistry|Computer Science|Criminal Justice|Education|English|Entrepreneurship|Environmental Science|History|Management|Mathematics|Nursing|Political Science|Psychology,Accounting|Economics|Information Technology|Literature|Marketing|Pre-Nursing|Pre-Pharmacy|Sociology|Sport Management,Pre-Law,Art|Biology|Business|Chemistry|Computer Science|Criminal Justice|Education|English|Entrepreneurship|Environmental Science|History|Management|Mathematics|Nursing|Political Science|Psychology|Accounting|Economics|Information Technology|Literature|Marketing|Pre-Nursing|Pre-Pharmacy|Sociology|Sport Management,26,25,https://site.tusculum.edu/programs,WRITTEN
u-s-merchant-marine-academy,U.S. Merchant Marine Academy,,,,,0,0,,NO_WRITABLE_MATCHES
ucf,UCF,Accounting|Art|Biology|Biomedical Sciences|Biotechnology|Business|Chemistry|Computer Engineering|Computer Science|Criminal Justice|Digital Media|Education|Engineering|English|Finance|Health Sciences|History|Hospitality|Hospitality Management|Information Technology|Journalism|Kinesiology|Management|Marketing|Mathematics|Mechanical Engineering|Music|Nursing|Physics|Political Science|Psychology|Public Administration|Social Work|Sociology,Architecture|Biochemistry|Civil Engineering|Data Science|Economics|Electrical Engineering|Emergency Management|Forensic Science|Health Administration|Language Arts|Literature|Neuroscience|Philosophy|Physical Therapy|Statistics|Visual Arts,Actuarial Science|Athletic Training|Business Analytics|Environmental Science|Game Design|Graphic Design|Industrial Engineering|International Relations|Pre-Law|Pre-Pharmacy|Public Relations|Theater,Accounting|Art|Biology|Biomedical Sciences|Biotechnology|Business|Chemistry|Computer Engineering|Computer Science|Criminal Justice|Digital Media|Education|Engineering|English|Finance|Health Sciences|History|Hospitality|Hospitality Management|Information Technology|Journalism|Kinesiology|Management|Marketing|Mathematics|Mechanical Engineering|Music|Nursing|Physics|Political Science|Psychology|Public Administration|Social Work|Sociology|Architecture|Biochemistry|Civil Engineering|Data Science|Economics|Electrical Engineering|Emergency Management|Forensic Science|Health Administration|Language Arts|Literature|Neuroscience|Philosophy|Physical Therapy|Statistics|Visual Arts,62,50,https://www.ucf.edu/academics,WRITTEN
ucla,UCLA,Education,Art|Entrepreneurship|History,,Education|Art|Entrepreneurship|History,4,4,https://www.ucla.edu/academics,WRITTEN
unc-asheville,UNC Asheville,Engineering,Civil Engineering|Computer Engineering|Education,Biomedical Engineering|Chemistry|Electrical Engineering|Finance|Human Resources|Mechanical Engineering|Physics,Engineering|Civil Engineering|Computer Engineering|Education,11,4,https://www.unca.edu/degrees,WRITTEN
unc-pembroke,UNC Pembroke,Education|Occupational Therapy,Art|Business|Communications|Engineering|Health Sciences|Marketing,Performing Arts,Education|Occupational Therapy|Art|Business|Communications|Engineering|Health Sciences|Marketing,9,8,https://www.uncp.edu/academics,WRITTEN
unc-wilmington,UNC Wilmington,Education|Engineering,Business|Cybersecurity|Film Studies|Mathematics|Performing Arts|Statistics,Communications|Human Services|Psychology,Education|Engineering|Business|Cybersecurity|Film Studies|Mathematics|Performing Arts|Statistics,11,8,https://uncw.edu/academics,WRITTEN
usc-upstate,USC Upstate,Education,Art|Art History|Business|Economics|Engineering|Entrepreneurship|History|Marketing|Nursing|Occupational Therapy|Physical Therapy|Pre-Law|Pre-Pharmacy|Pre-Physical Therapy|Pre-Veterinary Medicine,Biology|Chemistry|Computer Science|Criminal Justice|Film Studies|Mathematics|Philosophy|Political Science|Psychology|Public Relations|Sociology,Education|Art|Art History|Business|Economics|Engineering|Entrepreneurship|History|Marketing|Nursing|Occupational Therapy|Physical Therapy|Pre-Law|Pre-Pharmacy|Pre-Physical Therapy|Pre-Veterinary Medicine,27,16,https://www.uscupstate.edu/academics,WRITTEN
uva-wise,UVA Wise,Business|Computer Science|Economics|Education|History|Literature|Management|Mathematics|Performing Arts,Accounting|Art|Biochemistry|Biology|Chemistry|Criminal Justice|Engineering|English|Environmental Science|Exercise Science|Finance|Hospitality|Information Systems|Music|Nursing|Philosophy|Psychology|Sociology|Software Engineering|Sport Management|Theater,,Business|Computer Science|Economics|Education|History|Literature|Management|Mathematics|Performing Arts|Accounting|Art|Biochemistry|Biology|Chemistry|Criminal Justice|Engineering|English|Environmental Science|Exercise Science|Finance|Hospitality|Information Systems|Music|Nursing|Philosophy|Psychology|Sociology|Software Engineering|Sport Management|Theater,30,30,https://www.uvawise.edu/academics,WRITTEN
union-college-new-york,Union College (New York),,Engineering,,Engineering,1,1,https://www.union.edu,WRITTEN
united-states-naval-academy,United States Naval Academy,History,Education|Engineering,Mathematics,History|Education|Engineering,4,3,https://www.usna.edu,WRITTEN
university-of-akron,University of Akron,,Business|Education|History,Engineering|Psychology,Business|Education|History,5,3,https://www.uakron.edu/academics,WRITTEN
university-of-alabama,University of Alabama,,Data Science,Emergency Management|Information Technology,Data Science,3,1,https://www.ua.edu,WRITTEN
university-of-alabama-at-birmingham,University of Alabama at Birmingham,Education,Nursing|Public Health,Engineering|Human Resources,Education|Nursing|Public Health,5,3,https://www.uab.edu,WRITTEN
university-of-arkansas,University of Arkansas,,Biology,Statistics,Biology,2,1,https://www.uark.edu/academics,WRITTEN
university-of-arkansas-at-little-rock,University of Arkansas at Little Rock,Education,Business|Political Science,Cybersecurity|Engineering,Education|Business|Political Science,5,3,https://ualr.edu,WRITTEN
university-of-arkansas-at-pine-bluff,University of Arkansas at Pine Bluff,Agriculture|Education|English|Management,Art|Biology|Business|Chemistry|Computer Science|Criminal Justice|History|Music|Nursing|Physics|Social Work,Accounting|Communications|Engineering|Finance|Human Resources|Mathematics,Agriculture|Education|English|Management|Art|Biology|Business|Chemistry|Computer Science|Criminal Justice|History|Music|Nursing|Physics|Social Work,21,15,https://www.uapb.edu/academics,WRITTEN
university-of-california-berkeley,University of California Berkeley,,Education,,Education,1,1,https://www.berkeley.edu,WRITTEN
university-of-california-santa-cruz,"University of California, Santa Cruz",,Biology|Engineering|History,Economics|Finance|Information Technology|Physics,Biology|Engineering|History,7,3,https://www.ucsc.edu/academics/programs,WRITTEN
university-of-central-arkansas,University of Central Arkansas,Education|Engineering,Art|Business|English|Information Technology|Management|Marketing,Accounting|Biochemistry|Biology|Chemistry|Communications|Computer Science|Economics|Environmental Science|Finance|Health Sciences|Information Systems|Literature|Mathematics|Nursing|Nutrition|Occupational Therapy|Philosophy|Physical Therapy|Physics|Psychology|Sociology,Education|Engineering|Art|Business|English|Information Technology|Management|Marketing,29,8,https://uca.edu/academics,WRITTEN
university-of-chicago,University of Chicago,,,,,0,0,,NO_WRITABLE_MATCHES
university-of-cincinnati,University of Cincinnati,Business|Education|Finance|History|Management,Communications|Marketing,Accounting|Emergency Management|Engineering|Entrepreneurship|Statistics,Business|Education|Finance|History|Management|Communications|Marketing,12,7,https://www.uc.edu/academics,WRITTEN
university-of-colorado-boulder,University of Colorado Boulder,Education|Entrepreneurship,Business|Communications|English,,Education|Entrepreneurship|Business|Communications|English,5,5,https://www.colorado.edu/academics,WRITTEN
university-of-connecticut,University of Connecticut,,English|History|Psychology,Data Analytics|Entrepreneurship,English|History|Psychology,5,3,https://uconn.edu,WRITTEN
university-of-dallas,University of Dallas,,Business|Education|Nursing,,Business|Education|Nursing,3,3,https://www.udallas.edu/academics,WRITTEN
university-of-dayton,University of Dayton,Education|English,Business|Engineering|Health Sciences,,Education|English|Business|Engineering|Health Sciences,5,5,https://udayton.edu/academics,WRITTEN
university-of-dubuque,University of Dubuque,Accounting|Art|Business|Criminal Justice|Economics|Education|English|History|Management|Marketing|Mathematics|Music|Nursing|Philosophy|Psychology|Sociology,Biology|Chemistry|Cybersecurity|Data Analytics|Environmental Science|Exercise Science|Human Resources|Information Systems|Information Technology|Performing Arts|Sport Management,Finance,Accounting|Art|Business|Criminal Justice|Economics|Education|English|History|Management|Marketing|Mathematics|Music|Nursing|Philosophy|Psychology|Sociology|Biology|Chemistry|Cybersecurity|Data Analytics|Environmental Science|Exercise Science|Human Resources|Information Systems|Information Technology|Performing Arts|Sport Management,28,27,https://www.dbq.edu/programs,WRITTEN
university-of-evansville,University of Evansville,Athletic Training|Business|Chemistry|Education|Engineering|Exercise Science|Management|Mathematics|Music|Nursing,Accounting|Actuarial Science|Art|Biochemistry|Biology|Business Analytics|Data Science|Economics|Electrical Engineering|English|Environmental Science|Finance|History|Human Services|Literature|Marketing|Mechanical Engineering|Physical Therapy|Political Science|Pre-Dentistry|Pre-Pharmacy|Psychology|Public Health|Sociology|Statistics,Civil Engineering|Computer Engineering|Computer Science|Construction Management|Criminal Justice|Cybersecurity|Journalism|Neuroscience|Public Relations,Athletic Training|Business|Chemistry|Education|Engineering|Exercise Science|Management|Mathematics|Music|Nursing|Accounting|Actuarial Science|Art|Biochemistry|Biology|Business Analytics|Data Science|Economics|Electrical Engineering|English|Environmental Science|Finance|History|Human Services|Literature|Marketing|Mechanical Engineering|Physical Therapy|Political Science|Pre-Dentistry|Pre-Pharmacy|Psychology|Public Health|Sociology|Statistics,44,35,https://www.evansville.edu/academics,WRITTEN
university-of-florida,University of Florida,,Business,,Business,1,1,https://www.ufl.edu/academics,WRITTEN
university-of-georgia,University of Georgia,,,,,0,0,,NO_WRITABLE_MATCHES
university-of-hartford,University of Hartford,Education|Engineering,Architecture|Art|Business|Digital Media|History|Journalism|Nursing,Communications,Education|Engineering|Architecture|Art|Business|Digital Media|History|Journalism|Nursing,10,9,https://www.hartford.edu/academics,WRITTEN
university-of-houston,University of Houston,Architecture|Business|Nursing,Art|Art History|Biology|Computer Engineering|Education|Engineering|English|History|Hospitality|Information Systems|Management|Mathematics|Mechanical Engineering|Music|Physical Therapy|Pre-Dentistry|Pre-Nursing|Pre-Pharmacy|Pre-Physical Therapy|Pre-Veterinary Medicine,Accounting|Biomedical Engineering|Biomedical Sciences|Biotechnology|Chemistry|Civil Engineering|Computer Science|Construction Management|Digital Media|Economics|Electrical Engineering|Entrepreneurship|Exercise Science|Finance|Graphic Design|Human Resources|Industrial Engineering|Journalism|Nutrition|Philosophy|Physics|Political Science|Pre-Law|Psychology|Sociology,Architecture|Business|Nursing|Art|Art History|Biology|Computer Engineering|Education|Engineering|English|History|Hospitality|Information Systems|Management|Mathematics|Mechanical Engineering|Music|Physical Therapy|Pre-Dentistry|Pre-Nursing|Pre-Pharmacy|Pre-Physical Therapy|Pre-Veterinary Medicine,48,23,https://www.uh.edu/majors,WRITTEN
university-of-illinois,University of Illinois,Art,Performing Arts,Engineering,Art|Performing Arts,3,2,https://illinois.edu,WRITTEN
university-of-illinois-chicago,University of Illinois Chicago,Business|Computer Science|Education|Health Sciences|Nursing|Urban Planning,Architecture|Art|Data Science|Economics|Engineering|Information Systems|Management|Public Health,Accounting|Criminal Justice|Finance|Social Work,Business|Computer Science|Education|Health Sciences|Nursing|Urban Planning|Architecture|Art|Data Science|Economics|Engineering|Information Systems|Management|Public Health,18,14,https://www.uic.edu/academics,WRITTEN
university-of-iowa,University of Iowa,,Communications|Education|Performing Arts,Health Sciences|Human Resources,Communications|Education|Performing Arts,5,3,https://uiowa.edu/academics,WRITTEN
university-of-kansas,University of Kansas,,Human Resources,,Human Resources,1,1,https://ku.edu/academics,WRITTEN
university-of-kentucky,University of Kentucky,History,Agriculture|Business|Economics|Education|Engineering|Health Sciences|Nursing|Public Health|Social Work,Finance,History|Agriculture|Business|Economics|Education|Engineering|Health Sciences|Nursing|Public Health|Social Work,11,10,https://www.uky.edu,WRITTEN
university-of-la-verne,University of La Verne,,,,,0,0,,NO_WRITABLE_MATCHES
university-of-louisiana-monroe,University of Louisiana Monroe,Education,Accounting|Business|Health Sciences|Management,Construction Management|Human Resources|Information Technology|Nursing|Performing Arts,Education|Accounting|Business|Health Sciences|Management,10,5,https://www.ulm.edu/academics,WRITTEN
university-of-louisiana-at-lafayette,University of Louisiana at Lafayette,Art|Education|Management|Music,Accounting|Biology|Business|Chemistry|Computer Science|Economics|Engineering|Finance|Health Sciences|History|Hospitality|Kinesiology|Marketing|Nursing|Performing Arts|Visual Arts,Criminal Justice|Environmental Science|Journalism|Physics|Political Science|Sociology,Art|Education|Management|Music|Accounting|Biology|Business|Chemistry|Computer Science|Economics|Engineering|Finance|Health Sciences|History|Hospitality|Kinesiology|Marketing|Nursing|Performing Arts|Visual Arts,26,20,https://louisiana.edu/academics,WRITTEN
university-of-louisville,University of Louisville,,Education|Health Sciences|History|Human Resources,Engineering|Nursing|Public Health|Social Work,Education|Health Sciences|History|Human Resources,8,4,https://louisville.edu/academics,WRITTEN
university-of-lynchburg,University of Lynchburg,Health Sciences,Education|Finance|History|Human Resources,,Health Sciences|Education|Finance|History|Human Resources,5,5,https://www.lynchburg.edu/academics,WRITTEN
university-of-maine-at-presque-isle,University of Maine at Presque Isle,Business|Education,Accounting|Art|Biology|Chemistry|Computer Science|Criminal Justice|Cybersecurity|Engineering|English|Environmental Science|Exercise Science|Film Studies|Graphic Design|Health Administration|History|Human Services|Information Systems|Journalism|Mathematics|Nursing|Philosophy|Political Science|Pre-Law|Psychology|Social Work|Sociology,,Business|Education|Accounting|Art|Biology|Chemistry|Computer Science|Criminal Justice|Cybersecurity|Engineering|English|Environmental Science|Exercise Science|Film Studies|Graphic Design|Health Administration|History|Human Services|Information Systems|Journalism|Mathematics|Nursing|Philosophy|Political Science|Pre-Law|Psychology|Social Work|Sociology,28,28,https://www.umpi.edu/academics,WRITTEN
university-of-maine-farmington,"University of Maine, Farmington",Education,Business|Health Sciences,Biology|Information Technology,Education|Business|Health Sciences,5,3,https://umf.maine.edu/academics,WRITTEN
university-of-mary-hardin-baylor,University of Mary Hardin-Baylor,Accounting|Art|Biology|Business|Education|Information Systems|Music|Nursing|Public Health,Biochemistry|Chemistry|Computer Science|Criminal Justice|Engineering|English|Exercise Physiology|Finance|Graphic Design|Health Sciences|History|Human Resources|Journalism|Management|Marketing|Mathematics|Occupational Therapy|Performing Arts|Physical Therapy|Political Science|Pre-Law|Psychology|Public Relations|Social Work|Sport Management,Cybersecurity|Neuroscience,Accounting|Art|Biology|Business|Education|Information Systems|Music|Nursing|Public Health|Biochemistry|Chemistry|Computer Science|Criminal Justice|Engineering|English|Exercise Physiology|Finance|Graphic Design|Health Sciences|History|Human Resources|Journalism|Management|Marketing|Mathematics|Occupational Therapy|Performing Arts|Physical Therapy|Political Science|Pre-Law|Psychology|Public Relations|Social Work|Sport Management,36,34,https://www.umhb.edu/academics,WRITTEN
university-of-mary-washington,University of Mary Washington,Biomedical Sciences,Environmental Science|Neuroscience|Nursing|Philosophy|Political Science|Psychology,Communications,Biomedical Sciences|Environmental Science|Neuroscience|Nursing|Philosophy|Political Science|Psychology,8,7,https://www.umw.edu,WRITTEN
university-of-maryland,University of Maryland,,Education|History,,Education|History,2,2,https://umd.edu/academics,WRITTEN
university-of-maryland-eastern-shore,University of Maryland Eastern Shore,Agriculture|Business|Education|Engineering|Management,Accounting|Art|Biology|Chemistry|Communications|Computer Science|Construction Management|Criminal Justice|Cybersecurity|Data Science|Economics|English|History|Hospitality|Marketing|Philosophy|Physical Therapy|Sport Management,Biochemistry|Biomedical Engineering|Computer Engineering|Digital Media|Electrical Engineering|Environmental Science|Exercise Science|Finance|Human Resources|Information Technology|Mechanical Engineering|Media Studies|Nutrition|Pre-Vet|Psychology|Sociology,Agriculture|Business|Education|Engineering|Management|Accounting|Art|Biology|Chemistry|Communications|Computer Science|Construction Management|Criminal Justice|Cybersecurity|Data Science|Economics|English|History|Hospitality|Marketing|Philosophy|Physical Therapy|Sport Management,39,23,https://wwwcp.umes.edu,WRITTEN
university-of-massachusetts-amherst,University of Massachusetts Amherst,,Biomedical Engineering|Engineering|Literature|Public Health,Computer Science|Human Resources,Biomedical Engineering|Engineering|Literature|Public Health,6,4,https://www.umass.edu,WRITTEN
university-of-massachusetts-boston,University of Massachusetts Boston,Education,Business|Entrepreneurship|History|Human Resources,,Education|Business|Entrepreneurship|History|Human Resources,5,5,https://www.umb.edu/academics,WRITTEN
university-of-massachusetts-dartmouth,"University of Massachusetts, Dartmouth",Art|Biology|Business|Economics|Education|Engineering|English|Health Sciences|History|Nursing|Performing Arts|Psychology,Accounting|Biochemistry|Business Analytics|Chemistry|Civil Engineering|Data Science|Entrepreneurship|Finance|Information Systems|Journalism|Literature|Management|Marketing|Mathematics|Music|Neuroscience|Nutrition|Philosophy|Physics|Political Science|Pre-Law|Pre-Med|Public Administration|Public Health|Sociology|Statistics,Architecture|Art History|Criminal Justice|Cybersecurity|Data Analytics|Digital Media|Graphic Design|Hospitality|Human Resources|International Relations|Mechanical Engineering|Theater|Visual Arts|Web Development,Art|Biology|Business|Economics|Education|Engineering|English|Health Sciences|History|Nursing|Performing Arts|Psychology|Accounting|Biochemistry|Business Analytics|Chemistry|Civil Engineering|Data Science|Entrepreneurship|Finance|Information Systems|Journalism|Literature|Management|Marketing|Mathematics|Music|Neuroscience|Nutrition|Philosophy|Physics|Political Science|Pre-Law|Pre-Med|Public Administration|Public Health|Sociology|Statistics,52,38,https://www.umassd.edu/academics,WRITTEN
university-of-memphis,University of Memphis,Architecture|Art|Business|Civil Engineering|Computer Engineering|Education|Engineering|English|Health Sciences|Journalism|Management|Physics,Accounting|Biology|Biomedical Engineering|Chemistry|Computer Science|Criminal Justice|Economics|Emergency Management|Finance|Graphic Design|History|Hospitality|Information Systems|International Business|Literature|Marketing|Mathematics|Mechanical Engineering|Music|Nursing|Philosophy|Political Science|Psychology|Public Health|Social Work|Sociology|Visual Arts,Biochemistry|Electrical Engineering|Human Services|Information Technology|Neuroscience|Nutrition|Public Administration|Public Relations|Statistics,Architecture|Art|Business|Civil Engineering|Computer Engineering|Education|Engineering|English|Health Sciences|Journalism|Management|Physics|Accounting|Biology|Biomedical Engineering|Chemistry|Computer Science|Criminal Justice|Economics|Emergency Management|Finance|Graphic Design|History|Hospitality|Information Systems|International Business|Literature|Marketing|Mathematics|Mechanical Engineering|Music|Nursing|Philosophy|Political Science|Psychology|Public Health|Social Work|Sociology|Visual Arts,48,39,https://www.memphis.edu/majors,WRITTEN
university-of-miami,University of Miami,Education,Architecture|Business|Data Science|Engineering|English|Music|Nursing,,Education|Architecture|Business|Data Science|Engineering|English|Music|Nursing,8,8,https://welcome.miami.edu/academics,WRITTEN
university-of-michigan,University of Michigan,,,,,0,0,,NO_WRITABLE_MATCHES
university-of-minnesota,University of Minnesota,,Art|Education|Finance|Health Sciences|Psychology,Journalism,Art|Education|Finance|Health Sciences|Psychology,6,5,https://twin-cities.umn.edu/academics,WRITTEN
university-of-minnesota-morris,"University of Minnesota, Morris",Education|Mathematics,Art|English|History|Management|Physical Therapy,Finance|Occupational Therapy,Education|Mathematics|Art|English|History|Management|Physical Therapy,9,7,https://www.morris.umn.edu/academics,WRITTEN
university-of-mississippi,University of Mississippi,,Education,,Education,1,1,https://olemiss.edu/academics,WRITTEN
university-of-missouri,University of Missouri,Education,Agriculture|Business|Engineering|Entrepreneurship|Journalism|Philosophy,Health Sciences|Nursing,Education|Agriculture|Business|Engineering|Entrepreneurship|Journalism|Philosophy,9,7,https://missouri.edu/academics,WRITTEN
university-of-mount-saint-vincent,University of Mount Saint Vincent,Accounting|Business|Economics|Education|Nursing,Management|Music|Sport Management,Human Resources,Accounting|Business|Economics|Education|Nursing|Management|Music|Sport Management,9,8,https://www.mountsaintvincent.edu/majors,WRITTEN
university-of-mount-union,University of Mount Union,Education,Art|History|Music|Performing Arts|Visual Arts,,Education|Art|History|Music|Performing Arts|Visual Arts,6,6,https://www.mountunion.edu/academics,WRITTEN
university-of-nebraska,University of Nebraska,,Architecture|Art|Education|Management|Performing Arts,Communications|Engineering|Entrepreneurship|Journalism,Architecture|Art|Education|Management|Performing Arts,9,5,https://www.unl.edu/academics,WRITTEN
university-of-nevada-las-vegas,University of Nevada Las Vegas,,Education|Hospitality|Hospitality Management|Management,,Education|Hospitality|Hospitality Management|Management,4,4,https://www.unlv.edu,WRITTEN
university-of-nevada-reno,University of Nevada Reno,Art|Art History|History|Music,Education|Marketing|Performing Arts,Biology|Human Resources|Visual Arts,Art|Art History|History|Music|Education|Marketing|Performing Arts,10,7,https://www.unr.edu/programs,WRITTEN
university-of-new-england,University of New England,Business|Education|Entrepreneurship,Public Health,Communications|Data Science|Mathematics,Business|Education|Entrepreneurship|Public Health,7,4,https://www.une.edu/academics,WRITTEN
university-of-new-mexico,University of New Mexico,,Education|History,Architecture|Finance|Health Sciences,Education|History,5,2,https://www.unm.edu,WRITTEN
university-of-new-orleans,University of New Orleans,Education,Business|Engineering,Architecture|Mathematics,Education|Business|Engineering,5,3,https://www.uno.edu/academics,WRITTEN
university-of-north-alabama,University of North Alabama,Education,Art|Engineering,Human Resources|Nursing,Education|Art|Engineering,5,3,https://www.una.edu/academics,WRITTEN
university-of-north-carolina-wilmington,University of North Carolina Wilmington,Education|Engineering,Business|Cybersecurity|Film Studies|Mathematics|Performing Arts|Statistics,Communications|Human Services|Psychology,Education|Engineering|Business|Cybersecurity|Film Studies|Mathematics|Performing Arts|Statistics,11,8,https://uncw.edu/academics,WRITTEN
university-of-north-carolina-at-chapel-hill,University of North Carolina at Chapel Hill,Education,Biology|Biomedical Sciences|Business|Public Health|Social Work,Data Science|Economics|Entrepreneurship|Journalism|Literature|Nursing|Philosophy|Public Administration,Education|Biology|Biomedical Sciences|Business|Public Health|Social Work,14,6,https://www.unc.edu/programs,WRITTEN
university-of-north-carolina-at-charlotte,University of North Carolina at Charlotte,Architecture|Business|Education|Engineering,Chemistry|Communications|Human Services|Information Systems|Nursing|Performing Arts|Political Science,,Architecture|Business|Education|Engineering|Chemistry|Communications|Human Services|Information Systems|Nursing|Performing Arts|Political Science,11,11,https://www.charlotte.edu/academics,WRITTEN
university-of-north-carolina-at-greensboro,University of North Carolina at Greensboro,Business|Cybersecurity|Economics|Information Systems|Management,Data Analytics|Education,,Business|Cybersecurity|Economics|Information Systems|Management|Data Analytics|Education,7,7,https://www.uncg.edu/degrees,WRITTEN
university-of-north-florida,University of North Florida,Education,Art|Business|Engineering|Human Services,,Education|Art|Business|Engineering|Human Services,5,5,https://www.unf.edu/academics,WRITTEN
university-of-northern-iowa,University of Northern Iowa,Accounting|Art|Athletic Training|Biology|Business|Computer Science|Criminal Justice|Digital Media|Education|Engineering|English|History|Kinesiology|Management|Mathematics|Music|Nursing|Physics|Psychology|Social Work|Sociology,Actuarial Science|Art History|Biochemistry|Business Analytics|Chemistry|Construction Management|Cybersecurity|Data Science|Economics|Electrical Engineering|Entrepreneurship|Environmental Science|Exercise Science|Finance|Graphic Design|Health Sciences|Human Resources|Human Services|Information Systems|International Business|Journalism|Marketing|Mechanical Engineering|Performing Arts|Philosophy|Political Science|Pre-Dentistry|Public Administration|Public Health|Public Relations|Statistics|Strength & Conditioning,Occupational Therapy|Physical Therapy|Pre-Law|Pre-Pharmacy|Pre-Physical Therapy,Accounting|Art|Athletic Training|Biology|Business|Computer Science|Criminal Justice|Digital Media|Education|Engineering|English|History|Kinesiology|Management|Mathematics|Music|Nursing|Physics|Psychology|Social Work|Sociology|Actuarial Science|Art History|Biochemistry|Business Analytics|Chemistry|Construction Management|Cybersecurity|Data Science|Economics|Electrical Engineering|Entrepreneurship|Environmental Science|Exercise Science|Finance|Graphic Design|Health Sciences|Human Resources|Human Services|Information Systems|International Business|Journalism|Marketing|Mechanical Engineering|Performing Arts|Philosophy|Political Science|Pre-Dentistry|Public Administration|Public Health|Public Relations|Statistics|Strength & Conditioning,58,53,https://uni.edu/majors,WRITTEN
university-of-northwestern-st-paul,University of Northwestern-St. Paul,Education,History|Music,Engineering|Nursing,Education|History|Music,5,3,https://www.unwsp.edu/academics,WRITTEN
university-of-notre-dame,University of Notre Dame,,Education|Entrepreneurship|History|Human Resources,Hospitality|Pre-Med,Education|Entrepreneurship|History|Human Resources,6,4,https://www.nd.edu/academics,WRITTEN
university-of-oklahoma,University of Oklahoma,,Education|Public Health,Architecture|Engineering|Journalism|Nursing,Education|Public Health,6,2,https://www.ou.edu/academics,WRITTEN
university-of-oregon,University of Oregon,Architecture|Art|Business|Education|History|Journalism|Psychology,Biology|Chemistry|Computer Science|Economics|Music|Neuroscience|Political Science|Public Relations,Marine Biology|Urban Planning,Architecture|Art|Business|Education|History|Journalism|Psychology|Biology|Chemistry|Computer Science|Economics|Music|Neuroscience|Political Science|Public Relations,17,15,https://www.uoregon.edu/academics,WRITTEN
university-of-pennsylvania,University of Pennsylvania,Education,Business|History,,Education|Business|History,3,3,https://www.upenn.edu/academics,WRITTEN
university-of-pittsburgh,University of Pittsburgh,Education,Business|Engineering|Nursing|Public Health|Social Work,Health Sciences|Information Technology,Education|Business|Engineering|Nursing|Public Health|Social Work,8,6,https://www.pitt.edu/academics,WRITTEN
university-of-pittsburgh-bradford,"University of Pittsburgh, Bradford",Education,Art|Business|Engineering|Music,Health Sciences,Education|Art|Business|Engineering|Music,6,5,https://www.upb.pitt.edu,WRITTEN
university-of-pittsburgh-greensburg,"University of Pittsburgh, Greensburg",Psychology,Accounting|Actuarial Science|Architecture|Art|Biology|Business|Chemistry|Computer Science|Criminal Justice|Education|English|Entrepreneurship|Film Studies|History|Literature|Management|Mathematics|Music|Philosophy|Political Science|Sociology|Statistics,,Psychology|Accounting|Actuarial Science|Architecture|Art|Biology|Business|Chemistry|Computer Science|Criminal Justice|Education|English|Entrepreneurship|Film Studies|History|Literature|Management|Mathematics|Music|Philosophy|Political Science|Sociology|Statistics,23,23,https://www.greensburg.pitt.edu/academic-programs,WRITTEN
university-of-portland,University of Portland,Education,Biology|Business|Engineering|Nursing,,Education|Biology|Business|Engineering|Nursing,5,5,https://www.up.edu/academics,WRITTEN
university-of-puget-sound,University of Puget Sound,Art|Communications|Education,Business|Economics|History|International Business|Marketing|Occupational Therapy|Physical Therapy|Pre-Med|Psychology|Public Health,Biology|Exercise Science|Mathematics,Art|Communications|Education|Business|Economics|History|International Business|Marketing|Occupational Therapy|Physical Therapy|Pre-Med|Psychology|Public Health,16,13,https://www.pugetsound.edu/academics,WRITTEN
university-of-redlands,University of Redlands,Business|Education|Information Technology,Human Resources,Architecture,Business|Education|Information Technology|Human Resources,5,4,https://www.redlands.edu/academics,WRITTEN
university-of-rhode-island,University of Rhode Island,Education,Business|Computer Science|Engineering|Literature|Mathematics|Nursing|Performing Arts|Philosophy,,Education|Business|Computer Science|Engineering|Literature|Mathematics|Nursing|Performing Arts|Philosophy,9,9,https://www.uri.edu/programs,WRITTEN
university-of-richmond,University of Richmond,Education,Accounting|Art|Biology|Business|Communications|Data Science|Economics|Engineering|Entrepreneurship|History|International Business|Management|Philosophy|Physics|Pre-Law|Pre-Med|Sociology|Statistics,Art History|Biochemistry|Business Analytics|Chemistry|Computer Science|Film Studies|Finance|Human Resources|Journalism|Literature|Mathematics|Neuroscience|Political Science|Psychology,Education|Accounting|Art|Biology|Business|Communications|Data Science|Economics|Engineering|Entrepreneurship|History|International Business|Management|Philosophy|Physics|Pre-Law|Pre-Med|Sociology|Statistics,33,19,https://www.richmond.edu/academics/majors,WRITTEN
university-of-rochester,University of Rochester,Business|Education|Engineering|Music,Art|Finance|Nursing,Human Resources|Information Technology,Business|Education|Engineering|Music|Art|Finance|Nursing,9,7,https://www.rochester.edu/academics,WRITTEN
university-of-saint-joseph-connecticut,University of Saint Joseph (Connecticut),Accounting|Biochemistry|Biology|Business|Chemistry|Computer Science|Education|Environmental Science|History|Management|Mathematics|Nursing|Nutrition|Physical Therapy|Political Science|Psychology|Public Health|Social Work|Sport Management,Actuarial Science|Art|Art History|Criminal Justice|Data Analytics|Data Science|Digital Media|Economics|Engineering|English|Exercise Science|Health Sciences|Information Technology|Music|Occupational Therapy|Performing Arts|Philosophy|Physics|Sociology,Human Resources,Accounting|Biochemistry|Biology|Business|Chemistry|Computer Science|Education|Environmental Science|History|Management|Mathematics|Nursing|Nutrition|Physical Therapy|Political Science|Psychology|Public Health|Social Work|Sport Management|Actuarial Science|Art|Art History|Criminal Justice|Data Analytics|Data Science|Digital Media|Economics|Engineering|English|Exercise Science|Health Sciences|Information Technology|Music|Occupational Therapy|Performing Arts|Philosophy|Physics|Sociology,39,38,https://www.usj.edu/academics,WRITTEN
university-of-san-diego,University of San Diego,,,,,0,0,,NO_WRITABLE_MATCHES
university-of-san-francisco,University of San Francisco,Management|Nursing,Communications|Education,Architecture,Management|Nursing|Communications|Education,5,4,https://www.usfca.edu/academics,WRITTEN
university-of-scranton,University of Scranton,Accounting|Education,Art|Business|Human Services|Management|Philosophy|Physics|Psychology,Criminal Justice|Exercise Science|Occupational Therapy|Physical Therapy|Pre-Med|Sociology,Accounting|Education|Art|Business|Human Services|Management|Philosophy|Physics|Psychology,15,9,https://www.scranton.edu/academics,WRITTEN
university-of-south-alabama,University of South Alabama,Art|Biology|Business|Education|Management,Accounting|Computer Engineering|Criminal Justice|Engineering|Finance|Health Sciences|History|Information Systems|Information Technology|Literature|Marketing|Nursing,Art History|Biochemistry|Biomedical Sciences|Chemistry|Civil Engineering|Communications|Cybersecurity|Economics|Emergency Management|Entrepreneurship|Hospitality|Human Resources|Kinesiology|Mathematics|Mechanical Engineering|Occupational Therapy|Performing Arts|Philosophy|Physical Therapy|Physics|Political Science|Psychology|Public Relations|Social Work|Sociology|Speech Pathology|Statistics,Art|Biology|Business|Education|Management|Accounting|Computer Engineering|Criminal Justice|Engineering|Finance|Health Sciences|History|Information Systems|Information Technology|Literature|Marketing|Nursing,44,17,https://www.southalabama.edu/programs,WRITTEN
university-of-south-carolina,University of South Carolina,Education,Business|Communications|Engineering|History|Hospitality|Management|Music|Nursing|Public Health|Social Work|Sport Management,Finance|Human Resources,Education|Business|Communications|Engineering|History|Hospitality|Management|Music|Nursing|Public Health|Social Work|Sport Management,14,12,https://www.sc.edu/academics,WRITTEN
university-of-south-florida,University of South Florida,Education,Business|History|Statistics,Communications|Human Resources,Education|Business|History|Statistics,6,4,https://www.usf.edu/academics,WRITTEN
university-of-southern-california,University of Southern California,,Accounting|Architecture|Art|Business|Education|Engineering|Journalism|Music|Occupational Therapy|Physical Therapy|Social Work,Health Sciences,Accounting|Architecture|Art|Business|Education|Engineering|Journalism|Music|Occupational Therapy|Physical Therapy|Social Work,12,11,https://www.usc.edu/academics,WRITTEN
university-of-southern-indiana,University of Southern Indiana,Business|Education|Engineering,Nursing,,Business|Education|Engineering|Nursing,4,4,https://www.usi.edu/academics,WRITTEN
university-of-southern-maine,University of Southern Maine,Art,Accounting|Actuarial Science|Art History|Business|Education|History|Information Systems|Mathematics|Psychology,,Art|Accounting|Actuarial Science|Art History|Business|Education|History|Information Systems|Mathematics|Psychology,10,10,https://www.usm.maine.edu/academics,WRITTEN
university-of-southern-mississippi,University of Southern Mississippi,Business,Accounting|Art|Education|Engineering|Finance,Athletic Training|Economics|Entrepreneurship,Business|Accounting|Art|Education|Engineering|Finance,9,6,https://www.usm.edu/academics,WRITTEN
university-of-st-thomas-texas,University of St. Thomas (Texas),Business|Education|Human Services|Nursing,Accounting|Art|Economics|Engineering|Entrepreneurship|Finance|International Business|Management|Marketing|Physics,Biology,Business|Education|Human Services|Nursing|Accounting|Art|Economics|Engineering|Entrepreneurship|Finance|International Business|Management|Marketing|Physics,15,14,https://www.stthom.edu/academics,WRITTEN
university-of-tennessee,University of Tennessee,,Agriculture|History|Social Work,Architecture|Engineering|Literature,Agriculture|History|Social Work,6,3,https://www.utk.edu/areas-of-study,WRITTEN
university-of-tennessee-at-martin,University of Tennessee at Martin,,Agriculture|Education|Engineering,Accounting|Chemistry|Computer Science|Economics|Finance|Information Systems|Mathematics|Nursing|Philosophy|Physics|Political Science|Psychology|Statistics,Agriculture|Education|Engineering,16,3,https://www.utm.edu/academics,WRITTEN
university-of-texas,University of Texas,Education,Art|Business|Engineering,Architecture|Entrepreneurship|Nursing|Social Work,Education|Art|Business|Engineering,8,4,https://www.utexas.edu/academics,WRITTEN
university-of-texas-arlington,University of Texas Arlington,,Architecture|Education,Engineering|Nursing|Social Work,Architecture|Education,5,2,https://www.uta.edu/academics,WRITTEN
university-of-texas-rio-grande-valley,University of Texas Rio Grande Valley,Accounting|Business|Computer Science|Education|Engineering|Entrepreneurship|Mechanical Engineering,Data Analytics|English|Mathematics|Nursing|Social Work,,Accounting|Business|Computer Science|Education|Engineering|Entrepreneurship|Mechanical Engineering|Data Analytics|English|Mathematics|Nursing|Social Work,12,12,https://www.utrgv.edu/academics,WRITTEN
university-of-texas-at-dallas,University of Texas at Dallas,Education,Engineering|Human Resources|Management,,Education|Engineering|Human Resources|Management,4,4,https://www.utdallas.edu/academics,WRITTEN
university-of-texas-at-el-paso,University of Texas at El Paso,Education,Computer Science|Mechanical Engineering|Nursing|Psychology,Criminal Justice|Cybersecurity|Economics|Engineering|Finance|Statistics,Education|Computer Science|Mechanical Engineering|Nursing|Psychology,11,5,https://www.utep.edu,WRITTEN
university-of-texas-at-san-antonio,University of Texas at San Antonio,Education|Public Health,Art|Biomedical Sciences|Business|Criminal Justice|Cybersecurity|Data Science|Engineering|History|Nursing|Psychology|Public Administration,Sociology,Education|Public Health|Art|Biomedical Sciences|Business|Criminal Justice|Cybersecurity|Data Science|Engineering|History|Nursing|Psychology|Public Administration,14,13,https://www.utsa.edu/academics,WRITTEN
university-of-toledo,University of Toledo,Business|Education|Engineering|Management|Mathematics|Nursing,Communications|Human Services|Marketing|Psychology|Social Work,Criminal Justice|Human Resources|Information Technology|International Business|Web Development,Business|Education|Engineering|Management|Mathematics|Nursing|Communications|Human Services|Marketing|Psychology|Social Work,16,11,https://www.utoledo.edu/academics,WRITTEN
university-of-utah,University of Utah,Art,Art History|Biology|Education|History|Music|Neuroscience,,Art|Art History|Biology|Education|History|Music|Neuroscience,7,7,https://www.utah.edu,WRITTEN
university-of-valley-forge,University of Valley Forge,Education|History,Digital Media|Music,Communications,Education|History|Digital Media|Music,5,4,https://valleyforge.edu/academics,WRITTEN
university-of-virginia,University of Virginia,Business|Data Science|Education|Engineering|Nursing,Architecture|History|Kinesiology,,Business|Data Science|Education|Engineering|Nursing|Architecture|History|Kinesiology,8,8,https://www.virginia.edu/academics,WRITTEN
university-of-washington,University of Washington,Education,,Biology|Engineering|Information Technology,Education,4,1,https://www.washington.edu/academics,WRITTEN
university-of-west-georgia,University of West Georgia,Business|Mathematics,Communications|Education|Management|Nursing,,Business|Mathematics|Communications|Education|Management|Nursing,6,6,https://www.westga.edu/academics,WRITTEN
wisconsin,University of Wisconsin,,Accounting|Business|Education,,Accounting|Business|Education,3,3,https://www.wisc.edu/academics,WRITTEN
university-of-wisconsin-milwaukee,University of Wisconsin Milwaukee,,Architecture|Art|Education|Engineering,Economics,Architecture|Art|Education|Engineering,5,4,https://uwm.edu/academics,WRITTEN
university-of-wisconsin-eau-claire,University of Wisconsin-Eau Claire,Education,Business|Nursing,Public Health,Education|Business|Nursing,4,3,https://www.uwec.edu/academics,WRITTEN
university-of-wisconsin-la-crosse,University of Wisconsin-La Crosse,Art|Art History|Athletic Training|Biochemistry|Biology|Business|Business Analytics|Chemistry|Computer Engineering|Computer Science|Criminal Justice|Cybersecurity|Data Science|Digital Media|Economics|Education|Engineering|English|Environmental Science|Exercise Physiology|Finance|History|Information Systems|Information Technology|International Business|Kinesiology|Management|Marketing|Mathematics|Media Studies|Music|Neuroscience|Nursing|Nutrition|Occupational Therapy|Philosophy|Physical Therapy|Physics|Political Science|Pre-Dentistry|Pre-Law|Pre-Pharmacy|Pre-Physical Therapy|Psychology|Public Administration|Public Health|Sociology|Software Engineering|Statistics|Theater,Accounting|Actuarial Science|Data Analytics|Human Services|Literature|Sport Management|Sports Management|Visual Arts,Biotechnology|Human Resources|Performing Arts,Art|Art History|Athletic Training|Biochemistry|Biology|Business|Business Analytics|Chemistry|Computer Engineering|Computer Science|Criminal Justice|Cybersecurity|Data Science|Digital Media|Economics|Education|Engineering|English|Environmental Science|Exercise Physiology|Finance|History|Information Systems|Information Technology|International Business|Kinesiology|Management|Marketing|Mathematics|Media Studies|Music|Neuroscience|Nursing|Nutrition|Occupational Therapy|Philosophy|Physical Therapy|Physics|Political Science|Pre-Dentistry|Pre-Law|Pre-Pharmacy|Pre-Physical Therapy|Psychology|Public Administration|Public Health|Sociology|Software Engineering|Statistics|Theater|Accounting|Actuarial Science|Data Analytics|Human Services|Literature|Sport Management|Sports Management|Visual Arts,61,58,https://www.uwlax.edu/academics,WRITTEN
university-of-wisconsin-oshkosh,University of Wisconsin-Oshkosh,Business|Education|Nursing,,Engineering|Human Services|Mathematics,Business|Education|Nursing,6,3,https://www.uwosh.edu/academics,WRITTEN
university-of-wisconsin-platteville,University of Wisconsin-Platteville,,Agriculture|Art|Business|Education|Engineering,Mathematics|Public Relations,Agriculture|Art|Business|Education|Engineering,7,5,https://www.uwplatt.edu,WRITTEN
university-of-wisconsin-river-falls,University of Wisconsin-River Falls,Business|Education,Agriculture,Communications|Finance,Business|Education|Agriculture,5,3,https://www.uwrf.edu/academics,WRITTEN
university-of-wisconsin-stevens-point,University of Wisconsin-Stevens Point,Animal Science|Art|Art History|Athletic Training|Biochemistry|Biology|Biotechnology|Business|Chemistry|Economics|Education|English|Health Sciences|History|Management|Mathematics|Music|Performing Arts|Physics,Accounting|Communications|Computer Science|Engineering|Finance|Graphic Design|Human Resources|Marketing|Philosophy|Political Science,Agriculture|Architecture|Data Analytics|Data Science|Emergency Management|Human Services|Information Technology|Media Studies|Nursing|Nutrition|Physical Therapy|Psychology|Social Work|Sociology,Animal Science|Art|Art History|Athletic Training|Biochemistry|Biology|Biotechnology|Business|Chemistry|Economics|Education|English|Health Sciences|History|Management|Mathematics|Music|Performing Arts|Physics|Accounting|Communications|Computer Science|Engineering|Finance|Graphic Design|Human Resources|Marketing|Philosophy|Political Science,43,29,https://www.uwsp.edu/academics,WRITTEN
university-of-wisconsin-stout,University of Wisconsin-Stout,Art|Business|Communications|Education|Engineering|Nutrition,Biology|Computer Science|Game Design|Health Sciences|Information Technology|Literature|Management|Marketing|Mathematics|Performing Arts|Pre-Law|Statistics,Biochemistry|Biotechnology|Chemistry|Construction Management|Cybersecurity|Finance|Graphic Design|Human Services|Kinesiology|Philosophy|Physics|Psychology,Art|Business|Communications|Education|Engineering|Nutrition|Biology|Computer Science|Game Design|Health Sciences|Information Technology|Literature|Management|Marketing|Mathematics|Performing Arts|Pre-Law|Statistics,30,18,https://www.uwstout.edu/academics,WRITTEN
university-of-wisconsin-superior,University of Wisconsin-Superior,Education|Music,Business|History|Social Work,,Education|Music|Business|History|Social Work,5,5,https://www.uwsuper.edu/academics,WRITTEN
university-of-wisconsin-whitewater,University of Wisconsin-Whitewater,,,,,0,0,,NO_WRITABLE_MATCHES
university-of-wyoming,University of Wyoming,Business|Education,Agriculture|Art|Criminal Justice|Engineering|Health Sciences,,Business|Education|Agriculture|Art|Criminal Justice|Engineering|Health Sciences,7,7,https://www.uwyo.edu/academics,WRITTEN
university-of-the-incarnate-word,University of the Incarnate Word,,Business|Education|Engineering|Mathematics|Nursing,,Business|Education|Engineering|Mathematics|Nursing,5,5,https://www.uiw.edu/academics,WRITTEN
university-of-the-ozarks-arkansas,University of the Ozarks (Arkansas),,Agriculture|Business|Graphic Design|History|Marketing|Public Relations,Nursing,Agriculture|Business|Graphic Design|History|Marketing|Public Relations,7,6,https://www.ozarks.edu/academics,WRITTEN
university-of-the-pacific,University of the Pacific,Accounting|Art|Art History|Biochemistry|Business|Business Analytics|Chemistry|Civil Engineering|Computer Engineering|Computer Science|Criminal Justice|Data Science|Economics|Education|Engineering|English|Entrepreneurship|Film Studies|Finance|Graphic Design|History|Human Resources|International Relations|Management|Marketing|Mathematics|Mechanical Engineering|Music|Philosophy|Physics|Political Science|Pre-Law|Pre-Pharmacy|Psychology|Public Health|Sociology,Biotechnology|Electrical Engineering|Hospitality|Hospitality Management|Literature|Pre-Dentistry|Public Relations|Social Work|Sport Management|Sports Management,Digital Media|Health Sciences|Theater,Accounting|Art|Art History|Biochemistry|Business|Business Analytics|Chemistry|Civil Engineering|Computer Engineering|Computer Science|Criminal Justice|Data Science|Economics|Education|Engineering|English|Entrepreneurship|Film Studies|Finance|Graphic Design|History|Human Resources|International Relations|Management|Marketing|Mathematics|Mechanical Engineering|Music|Philosophy|Physics|Political Science|Pre-Law|Pre-Pharmacy|Psychology|Public Health|Sociology|Biotechnology|Electrical Engineering|Hospitality|Hospitality Management|Literature|Pre-Dentistry|Public Relations|Social Work|Sport Management|Sports Management,49,46,https://www.pacific.edu/majors,WRITTEN
university-of-the-south,University of the South,,Art|Business|Education|Engineering,,Art|Business|Education|Engineering,4,4,https://www.sewanee.edu/academics,WRITTEN
ursinus-college,Ursinus College,Art|Business|History|Neuroscience,Accounting|Art History|Biochemistry|Biology|Chemistry|Computer Science|Criminal Justice|Data Analytics|Economics|Education|Engineering|English|Environmental Science|Exercise Science|Film Studies|Finance|Graphic Design|Health Sciences|International Relations|Kinesiology|Management|Marketing|Mathematics|Music|Philosophy|Physics|Pre-Law|Psychology|Sociology|Sports Management|Statistics|Theater|Visual Arts,,Art|Business|History|Neuroscience|Accounting|Art History|Biochemistry|Biology|Chemistry|Computer Science|Criminal Justice|Data Analytics|Economics|Education|Engineering|English|Environmental Science|Exercise Science|Film Studies|Finance|Graphic Design|Health Sciences|International Relations|Kinesiology|Management|Marketing|Mathematics|Music|Philosophy|Physics|Pre-Law|Psychology|Sociology|Sports Management|Statistics|Theater|Visual Arts,37,37,https://www.ursinus.edu/academics,WRITTEN
utah-state-university,Utah State University,Education|Engineering,Agriculture|Biology|Business|Computer Science|Economics|History|Human Services|Mechanical Engineering|Psychology,Statistics,Education|Engineering|Agriculture|Biology|Business|Computer Science|Economics|History|Human Services|Mechanical Engineering|Psychology,12,11,https://www.usu.edu/academics,WRITTEN
utah-tech-university,Utah Tech University,,Art|Business|Education|Health Sciences|Management,Engineering|Human Resources,Art|Business|Education|Health Sciences|Management,7,5,https://utahtech.edu/majors,WRITTEN
utah-valley-university,Utah Valley University,Education,Art|Business|Engineering,,Education|Art|Business|Engineering,4,4,https://www.uvu.edu,WRITTEN
utica-university,Utica University,,Business|Computer Science|Education,,Business|Computer Science|Education,3,3,https://www.utica.edu/academics,WRITTEN
valparaiso-university,Valparaiso University,Biology|Business|Education|Engineering|Nursing,Finance|Software Engineering,Chemistry|Data Analytics|Mathematics,Biology|Business|Education|Engineering|Nursing|Finance|Software Engineering,10,7,https://www.valpo.edu/academics,WRITTEN
vanderbilt-university,Vanderbilt University,Education,Art|Engineering|History|Music|Theater,Art History|Communications|Data Science|Entrepreneurship|Neuroscience|Nursing,Education|Art|Engineering|History|Music|Theater,12,6,https://www.vanderbilt.edu/academics,WRITTEN
vassar-college,Vassar College,Art,Business|History|Music|Psychology|Public Health,Engineering,Art|Business|History|Music|Psychology|Public Health,7,6,https://www.vassar.edu/academics,WRITTEN
vermont-state-university-castleton,Vermont State University Castleton,Athletic Training|Biology|Criminal Justice|Education|Management|Music|Sport Management,Accounting|Art|Business|English|Environmental Science|Graphic Design|History|Information Systems|Literature|Marketing|Mathematics|Nursing|Philosophy|Political Science|Pre-Law|Pre-Med|Psychology|Social Work|Statistics|Theater,Hospitality|Hospitality Management|Sociology,Athletic Training|Biology|Criminal Justice|Education|Management|Music|Sport Management|Accounting|Art|Business|English|Environmental Science|Graphic Design|History|Information Systems|Literature|Marketing|Mathematics|Nursing|Philosophy|Political Science|Pre-Law|Pre-Med|Psychology|Social Work|Statistics|Theater,30,27,https://www.castleton.edu/academics,WRITTEN
vermont-state-university-lyndon,Vermont State University Lyndon,Art|Education,Business|Engineering|History,Computer Science|Literature|Psychology|Software Engineering|Theater,Art|Education|Business|Engineering|History,10,5,https://www.northernvermont.edu/academics,WRITTEN
villanova-university,Villanova University,Business|Education|Engineering|Nursing,Philosophy,Biology,Business|Education|Engineering|Nursing|Philosophy,6,5,https://www1.villanova.edu,WRITTEN
virginia-commonwealth-university,Virginia Commonwealth University,,Biology|Business|Communications|Criminal Justice|Education|History|Journalism,,Biology|Business|Communications|Criminal Justice|Education|History|Journalism,7,7,https://www.vcu.edu,WRITTEN
virginia-military-institute,Virginia Military Institute,Education|Engineering,Business|Civil Engineering|History|International Relations,Communications,Education|Engineering|Business|Civil Engineering|History|International Relations,7,6,https://www.vmi.edu/academics,WRITTEN
virginia-tech,Virginia Tech,Accounting|Agriculture|Architecture|Art|Art History|Biochemistry|Biology|Biomedical Engineering|Business|Chemistry|Civil Engineering|Computer Engineering|Computer Science|Cybersecurity|Data Analytics|Data Science|Economics|Education|Electrical Engineering|Engineering|English|Entrepreneurship|Environmental Science|Finance|Graphic Design|Health Sciences|History|Hospitality|Information Systems|Information Technology|International Relations|Journalism|Language Arts|Management|Marketing|Mathematics|Mechanical Engineering|Music|Neuroscience|Nutrition|Philosophy|Physics|Political Science|Psychology|Public Health|Public Relations|Religion|Sociology|Statistics,Pre-Dentistry|Pre-Law|Pre-Veterinary Medicine,,Accounting|Agriculture|Architecture|Art|Art History|Biochemistry|Biology|Biomedical Engineering|Business|Chemistry|Civil Engineering|Computer Engineering|Computer Science|Cybersecurity|Data Analytics|Data Science|Economics|Education|Electrical Engineering|Engineering|English|Entrepreneurship|Environmental Science|Finance|Graphic Design|Health Sciences|History|Hospitality|Information Systems|Information Technology|International Relations|Journalism|Language Arts|Management|Marketing|Mathematics|Mechanical Engineering|Music|Neuroscience|Nutrition|Philosophy|Physics|Political Science|Psychology|Public Health|Public Relations|Religion|Sociology|Statistics|Pre-Dentistry|Pre-Law|Pre-Veterinary Medicine,52,52,https://www.vt.edu/majors,WRITTEN
virginia-wesleyan-university,Virginia Wesleyan University,Art|Business|Education|History|Management|Music,Art History|Biology|Chemistry|Computer Science|Criminal Justice|Cybersecurity|English|Information Systems|Mathematics|Nursing|Philosophy|Political Science|Psychology|Sociology,Biochemistry|Biotechnology|Data Science|Engineering|Occupational Therapy|Social Work,Art|Business|Education|History|Management|Music|Art History|Biology|Chemistry|Computer Science|Criminal Justice|Cybersecurity|English|Information Systems|Mathematics|Nursing|Philosophy|Political Science|Psychology|Sociology,26,20,https://vwu.edu/academics/majors,WRITTEN
wabash-college,Wabash College,Accounting|Business|Economics|Education|Engineering|English|Philosophy,Art|Biochemistry|Biology|Chemistry|Computer Science|Digital Media|History|Mathematics|Music|Neuroscience|Physics|Political Science|Psychology|Religion|Theater,Entrepreneurship,Accounting|Business|Economics|Education|Engineering|English|Philosophy|Art|Biochemistry|Biology|Chemistry|Computer Science|Digital Media|History|Mathematics|Music|Neuroscience|Physics|Political Science|Psychology|Religion|Theater,23,22,https://www.wabash.edu/academics,WRITTEN
wagner-college,Wagner College,Education,Business|Communications|English|History|Marketing|Pre-Law|Psychology,Computer Science|Human Resources|Information Technology|Nursing|Performing Arts|Philosophy|Sociology|Visual Arts,Education|Business|Communications|English|History|Marketing|Pre-Law|Psychology,16,8,https://wagner.edu/academics,WRITTEN
wake-forest-university,Wake Forest University,Business,Art|Human Resources,,Business|Art|Human Resources,3,3,https://www.wfu.edu/academics,WRITTEN
wartburg-college,Wartburg College,Business|Education|Engineering|History|Journalism|Management|Music,Accounting|Actuarial Science|Biochemistry|Biology|Chemistry|Communications|Computer Science|Data Analytics|Data Science|Economics|Electrical Engineering|English|Environmental Science|Exercise Science|Finance|Graphic Design|Industrial Engineering|Information Systems|International Business|International Relations|Literature|Marketing|Mathematics|Mechanical Engineering|Neuroscience|Nursing|Occupational Therapy|Philosophy|Physical Therapy|Physics|Political Science|Pre-Dentistry|Pre-Law|Pre-Pharmacy|Pre-Vet|Psychology|Public Relations|Religion|Social Work|Sociology|Sport Management,,Business|Education|Engineering|History|Journalism|Management|Music|Accounting|Actuarial Science|Biochemistry|Biology|Chemistry|Communications|Computer Science|Data Analytics|Data Science|Economics|Electrical Engineering|English|Environmental Science|Exercise Science|Finance|Graphic Design|Industrial Engineering|Information Systems|International Business|International Relations|Literature|Marketing|Mathematics|Mechanical Engineering|Neuroscience|Nursing|Occupational Therapy|Philosophy|Physical Therapy|Physics|Political Science|Pre-Dentistry|Pre-Law|Pre-Pharmacy|Pre-Vet|Psychology|Public Relations|Religion|Social Work|Sociology|Sport Management,48,48,https://www.wartburg.edu/academics,WRITTEN
washington-college-maryland,Washington College (Maryland),,Business|Education|Engineering|Pre-Law,Mathematics,Business|Education|Engineering|Pre-Law,5,4,https://www.washcoll.edu/academics,WRITTEN
washington-state-university,Washington State University,Education,Athletic Training|Engineering|Nursing|Political Science,Architecture,Education|Athletic Training|Engineering|Nursing|Political Science,6,5,https://wsu.edu/academics,WRITTEN
washington-university-in-st-louis,Washington University in St. Louis,Education,Business|Engineering|History|Management|Public Health|Visual Arts,Human Resources,Education|Business|Engineering|History|Management|Public Health|Visual Arts,8,7,https://www.washu.edu/academics,WRITTEN
washington-and-jefferson-college,Washington and Jefferson College,Chemistry|English,Art|Biochemistry|Biology|Business|Economics|Music|Psychology,Mathematics|Neuroscience|Political Science,Chemistry|English|Art|Biochemistry|Biology|Business|Economics|Music|Psychology,12,9,https://www.washjeff.edu/academics,WRITTEN
washington-and-lee-university,Washington and Lee University,Business|Education|Engineering|Journalism,Accounting|Art|Economics|English|Entrepreneurship|Literature|Marketing,Communications|Computer Science|International Business|Mathematics,Business|Education|Engineering|Journalism|Accounting|Art|Economics|English|Entrepreneurship|Literature|Marketing,15,11,https://www.wlu.edu/academics,WRITTEN
waynesburg-university,Waynesburg University,Education,Computer Science|Criminal Justice|Engineering|Exercise Science,Biology|Chemistry|Environmental Science|Nursing,Education|Computer Science|Criminal Justice|Engineering|Exercise Science,9,5,https://www.waynesburg.edu/academics,WRITTEN
webster-university,Webster University,Business|Communications|Cybersecurity|Education|Psychology,Biology|Computer Science|Data Analytics|Economics|Finance|Health Administration|History|Human Resources|International Relations|Management|Marketing,Digital Media|Exercise Science,Business|Communications|Cybersecurity|Education|Psychology|Biology|Computer Science|Data Analytics|Economics|Finance|Health Administration|History|Human Resources|International Relations|Management|Marketing,18,16,https://www.webster.edu/academics,WRITTEN
wentworth-institute-of-technology,Wentworth Institute of Technology,Architecture|Biomedical Engineering|Business|Business Analytics|Civil Engineering|Computer Engineering|Computer Science|Construction Management|Cybersecurity|Data Science|Education|Engineering|Management|Mechanical Engineering,Electrical Engineering|History|Information Systems|Information Technology|Mathematics|Physics,Communications,Architecture|Biomedical Engineering|Business|Business Analytics|Civil Engineering|Computer Engineering|Computer Science|Construction Management|Cybersecurity|Data Science|Education|Engineering|Management|Mechanical Engineering|Electrical Engineering|History|Information Systems|Information Technology|Mathematics|Physics,21,20,https://www.wit.edu/academics,WRITTEN
wesleyan-college-georgia,Wesleyan College (Georgia),Business|Education|Music|Nursing,Art|History|International Business|Marketing,Architecture|Communications|Performing Arts,Business|Education|Music|Nursing|Art|History|International Business|Marketing,11,8,https://www.wesleyancollege.edu,WRITTEN
wesleyan-university-connecticut,Wesleyan University (Connecticut),Art|Art History|Biochemistry|Biology|Business|Chemistry|Computer Science|Data Science|Economics|Education|Engineering|English|Environmental Science|Film Studies|History|International Relations|Literature|Mathematics|Music|Neuroscience|Philosophy|Physics|Political Science|Psychology|Religion|Sociology|Statistics|Theater,Architecture|Finance|Media Studies|Public Health,Journalism|Kinesiology,Art|Art History|Biochemistry|Biology|Business|Chemistry|Computer Science|Data Science|Economics|Education|Engineering|English|Environmental Science|Film Studies|History|International Relations|Literature|Mathematics|Music|Neuroscience|Philosophy|Physics|Political Science|Psychology|Religion|Sociology|Statistics|Theater|Architecture|Finance|Media Studies|Public Health,34,32,https://www.wesleyan.edu/areas-of-study,WRITTEN
west-virginia-university,West Virginia University,Business,Agriculture|Art|Education|Engineering|English|Management|Nursing|Public Health,Communications|Economics,Business|Agriculture|Art|Education|Engineering|English|Management|Nursing|Public Health,11,9,https://www.wvu.edu/academics,WRITTEN
western-carolina-university,Western Carolina University,,Engineering|Nursing,,Engineering|Nursing,2,2,https://www.wcu.edu,WRITTEN
western-connecticut-state-university,Western Connecticut State University,Business|Education,Information Technology|Psychology,Biology,Business|Education|Information Technology|Psychology,5,4,https://www.wcsu.edu/academics,WRITTEN
western-illinois-university,Western Illinois University,Accounting|Agriculture|Art|Biology|Business|Business Analytics|Chemistry|Computer Science|Cybersecurity|Economics|Education|Electrical Engineering|Emergency Management|Engineering|English|Finance|Graphic Design|History|Information Systems|Management|Marketing|Mathematics|Mechanical Engineering|Music|Nursing|Nutrition|Physics|Political Science|Pre-Law|Psychology|Public Health|Social Work|Sociology|Speech Pathology|Sport Management,Actuarial Science|Biochemistry|Construction Management|Data Science|Exercise Science|Journalism|Literature|Occupational Therapy|Pre-Veterinary Medicine|Public Relations|Statistics,Communications|Human Resources,Accounting|Agriculture|Art|Biology|Business|Business Analytics|Chemistry|Computer Science|Cybersecurity|Economics|Education|Electrical Engineering|Emergency Management|Engineering|English|Finance|Graphic Design|History|Information Systems|Management|Marketing|Mathematics|Mechanical Engineering|Music|Nursing|Nutrition|Physics|Political Science|Pre-Law|Psychology|Public Health|Social Work|Sociology|Speech Pathology|Sport Management|Actuarial Science|Biochemistry|Construction Management|Data Science|Exercise Science|Journalism|Literature|Occupational Therapy|Pre-Veterinary Medicine|Public Relations|Statistics,48,46,https://www.wiu.edu/academics,WRITTEN
western-kentucky-university,Western Kentucky University,Business|Education|Engineering,Art|Human Resources|Human Services|Nursing,Accounting|Agriculture|Biochemistry|Chemistry|Economics|Finance|Information Systems|Kinesiology|Mathematics|Performing Arts|Physical Therapy|Physics|Political Science|Psychology|Public Health|Social Work,Business|Education|Engineering|Art|Human Resources|Human Services|Nursing,23,7,https://www.wku.edu/academics,WRITTEN
western-michigan-university,Western Michigan University,Engineering,Accounting|Art|Business|Chemistry|Economics|Education|English|History|Management|Marketing|Mathematics|Music|Psychology,Architecture|Art History|Biology|Biomedical Sciences|Business Analytics|Civil Engineering|Computer Engineering|Computer Science|Criminal Justice|Cybersecurity|Data Science|Digital Media|Electrical Engineering|Exercise Science|Finance|Graphic Design|Health Administration|Human Resources|Information Systems|Journalism|Literature|Mechanical Engineering|Media Studies|Nursing|Nutrition|Occupational Therapy|Philosophy|Physics|Political Science|Pre-Dentistry|Pre-Law|Public Health|Public Relations|Social Work|Sociology|Sport Management|Statistics,Engineering|Accounting|Art|Business|Chemistry|Economics|Education|English|History|Management|Marketing|Mathematics|Music|Psychology,51,14,https://wmich.edu/majors,WRITTEN
western-new-england-university,Western New England University,Education|Health Sciences,Business|Engineering|Occupational Therapy,,Education|Health Sciences|Business|Engineering|Occupational Therapy,5,5,https://www.wne.edu/academics,WRITTEN
westfield-state-university,Westfield State University,Education,Criminal Justice|History|Management|Nursing,,Education|Criminal Justice|History|Management|Nursing,5,5,https://www.westfield.ma.edu/academics,WRITTEN
westminster-college-missouri,Westminster College (Missouri),Business|Education|English|History|Psychology,Accounting|Athletic Training|Biochemistry|Biology|Chemistry|Criminal Justice|Cybersecurity|Data Science|Digital Media|Economics|Engineering|Environmental Science|Exercise Science|Finance|Journalism|Management|Mathematics|Music|Nursing|Philosophy|Physics|Political Science|Pre-Law|Public Health,Nutrition|Public Administration|Public Relations|Sports Medicine,Business|Education|English|History|Psychology|Accounting|Athletic Training|Biochemistry|Biology|Chemistry|Criminal Justice|Cybersecurity|Data Science|Digital Media|Economics|Engineering|Environmental Science|Exercise Science|Finance|Journalism|Management|Mathematics|Music|Nursing|Philosophy|Physics|Political Science|Pre-Law|Public Health,33,29,https://www.wcmo.edu/academics/programs,WRITTEN
westminster-college-pennsylvania,Westminster College (Pennsylvania),Art|Business|Education|History|Management|Marketing|Music,Accounting|Biochemistry|Biology|Chemistry|Communications|Computer Science|Criminal Justice|Data Analytics|Engineering|English|Entrepreneurship|Environmental Science|Film Studies|Finance|Graphic Design|Human Resources|Information Systems|International Business|Neuroscience|Nursing|Occupational Therapy|Philosophy|Physical Therapy|Physics|Political Science|Pre-Law|Pre-Pharmacy|Pre-Physical Therapy|Pre-Veterinary Medicine|Psychology|Religion|Sociology|Sports Management,Mathematics,Art|Business|Education|History|Management|Marketing|Music|Accounting|Biochemistry|Biology|Chemistry|Communications|Computer Science|Criminal Justice|Data Analytics|Engineering|English|Entrepreneurship|Environmental Science|Film Studies|Finance|Graphic Design|Human Resources|Information Systems|International Business|Neuroscience|Nursing|Occupational Therapy|Philosophy|Physical Therapy|Physics|Political Science|Pre-Law|Pre-Pharmacy|Pre-Physical Therapy|Pre-Veterinary Medicine|Psychology|Religion|Sociology|Sports Management,41,40,https://www.westminster.edu/academics,WRITTEN
wheaton-college-illinois,Wheaton College (Illinois),,,,,0,0,,NO_WRITABLE_MATCHES
whittier-college,Whittier College,Education|Engineering,Art|Business|Computer Science|Health Sciences|History|Human Resources|Literature|Marketing|Music|Physical Therapy|Physics|Social Work,Biology|Chemistry|Economics|Kinesiology|Mathematics|Philosophy|Political Science|Public Health|Sociology,Education|Engineering|Art|Business|Computer Science|Health Sciences|History|Human Resources|Literature|Marketing|Music|Physical Therapy|Physics|Social Work,23,14,https://www.whittier.edu/academics,WRITTEN
whitworth-university,Whitworth University,Accounting|Business|Education|Management|Nursing,Criminal Justice|Economics|Finance|Health Sciences|Marketing|Occupational Therapy|Physical Therapy|Pre-Nursing,Human Services,Accounting|Business|Education|Management|Nursing|Criminal Justice|Economics|Finance|Health Sciences|Marketing|Occupational Therapy|Physical Therapy|Pre-Nursing,14,13,https://www.whitworth.edu/academics,WRITTEN
wichita-state-university,Wichita State University,,,,,0,0,,NO_WRITABLE_MATCHES
widener-university,Widener University,Business|Education|Engineering|Human Services|Nursing|Social Work,History|Management|Music|Performing Arts|Physical Therapy,,Business|Education|Engineering|Human Services|Nursing|Social Work|History|Management|Music|Performing Arts|Physical Therapy,11,11,https://www.widener.edu/academics,WRITTEN
wilkes-university,Wilkes University,Education,Business|Engineering,Human Resources,Education|Business|Engineering,4,3,https://www.wilkes.edu/academics,WRITTEN
william-and-mary,William & Mary,Education|Psychology,Art|Business|Computer Science|Data Science|History|Physics,,Education|Psychology|Art|Business|Computer Science|Data Science|History|Physics,8,8,https://www.wm.edu/academics,WRITTEN
william-paterson-university-of-new-jersey,William Paterson University of New Jersey,Accounting|Art|Art History|Athletic Training|Biochemistry|Biology|Biotechnology|Business|Business Analytics|Chemistry|Communications|Computer Science|Criminal Justice|Cybersecurity|Data Analytics|Economics|Education|Emergency Management|Engineering|English|Entrepreneurship|Environmental Science|Exercise Physiology|Exercise Science|Film Studies|Finance|Game Design|History|Human Resources|Information Systems|Information Technology|Journalism|Kinesiology|Literature|Management|Marketing|Mathematics|Media Studies|Music|Nursing|Occupational Therapy|Philosophy|Physical Therapy|Physics|Political Science|Pre-Med|Psychology|Public Health|Public Relations|Religion|Social Work|Sociology|Sport Management|Sports Medicine|Statistics|Visual Arts,Data Science|Graphic Design|Neuroscience|Pre-Law|Pre-Physical Therapy|Public Administration,Agriculture|Hospitality|Nutrition,Accounting|Art|Art History|Athletic Training|Biochemistry|Biology|Biotechnology|Business|Business Analytics|Chemistry|Communications|Computer Science|Criminal Justice|Cybersecurity|Data Analytics|Economics|Education|Emergency Management|Engineering|English|Entrepreneurship|Environmental Science|Exercise Physiology|Exercise Science|Film Studies|Finance|Game Design|History|Human Resources|Information Systems|Information Technology|Journalism|Kinesiology|Literature|Management|Marketing|Mathematics|Media Studies|Music|Nursing|Occupational Therapy|Philosophy|Physical Therapy|Physics|Political Science|Pre-Med|Psychology|Public Health|Public Relations|Religion|Social Work|Sociology|Sport Management|Sports Medicine|Statistics|Visual Arts|Data Science|Graphic Design|Neuroscience|Pre-Law|Pre-Physical Therapy|Public Administration,65,62,https://www.wpunj.edu/academics,WRITTEN
william-peace-university,William Peace University,Business|Criminal Justice|Education|Management|Marketing|Nursing|Psychology,Art|Biology|Business Analytics|Chemistry|Communications|Data Analytics|English|Environmental Science|Forensic Science|Game Design|History|Human Resources|Political Science|Pre-Law|Sport Management,,Business|Criminal Justice|Education|Management|Marketing|Nursing|Psychology|Art|Biology|Business Analytics|Chemistry|Communications|Data Analytics|English|Environmental Science|Forensic Science|Game Design|History|Human Resources|Political Science|Pre-Law|Sport Management,22,22,https://www.peace.edu/academics,WRITTEN
williams-college,Williams College,Art|Biology|Economics|Education|History|Religion,Art History|Neuroscience|Philosophy|Physics|Political Science|Psychology|Public Health|Statistics,Biochemistry|Chemistry|Computer Science|Data Science|Literature|Mathematics|Sociology,Art|Biology|Economics|Education|History|Religion|Art History|Neuroscience|Philosophy|Physics|Political Science|Psychology|Public Health|Statistics,21,14,https://www.williams.edu,WRITTEN
wilmington-college-ohio,Wilmington College (Ohio),Education,Art|Exercise Science|Finance,,Education|Art|Exercise Science|Finance,4,4,https://www.wilmington.edu,WRITTEN
wilson-college,Wilson College,Education|Nursing|Physical Therapy,Accounting|Occupational Therapy|Sociology,Human Resources,Education|Nursing|Physical Therapy|Accounting|Occupational Therapy|Sociology,7,6,https://www.wilson.edu/academics,WRITTEN
wingate-university,Wingate University,Biology|Business|Chemistry|Education|Exercise Science|History|Management|Mathematics|Music|Nursing|Occupational Therapy|Physical Therapy|Public Health|Sport Management,Accounting|Art|Criminal Justice|English|Finance|Forensic Science|Health Sciences|Human Services|International Business|Marketing|Political Science|Psychology|Social Work|Sociology,,Biology|Business|Chemistry|Education|Exercise Science|History|Management|Mathematics|Music|Nursing|Occupational Therapy|Physical Therapy|Public Health|Sport Management|Accounting|Art|Criminal Justice|English|Finance|Forensic Science|Health Sciences|Human Services|International Business|Marketing|Political Science|Psychology|Social Work|Sociology,28,28,https://www.wingate.edu/academics,WRITTEN
winthrop-university,Winthrop University,Education,Accounting|History,Mathematics,Education|Accounting|History,4,3,https://www.winthrop.edu/academics,WRITTEN
wisconsin-lutheran-college,Wisconsin Lutheran College,Biology|Business|Education|Management|Nursing,Accounting|Actuarial Science|Art|Athletic Training|Biochemistry|Business Analytics|Chemistry|Computer Science|Criminal Justice|Cybersecurity|Data Science|Engineering|English|Environmental Science|Exercise Physiology|Exercise Science|Finance|History|Literature|Marine Biology|Marketing|Mathematics|Music|Neuroscience|Occupational Therapy|Philosophy|Physical Therapy|Physics|Psychology|Public Health|Sport Management,Health Sciences|Performing Arts,Biology|Business|Education|Management|Nursing|Accounting|Actuarial Science|Art|Athletic Training|Biochemistry|Business Analytics|Chemistry|Computer Science|Criminal Justice|Cybersecurity|Data Science|Engineering|English|Environmental Science|Exercise Physiology|Exercise Science|Finance|History|Literature|Marine Biology|Marketing|Mathematics|Music|Neuroscience|Occupational Therapy|Philosophy|Physical Therapy|Physics|Psychology|Public Health|Sport Management,38,36,https://www.wlc.edu/majors,WRITTEN
wittenberg-university,Wittenberg University,Education|Engineering,Athletic Training|Business|History|Mathematics|Nursing|Occupational Therapy|Physical Therapy|Pre-Pharmacy|Pre-Physical Therapy|Social Work,Communications|Pre-Dentistry,Education|Engineering|Athletic Training|Business|History|Mathematics|Nursing|Occupational Therapy|Physical Therapy|Pre-Pharmacy|Pre-Physical Therapy|Social Work,14,12,https://www.wittenberg.edu/academics,WRITTEN
wofford-college,Wofford College,Art|Economics|History|Mathematics|Music|Physics,Accounting|Art History|Biology|Business|Chemistry|Computer Science|Digital Media|Education|Engineering|English|Finance|Health Sciences|Information Technology|Neuroscience|Philosophy|Pre-Law|Pre-Pharmacy|Psychology|Sociology|Veterinary Science,Data Science,Art|Economics|History|Mathematics|Music|Physics|Accounting|Art History|Biology|Business|Chemistry|Computer Science|Digital Media|Education|Engineering|English|Finance|Health Sciences|Information Technology|Neuroscience|Philosophy|Pre-Law|Pre-Pharmacy|Psychology|Sociology|Veterinary Science,27,26,https://www.wofford.edu/academics,WRITTEN
worcester-state-university,Worcester State University,Business|Communications|Economics|Education|Health Sciences|Management,Criminal Justice|History|Psychology,Entrepreneurship,Business|Communications|Economics|Education|Health Sciences|Management|Criminal Justice|History|Psychology,10,9,https://www.worcester.edu/academics,WRITTEN
wright-state-university,Wright State University,Business|Psychology,Art|Computer Engineering|Computer Science|Education|Engineering|English|History|Human Resources|Human Services|Information Systems|Information Technology|Management|Marketing|Mathematics|Music|Political Science|Pre-Med|Public Administration|Public Health,Agriculture|Art History|Athletic Training|Biochemistry|Biology|Biomedical Engineering|Biomedical Sciences|Business Analytics|Chemistry|Data Science|Economics|Electrical Engineering|Emergency Management|Entrepreneurship|Exercise Science|Finance|Health Sciences|International Business|Literature|Mechanical Engineering|Media Studies|Neuroscience|Nursing|Philosophy|Physics|Social Work|Sociology|Sports Management|Statistics,Business|Psychology|Art|Computer Engineering|Computer Science|Education|Engineering|English|History|Human Resources|Human Services|Information Systems|Information Technology|Management|Marketing|Mathematics|Music|Political Science|Pre-Med|Public Administration|Public Health,50,21,https://www.wright.edu/academics,WRITTEN
xavier-university,Xavier University,Education|Nursing,Business,,Education|Nursing|Business,3,3,https://www.xavier.edu/academics,WRITTEN
yale-university,Yale University,Education,History,Architecture|Public Health,Education|History,4,2,https://www.yale.edu,WRITTEN
yeshiva-university,Yeshiva University,Business|Education|History|Nursing|Psychology,Biotechnology|Computer Science|Cybersecurity|Data Analytics|Finance|Marketing|Mathematics|Music|Occupational Therapy|Physics|Social Work,,Business|Education|History|Nursing|Psychology|Biotechnology|Computer Science|Cybersecurity|Data Analytics|Finance|Marketing|Mathematics|Music|Occupational Therapy|Physics|Social Work,16,16,https://www.yu.edu/academics,WRITTEN
york-college-new-york,York College (New York),,Business|Health Sciences|Information Systems,,Business|Health Sciences|Information Systems,3,3,https://www.york.cuny.edu/academics,WRITTEN
york-college-pennsylvania,York College (Pennsylvania),Accounting|Art|Art History|Biochemistry|Biology|Business|Business Analytics|Chemistry|Economics|Education|Engineering|History|Management|Marketing|Nursing|Psychology|Sociology,Computer Science|Criminal Justice|Finance|Public Relations,Hospitality|Information Technology|Literature|Philosophy|Sport Management,Accounting|Art|Art History|Biochemistry|Biology|Business|Business Analytics|Chemistry|Economics|Education|Engineering|History|Management|Marketing|Nursing|Psychology|Sociology|Computer Science|Criminal Justice|Finance|Public Relations,26,21,https://www.ycp.edu/academics/programs,WRITTEN
youngstown-state-university,Youngstown State University,Accounting|Art|Business|Education|Engineering|Human Resources|Information Technology|Management|Music|Nursing,Biology|Business Analytics|Chemistry|Communications|Computer Engineering|Computer Science|Criminal Justice|Cybersecurity|Data Analytics|Digital Media|Economics|Electrical Engineering|English|Environmental Science|Graphic Design|History|Human Services|Information Systems|Literature|Marketing|Mathematics|Mechanical Engineering|Nutrition|Philosophy|Physics|Pre-Dentistry|Psychology|Public Health|Social Work|Sociology|Statistics,Actuarial Science|Athletic Training|Biochemistry|Biotechnology|Civil Engineering|Construction Management|Data Science|Entrepreneurship|Exercise Science|Film Studies|Finance|Forensic Science|Health Administration|Health Sciences|International Business|Journalism|Physical Therapy|Political Science|Pre-Law|Pre-Pharmacy,Accounting|Art|Business|Education|Engineering|Human Resources|Information Technology|Management|Music|Nursing|Biology|Business Analytics|Chemistry|Communications|Computer Engineering|Computer Science|Criminal Justice|Cybersecurity|Data Analytics|Digital Media|Economics|Electrical Engineering|English|Environmental Science|Graphic Design|History|Human Services|Information Systems|Literature|Marketing|Mathematics|Mechanical Engineering|Nutrition|Philosophy|Physics|Pre-Dentistry|Psychology|Public Health|Social Work|Sociology|Statistics,61,41,https://ysu.edu/academics,WRITTEN