collegeId,collegeName,slug,city,state,legacyDivision,legacyConference,baseballProgramId,canonicalDivision,canonicalConference,baseballWebsiteUrl,athleticsHostname,normalizedSchoolName,legacyLooksD1,canonicalIsD1,scraperEligible,importedCoachCount,linkedCoachUsers,savedByPlayers,recruitingBoardEntries,recruitingLists,coachInvites,coachJoinRequests,verificationSubmissions,collegeVerificationStatus,programVerificationStatus,createdAt,updatedAt
cmou8cth500niqtloqxbbcs7q,Abilene Christian University,abilene-christian-university,Abilene,TX,,,cmou8ctht00nkqtlo5igdod18,NCAA_D1,WAC,https://acusports.com/sports/baseball,acusports.com,abilene christian,false,true,true,1,0,0,0,0,0,0,0,NEEDS_REVIEW,UNVERIFIED,2026-05-06T15:46:46.457Z,2026-05-11T13:17:26.901Z
cmowzryn20000qt4wsg538yat,Abraham Baldwin,abraham-baldwin,,GA.,,,cmowzryq20002qt4wcia94cvc,NAIA,Southern States Athletic Conference,https://naiastats.prestosports.com/sports/bsb/2024-25/teams/abrahambaldwinga,naiastats.prestosports.com,abraham baldwin,false,false,true,0,0,0,0,0,0,0,0,NEEDS_REVIEW,NEEDS_REVIEW,2026-05-08T14:09:54.969Z,2026-05-08T14:20:54.827Z
cmovlhr130000qt20ulkherhe,Adams State,adams-state,Alamosa,Colorado,,,cmovlhr640002qt20ufpnwcb3,NCAA_D2,RMAC,,,adams state,false,false,false,0,0,0,0,0,0,0,0,NEEDS_REVIEW,NEEDS_REVIEW,2026-05-07T14:42:17.747Z,2026-05-07T15:06:21.588Z
cmovlhr7v0003qt200jeu4smn,Adelphi,adelphi,Garden City,New York,,,cmovlhr8n0005qt20gqqjq2vz,NCAA_D2,NE-10,,,adelphi,false,false,false,0,0,0,0,0,0,0,0,NEEDS_REVIEW,NEEDS_REVIEW,2026-05-07T14:42:17.995Z,2026-05-07T15:06:21.717Z
cmovorlan0000qt7g3byppnen,Adrian College,adrian-college,,MI,,,cmovorlfq0002qt7g0lutoyyx,NCAA_D3,Michigan Intercollegiate Athletic Association,https://www.adrianbulldogs.com,adrianbulldogs.com,adrian,false,false,true,0,0,0,0,0,0,0,0,NEEDS_REVIEW,NEEDS_REVIEW,2026-05-07T16:13:55.725Z,2026-05-07T16:13:55.725Z
cmou7y6lb00i0qtoctz1o5gup,Air Force Academy,air-force-academy,Colorado Springs,CO,,,cmou7y6m100i2qtocacagvlzg,NCAA_D1,Mountain West,https://goairforcefalcons.com/sports/baseball,goairforcefalcons.com,air force academy,false,true,true,4,0,0,0,0,0,0,0,NEEDS_REVIEW,UNVERIFIED,2026-05-06T15:35:23.616Z,2026-05-11T13:17:26.993Z
cmou8bk4r00miqtuwipz7ujxn,Alabama A&M University,alabama-am-university,Huntsville,AL,,,cmou8bk5g00mkqtuwooxa4ld7,NCAA_D1,SWAC,https://aamusports.com/sports/baseball,aamusports.com,alabama a and m,false,true,true,2,0,0,0,0,0,0,0,NEEDS_REVIEW,UNVERIFIED,2026-05-06T15:45:47.691Z,2026-05-11T13:17:27.016Z
cmou8bk6700mlqtuw9jg9v0hr,Alabama State University,alabama-state-university,Montgomery,AL,,,cmou8bk7000mnqtuws5zp12wv,NCAA_D1,SWAC,https://bamastatesports.com/sports/baseball,bamastatesports.com,alabama state,false,true,true,3,0,0,0,0,0,0,0,NEEDS_REVIEW,UNVERIFIED,2026-05-06T15:45:47.743Z,2026-05-11T13:17:27.038Z
cmovlhr9e0006qt20s04zbjga,Alabama–Huntsville,alabama-huntsville,Huntsville,Alabama,,,cmovlhra60008qt20buj8b9rh,NCAA_D2,Gulf South,,,alabama huntsville,false,false,false,0,0,0,0,0,0,0,0,NEEDS_REVIEW,NEEDS_REVIEW,2026-05-07T14:42:18.050Z,2026-05-07T15:06:21.792Z
cmovlhrax0009qt20fz510cen,Albany State,albany-state,Albany,Georgia,,,cmovlhrbn000bqt20il9qljuc,NCAA_D2,SIAC,,,albany state,false,false,false,0,0,0,0,0,0,0,0,NEEDS_REVIEW,NEEDS_REVIEW,2026-05-07T14:42:18.105Z,2026-05-07T15:06:21.844Z
cmovorli30003qt7ghyzowd2w,Albertus Magnus College,albertus-magnus-college,,CT,,,cmovorliu0005qt7g7mg1gz62,NCAA_D3,Great Northeast Athletic Conference,https://www.albertusfalcons.com,albertusfalcons.com,albertus magnus,false,false,true,0,0,0,0,0,0,0,0,NEEDS_REVIEW,NEEDS_REVIEW,2026-05-07T16:13:55.995Z,2026-05-07T16:13:55.995Z
cmovorljq0006qt7guvyvw5kf,Albion College,albion-college,,MI,,,cmovorlkg0008qt7g1lklt6zx,NCAA_D3,Michigan Intercollegiate Athletic Association,https://www.gobrits.com,gobrits.com,albion,false,false,true,0,0,0,0,0,0,0,0,NEEDS_REVIEW,NEEDS_REVIEW,2026-05-07T16:13:56.055Z,2026-05-07T16:13:56.055Z
cmovorllg0009qt7g9y8000ha,Albright College,albright-college,,PA,,,cmovorlm7000bqt7g2mdbrywd,NCAA_D3,Middle Atlantic Conferences,https://www.albrightathletics.com,albrightathletics.com,albright,false,false,true,0,0,0,0,0,0,0,0,NEEDS_REVIEW,NEEDS_REVIEW,2026-05-07T16:13:56.117Z,2026-05-07T16:13:56.117Z
cmou8bk7r00moqtuw877oh8ym,Alcorn State University,alcorn-state-university,Lorman,MS,,,cmou8bk8g00mqqtuwslfooi6r,NCAA_D1,SWAC,https://alcornsports.com/sports/baseball,alcornsports.com,alcorn state,false,true,true,2,0,0,0,0,0,0,0,NEEDS_REVIEW,UNVERIFIED,2026-05-06T15:45:47.800Z,2026-05-06T17:26:20.632Z
cmox2o0dw0000qtbkh1ptknlj,Alexandria Technical & Community College,alexandria-technical-and-community-college,,MN,,,cmox2o0gc0002qtbkooc5ob7q,NJCAA_D3,Region 13,https://njcaastats.prestosports.com/sports/bsb/2024-25/div3/teams/alexandriatechnicalcommunitycollege,njcaastats.prestosports.com,alexandria technical and community,false,false,true,0,0,0,0,0,0,0,0,NEEDS_REVIEW,NEEDS_REVIEW,2026-05-08T15:30:49.457Z,2026-05-08T15:30:49.457Z
cmovorlmz000cqt7g6b3h0uae,Alfred State College,alfred-state-college,,NY,,,cmovorlnr000eqt7g5i6cz7m4,NCAA_D3,Allegheny Mountain Collegiate Conference,https://www.alfredstateathletics.com,alfredstateathletics.com,alfred state,false,false,true,0,0,0,0,0,0,0,0,NEEDS_REVIEW,NEEDS_REVIEW,2026-05-07T16:13:56.171Z,2026-05-29T16:24:16.608Z
cmovorloo000fqt7gouomds2d,Alfred University,alfred-university,,NY,,,cmovorlpj000hqt7grnstgz3o,NCAA_D3,Empire 8,https://www.gosaxons.com,gosaxons.com,alfred,false,false,true,0,0,0,0,0,0,0,0,NEEDS_REVIEW,NEEDS_REVIEW,2026-05-07T16:13:56.233Z,2026-05-07T16:13:56.233Z
cmox234et0000qtfk8px55yy1,Allegany College of Maryland,allegany-college-of-maryland,,ND,,,cmox234jo0002qtfkeo5nmtnj,NJCAA_D2,Region 20,https://njcaastats.prestosports.com/sports/bsb/2024-25/div2/teams/alleganycollegeofmaryland,njcaastats.prestosports.com,allegany maryland,false,false,true,0,0,0,0,0,0,0,0,NEEDS_REVIEW,NEEDS_REVIEW,2026-05-08T15:14:34.897Z,2026-05-08T15:14:34.897Z
cmovorlqa000iqt7gtt2cbsy5,Allegheny College,allegheny-college,,PA,,,cmovorlr0000kqt7gckh4hmz3,NCAA_D3,Presidents' Athletic Conference,https://www.alleghenygators.com,alleghenygators.com,allegheny,false,false,true,0,0,0,0,0,0,0,0,NEEDS_REVIEW,NEEDS_REVIEW,2026-05-07T16:13:56.290Z,2026-05-07T16:13:56.290Z
cmox1gesh0000qtsgs8vvl5m1,Allen County Community College,allen-county-community-college,,KS,,,cmox1gew60002qtsgfojzsopb,NJCAA_D1,Region 6,https://njcaastats.prestosports.com/sports/bsb/2024-25/div1/teams/allencountycommunitycollege,njcaastats.prestosports.com,allen county community,false,false,true,0,0,0,0,0,0,0,0,NEEDS_REVIEW,NEEDS_REVIEW,2026-05-08T14:56:55.258Z,2026-05-08T14:56:55.258Z
cmovorlsi000lqt7gbw11d3am,Alma College,alma-college,,MI,,,cmovorlt8000nqt7ge101dfx7,NCAA_D3,Michigan Intercollegiate Athletic Association,https://www.almascots.com,almascots.com,alma,false,false,true,0,0,0,0,0,0,0,0,NEEDS_REVIEW,NEEDS_REVIEW,2026-05-07T16:13:56.370Z,2026-05-07T16:13:56.370Z
cmox234m30003qtfkct75nb3j,Alpena Community College,alpena-community-college,,MI,,,cmox234mt0005qtfk1a2l1pzl,NJCAA_D2,Region 12,https://njcaastats.prestosports.com/sports/bsb/2024-25/div2/teams/alpenacommunitycollege,njcaastats.prestosports.com,alpena community,false,false,true,0,0,0,0,0,0,0,0,NEEDS_REVIEW,NEEDS_REVIEW,2026-05-08T15:14:35.163Z,2026-05-08T15:14:35.163Z
cmovorlty000oqt7ghdxlcmrz,Alvernia University,alvernia-university,,PA,,,cmovorluo000qqt7gulytj2ih,NCAA_D3,Middle Atlantic Conferences,https://athletics.alvernia.edu,athletics.alvernia.edu,alvernia,false,false,true,0,0,0,0,0,0,0,0,NEEDS_REVIEW,NEEDS_REVIEW,2026-05-07T16:13:56.423Z,2026-05-07T16:13:56.423Z
cmovorlve000rqt7gqjl9p7fo,Alverno College,alverno-college,,WI,,,cmovorlw5000tqt7gagx0vk5l,NCAA_D3,Northern Athletics Collegiate Conference,https://athletics.alverno.edu/,athletics.alverno.edu,alverno,false,false,true,0,0,0,0,0,0,0,0,NEEDS_REVIEW,NEEDS_REVIEW,2026-05-07T16:13:56.474Z,2026-05-07T16:13:56.474Z
cmox1geyb0003qtsgpr2889g6,Alvin Community College,alvin-community-college,,TX,,,cmox1gez00005qtsgmco911b0,NJCAA_D1,Region 14,https://njcaastats.prestosports.com/sports/bsb/2024-25/div1/teams/alvincommunitycollege,njcaastats.prestosports.com,alvin community,false,false,true,0,0,0,0,0,0,0,0,NEEDS_REVIEW,NEEDS_REVIEW,2026-05-08T14:56:55.476Z,2026-05-08T14:56:55.476Z
cmox1gezp0006qtsgkj63ex7n,Amarillo College,amarillo-college,,TX,,,cmox1gf0e0008qtsgtm1uuc7v,NJCAA_D1,Region 5,https://njcaastats.prestosports.com/sports/bsb/2024-25/div1/teams/amarillocollege,njcaastats.prestosports.com,amarillo,false,false,true,0,0,0,0,0,0,0,0,NEEDS_REVIEW,NEEDS_REVIEW,2026-05-08T14:56:55.525Z,2026-05-08T14:56:55.525Z
cmovlhrce000cqt20hho8lvjn,American International,american-international,Springfield,Massachusetts,,,cmovlhrd5000eqt20a8aomi6c,NCAA_D2,NE-10,,,american international,false,false,false,0,0,0,0,0,0,0,0,NEEDS_REVIEW,NEEDS_REVIEW,2026-05-07T14:42:18.158Z,2026-05-07T15:06:21.920Z
cmovorlwv000uqt7gxo4s68kz,Amherst College,amherst-college,,MA,,,cmovorlxl000wqt7g8keo5uza,NCAA_D3,New England Small College Athletic Conference,https://athletics.amherst.edu/landing/index,athletics.amherst.edu,amherst,false,false,true,0,0,0,0,0,0,0,0,NEEDS_REVIEW,NEEDS_REVIEW,2026-05-07T16:13:56.527Z,2026-05-07T16:13:56.527Z
cmorjaspu0043qt4w1kqv72qo,Anderson University,anderson-university-sc,Anderson,SC,,,cmorjasqh0045qt4w2l7tr6wp,NCAA_D2,South Atlantic Conference,https://autrojans.com/sports/baseball,autrojans.com,anderson,false,false,true,0,0,1,0,0,0,0,0,UNVERIFIED,NEEDS_REVIEW,2026-05-04T18:29:49.410Z,2026-05-29T16:24:16.150Z
cmovorlyc000xqt7goysijgft,Anderson University (Indiana),anderson-university-indiana,,IN,,,cmovorlzp000zqt7g6abdej8z,NCAA_D3,Heartland Collegiate Athletic Conference,https://athletics.anderson.edu,athletics.anderson.edu,anderson indiana,false,false,true,0,0,0,0,0,0,0,0,NEEDS_REVIEW,NEEDS_REVIEW,2026-05-07T16:13:56.580Z,2026-05-07T16:13:56.580Z
cmox1gf130009qtsg5t8u03t9,Andrew College,andrew-college,,GA,,,cmox1gf1s000bqtsgmodcc72o,NJCAA_D1,Region 17,https://njcaastats.prestosports.com/sports/bsb/2024-25/div1/teams/andrewcollege,njcaastats.prestosports.com,andrew,false,false,true,0,0,0,0,0,0,0,0,NEEDS_REVIEW,NEEDS_REVIEW,2026-05-08T14:56:55.575Z,2026-05-08T14:56:55.575Z
cmox1gf2i000cqtsgqvk0bc2b,Angelina College,angelina-college,,TX,,,cmox1gf36000eqtsgna8lhs62,NJCAA_D1,Region 14,https://njcaastats.prestosports.com/sports/bsb/2024-25/div1/teams/angelinacollege,njcaastats.prestosports.com,angelina,false,false,true,0,0,0,0,0,0,0,0,NEEDS_REVIEW,NEEDS_REVIEW,2026-05-08T14:56:55.627Z,2026-05-08T14:56:55.627Z
cmovlhrfb000iqt20crgtp6ep,Angelo State,angelo-state,San Angelo,Texas,,,cmovlhrg0000kqt20didxtlpk,NCAA_D2,Lone Star,,,angelo state,false,false,false,0,0,0,0,0,0,0,0,NEEDS_REVIEW,NEEDS_REVIEW,2026-05-07T14:42:18.263Z,2026-05-07T15:06:22.026Z
cmovorm0h0010qt7g08xyro2x,Anna Maria College,anna-maria-college,,MA,,,cmovorm170012qt7g07dwxe0t,NCAA_D3,Massachusetts State Collegiate Athletic Conference,https://goamcats.com/landing/index,goamcats.com,anna maria,false,false,true,0,0,0,0,0,0,0,0,NEEDS_REVIEW,NEEDS_REVIEW,2026-05-07T16:13:56.657Z,2026-05-07T16:13:56.657Z
cmox234nk0006qtfk9kcfd0gh,Anne Arundel Community College,anne-arundel-community-college,,MD,,,cmox234oa0008qtfkb9m06eg2,NJCAA_D2,Region 20,https://njcaastats.prestosports.com/sports/bsb/2024-25/div2/teams/annearundelcommunitycollege,njcaastats.prestosports.com,anne arundel community,false,false,true,0,0,0,0,0,0,0,0,NEEDS_REVIEW,NEEDS_REVIEW,2026-05-08T15:14:35.216Z,2026-05-08T15:14:35.216Z
cmox2o0i10003qtbkbuwc3e6d,Anoka-Ramsey Community College,anoka-ramsey-community-college,,MN,,,cmox2o0ir0005qtbkrlhogx8c,NJCAA_D3,Region 13,https://njcaastats.prestosports.com/sports/bsb/2024-25/div3/teams/anokaramseycommunitycollege,njcaastats.prestosports.com,anoka ramsey community,false,false,true,0,0,0,0,0,0,0,0,NEEDS_REVIEW,NEEDS_REVIEW,2026-05-08T15:30:49.610Z,2026-05-08T15:30:49.610Z
cmorirv6d0013qtm0857czvw2,Appalachian State University,appalachian-state-university,Boone,NC,,,cmorirv710015qtm0ovu568ty,NCAA_D1,Sun Belt,https://appstatesports.com/sports/baseball,appstatesports.com,appalachian state,false,true,true,4,0,1,0,0,0,0,0,NEEDS_REVIEW,UNVERIFIED,2026-05-04T18:15:06.133Z,2026-05-06T17:26:19.893Z
cmowzrysg0003qt4wbdg2f2jr,Aquinas,aquinas,,MICH.,,,cmowzryt60005qt4ww6zu8kez,NAIA,Wolverine-Hoosier Athletic Conference,https://naiastats.prestosports.com/sports/bsb/2024-25/teams/aquinasmi,naiastats.prestosports.com,aquinas,false,false,true,0,0,0,0,0,0,0,0,NEEDS_REVIEW,NEEDS_REVIEW,2026-05-08T14:09:55.168Z,2026-05-08T14:20:55.047Z
cmovorm1y0013qt7gvxboam20,Arcadia University,arcadia-university,,PA,,,cmovorm2o0015qt7gmzb9yuu7,NCAA_D3,Middle Atlantic Conferences,https://www.arcadiaknights.com/,arcadiaknights.com,arcadia,false,false,true,0,0,0,0,0,0,0,0,NEEDS_REVIEW,NEEDS_REVIEW,2026-05-07T16:13:56.711Z,2026-05-07T16:13:56.711Z
cmosumzx30049qtlgomg2y8hl,Arizona,arizona,Tucson,AZ,,,cmosumzxq004bqtlgcux50apa,NCAA_D1,,https://arizonawildcats.com/sports/baseball,arizonawildcats.com,arizona,false,true,true,4,0,1,0,0,0,0,0,NEEDS_REVIEW,NEEDS_REVIEW,2026-05-05T16:35:00.567Z,2026-07-23T19:46:11.774Z
cmox063zr0006qtgch1gd613b,Arizona Christian,arizona-christian,,AZ,,,cmox0640i0008qtgc68cnq9cq,NAIA,Great Southwest Athletic Conference,https://naiastats.prestosports.com/sports/bsb/2024-25/teams/arizonachristianaz,naiastats.prestosports.com,arizona christian,false,false,true,0,0,0,0,0,0,0,0,NEEDS_REVIEW,NEEDS_REVIEW,2026-05-08T14:20:55.096Z,2026-05-08T14:20:55.096Z
cmosumzyf004cqtlgurkdv8j2,Arizona State University,arizona-state-university,Tempe,AZ,,,cmosumzz4004eqtlggz9328ng,NCAA_D1,,https://thesundevils.com/sports/baseball,thesundevils.com,arizona state,false,true,true,4,0,1,0,0,0,0,0,NEEDS_REVIEW,NEEDS_REVIEW,2026-05-05T16:35:00.615Z,2026-07-23T19:46:11.865Z
cmox1gf3v000fqtsgrot5pubs,Arizona Western College,arizona-western-college,,AZ,,,cmox1gf4j000hqtsgk8ekjarh,NJCAA_D1,Region 1,https://njcaastats.prestosports.com/sports/bsb/2024-25/div1/teams/arizonawesterncollege,njcaastats.prestosports.com,arizona western,false,false,true,0,0,0,0,0,0,0,0,NEEDS_REVIEW,NEEDS_REVIEW,2026-05-08T14:56:55.675Z,2026-05-08T14:56:55.675Z
cmox0641a0009qtgc0iweu1f4,Arkansas Baptist,arkansas-baptist,,AR,,,cmox06420000bqtgctoxverh6,NAIA,Continental Athletic Conference,https://naiastats.prestosports.com/sports/bsb/2024-25/teams/arkansasbaptist,naiastats.prestosports.com,arkansas baptist,false,false,true,0,0,0,0,0,0,0,0,NEEDS_REVIEW,NEEDS_REVIEW,2026-05-08T14:20:55.150Z,2026-05-08T14:20:55.150Z
cmox234oz0009qtfk9gtz21k6,Arkansas State Mid-South,arkansas-state-mid-south,,AR,,,cmox234pn000bqtfk9xljy95i,NJCAA_D2,Region 2,https://njcaastats.prestosports.com/sports/bsb/2024-25/div2/teams/arkansasstatemidsouth,njcaastats.prestosports.com,arkansas state mid south,false,false,true,0,0,0,0,0,0,0,0,NEEDS_REVIEW,NEEDS_REVIEW,2026-05-08T15:14:35.267Z,2026-05-08T15:14:35.267Z
cmou3bz6n005oqtvovcdaj57a,Arkansas State University,arkansas-state-university,Jonesboro,AR,,,cmou3bz7n005qqtvo0uxy0otj,NCAA_D1,Sun Belt,https://astateredwolves.com/sports/baseball,astateredwolves.com,arkansas state,false,true,true,4,0,0,0,0,0,0,0,NEEDS_REVIEW,UNVERIFIED,2026-05-06T13:26:09.119Z,2026-05-06T17:26:19.941Z
cmox234qg000cqtfkuqal77s4,Arkansas State University - Three Rivers,arkansas-state-university-three-rivers,,AR,,,cmox234r5000eqtfkawdidste,NJCAA_D2,Region 2,https://njcaastats.prestosports.com/sports/bsb/2024-25/div2/teams/arkansasstateuniversitythreerivers,njcaastats.prestosports.com,arkansas state three rivers,false,false,true,0,0,0,0,0,0,0,0,NEEDS_REVIEW,NEEDS_REVIEW,2026-05-08T15:14:35.320Z,2026-05-08T15:14:35.320Z
cmox234rv000fqtfkmqhap0bm,Arkansas State University Mountain Home,arkansas-state-university-mountain-home,,AR,,,cmox234sl000hqtfkodrfiznn,NJCAA_D2,Region 2,https://njcaastats.prestosports.com/sports/bsb/2024-25/div2/teams/arkansasstateuniversitymountainhome,njcaastats.prestosports.com,arkansas state mountain home,false,false,true,0,0,0,0,0,0,0,0,NEEDS_REVIEW,NEEDS_REVIEW,2026-05-08T15:14:35.371Z,2026-05-08T15:14:35.371Z
cmovlhrgo000lqt20zp8tb7tz,Arkansas Tech,arkansas-tech,Russellville,Arkansas,,,cmovlhrhe000nqt202j8q6x4e,NCAA_D2,GAC,,,arkansas tech,false,false,false,0,0,0,0,0,0,0,0,NEEDS_REVIEW,NEEDS_REVIEW,2026-05-07T14:42:18.312Z,2026-05-07T15:06:22.083Z
cmovlhri3000oqt20u6r15lsu,Arkansas–Fort Smith,arkansas-fort-smith,Fort Smith,Arkansas,,,cmovlhrir000qqt20y0782tdi,NCAA_D2,MIAA,,,arkansas fort smith,false,false,false,0,0,0,0,0,0,0,0,NEEDS_REVIEW,NEEDS_REVIEW,2026-05-07T14:42:18.363Z,2026-05-07T15:06:22.147Z
cmovlhrjh000rqt20cuww3urq,Arkansas–Monticello,arkansas-monticello,Monticello,Arkansas,,,cmovlhrk6000tqt20n8jqo84s,NCAA_D2,GAC,,,arkansas monticello,false,false,false,0,0,0,0,0,0,0,0,NEEDS_REVIEW,NEEDS_REVIEW,2026-05-07T14:42:18.413Z,2026-05-07T15:06:22.199Z
cmou853t900kfqtiwom7baojh,Army West Point,army-west-point,West Point,NY,,,cmou853tx00khqtiwxhk7iuh6,NCAA_D1,Patriot League,https://goarmywestpoint.com/sports/baseball,goarmywestpoint.com,army west point,false,true,true,4,0,0,0,0,0,0,0,NEEDS_REVIEW,UNVERIFIED,2026-05-06T15:40:46.605Z,2026-05-06T17:26:18.645Z
cmovorm3e0016qt7gnrklnwpu,Asbury University,asbury-university,,KY,,,cmovorm450018qt7ghctfvxuq,NCAA_D3,Collegiate Conference of the South,https://www.asburyeagles.com,asburyeagles.com,asbury,false,false,true,0,0,0,0,0,0,0,0,NEEDS_REVIEW,NEEDS_REVIEW,2026-05-07T16:13:56.763Z,2026-05-07T16:13:56.763Z
cmovlhrky000uqt2099dh2jzq,Ashland,ashland,Ashland,Ohio,,,cmovlhrlm000wqt20bva8yevp,NCAA_D2,G-MAC,,,ashland,false,false,false,0,0,0,0,0,0,0,0,NEEDS_REVIEW,NEEDS_REVIEW,2026-05-07T14:42:18.466Z,2026-05-07T15:06:22.249Z
cmovlhrme000xqt20711ftf65,Assumption,assumption,Worcester,Massachusetts,,,cmovlhrn3000zqt20c6pw2pyh,NCAA_D2,NE-10,,,assumption,false,false,false,0,0,0,0,0,0,0,0,NEEDS_REVIEW,NEEDS_REVIEW,2026-05-07T14:42:18.518Z,2026-05-07T15:06:22.299Z
cmox2o0ji0006qtbkzyj3c0ai,Atlantic Cape Community College,atlantic-cape-community-college,,NJ,,,cmox2o0k90008qtbkmwue2kne,NJCAA_D3,Region 19,https://njcaastats.prestosports.com/sports/bsb/2024-25/div3/teams/atlanticcapecommunitycollege,njcaastats.prestosports.com,atlantic cape community,false,false,true,0,0,0,0,0,0,0,0,NEEDS_REVIEW,NEEDS_REVIEW,2026-05-08T15:30:49.662Z,2026-05-08T15:30:49.662Z
cmovlhrnv0010qt20wy8uaj1a,Auburn Montgomery,auburn-montgomery,Montgomery,Alabama,,,cmovlhrok0012qt205olo5d7p,NCAA_D2,Gulf South,,,auburn montgomery,false,false,false,0,0,0,0,0,0,0,0,NEEDS_REVIEW,NEEDS_REVIEW,2026-05-07T14:42:18.571Z,2026-05-07T15:06:22.350Z
cmosp9qds001iqtyg1wl3lj4x,Auburn University,auburn-university,Auburn,AL,,,cmosp9qeg001kqtyg0f97o2ln,NCAA_D1,SEC,https://auburntigers.com/sports/baseball,auburntigers.com,auburn,false,true,true,4,0,1,0,0,0,0,0,NEEDS_REVIEW,UNVERIFIED,2026-05-05T14:04:43.600Z,2026-05-11T13:17:27.059Z
cmovorm4u0019qt7gf5eg3mrt,Augsburg University,augsburg-university,,MN,,,cmovorm5j001bqt7g8dq282vx,NCAA_D3,Minnesota Intercollegiate Athletic Conference,https://athletics.augsburg.edu,athletics.augsburg.edu,augsburg,false,false,true,0,0,0,0,0,0,0,0,NEEDS_REVIEW,NEEDS_REVIEW,2026-05-07T16:13:56.814Z,2026-05-07T16:13:56.814Z
cmovlhrpa0013qt20jlh6xwai,Augusta,augusta,Augusta,Georgia,,,cmovlhrq10015qt20xi3n29xu,NCAA_D2,Peach Belt,,,augusta,false,false,false,0,0,0,0,0,0,0,0,NEEDS_REVIEW,NEEDS_REVIEW,2026-05-07T14:42:18.622Z,2026-05-07T15:06:22.399Z
cmovlhrqr0016qt20k7o4jnhb,Augustana,augustana,Sioux Falls,South Dakota,,,cmovlhrrg0018qt202hgzc43i,NCAA_D2,NSIC,,,augustana,false,false,false,0,0,0,0,0,0,0,0,NEEDS_REVIEW,NEEDS_REVIEW,2026-05-07T14:42:18.676Z,2026-05-07T15:06:22.452Z
cmovorm69001cqt7gwh0u7lgx,Augustana College (Illinois),augustana-college-illinois,,IL,,,cmovorm6z001eqt7gie7nn2hn,NCAA_D3,College Conference of Illinois & Wisconsin,https://www.athletics.augustana.edu/,athletics.augustana.edu,augustana illinois,false,false,true,0,0,0,0,0,0,0,0,NEEDS_REVIEW,NEEDS_REVIEW,2026-05-07T16:13:56.865Z,2026-05-07T16:13:56.865Z
cmovorm7r001fqt7gtgi86m7i,Aurora University,aurora-university,,IL,,,cmovorm8g001hqt7gsl40hbjt,NCAA_D3,Northern Athletics Collegiate Conference,https://athletics.aurora.edu,athletics.aurora.edu,aurora,false,false,true,0,0,0,0,0,0,0,0,NEEDS_REVIEW,NEEDS_REVIEW,2026-05-07T16:13:56.919Z,2026-05-07T16:13:56.919Z
cmovorm97001iqt7gu3uem04g,Austin College,austin-college,,TX,,,cmovorm9x001kqt7g27pa7syb,NCAA_D3,Southern Collegiate Athletic Conference,https://www.acroos.com,acroos.com,austin,false,false,true,0,0,0,0,0,0,0,0,NEEDS_REVIEW,NEEDS_REVIEW,2026-05-07T16:13:56.971Z,2026-05-07T16:13:56.971Z
cmou6925b009cqt1gkx1kghnj,Austin Peay State University,austin-peay-state-university,Clarksville,TN,,,cmou6925z009eqt1gaqjdu3za,NCAA_D1,,https://letsgopeay.com/sports/baseball,letsgopeay.com,austin peay state,false,true,true,3,0,0,0,0,0,0,0,NEEDS_REVIEW,NEEDS_REVIEW,2026-05-06T14:47:51.839Z,2026-07-23T19:46:09.749Z
cmox0642r000cqtgch0h1atsx,Ave Maria,ave-maria,,FL,,,cmox0643f000eqtgcwbotacoa,NAIA,The Sun Conference,https://naiastats.prestosports.com/sports/bsb/2024-25/teams/avemariafl,naiastats.prestosports.com,ave maria,false,false,true,0,0,0,0,0,0,0,0,NEEDS_REVIEW,NEEDS_REVIEW,2026-05-08T14:20:55.203Z,2026-05-08T14:20:55.203Z
cmovormap001lqt7gre58wqw7,Averett University,averett-university,,VA,,,cmovormbg001nqt7gooyo6aog,NCAA_D3,Old Dominion Athletic Conf.,https://www.averettcougars.com,averettcougars.com,averett,false,false,true,0,0,0,0,0,0,0,0,NEEDS_REVIEW,NEEDS_REVIEW,2026-05-07T16:13:57.025Z,2026-05-07T16:13:57.025Z
cmowzrytw0006qt4wacqwr2gf,Avila,avila,,MO,,,cmowzryum0008qt4wsq56ec6e,NAIA,Kansas Collegiate Athletic Conference,https://naiastats.prestosports.com/sports/bsb/2024-25/teams/avilamo,naiastats.prestosports.com,avila,false,false,true,0,0,0,0,0,0,0,0,NEEDS_REVIEW,NEEDS_REVIEW,2026-05-08T14:09:55.220Z,2026-05-08T14:20:55.253Z
cmovlhrs60019qt20u2bh06fq,Azusa Pacific,azusa-pacific,Azusa,California,,,cmovlhrsv001bqt20k3at0uus,NCAA_D2,PacWest,,,azusa pacific,false,false,false,0,0,0,0,0,0,0,0,NEEDS_REVIEW,NEEDS_REVIEW,2026-05-07T14:42:18.726Z,2026-05-07T15:06:22.505Z
cmosun015004iqtlg3arpxgbi,BYU,byu,Provo,UT,,,cmosun01s004kqtlg2b6mlqcd,NCAA_D1,,https://byucougars.com/sports/baseball,byucougars.com,byu,false,true,true,4,0,0,0,0,0,0,0,NEEDS_REVIEW,NEEDS_REVIEW,2026-05-05T16:35:00.713Z,2026-07-23T19:46:11.952Z
cmox0645g000iqtgc55oneldh,Baker,baker,,KS,,,cmox06463000kqtgc9pjvqtua,NAIA,Heart of America Athletic Conference,https://naiastats.prestosports.com/sports/bsb/2024-25/teams/bakerks,naiastats.prestosports.com,baker,false,false,true,0,0,0,0,0,0,0,0,NEEDS_REVIEW,NEEDS_REVIEW,2026-05-08T14:20:55.300Z,2026-05-08T14:20:55.300Z
cmovormc5001oqt7gqq50ydg3,Baldwin Wallace University,baldwin-wallace-university,,OH,,,cmovormd1001qqt7gyrj7m7om,NCAA_D3,Ohio Athletic Conference,https://www.bwyellowjackets.com/landing/index,bwyellowjackets.com,baldwin wallace,false,false,true,0,0,0,0,0,0,0,0,NEEDS_REVIEW,NEEDS_REVIEW,2026-05-07T16:13:57.078Z,2026-05-07T16:13:57.078Z
cmou7skej00frqtagr0af6s2l,Ball State University,ball-state-university,Muncie,IN,,,cmou7skfe00ftqtagnd5b58qi,NCAA_D1,MAC,https://ballstatesports.com/sports/baseball,ballstatesports.com,ball state,false,true,true,4,0,0,0,0,0,0,0,NEEDS_REVIEW,NEEDS_REVIEW,2026-05-06T15:31:01.579Z,2026-05-29T16:24:14.490Z
cmovormdq001rqt7g5edt34ti,Bard College,bard-college,,NY,,,cmovormef001tqt7g66hzngzb,NCAA_D3,Liberty League,https://www.bardathletics.com,bardathletics.com,bard,false,false,true,0,0,0,0,0,0,0,0,NEEDS_REVIEW,NEEDS_REVIEW,2026-05-07T16:13:57.135Z,2026-05-07T16:13:57.135Z
cmovlhrtl001cqt20pohi1t33,Barry,barry,Miami Shores,Florida,,,cmovlhrud001eqt20ajepcfh6,NCAA_D2,SSC,,,barry,false,false,false,0,0,0,0,0,0,0,0,NEEDS_REVIEW,NEEDS_REVIEW,2026-05-07T14:42:18.777Z,2026-05-07T15:06:22.555Z
cmorjasv6004fqt4wjb7nrzah,Barton College,barton-college,Wilson,NC,,,cmorjasvu004hqt4wiu9dn49t,NCAA_D2,Conference Carolinas,https://bartonbulldogs.com/sports/baseball,bartonbulldogs.com,barton,false,false,true,0,0,0,0,0,0,0,0,UNVERIFIED,NEEDS_REVIEW,2026-05-04T18:29:49.602Z,2026-05-29T16:24:15.171Z
cmox1gf59000iqtsgg23jyda0,Barton Community College,barton-community-college,,KS,,,cmox1gf5z000kqtsgp9sl42cr,NJCAA_D1,Region 6,https://njcaastats.prestosports.com/sports/bsb/2024-25/div1/teams/bartoncommunitycollege,njcaastats.prestosports.com,barton community,false,false,true,0,0,0,0,0,0,0,0,NEEDS_REVIEW,NEEDS_REVIEW,2026-05-08T14:56:55.725Z,2026-05-08T14:56:55.725Z
cmovormf5001uqt7gleh2v84p,Bates College,bates-college,,ME,,,cmovormfv001wqt7gqf5begn7,NCAA_D3,New England Small College Athletic Conference,https://www.gobatesbobcats.com,gobatesbobcats.com,bates,false,false,true,0,0,0,0,0,0,0,0,NEEDS_REVIEW,NEEDS_REVIEW,2026-05-07T16:13:57.185Z,2026-05-07T16:13:57.185Z
cmox1gf6p000lqtsgw810db4k,Baton Rouge Community College,baton-rouge-community-college,,LA,,,cmox1gf7h000nqtsg35fr8hif,NJCAA_D1,Region 23,https://njcaastats.prestosports.com/sports/bsb/2024-25/div1/teams/batonrougecommunitycollege,njcaastats.prestosports.com,baton rouge community,false,false,true,0,0,0,0,0,0,0,0,NEEDS_REVIEW,NEEDS_REVIEW,2026-05-08T14:56:55.777Z,2026-05-08T14:56:55.777Z
cmox234tb000iqtfkko7tsa34,Bay College,bay-college,,MI,,,cmox234u1000kqtfk0iwddaz2,NJCAA_D2,Region 12,https://njcaastats.prestosports.com/sports/bsb/2024-25/div2/teams/baycollege,njcaastats.prestosports.com,bay,false,false,true,0,0,0,0,0,0,0,0,NEEDS_REVIEW,NEEDS_REVIEW,2026-05-08T15:14:35.423Z,2026-05-08T15:14:35.423Z
cmosumzzu004fqtlg454szeg8,Baylor University,baylor-university,Waco,TX,,,cmosun00i004hqtlgy3534tz1,NCAA_D1,,https://baylorbears.com/sports/baseball,baylorbears.com,baylor,false,true,true,4,0,0,0,0,0,0,0,NEEDS_REVIEW,NEEDS_REVIEW,2026-05-05T16:35:00.666Z,2026-07-23T19:46:12.039Z
cmovormgl001xqt7gqupckdn8,Belhaven University,belhaven-university,,MS,,,cmovormha001zqt7g3qe8qn14,NCAA_D3,Collegiate Conference of the South,https://blazers.belhaven.edu,blazers.belhaven.edu,belhaven,false,false,true,0,0,0,0,0,0,0,0,NEEDS_REVIEW,NEEDS_REVIEW,2026-05-07T16:13:57.237Z,2026-05-07T16:13:57.237Z
cmou6926p009fqt1gv6h5xaxk,Bellarmine University,bellarmine-university,Louisville,KY,,,cmou6927d009hqt1g6ojn2uy0,NCAA_D1,,https://athletics.bellarmine.edu/sports/baseball,athletics.bellarmine.edu,bellarmine,false,true,true,4,0,0,0,0,0,0,0,NEEDS_REVIEW,NEEDS_REVIEW,2026-05-06T14:47:51.889Z,2026-07-23T19:46:09.913Z
cmowzryve0009qt4w4wlg04nk,Bellevue,bellevue,,NE,,,cmowzryw5000bqt4wqtd08swz,NAIA,North Star Athletic Association,https://naiastats.prestosports.com/sports/bsb/2024-25/teams/bellevuene,naiastats.prestosports.com,bellevue,false,false,true,0,0,0,0,0,0,0,0,NEEDS_REVIEW,NEEDS_REVIEW,2026-05-08T14:09:55.275Z,2026-05-08T14:20:55.348Z
cmorj0gse002iqtiog740vnk9,Belmont Abbey College,belmont-abbey-college,Belmont,NC,,,cmorj0gt3002kqtiol3zpyzni,NCAA_D2,Conference Carolinas,https://abbeyathletics.com/sports/baseball,abbeyathletics.com,belmont abbey,false,false,true,0,0,1,0,0,0,0,0,UNVERIFIED,NEEDS_REVIEW,2026-05-04T18:21:47.391Z,2026-05-29T16:24:15.279Z
cmou7wkoo00hxqt5s9a60o3y4,Belmont University,belmont-university,Nashville,TN,,,cmou7wkpe00hzqt5sc29zbzub,NCAA_D1,Missouri Valley,https://belmontbruins.com/sports/baseball,belmontbruins.com,belmont,false,true,true,4,0,0,0,0,0,0,0,NEEDS_REVIEW,UNVERIFIED,2026-05-06T15:34:08.568Z,2026-05-06T17:26:17.103Z
cmovormi00020qt7g92d2b8ai,Beloit College,beloit-college,,WI,,,cmovormip0022qt7gsdxbsg5z,NCAA_D3,Midwest Conference,https://www.beloit.edu/bucs/,beloit.edu,beloit,false,false,true,0,0,0,0,0,0,0,0,NEEDS_REVIEW,NEEDS_REVIEW,2026-05-07T16:13:57.288Z,2026-05-07T16:13:57.288Z
cmovlhrxw001lqt201mmc7r2k,Bemidji State,bemidji-state,Bemidji,Minnesota,,,cmovlhryl001nqt20zexwpaj2,NCAA_D2,NSIC,,,bemidji state,false,false,false,0,0,0,0,0,0,0,0,NEEDS_REVIEW,NEEDS_REVIEW,2026-05-07T14:42:18.932Z,2026-05-07T15:06:22.715Z
cmovlhrza001oqt20lp3a51xb,Benedict,benedict,Columbia,South Carolina,,,cmovlhrzz001qqt20gw3j8jrp,NCAA_D2,SIAC,,,benedict,false,false,false,0,0,0,0,0,0,0,0,NEEDS_REVIEW,NEEDS_REVIEW,2026-05-07T14:42:18.982Z,2026-05-07T15:06:22.769Z
cmowzrywy000cqt4wzskexlt2,Benedictine,benedictine,,KS,,,cmowzryxn000eqt4wfqk9un3e,NAIA,Heart of America Athletic Conference,https://naiastats.prestosports.com/sports/bsb/2024-25/teams/benedictineks,naiastats.prestosports.com,benedictine,false,false,true,0,0,0,0,0,0,0,0,NEEDS_REVIEW,NEEDS_REVIEW,2026-05-08T14:09:55.330Z,2026-05-08T14:20:55.395Z
cmox0649h000rqtgcaps3f0qu,Benedictine Mesa,benedictine-mesa,,AZ,,,cmox064a9000tqtgcmhly7i4i,NAIA,Great Southwest Athletic Conference,https://naiastats.prestosports.com/sports/bsb/2024-25/teams/benedictinemesaaz,naiastats.prestosports.com,benedictine mesa,false,false,true,0,0,0,0,0,0,0,0,NEEDS_REVIEW,NEEDS_REVIEW,2026-05-08T14:20:55.446Z,2026-05-08T14:20:55.446Z
cmovormjf0023qt7gjp2e75aa,Benedictine University (Illinois),benedictine-university-illinois,,IL,,,cmovormk60025qt7g4a4ec4q7,NCAA_D3,Northern Athletics Collegiate Conference,https://www.benueagles.com,benueagles.com,benedictine illinois,false,false,true,0,0,0,0,0,0,0,0,NEEDS_REVIEW,NEEDS_REVIEW,2026-05-07T16:13:57.339Z,2026-05-07T16:13:57.339Z
cmovlhs0n001rqt20hdzieczh,Bentley,bentley,Waltham,Massachusetts,,,cmovlhs1b001tqt20q1mq8pi1,NCAA_D2,NE-10,,,bentley,false,false,false,0,0,0,0,0,0,0,0,NEEDS_REVIEW,NEEDS_REVIEW,2026-05-07T14:42:19.031Z,2026-05-07T15:06:22.822Z
cmovormkw0026qt7gc0fqh6fe,Berea College,berea-college,,KY,,,cmovormlu0028qt7gpmc0der1,NCAA_D3,Heartland Collegiate Athletic Conference,https://www.bereaathletics.com,bereaathletics.com,berea,false,false,true,0,0,0,0,0,0,0,0,NEEDS_REVIEW,NEEDS_REVIEW,2026-05-07T16:13:57.392Z,2026-05-07T16:13:57.392Z
cmox2o0kz0009qtbk8078yso5,Bergen Community College,bergen-community-college,,NJ,,,cmox2o0lr000bqtbknjma5ygt,NJCAA_D3,Region 19,https://njcaastats.prestosports.com/sports/bsb/2024-25/div3/teams/bergencommunitycollege,njcaastats.prestosports.com,bergen community,false,false,true,0,0,0,0,0,0,0,0,NEEDS_REVIEW,NEEDS_REVIEW,2026-05-08T15:30:49.715Z,2026-05-08T15:30:49.715Z
cmovormmo0029qt7g5yr3kqb8,Berry College,berry-college,,GA,,,cmovormnq002bqt7gxbcbo40c,NCAA_D3,Southern Athletic Association,https://www.berryvikings.com,berryvikings.com,berry,false,false,true,0,0,0,0,0,0,0,0,NEEDS_REVIEW,NEEDS_REVIEW,2026-05-07T16:13:57.456Z,2026-05-07T16:13:57.456Z
cmowzryyd000fqt4w75l1pt86,Bethany,bethany,,KS,,,cmowzryz4000hqt4web49by6l,NAIA,Kansas Collegiate Athletic Conference,https://naiastats.prestosports.com/sports/bsb/2024-25/teams/bethanyks,naiastats.prestosports.com,bethany,false,false,true,0,0,0,0,0,0,0,0,NEEDS_REVIEW,NEEDS_REVIEW,2026-05-08T14:09:55.382Z,2026-05-08T14:20:55.502Z
cmovormoh002cqt7g1z9fmljf,Bethany College (West Virginia),bethany-college-west-virginia,,WV,,,cmovormp6002eqt7gdcr8t6fp,NCAA_D3,Presidents' Athletic Conference,https://bethanybison.com,bethanybison.com,bethany west virginia,false,false,true,0,0,0,0,0,0,0,0,NEEDS_REVIEW,NEEDS_REVIEW,2026-05-07T16:13:57.521Z,2026-05-07T16:13:57.521Z
cmovormpx002fqt7gnwl2j59m,Bethany Lutheran College,bethany-lutheran-college,,MN,,,cmovormqm002hqt7g98xruxmp,NCAA_D3,Upper Midwest Athletic Conference,https://www.blcvikings.com,blcvikings.com,bethany lutheran,false,false,true,0,0,0,0,0,0,0,0,NEEDS_REVIEW,NEEDS_REVIEW,2026-05-07T16:13:57.573Z,2026-05-07T16:13:57.573Z
cmowzryzu000iqt4wi8kavbkx,Bethel,bethel,,TN,,,cmowzrz0i000kqt4w867gua03,NAIA,Mid-South Conference,https://naiastats.prestosports.com/sports/bsb/2024-25/teams/betheltn,naiastats.prestosports.com,bethel,false,false,true,0,0,0,0,0,0,0,0,NEEDS_REVIEW,NEEDS_REVIEW,2026-05-08T14:09:55.434Z,2026-05-08T14:20:55.600Z
cmovormrd002iqt7g48y7z46a,Bethel University (Minnesota),bethel-university-minnesota,,MN,,,cmovorms3002kqt7ggxixf6wh,NCAA_D3,Minnesota Intercollegiate Athletic Conference,https://athletics.bethel.edu/,athletics.bethel.edu,bethel minnesota,false,false,true,0,0,0,0,0,0,0,0,NEEDS_REVIEW,NEEDS_REVIEW,2026-05-07T16:13:57.625Z,2026-05-07T16:13:57.625Z
cmou8bk9700mrqtuwxcss2rbf,Bethune-Cookman University,bethune-cookman-university,Daytona Beach,FL,,,cmou8bkam00mtqtuw05l80dri,NCAA_D1,SWAC,https://bcuathletics.com/sports/baseball,bcuathletics.com,bethune cookman,false,true,true,4,0,1,0,0,0,0,0,NEEDS_REVIEW,UNVERIFIED,2026-05-06T15:45:47.851Z,2026-05-06T17:26:20.680Z
cmox234ut000lqtfk4oz8sdut,Bevill State Community College,bevill-state-community-college,,AL,,,cmox234vh000nqtfk9f3rnwwb,NJCAA_D2,Region 22,https://njcaastats.prestosports.com/sports/bsb/2024-25/div2/teams/bevillstatecommunitycollege,njcaastats.prestosports.com,bevill state community,false,false,true,0,0,0,0,0,0,0,0,NEEDS_REVIEW,NEEDS_REVIEW,2026-05-08T15:14:35.477Z,2026-05-08T15:14:35.477Z
cmrxrdv7z000cqtx0unmjtce6,Binghamton University,binghamton-university,Vestal,NY,NCAA_D1,,cmrxrdv7z000dqtx0u4plzkbu,NCAA_D1,,https://binghamtonbearcats.com/sports/baseball,binghamtonbearcats.com,binghamton,true,true,true,0,0,0,0,0,0,0,0,NEEDS_REVIEW,NEEDS_REVIEW,2026-07-23T17:01:53.616Z,2026-07-23T19:55:48.117Z
cmovlhs21001uqt20utdzk8ls,Biola,biola,La Mirada,California,,,cmovlhs2q001wqt2060ewc2y2,NCAA_D2,PacWest,,,biola,false,false,false,0,0,0,0,0,0,0,0,NEEDS_REVIEW,NEEDS_REVIEW,2026-05-07T14:42:19.081Z,2026-05-07T15:06:22.873Z
cmox234w7000oqtfk8hdllep8,Bishop State Community College,bishop-state-community-college,,AL,,,cmox234wx000qqtfkamk3kvpw,NJCAA_D2,Region 22,https://njcaastats.prestosports.com/sports/bsb/2024-25/div2/teams/bishopstatecommunitycollege,njcaastats.prestosports.com,bishop state community,false,false,true,0,0,0,0,0,0,0,0,NEEDS_REVIEW,NEEDS_REVIEW,2026-05-08T15:14:35.527Z,2026-05-08T15:14:35.527Z
cmox234xk000rqtfk5uh31vu3,Bismarck State College,bismarck-state-college,,ND,,,cmox234y9000tqtfk4sl09tpz,NJCAA_D2,Region 13,https://njcaastats.prestosports.com/sports/bsb/2024-25/div2/teams/bismarckstatecollege,njcaastats.prestosports.com,bismarck state,false,false,true,0,0,0,0,0,0,0,0,NEEDS_REVIEW,NEEDS_REVIEW,2026-05-08T15:14:35.576Z,2026-05-08T15:14:35.576Z
cmox234yy000uqtfkmj04pqiz,Black Hawk College,black-hawk-college,,IL,,,cmox234zn000wqtfk3ltflunz,NJCAA_D2,Region 4,https://njcaastats.prestosports.com/sports/bsb/2024-25/div2/teams/blackhawkcollege,njcaastats.prestosports.com,black hawk,false,false,true,0,0,0,0,0,0,0,0,NEEDS_REVIEW,NEEDS_REVIEW,2026-05-08T15:14:35.626Z,2026-05-08T15:14:35.626Z
cmovormst002lqt7g8x6b62t6,Blackburn College,blackburn-college,,IL,,,cmovormtk002nqt7gxlewl0rr,NCAA_D3,St. Louis Intercollegiate Athletic Conference,https://blackburnbeavers.com,blackburnbeavers.com,blackburn,false,false,true,0,0,0,0,0,0,0,0,NEEDS_REVIEW,NEEDS_REVIEW,2026-05-07T16:13:57.678Z,2026-05-07T16:13:57.678Z
cmox1gf86000oqtsgug004uy2,Blinn College,blinn-college,,TX,,,cmox1gf8u000qqtsgo3ko3n3n,NJCAA_D1,Region 14,https://njcaastats.prestosports.com/sports/bsb/2024-25/div1/teams/blinncollege,njcaastats.prestosports.com,blinn,false,false,true,0,0,0,0,0,0,0,0,NEEDS_REVIEW,NEEDS_REVIEW,2026-05-08T14:56:55.830Z,2026-05-08T14:56:55.830Z
cmovlhs3g001xqt200z2brem5,Bloomsburg,bloomsburg,Bloomsburg,Pennsylvania,,,cmovlhs46001zqt20qntkhui8,NCAA_D2,PSAC,,,bloomsburg,false,false,false,0,0,0,0,0,0,0,0,NEEDS_REVIEW,NEEDS_REVIEW,2026-05-07T14:42:19.132Z,2026-05-07T15:06:22.926Z
cmowzrz19000lqt4w1y1r6d6b,Blue Mountain Christian,blue-mountain-christian,,MS,,,cmowzrz1y000nqt4wp94mr7u6,NAIA,Southern States Athletic Conference,https://naiastats.prestosports.com/sports/bsb/2024-25/teams/bluemountainchristianms,naiastats.prestosports.com,blue mountain christian,false,false,true,0,0,0,0,0,0,0,0,NEEDS_REVIEW,NEEDS_REVIEW,2026-05-08T14:09:55.485Z,2026-05-08T14:20:55.650Z
cmowzrz2p000oqt4wud5eghaw,Bluefield,bluefield,,VA,,,cmowzrz3h000qqt4wz5pctlbg,NAIA,Appalachian Athletic Conference,https://naiastats.prestosports.com/sports/bsb/2024-25/teams/bluefieldva,naiastats.prestosports.com,bluefield,false,false,true,0,0,0,0,0,0,0,0,NEEDS_REVIEW,NEEDS_REVIEW,2026-05-08T14:09:55.537Z,2026-05-08T14:20:55.698Z
cmovlhs4x0020qt203vlxxxip,Bluefield State,bluefield-state,Bluefield,West Virginia,,,cmovlhs5n0022qt204dphpzdp,NCAA_D2,Independent,,,bluefield state,false,false,false,0,0,0,0,0,0,0,0,NEEDS_REVIEW,NEEDS_REVIEW,2026-05-07T14:42:19.185Z,2026-05-07T15:06:22.978Z
cmovormud002oqt7gjo8xcygt,Bluffton University,bluffton-university,,OH,,,cmovormv4002qqt7ggd7zzfkw,NCAA_D3,Heartland Collegiate Athletic Conference,https://www.blufftonbeavers.com,blufftonbeavers.com,bluffton,false,false,true,0,0,0,0,0,0,0,0,NEEDS_REVIEW,NEEDS_REVIEW,2026-05-07T16:13:57.733Z,2026-05-07T16:13:57.733Z
cmou3xrc4006oqt5s6xbcss6r,Boise State University,boise-state-university,Boise,ID,,,,,,,boisestate.edu,boise state,false,false,false,0,0,0,0,0,0,0,0,NEEDS_REVIEW,,2026-05-06T13:43:05.381Z,2026-05-06T17:26:17.629Z
cmox2o0mg000cqtbk6xnygyvm,Borough of Manhattan Community College,borough-of-manhattan-community-college,,NY,,,cmox2o0n7000eqtbknrpfdkgn,NJCAA_D3,Region 15,https://njcaastats.prestosports.com/sports/bsb/2024-25/div3/teams/boroughofmanhattancommunitycollege,njcaastats.prestosports.com,borough manhattan community,false,false,true,0,0,0,0,0,0,0,0,NEEDS_REVIEW,NEEDS_REVIEW,2026-05-08T15:30:49.769Z,2026-05-08T15:30:49.769Z
cmox1gf9h000rqtsg5p7im7p5,Bossier Parish Community College,bossier-parish-community-college,,LA,,,cmox1gfa7000tqtsgn36y7udb,NJCAA_D1,Region 14,https://njcaastats.prestosports.com/sports/bsb/2024-25/div1/teams/bossierparishcommunitycollege,njcaastats.prestosports.com,bossier parish community,false,false,true,0,0,0,0,0,0,0,0,NEEDS_REVIEW,NEEDS_REVIEW,2026-05-08T14:56:55.877Z,2026-05-08T14:56:55.877Z
cmosownei0000qtuolkw0dovw,Boston College,boston-college,Chestnut Hill,MA,,,cmosownis0002qtuoado2ywvj,NCAA_D1,,https://bceagles.com/sports/baseball,bceagles.com,boston,false,true,true,3,0,0,0,0,0,0,0,NEEDS_REVIEW,NEEDS_REVIEW,2026-05-05T13:54:33.204Z,2026-07-23T19:46:07.461Z
cmou7skg500fuqtagtydmsfwo,Bowling Green State University,bowling-green-state-university,Bowling Green,OH,,,cmou7skgu00fwqtagkdktv3y4,NCAA_D1,MAC,https://bgsufalcons.com/sports/baseball,bgsufalcons.com,bowling green state,false,true,true,4,0,0,0,0,0,0,0,NEEDS_REVIEW,NEEDS_REVIEW,2026-05-06T15:31:01.637Z,2026-05-29T16:24:14.588Z
cmou7wk9s00h3qt5skvjnlqhv,Bradley University,bradley-university,Peoria,IL,,,cmou7wkah00h5qt5sn6z34r0h,NCAA_D1,Missouri Valley,https://bradleybraves.com/sports/baseball,bradleybraves.com,bradley,false,true,true,3,0,0,0,0,0,0,0,NEEDS_REVIEW,UNVERIFIED,2026-05-06T15:34:08.033Z,2026-05-06T17:26:16.583Z
cmovormvv002rqt7glyofod7r,Brandeis University,brandeis-university,,MA,,,cmovormwl002tqt7g879mo40w,NCAA_D3,University Athletic Association,https://www.brandeisjudges.com,brandeisjudges.com,brandeis,false,false,true,0,0,0,0,0,0,0,0,NEEDS_REVIEW,NEEDS_REVIEW,2026-05-07T16:13:57.787Z,2026-05-07T16:13:57.787Z
cmowzrz46000rqt4wrxx7o7a9,Brescia,brescia,,KY,,,cmowzrz4w000tqt4wl7du8f4f,NAIA,River States Conference,https://naiastats.prestosports.com/sports/bsb/2024-25/teams/bresciaky,naiastats.prestosports.com,brescia,false,false,true,0,0,0,0,0,0,0,0,NEEDS_REVIEW,NEEDS_REVIEW,2026-05-08T14:09:55.590Z,2026-05-08T14:20:55.745Z
cmorj0h1e0030qtio8oel8hpk,Brevard College,brevard-college,Brevard,NC,,,cmorj0h260032qtiou9m4aic9,NCAA_D3,USA South Athletic Conference,https://www.bctornados.com,bctornados.com,brevard,false,false,true,0,0,0,0,0,0,0,0,NEEDS_REVIEW,NEEDS_REVIEW,2026-05-04T18:21:47.715Z,2026-05-07T16:13:57.840Z
cmowzrz5k000uqt4wc3s1vgx6,Brewton-Parker,brewton-parker,,GA,,,cmowzrz6a000wqt4wu9lmyks0,NAIA,Southern States Athletic Conference,https://naiastats.prestosports.com/sports/bsb/2024-25/teams/brewtonparkerga,naiastats.prestosports.com,brewton parker,false,false,true,0,0,0,0,0,0,0,0,NEEDS_REVIEW,NEEDS_REVIEW,2026-05-08T14:09:55.641Z,2026-05-08T14:20:55.792Z
cmowzrz74000xqt4wdm59y6gz,Briar Cliff,briar-cliff,,IA,,,cmowzrz7u000zqt4wwkmyegvb,NAIA,Great Plains Athletic Conference,https://naiastats.prestosports.com/sports/bsb/2024-25/teams/briarcliffia,naiastats.prestosports.com,briar cliff,false,false,true,0,0,0,0,0,0,0,0,NEEDS_REVIEW,NEEDS_REVIEW,2026-05-08T14:09:55.696Z,2026-05-08T14:20:55.838Z
cmovlhs6e0023qt20tqa24mev,Bridgeport,bridgeport,Bridgeport,Connecticut,,,cmovlhs750025qt20uamgrzzf,NCAA_D2,CACC,,,bridgeport,false,false,false,0,0,0,0,0,0,0,0,NEEDS_REVIEW,NEEDS_REVIEW,2026-05-07T14:42:19.238Z,2026-05-07T15:06:23.028Z
cmovormzs002xqt7g2q35bc1i,Bridgewater College (Virginia),bridgewater-college-virginia,,VA,,,cmovorn0j002zqt7gf1hjj15h,NCAA_D3,Old Dominion Athletic Conf.,https://www.bridgewatereagles.com,bridgewatereagles.com,bridgewater virginia,false,false,true,0,0,0,0,0,0,0,0,NEEDS_REVIEW,NEEDS_REVIEW,2026-05-07T16:13:57.928Z,2026-05-07T16:13:57.928Z
cmovorn1l0030qt7g2ufsvzwt,Bridgewater State University,bridgewater-state-university,,MA,,,cmovorn2q0032qt7ghteb4q8m,NCAA_D3,Massachusetts State Collegiate Athletic Conference,https://www.bsubears.com,bsubears.com,bridgewater state,false,false,true,0,0,0,0,0,0,0,0,NEEDS_REVIEW,NEEDS_REVIEW,2026-05-07T16:13:57.993Z,2026-05-07T16:13:57.993Z
cmox064lo001iqtgcjv8mnkmc,British Columbia,british-columbia,,BC,,,cmox064me001kqtgc3pstmmce,NAIA,Cascade Collegiate Conference,https://naiastats.prestosports.com/sports/bsb/2024-25/teams/britishcolumbia,naiastats.prestosports.com,british columbia,false,false,true,0,0,0,0,0,0,0,0,NEEDS_REVIEW,NEEDS_REVIEW,2026-05-08T14:20:55.885Z,2026-05-08T14:20:55.885Z
cmox2o0ny000fqtbkdjwm6sfi,Bronx Community College,bronx-community-college,,NY,,,cmox2o0op000hqtbk77js2ymc,NJCAA_D3,Region 15,https://njcaastats.prestosports.com/sports/bsb/2024-25/div3/teams/bronxcommunitycollege,njcaastats.prestosports.com,bronx community,false,false,true,0,0,0,0,0,0,0,0,NEEDS_REVIEW,NEEDS_REVIEW,2026-05-08T15:30:49.822Z,2026-05-08T15:30:49.822Z
cmox2o0pe000iqtbk5zpv57jm,Brookdale Community College,brookdale-community-college,,NJ,,,cmox2o0q8000kqtbkfl8bzwot,NJCAA_D3,Region 19,https://njcaastats.prestosports.com/sports/bsb/2024-25/div3/teams/brookdalecommunitycollege,njcaastats.prestosports.com,brookdale community,false,false,true,0,0,0,0,0,0,0,0,NEEDS_REVIEW,NEEDS_REVIEW,2026-05-08T15:30:49.875Z,2026-05-08T15:30:49.875Z
cmou7ekn200e3qtx8xqee53qh,Brown University,brown-university,Providence,RI,,,cmou7eknp00e5qtx84ipuuxjh,NCAA_D1,Ivy League,https://brownbears.com/sports/baseball,brownbears.com,brown,false,true,true,4,0,0,0,0,0,0,0,NEEDS_REVIEW,NEEDS_REVIEW,2026-05-06T15:20:08.703Z,2026-05-29T16:24:12.691Z
cmox2350b000xqtfk7ry7jc8q,Brunswick Community College,brunswick-community-college,,NC,,,cmox23511000zqtfkt62eirtr,NJCAA_D2,Region 10,https://njcaastats.prestosports.com/sports/bsb/2024-25/div2/teams/brunswickcommunitycollege,njcaastats.prestosports.com,brunswick community,false,false,true,0,0,0,0,0,0,0,0,NEEDS_REVIEW,NEEDS_REVIEW,2026-05-08T15:14:35.675Z,2026-05-08T15:14:35.675Z
cmorj0ha0003iqtion1ocego7,Bryan College,bryan-college,Dayton,TN,,,cmorj0hap003kqtio47t0lwop,NAIA,Appalachian Athletic Conference,https://bryanlions.com/sports/baseball,bryanlions.com,bryan,false,false,true,0,0,0,0,0,0,0,0,UNVERIFIED,NEEDS_REVIEW,2026-05-04T18:21:48.024Z,2026-05-29T16:24:18.917Z
cmox2351r0010qtfki4exm5ci,Bryant & Stratton,bryant-and-stratton,,OH,,,cmox2352g0012qtfko8n0j30t,NJCAA_D2,Region 12,https://njcaastats.prestosports.com/sports/bsb/2024-25/div2/teams/bryantstrattonohio,njcaastats.prestosports.com,bryant and stratton,false,false,true,0,0,0,0,0,0,0,0,NEEDS_REVIEW,NEEDS_REVIEW,2026-05-08T15:14:35.727Z,2026-05-08T15:14:35.727Z
cmox235370013qtfk8y2sxj30,Bryant & Stratton College,bryant-and-stratton-college,,WI,,,cmox2353y0015qtfkp40fyk4x,NJCAA_D2,Region 4,https://njcaastats.prestosports.com/sports/bsb/2024-25/div2/teams/bryantstrattoncollegewi,njcaastats.prestosports.com,bryant and stratton,false,false,true,0,0,0,0,0,0,0,0,NEEDS_REVIEW,NEEDS_REVIEW,2026-05-08T15:14:35.779Z,2026-05-08T15:14:35.779Z
cmrxrdvu2000uqtx0lcz2z076,Bryant University,bryant-university,Smithfield,RI,NCAA_D1,,cmrxrdvu2000vqtx0llh19pjp,NCAA_D1,,https://bryantbulldogs.com/sports/baseball,bryantbulldogs.com,bryant,true,true,true,0,0,0,0,0,0,0,0,NEEDS_REVIEW,NEEDS_REVIEW,2026-07-23T17:01:54.411Z,2026-07-23T19:55:48.367Z
cmou853uk00kiqtiwr4lsp4p6,Bucknell University,bucknell-university,Lewisburg,PA,,,cmou853v900kkqtiwu3parh8r,NCAA_D1,Patriot League,https://bucknellbison.com/sports/baseball,bucknellbison.com,bucknell,false,true,true,4,0,0,0,0,0,0,0,NEEDS_REVIEW,UNVERIFIED,2026-05-06T15:40:46.653Z,2026-05-06T17:26:18.696Z
cmovorn450033qt7g7o81jtxu,Buena Vista University,buena-vista-university,,IA,,,cmovorn530035qt7gydbiy60j,NCAA_D3,American Rivers Conference,https://www.bvuathletics.com,bvuathletics.com,buena vista,false,false,true,0,0,0,0,0,0,0,0,NEEDS_REVIEW,NEEDS_REVIEW,2026-05-07T16:13:58.085Z,2026-05-29T16:24:17.438Z
cmovorn6f0036qt7g441tdknv,"Buffalo State, State University of New York",buffalo-state-state-university-of-new-york,,NY,,,cmovorn750038qt7g72dmhv0m,NCAA_D3,State University of New York Athletic Conference,https://www.buffalostateathletics.com,buffalostateathletics.com,buffalo state state new york,false,false,true,0,0,0,0,0,0,0,0,NEEDS_REVIEW,NEEDS_REVIEW,2026-05-07T16:13:58.167Z,2026-05-07T16:13:58.167Z
cmox2o0qy000lqtbkb5hvpuw9,Bunker Hill Community College,bunker-hill-community-college,,MA,,,cmox2o0ro000nqtbkccxfu3vt,NJCAA_D3,Region 21,https://njcaastats.prestosports.com/sports/bsb/2024-25/div3/teams/bunkerhillcommunitycollege,njcaastats.prestosports.com,bunker hill community,false,false,true,0,0,0,0,0,0,0,0,NEEDS_REVIEW,NEEDS_REVIEW,2026-05-08T15:30:49.930Z,2026-05-08T15:30:49.930Z
cmowzrz9y0013qt4w9muhmjp3,Bushnell,bushnell,,OR,,,cmowzrzap0015qt4wa3uyax9d,NAIA,Cascade Collegiate Conference,https://naiastats.prestosports.com/sports/bsb/2024-25/teams/bushnellor,naiastats.prestosports.com,bushnell,false,false,true,0,0,0,0,0,0,0,0,NEEDS_REVIEW,NEEDS_REVIEW,2026-05-08T14:09:55.798Z,2026-05-08T14:20:55.981Z
cmox1gfaz000uqtsg2kizpb3y,Butler Community College - KS,butler-community-college-ks,,KS,,,cmox1gfbo000wqtsg1hgb3gc1,NJCAA_D1,Region 6,https://njcaastats.prestosports.com/sports/bsb/2024-25/div1/teams/butlercommunitycollegeks,njcaastats.prestosports.com,butler community ks,false,false,true,0,0,0,0,0,0,0,0,NEEDS_REVIEW,NEEDS_REVIEW,2026-05-08T14:56:55.930Z,2026-05-08T14:56:55.930Z
cmou6b9zt00a9qticvdpbknf5,Butler University,butler-university,Indianapolis,IN,,,cmou6ba0j00abqtic3zfv6xc8,NCAA_D1,Big East,https://butlersports.com/sports/baseball,butlersports.com,butler,false,true,true,0,0,0,0,0,0,0,0,NEEDS_REVIEW,UNVERIFIED,2026-05-06T14:49:35.321Z,2026-05-06T17:26:12.024Z
cmox2359d001fqtfkt0k7hmwr,CC of Allegheny County,cc-of-allegheny-county,,PA,,,cmox235a0001hqtfk9wdh5i7s,NJCAA_D2,Region 20,https://njcaastats.prestosports.com/sports/bsb/2024-25/div2/teams/ccofalleghenycounty,njcaastats.prestosports.com,cc allegheny county,false,false,true,0,0,0,0,0,0,0,0,NEEDS_REVIEW,NEEDS_REVIEW,2026-05-08T15:14:36.001Z,2026-05-08T15:14:36.001Z
cmox235ap001iqtfkim5jqg9p,CCBC Catonsville,ccbc-catonsville,,MD,,,cmox235be001kqtfk03zw9gw5,NJCAA_D2,Region 20,https://njcaastats.prestosports.com/sports/bsb/2024-25/div2/teams/ccbccatonsville,njcaastats.prestosports.com,ccbc catonsville,false,false,true,0,0,0,0,0,0,0,0,NEEDS_REVIEW,NEEDS_REVIEW,2026-05-08T15:14:36.049Z,2026-05-08T15:14:36.049Z
cmox235c3001lqtfkwf51n64p,CCBC Dundalk,ccbc-dundalk,,MD,,,cmox235ct001nqtfkq7zjvqor,NJCAA_D2,Region 20,https://njcaastats.prestosports.com/sports/bsb/2024-25/div2/teams/ccbcdundalk,njcaastats.prestosports.com,ccbc dundalk,false,false,true,0,0,0,0,0,0,0,0,NEEDS_REVIEW,NEEDS_REVIEW,2026-05-08T15:14:36.099Z,2026-05-08T15:14:36.099Z
cmox235di001oqtfk48ov0qw8,CCBC Essex,ccbc-essex,,MD,,,cmox235e6001qqtfkp36koxh7,NJCAA_D2,Region 20,https://njcaastats.prestosports.com/sports/bsb/2024-25/div2/teams/ccbcessex,njcaastats.prestosports.com,ccbc essex,false,false,true,0,0,0,0,0,0,0,0,NEEDS_REVIEW,NEEDS_REVIEW,2026-05-08T15:14:36.151Z,2026-05-08T15:14:36.151Z
cmowzrzhj001iqt4wu3gf43ii,CIU,ciu,,SC,,,cmowzrzia001kqt4won2j9klb,NAIA,Appalachian Athletic Conference,https://naiastats.prestosports.com/sports/bsb/2024-25/teams/ciusc,naiastats.prestosports.com,ciu,false,false,true,0,0,0,0,0,0,0,0,NEEDS_REVIEW,NEEDS_REVIEW,2026-05-08T14:09:56.071Z,2026-05-08T14:20:56.267Z
cmovlhtlg0050qt20wdcy3hel,CSU Pueblo,csu-pueblo,Pueblo,Colorado,,,cmovlhtm50052qt20lx5f0vyd,NCAA_D2,RMAC,,,csu pueblo,false,false,false,0,0,0,0,0,0,0,0,NEEDS_REVIEW,NEEDS_REVIEW,2026-05-07T14:42:21.076Z,2026-05-07T15:06:24.799Z
cmovorn7z0039qt7gofoaab8p,Cairn University,cairn-university,,PA,,,cmovorn8p003bqt7g1f2bl752,NCAA_D3,United East Conference,https://www.cairnhighlanders.com,cairnhighlanders.com,cairn,false,false,true,0,0,0,0,0,0,0,0,NEEDS_REVIEW,NEEDS_REVIEW,2026-05-07T16:13:58.223Z,2026-05-07T16:13:58.223Z
cmovlhs970029qt20yd3flr8f,Cal Poly Pomona,cal-poly-pomona,Pomona,California,,,cmovlhs9w002bqt20vk64er5m,NCAA_D2,CCAA,,,cal poly pomona,false,false,false,0,0,0,0,0,0,0,0,NEEDS_REVIEW,NEEDS_REVIEW,2026-05-07T14:42:19.339Z,2026-05-07T15:06:23.136Z
cmovlhsam002cqt20pv0oe6ri,Cal State Dominguez Hills,cal-state-dominguez-hills,Carson,California,,,cmovlhsbc002eqt203lrwei5f,NCAA_D2,CCAA,,,cal state dominguez hills,false,false,false,0,0,0,0,0,0,0,0,NEEDS_REVIEW,NEEDS_REVIEW,2026-05-07T14:42:19.390Z,2026-05-07T15:06:23.186Z
cmovlhsc0002fqt20cwit19mj,Cal State East Bay,cal-state-east-bay,Hayward,California,,,cmovlhscp002hqt202diumvnl,NCAA_D2,CCAA,,,cal state east bay,false,false,false,0,0,0,0,0,0,0,0,NEEDS_REVIEW,NEEDS_REVIEW,2026-05-07T14:42:19.440Z,2026-05-07T15:06:23.238Z
cmovlhsde002iqt20f9btgc0e,Cal State Los Angeles,cal-state-los-angeles,Los Angeles,California,,,cmovlhse4002kqt20a1yefm78,NCAA_D2,CCAA,,,cal state los angeles,false,false,false,0,0,0,0,0,0,0,0,NEEDS_REVIEW,NEEDS_REVIEW,2026-05-07T14:42:19.491Z,2026-05-07T15:06:23.290Z
cmovlhset002lqt20pjef7x4j,Cal State Monterey Bay,cal-state-monterey-bay,Seaside,California,,,cmovlhsfi002nqt20fkd1ospt,NCAA_D2,CCAA,,,cal state monterey bay,false,false,false,0,0,0,0,0,0,0,0,NEEDS_REVIEW,NEEDS_REVIEW,2026-05-07T14:42:19.541Z,2026-05-07T15:06:23.339Z
cmovlhsg9002oqt20bci04mfd,Cal State San Bernardino,cal-state-san-bernardino,San Bernardino,California,,,cmovlhsgx002qqt20maq6jcqt,NCAA_D2,CCAA,,,cal state san bernardino,false,false,false,0,0,0,0,0,0,0,0,NEEDS_REVIEW,NEEDS_REVIEW,2026-05-07T14:42:19.593Z,2026-05-07T15:06:23.390Z
cmovlhshl002rqt20c0s8gsn7,Cal State San Marcos,cal-state-san-marcos,San Marcos,California,,,cmovlhsia002tqt205kvq988r,NCAA_D2,CCAA,,,cal state san marcos,false,false,false,0,0,0,0,0,0,0,0,NEEDS_REVIEW,NEEDS_REVIEW,2026-05-07T14:42:19.642Z,2026-05-07T15:06:23.442Z
cmovlhsiz002uqt20bcz8909f,Cal State Stanislaus,cal-state-stanislaus,Turlock,California,,,cmovlhsjn002wqt20x2lbvc3g,NCAA_D2,CCAA,,,cal state stanislaus,false,false,false,0,0,0,0,0,0,0,0,NEEDS_REVIEW,NEEDS_REVIEW,2026-05-07T14:42:19.692Z,2026-05-07T15:06:23.491Z
cmovlhs7t0026qt20364mi6rj,Caldwell,caldwell,Caldwell,New Jersey,,,cmovlhs8j0028qt20nyq965y8,NCAA_D2,CACC,,,caldwell,false,false,false,0,0,0,0,0,0,0,0,NEEDS_REVIEW,NEEDS_REVIEW,2026-05-07T14:42:19.289Z,2026-05-07T15:06:23.084Z
cmox2o0se000oqtbk5p23woms,Caldwell Community College & Technical Institute,caldwell-community-college-and-technical-institute,,NC,,,cmox2o0t7000qqtbkbyhcf20q,NJCAA_D3,Region 10,https://njcaastats.prestosports.com/sports/bsb/2024-25/div3/teams/caldwellcommunitycollegetechnicali,njcaastats.prestosports.com,caldwell community and technical institute,false,false,true,0,0,0,0,0,0,0,0,NEEDS_REVIEW,NEEDS_REVIEW,2026-05-08T15:30:49.982Z,2026-05-08T15:30:49.982Z
cmox1gfce000xqtsgvavjcgow,Calhoun Community College,calhoun-community-college,,AL,,,cmox1gfd4000zqtsgpu111htg,NJCAA_D1,Region 22,https://njcaastats.prestosports.com/sports/bsb/2024-25/div1/teams/calhouncommunitycollege,njcaastats.prestosports.com,calhoun community,false,false,true,0,0,0,0,0,0,0,0,NEEDS_REVIEW,NEEDS_REVIEW,2026-05-08T14:56:55.982Z,2026-05-08T14:56:55.982Z
cmovlhskc002xqt20uytty0s7,California (PA),california-pa,California,Pennsylvania,,,cmovlhsl1002zqt20ysn67sce,NCAA_D2,PSAC,,,california pa,false,false,false,0,0,0,0,0,0,0,0,NEEDS_REVIEW,NEEDS_REVIEW,2026-05-07T14:42:19.740Z,2026-05-07T15:06:23.540Z
cmou8ctii00nlqtlojaynels8,California Baptist University,california-baptist-university,Riverside,CA,,,cmou8ctj700nnqtlon1veo5hd,NCAA_D1,WAC,https://cbulancers.com/sports/baseball,cbulancers.com,california baptist,false,true,true,4,0,0,0,0,0,0,0,NEEDS_REVIEW,UNVERIFIED,2026-05-06T15:46:46.506Z,2026-05-06T17:26:21.164Z
cmovorn9g003cqt7g3j6pvu2i,California Institute of Technology,california-institute-of-technology,,CA,,,cmovorna5003eqt7g41pylzgx,NCAA_D3,Southern California Intercollegiate Athletic Conf.,https://www.gocaltech.com,gocaltech.com,california institute technology,false,false,true,0,0,0,0,0,0,0,0,NEEDS_REVIEW,NEEDS_REVIEW,2026-05-07T16:13:58.276Z,2026-05-07T16:13:58.276Z
cmovornaw003fqt7gjgozynjs,California Lutheran University,california-lutheran-university,,CA,,,cmovornbq003hqt7ggaqbipd9,NCAA_D3,Southern California Intercollegiate Athletic Conf.,https://www.clusports.com,clusports.com,california lutheran,false,false,true,0,0,0,0,0,0,0,0,NEEDS_REVIEW,NEEDS_REVIEW,2026-05-07T16:13:58.328Z,2026-05-07T16:13:58.328Z
cmrxrduvx0002qtx0p0ylsk1i,California Polytechnic State University,california-polytechnic-state-university,San Luis Obispo,CA,NCAA_D1,,cmrxrduvx0003qtx0soqp80bp,NCAA_D1,,https://gopoly.com/sports/baseball,gopoly.com,california polytechnic state,true,true,true,0,0,0,0,0,0,0,0,NEEDS_REVIEW,NEEDS_REVIEW,2026-07-23T17:01:53.181Z,2026-07-23T19:55:48.483Z
cmrxrdw420012qtx020ehnbvb,"California State University, Bakersfield",california-state-university-bakersfield,Bakersfield,CA,NCAA_D1,,cmrxrdw430013qtx0u2zt3hnb,NCAA_D1,,https://gorunners.com/sports/baseball,gorunners.com,california state bakersfield,true,true,true,0,0,0,0,0,0,0,0,NEEDS_REVIEW,NEEDS_REVIEW,2026-07-23T17:01:54.771Z,2026-07-23T19:55:48.598Z
cmrxrdv5k000aqtx0n7yvm4qz,"California State University, Fullerton",california-state-university-fullerton,Fullerton,CA,NCAA_D1,,cmrxrdv5k000bqtx0jc47e0av,NCAA_D1,,https://fullertontitans.com/sports/baseball,fullertontitans.com,california state fullerton,true,true,true,0,0,0,0,0,0,0,0,NEEDS_REVIEW,NEEDS_REVIEW,2026-07-23T17:01:53.528Z,2026-07-23T19:55:48.709Z
cmrxrdwbg0018qtx009x0s1gp,"California State University, Long Beach",california-state-university-long-beach,Long Beach,CA,NCAA_D1,,cmrxrdwbg0019qtx065a7nbkc,NCAA_D1,,https://longbeachstate.com/sports/baseball,longbeachstate.com,california state long beach,true,true,true,0,0,0,0,0,0,0,0,NEEDS_REVIEW,NEEDS_REVIEW,2026-07-23T17:01:55.036Z,2026-07-23T19:55:48.818Z
cmrxrdvwg000wqtx0yuzrgxoa,"California State University, Northridge",california-state-university-northridge,Northridge,CA,NCAA_D1,,cmrxrdvwg000xqtx06ncrelya,NCAA_D1,,https://gomatadors.com/sports/baseball,gomatadors.com,california state northridge,true,true,true,0,0,0,0,0,0,0,0,NEEDS_REVIEW,NEEDS_REVIEW,2026-07-23T17:01:54.496Z,2026-07-23T19:55:48.931Z
cmrxrdv0r0006qtx0pefhaecs,"California State University, Sacramento",california-state-university-sacramento,Sacramento,CA,NCAA_D1,,cmrxrdv0r0007qtx0b7ij6uib,NCAA_D1,,https://hornetsports.com/sports/baseball,hornetsports.com,california state sacramento,true,true,true,0,0,0,0,0,0,0,0,NEEDS_REVIEW,NEEDS_REVIEW,2026-07-23T17:01:53.356Z,2026-07-23T19:55:49.041Z
cmowzrzbf0016qt4wfhlncr35,Calumet,calumet,,IN,,,cmowzrzc40018qt4wf9nf4knw,NAIA,Chicagoland Collegiate Athletic Conference,https://naiastats.prestosports.com/sports/bsb/2024-25/teams/calumetin,naiastats.prestosports.com,calumet,false,false,true,0,0,0,0,0,0,0,0,NEEDS_REVIEW,NEEDS_REVIEW,2026-05-08T14:09:55.852Z,2026-05-08T14:20:56.029Z
cmovorncf003iqt7glut87nsf,Calvin University,calvin-university,,MI,,,cmovornd6003kqt7g5cv9zppx,NCAA_D3,Michigan Intercollegiate Athletic Association,https://calvinknights.com,calvinknights.com,calvin,false,false,true,0,0,0,0,0,0,0,0,NEEDS_REVIEW,NEEDS_REVIEW,2026-05-07T16:13:58.383Z,2026-05-07T16:13:58.383Z
cmox2o0tx000rqtbkzs7n60v2,Camden County College,camden-county-college,,NJ,,,cmox2o0un000tqtbkvwqpu1di,NJCAA_D3,Region 19,https://njcaastats.prestosports.com/sports/bsb/2024-25/div3/teams/camdencountycollege,njcaastats.prestosports.com,camden county,false,false,true,0,0,0,0,0,0,0,0,NEEDS_REVIEW,NEEDS_REVIEW,2026-05-08T15:30:50.037Z,2026-05-08T15:30:50.037Z
cmovlhslq0030qt20qud0l15o,Cameron,cameron,Lawton,Oklahoma,,,cmovlhsmf0032qt201lyk5qo8,NCAA_D2,Lone Star,,,cameron,false,false,false,0,0,0,0,0,0,0,0,NEEDS_REVIEW,NEEDS_REVIEW,2026-05-07T14:42:19.790Z,2026-05-07T15:06:23.591Z
cmox2o0vd000uqtbkyhkbt6ij,Camp Community College,camp-community-college,,VA,,,cmox2o0w4000wqtbkji1u2bjn,NJCAA_D3,Region 10,https://njcaastats.prestosports.com/sports/bsb/2024-25/div3/teams/campcommunitycollege,njcaastats.prestosports.com,camp community,false,false,true,0,0,0,0,0,0,0,0,NEEDS_REVIEW,NEEDS_REVIEW,2026-05-08T15:30:50.090Z,2026-05-08T15:30:50.090Z
cmorirv530010qtm0xxcup0nz,Campbell University,campbell-university,Buies Creek,NC,,,cmorirv5q0012qtm028k9yq81,NCAA_D1,,https://gocamels.com/sports/baseball,gocamels.com,campbell,false,true,true,4,0,0,0,0,0,0,0,NEEDS_REVIEW,NEEDS_REVIEW,2026-05-04T18:15:06.087Z,2026-07-23T19:46:16.108Z
cmox064r0001uqtgcyhmfa4ad,Campbellsville,campbellsville,,KY,,,cmox064rr001wqtgcnqonm93x,NAIA,Mid-South Conference,https://naiastats.prestosports.com/sports/bsb/2024-25/teams/campbellsvilleky,naiastats.prestosports.com,campbellsville,false,false,true,0,0,0,0,0,0,0,0,NEEDS_REVIEW,NEEDS_REVIEW,2026-05-08T14:20:56.076Z,2026-05-08T14:20:56.076Z
cmou7g4yd00erqtkwsinl2cv7,Canisius University,canisius-university,Buffalo,NY,,,cmou7g4z200etqtkw6aq7y21m,NCAA_D1,MAAC,https://gogriffs.com/sports/baseball,gogriffs.com,canisius,false,true,true,4,0,0,0,0,0,0,0,NEEDS_REVIEW,NEEDS_REVIEW,2026-05-06T15:21:21.685Z,2026-05-29T16:24:13.432Z
cmovorndx003lqt7gf3ync7z5,Capital University,capital-university,,OH,,,cmovornep003nqt7ggtes6tzn,NCAA_D3,Ohio Athletic Conference,https://www.capital.edu/athletics,capital.edu,capital,false,false,true,0,0,0,0,0,0,0,0,NEEDS_REVIEW,NEEDS_REVIEW,2026-05-07T16:13:58.438Z,2026-05-07T16:13:58.438Z
cmox2354r0016qtfkakmcyf2u,Carl Albert State College,carl-albert-state-college,,OK,,,cmox2355j0018qtfk1331mkwk,NJCAA_D2,Region 2,https://njcaastats.prestosports.com/sports/bsb/2024-25/div2/teams/carlalbertstatecollege,njcaastats.prestosports.com,carl albert state,false,false,true,0,0,0,0,0,0,0,0,NEEDS_REVIEW,NEEDS_REVIEW,2026-05-08T15:14:35.835Z,2026-05-08T15:14:35.835Z
cmox235690019qtfkbqjl2dwv,Carl Sandburg College,carl-sandburg-college,,IL,,,cmox23572001bqtfkhxnxb8fi,NJCAA_D2,Region 4,https://njcaastats.prestosports.com/sports/bsb/2024-25/div2/teams/carlsandburgcollege,njcaastats.prestosports.com,carl sandburg,false,false,true,0,0,0,0,0,0,0,0,NEEDS_REVIEW,NEEDS_REVIEW,2026-05-08T15:14:35.889Z,2026-05-08T15:14:35.889Z
cmovornfe003oqt7gxb2orxhy,Carleton College,carleton-college,,MN,,,cmovorng2003qqt7gw6sde7x0,NCAA_D3,Minnesota Intercollegiate Athletic Conference,https://apps.carleton.edu/athletics/,apps.carleton.edu,carleton,false,false,true,0,0,0,0,0,0,0,0,NEEDS_REVIEW,NEEDS_REVIEW,2026-05-07T16:13:58.490Z,2026-05-07T16:13:58.490Z
cmovorngs003rqt7gw97aavio,Carlow University,carlow-university,,PA,,,cmovornhh003tqt7gvmcc8tri,NCAA_D3,Allegheny Mountain Collegiate Conference,https://athletics.carlow.edu/,athletics.carlow.edu,carlow,false,false,true,0,0,0,0,0,0,0,0,NEEDS_REVIEW,NEEDS_REVIEW,2026-05-07T16:13:58.540Z,2026-05-29T16:24:16.700Z
cmowzrzct0019qt4wgwahltd6,Carolina,carolina,,N.C.,,,cmowzrzdk001bqt4w2ajpgsov,NAIA,Continental Athletic Conference,https://naiastats.prestosports.com/sports/bsb/2024-25/teams/carolinanc,naiastats.prestosports.com,carolina,false,false,true,0,0,0,0,0,0,0,0,NEEDS_REVIEW,NEEDS_REVIEW,2026-05-08T14:09:55.902Z,2026-05-08T14:20:56.127Z
cmovorni6003uqt7gy8bee8k5,Carroll University (Wisconsin),carroll-university-wisconsin,,WI,,,cmovorniv003wqt7g07i74kcz,NCAA_D3,College Conference of Illinois & Wisconsin,https://www.gopios.com,gopios.com,carroll wisconsin,false,false,true,0,0,0,0,0,0,0,0,NEEDS_REVIEW,NEEDS_REVIEW,2026-05-07T16:13:58.590Z,2026-05-07T16:13:58.590Z
cmorjat1z004uqt4wcy4dc9a9,Carson-Newman University,carson-newman-university,Jefferson City,TN,,,cmorjat2n004wqt4wjzcups59,NCAA_D2,South Atlantic Conference,https://cneagles.com/sports/baseball,cneagles.com,carson newman,false,false,true,0,0,0,0,0,0,0,0,UNVERIFIED,UNVERIFIED,2026-05-04T18:29:49.847Z,2026-05-04T18:29:49.847Z
cmovornjl003xqt7go41f8xvw,Carthage College,carthage-college,,WI,,,cmovornkb003zqt7g6v83ylb4,NCAA_D3,College Conference of Illinois & Wisconsin,https://athletics.carthage.edu,athletics.carthage.edu,carthage,false,false,true,0,0,0,0,0,0,0,0,NEEDS_REVIEW,NEEDS_REVIEW,2026-05-07T16:13:58.641Z,2026-05-07T16:13:58.641Z
cmovornl20040qt7ge5ab4ihb,Case Western Reserve University,case-western-reserve-university,,OH,,,cmovornm20042qt7g1vumu4b6,NCAA_D3,University Athletic Association,https://athletics.case.edu,athletics.case.edu,case western reserve,false,false,true,0,0,0,0,0,0,0,0,NEEDS_REVIEW,NEEDS_REVIEW,2026-05-07T16:13:58.694Z,2026-05-07T16:13:58.694Z
cmorj0gws002rqtiorgfzda9h,Catawba College,catawba-college,Salisbury,NC,,,cmorj0gxj002tqtiotdgqeau1,NCAA_D2,South Atlantic Conference,https://gocatawbaindians.com/sports/baseball,gocatawbaindians.com,catawba,false,false,true,0,0,1,0,0,0,0,0,UNVERIFIED,UNVERIFIED,2026-05-04T18:21:47.548Z,2026-05-04T18:29:48.647Z
cmox2357y001cqtfkolbve8a8,Catawba Valley Community College,catawba-valley-community-college,,NC,,,cmox2358o001eqtfkqwhmv7ak,NJCAA_D2,Region 10,https://njcaastats.prestosports.com/sports/bsb/2024-25/div2/teams/catawbavalleycommunitycollege,njcaastats.prestosports.com,catawba valley community,false,false,true,0,0,0,0,0,0,0,0,NEEDS_REVIEW,NEEDS_REVIEW,2026-05-08T15:14:35.950Z,2026-05-08T15:14:35.950Z
cmovornmy0043qt7gwhrnk0m6,Catholic University,catholic-university,,DC,,,cmovornnp0045qt7gdond9dqf,NCAA_D3,Landmark Conference,https://www.catholicathletics.com/,catholicathletics.com,catholic,false,false,true,0,0,0,0,0,0,0,0,NEEDS_REVIEW,NEEDS_REVIEW,2026-05-07T16:13:58.762Z,2026-05-07T16:13:58.762Z
cmox2o0wt000xqtbk9plqcdqd,Cayuga Community College,cayuga-community-college,,NY,,,cmox2o0xj000zqtbk3xpp7p0a,NJCAA_D3,Region 3,https://njcaastats.prestosports.com/sports/bsb/2024-25/div3/teams/cayugacommunitycollege,njcaastats.prestosports.com,cayuga community,false,false,true,0,0,0,0,0,0,0,0,NEEDS_REVIEW,NEEDS_REVIEW,2026-05-08T15:30:50.142Z,2026-05-08T15:30:50.142Z
cmox235ew001rqtfk7hveubl8,Cecil College,cecil-college,,MD,,,cmox235fm001tqtfkdpvy3yx9,NJCAA_D2,Region 20,https://njcaastats.prestosports.com/sports/bsb/2024-25/div2/teams/cecilcollege,njcaastats.prestosports.com,cecil,false,false,true,0,0,0,0,0,0,0,0,NEEDS_REVIEW,NEEDS_REVIEW,2026-05-08T15:14:36.201Z,2026-05-08T15:14:36.201Z
cmovlhspw0039qt20xbg1u0i3,Cedarville,cedarville,Cedarville,Ohio,,,cmovlhsql003bqt20sub08nf2,NCAA_D2,G-MAC,,,cedarville,false,false,false,0,0,0,0,0,0,0,0,NEEDS_REVIEW,NEEDS_REVIEW,2026-05-07T14:42:19.940Z,2026-05-07T15:06:23.742Z
cmovornof0046qt7g0l3xfj25,Centenary College (Louisiana),centenary-college-louisiana,,LA,,,cmovornp50048qt7glrs2o2tn,NCAA_D3,Southern Collegiate Athletic Conference,https://www.GoCentenary.com,gocentenary.com,centenary louisiana,false,false,true,0,0,0,0,0,0,0,0,NEEDS_REVIEW,NEEDS_REVIEW,2026-05-07T16:13:58.815Z,2026-05-07T16:13:58.815Z
cmovornpw0049qt7gy3z4yz6r,Centenary University (New Jersey),centenary-university-new-jersey,,NJ,,,cmovornqn004bqt7gbe724we7,NCAA_D3,Atlantic East Conference,https://www.centenarycyclones.com,centenarycyclones.com,centenary new jersey,false,false,true,0,0,0,0,0,0,0,0,NEEDS_REVIEW,NEEDS_REVIEW,2026-05-07T16:13:58.868Z,2026-05-29T16:24:18.565Z
cmox235gc001uqtfklqh3okg2,Central Alabama Community College,central-alabama-community-college,,AL,,,cmox235h1001wqtfk553xzuit,NJCAA_D2,Region 22,https://njcaastats.prestosports.com/sports/bsb/2024-25/div2/teams/centralalabamacommunitycollege,njcaastats.prestosports.com,central alabama community,false,false,true,0,0,0,0,0,0,0,0,NEEDS_REVIEW,NEEDS_REVIEW,2026-05-08T15:14:36.252Z,2026-05-08T15:14:36.252Z
cmox1gfdw0010qtsgqhkf3e53,Central Arizona College,central-arizona-college,,AZ,,,cmox1gfem0012qtsg8utoxu52,NJCAA_D1,Region 1,https://njcaastats.prestosports.com/sports/bsb/2024-25/div1/teams/centralarizonacollege,njcaastats.prestosports.com,central arizona,false,false,true,0,0,0,0,0,0,0,0,NEEDS_REVIEW,NEEDS_REVIEW,2026-05-08T14:56:56.036Z,2026-05-08T14:56:56.036Z
cmowzrzeb001cqt4wjs0rswex,Central Baptist,central-baptist,,ARK.,,,cmowzrzf0001eqt4w1r39sp1c,NAIA,American Midwest Conference,https://naiastats.prestosports.com/sports/bsb/2024-25/teams/centralbaptistar,naiastats.prestosports.com,central baptist,false,false,true,0,0,0,0,0,0,0,0,NEEDS_REVIEW,NEEDS_REVIEW,2026-05-08T14:09:55.955Z,2026-05-08T14:20:56.174Z
cmowzrzfr001fqt4wjyk1e88l,Central Christian,central-christian,,KS,,,cmowzrzgq001hqt4wdd8p7s5j,NAIA,Sooner Athletic Conference,https://naiastats.prestosports.com/sports/bsb/2024-25/teams/centralchristianks,naiastats.prestosports.com,central christian,false,false,true,0,0,0,0,0,0,0,0,NEEDS_REVIEW,NEEDS_REVIEW,2026-05-08T14:09:56.008Z,2026-05-08T14:09:56.008Z
cmovornrg004cqt7gs5y6myfv,Central College (Iowa),central-college-iowa,,IA,,,cmovornsu004eqt7gllptck8x,NCAA_D3,American Rivers Conference,https://www.central.edu/athletics,central.edu,central iowa,false,false,true,0,0,0,0,0,0,0,0,NEEDS_REVIEW,NEEDS_REVIEW,2026-05-07T16:13:58.924Z,2026-05-29T16:24:17.532Z
cmou7zw9900j0qt18f8v0lvet,Central Connecticut State University,central-connecticut-state-university,New Britain,CT,,,cmou7zwa000j2qt18c7a5hwss,NCAA_D1,Northeast Conference,https://ccsubluedevils.com/sports/bsb,ccsubluedevils.com,central connecticut state,false,true,true,0,0,0,0,0,0,0,0,NEEDS_REVIEW,UNVERIFIED,2026-05-06T15:36:43.534Z,2026-05-06T17:26:17.773Z
cmox2o0y90010qtbkd2383oke,Central Lakes College-Brainerd,central-lakes-college-brainerd,,MN,,,cmox2o0yz0012qtbk6s1j80o7,NJCAA_D3,Region 13,https://njcaastats.prestosports.com/sports/bsb/2024-25/div3/teams/centrallakescollegebrainerd,njcaastats.prestosports.com,central lakes brainerd,false,false,true,0,0,0,0,0,0,0,0,NEEDS_REVIEW,NEEDS_REVIEW,2026-05-08T15:30:50.193Z,2026-05-08T15:30:50.193Z
cmox064v10023qtgczbgq56zf,Central Methodist,central-methodist,,MO,,,cmox064vn0025qtgco8005zej,NAIA,Heart of America Athletic Conference,https://naiastats.prestosports.com/sports/bsb/2024-25/teams/centralmethodistmo,naiastats.prestosports.com,central methodist,false,false,true,0,0,0,0,0,0,0,0,NEEDS_REVIEW,NEEDS_REVIEW,2026-05-08T14:20:56.221Z,2026-05-08T14:20:56.221Z
cmou7skhl00fxqtagpa6mymfq,Central Michigan University,central-michigan-university,Mount Pleasant,MI,,,cmou7skic00fzqtagzifm29yu,NCAA_D1,MAC,https://cmuchippewas.com/sports/baseball,cmuchippewas.com,central michigan,false,true,true,4,0,0,0,0,0,0,0,NEEDS_REVIEW,NEEDS_REVIEW,2026-05-06T15:31:01.689Z,2026-05-29T16:24:14.681Z
cmovlhsra003cqt20g9m80ph7,Central Missouri,central-missouri,Warrensburg,Missouri,,,cmovlhss0003eqt20334jq27o,NCAA_D2,MIAA,,,central missouri,false,false,false,0,0,0,0,0,0,0,0,NEEDS_REVIEW,NEEDS_REVIEW,2026-05-07T14:42:19.990Z,2026-05-07T15:06:23.791Z
cmovlhsso003fqt20m8hwl8fs,Central Oklahoma,central-oklahoma,Edmond,Oklahoma,,,cmovlhste003hqt20rgumegxx,NCAA_D2,MIAA,,,central oklahoma,false,false,false,0,0,0,0,0,0,0,0,NEEDS_REVIEW,NEEDS_REVIEW,2026-05-07T14:42:20.041Z,2026-05-07T15:06:23.842Z
cmovlhsu4003iqt20zmpq4jwt,Central Washington,central-washington,Ellensburg,Washington,,,cmovlhsut003kqt20ea39na8s,NCAA_D2,GNAC,,,central washington,false,false,false,0,0,0,0,0,0,0,0,NEEDS_REVIEW,NEEDS_REVIEW,2026-05-07T14:42:20.093Z,2026-05-07T15:06:23.891Z
cmovorntm004fqt7gnaky96ao,Centre College,centre-college,,KY,,,cmovornuc004hqt7gkl2c9tqd,NCAA_D3,Southern Athletic Association,https://www.centrecolonels.com,centrecolonels.com,centre,false,false,true,0,0,0,0,0,0,0,0,NEEDS_REVIEW,NEEDS_REVIEW,2026-05-07T16:13:59.002Z,2026-05-07T16:13:59.002Z
cmox2o0zq0013qtbkuh4wv7ct,Century College,century-college,,MN,,,cmox2o10h0015qtbkjbcf59oh,NJCAA_D3,Region 13,https://njcaastats.prestosports.com/sports/bsb/2024-25/div3/teams/centurycollege,njcaastats.prestosports.com,century,false,false,true,0,0,0,0,0,0,0,0,NEEDS_REVIEW,NEEDS_REVIEW,2026-05-08T15:30:50.246Z,2026-05-08T15:30:50.246Z
cmovlhsvj003lqt209l897594,Chaminade,chaminade,Honolulu,Hawaii,,,cmovlhswb003nqt201df1ebmo,NCAA_D2,PacWest,,,chaminade,false,false,false,0,0,0,0,0,0,0,0,NEEDS_REVIEW,NEEDS_REVIEW,2026-05-07T14:42:20.143Z,2026-05-07T15:06:23.941Z
cmox235hr001xqtfk8edzbigb,Chandler-Gilbert Community College,chandler-gilbert-community-college,,AZ,,,cmox235ig001zqtfk0rbygdf5,NJCAA_D2,Region 1,https://njcaastats.prestosports.com/sports/bsb/2024-25/div2/teams/chandlergilbertcommunitycollege,njcaastats.prestosports.com,chandler gilbert community,false,false,true,0,0,0,0,0,0,0,0,NEEDS_REVIEW,NEEDS_REVIEW,2026-05-08T15:14:36.303Z,2026-05-08T15:14:36.303Z
cmovornvf004iqt7g0gvvkosm,Chapman University,chapman-university,,CA,,,cmovornw5004kqt7ge4x0r13x,NCAA_D3,Southern California Intercollegiate Athletic Conf.,https://www.chapmanathletics.com,chapmanathletics.com,chapman,false,false,true,0,0,0,0,0,0,0,0,NEEDS_REVIEW,NEEDS_REVIEW,2026-05-07T16:13:59.067Z,2026-05-07T16:13:59.067Z
cmovlhsx1003oqt20ojp6ncph,Charleston (WV),charleston-wv,Charleston,West Virginia,,,cmovlhsxq003qqt20fitamg0d,NCAA_D2,MEC,,,charleston wv,false,false,false,0,0,0,0,0,0,0,0,NEEDS_REVIEW,NEEDS_REVIEW,2026-05-07T14:42:20.197Z,2026-05-07T15:06:23.992Z
cmou6tv0000b6qti0uw8kd0th,Charleston Southern University,charleston-southern-university,Charleston,SC,,,cmou6tv0p00b8qti0d062ek6f,NCAA_D1,,https://csusports.com/sports/baseball,csusports.com,charleston southern,false,true,true,4,0,1,0,0,0,0,0,NEEDS_REVIEW,NEEDS_REVIEW,2026-05-06T15:04:02.353Z,2026-07-23T19:46:13.809Z
cmovornwx004lqt7gknjky6jn,Chatham University,chatham-university,,PA,,,cmovornxm004nqt7gwif43ye4,NCAA_D3,Presidents' Athletic Conference,https://www.gochathamcougars.com,gochathamcougars.com,chatham,false,false,true,0,0,0,0,0,0,0,0,NEEDS_REVIEW,NEEDS_REVIEW,2026-05-07T16:13:59.121Z,2026-05-07T16:13:59.121Z
cmox1gffa0013qtsgti41kyix,Chattahoochee Valley Community College,chattahoochee-valley-community-college,,AL,,,cmox1gffz0015qtsgruayt680,NJCAA_D1,Region 22,https://njcaastats.prestosports.com/sports/bsb/2024-25/div1/teams/chattahoocheevalleycommunitycollege,njcaastats.prestosports.com,chattahoochee valley community,false,false,true,0,0,0,0,0,0,0,0,NEEDS_REVIEW,NEEDS_REVIEW,2026-05-08T14:56:56.086Z,2026-05-08T14:56:56.086Z
cmox1gfgo0016qtsgs9ugt5nt,Chattanooga State Community College,chattanooga-state-community-college,,TN,,,cmox1gfhh0018qtsguz7u9pmv,NJCAA_D1,Region 7,https://njcaastats.prestosports.com/sports/bsb/2024-25/div1/teams/chattanoogastatecommunitycollege,njcaastats.prestosports.com,chattanooga state community,false,false,true,0,0,0,0,0,0,0,0,NEEDS_REVIEW,NEEDS_REVIEW,2026-05-08T14:56:56.136Z,2026-05-08T14:56:56.136Z
cmox235j70020qtfkl3uukpn3,Chesapeake College,chesapeake-college,,MD,,,cmox235jw0022qtfk1srypfi0,NJCAA_D2,Region 20,https://njcaastats.prestosports.com/sports/bsb/2024-25/div2/teams/chesapeakecollege,njcaastats.prestosports.com,chesapeake,false,false,true,0,0,0,0,0,0,0,0,NEEDS_REVIEW,NEEDS_REVIEW,2026-05-08T15:14:36.355Z,2026-05-08T15:14:36.355Z
cmovlhsyg003rqt20hxxyjm8v,Chestnut Hill,chestnut-hill,Philadelphia,Pennsylvania,,,cmovlhsz5003tqt20el1wjhnw,NCAA_D2,CACC,,,chestnut hill,false,false,false,0,0,0,0,0,0,0,0,NEEDS_REVIEW,NEEDS_REVIEW,2026-05-07T14:42:20.248Z,2026-05-07T15:06:24.043Z
cmovlhszu003uqt20vedg0aye,Chico State,chico-state,Chico,California,,,cmovlht0j003wqt20e4b3f882,NCAA_D2,CCAA,,,chico state,false,false,false,0,0,0,0,0,0,0,0,NEEDS_REVIEW,NEEDS_REVIEW,2026-05-07T14:42:20.298Z,2026-05-07T15:06:24.094Z
cmox1gfi80019qtsgps2z311s,Chipola  College,chipola-college,,FL,,,cmox1gfiw001bqtsgfl1n2ptf,NJCAA_D1,Region 8,https://njcaastats.prestosports.com/sports/bsb/2024-25/div1/teams/chipolacollege,njcaastats.prestosports.com,chipola,false,false,true,0,0,0,0,0,0,0,0,NEEDS_REVIEW,NEEDS_REVIEW,2026-05-08T14:56:56.192Z,2026-05-08T14:56:56.192Z
cmovlht1a003xqt2035itxshf,Chowan,chowan,Murfreesboro,North Carolina,,,cmovlht1y003zqt20as72tsqj,NCAA_D2,Carolinas,,,chowan,false,false,false,0,0,0,0,0,0,0,0,NEEDS_REVIEW,NEEDS_REVIEW,2026-05-07T14:42:20.350Z,2026-05-07T15:06:24.144Z
cmovlht2n0040qt20mrxozpfq,Christian Brothers,christian-brothers,Memphis,Tennessee,,,cmovlht3c0042qt208gcym36z,NCAA_D2,Gulf South,,,christian brothers,false,false,false,0,0,0,0,0,0,0,0,NEEDS_REVIEW,NEEDS_REVIEW,2026-05-07T14:42:20.399Z,2026-05-07T15:06:24.195Z
cmovornyc004oqt7gv7ftlyau,Christopher Newport University,christopher-newport-university,,VA,,,cmovornz5004qqt7giq40aano,NCAA_D3,Coast-To-Coast Athletic Conference,https://CNUsports.com,cnusports.com,christopher newport,false,false,true,0,0,0,0,0,0,0,0,NEEDS_REVIEW,NEEDS_REVIEW,2026-05-07T16:13:59.173Z,2026-05-07T16:13:59.173Z
cmox1gfjl001cqtsggloi1bif,Cisco College,cisco-college,,TX,,,cmox1gfka001eqtsgoe5xokxj,NJCAA_D1,Region 5,https://njcaastats.prestosports.com/sports/bsb/2024-25/div1/teams/ciscocollege,njcaastats.prestosports.com,cisco,false,false,true,0,0,0,0,0,0,0,0,NEEDS_REVIEW,NEEDS_REVIEW,2026-05-08T14:56:56.241Z,2026-05-08T14:56:56.241Z
cmovlht420043qt20jxz6elgz,Claflin,claflin,Orangeburg,South Carolina,,,cmovlht4v0045qt20uedpagl5,NCAA_D2,Peach Belt,,,claflin,false,false,false,0,0,0,0,0,0,0,0,NEEDS_REVIEW,NEEDS_REVIEW,2026-05-07T14:42:20.450Z,2026-05-07T15:06:24.248Z
cmovornzy004rqt7gcy4a8rhq,Claremont McKenna-Harvey Mudd-Scripps Colleges,claremont-mckenna-harvey-mudd-scripps-colleges,,CA,,,cmovoro0n004tqt7gilfn2a6b,NCAA_D3,Southern California Intercollegiate Athletic Conf.,https://www.cmsathletics.org,cmsathletics.org,claremont mckenna harvey mudd scripps colleges,false,false,true,0,0,0,0,0,0,0,0,NEEDS_REVIEW,NEEDS_REVIEW,2026-05-07T16:13:59.230Z,2026-05-07T16:13:59.230Z
cmox1gfl0001fqtsgrzw6ofzz,Clarendon College,clarendon-college,,TX,,,cmox1gflq001hqtsgedc7frtk,NJCAA_D1,Region 5,https://njcaastats.prestosports.com/sports/bsb/2024-25/div1/teams/clarendoncollege,njcaastats.prestosports.com,clarendon,false,false,true,0,0,0,0,0,0,0,0,NEEDS_REVIEW,NEEDS_REVIEW,2026-05-08T14:56:56.291Z,2026-05-08T14:56:56.291Z
cmovlht8k0049qt20i96vsaib,Clarion,clarion,Clarion,Pennsylvania,,,cmovlht9c004bqt20ucigyqe3,NCAA_D2,PSAC,,,clarion,false,false,false,0,0,0,0,0,0,0,0,NEEDS_REVIEW,NEEDS_REVIEW,2026-05-07T14:42:20.611Z,2026-05-07T15:06:24.347Z
cmovlht5k0046qt20ifm6zkcf,Clark Atlanta,clark-atlanta,Atlanta,Georgia,,,cmovlht7t0048qt20fmdvkrc0,NCAA_D2,SIAC,,,clark atlanta,false,false,false,0,0,0,0,0,0,0,0,NEEDS_REVIEW,NEEDS_REVIEW,2026-05-07T14:42:20.505Z,2026-05-07T15:06:24.297Z
cmox235km0023qtfkno6e1o10,Clark State College,clark-state-college,,OH,,,cmox235lc0025qtfkdingbnzq,NJCAA_D2,Region 12,https://njcaastats.prestosports.com/sports/bsb/2024-25/div2/teams/clarkstatecollege,njcaastats.prestosports.com,clark state,false,false,true,0,0,0,0,0,0,0,0,NEEDS_REVIEW,NEEDS_REVIEW,2026-05-08T15:14:36.407Z,2026-05-08T15:14:36.407Z
cmowzrzj0001lqt4wws226tj0,Clarke,clarke,,IA,,,cmowzrzjq001nqt4woiwflebl,NAIA,Heart of America Athletic Conference,https://naiastats.prestosports.com/sports/bsb/2024-25/teams/clarkeia,naiastats.prestosports.com,clarke,false,false,true,0,0,0,0,0,0,0,0,NEEDS_REVIEW,NEEDS_REVIEW,2026-05-08T14:09:56.125Z,2026-05-08T14:20:56.315Z
cmovoro1h004uqt7gtkh9ajbi,Clarkson University,clarkson-university,,NY,,,cmovoro2d004wqt7ga2gyeg2e,NCAA_D3,Liberty League,https://www.clarksonathletics.com,clarksonathletics.com,clarkson,false,false,true,0,0,0,0,0,0,0,0,NEEDS_REVIEW,NEEDS_REVIEW,2026-05-07T16:13:59.285Z,2026-05-07T16:13:59.285Z
cmowzrzkk001oqt4wwekf7ggs,Cleary,cleary,,MI,,,cmowzrzla001qqt4wuawbib3d,NAIA,Wolverine-Hoosier Athletic Conference,https://naiastats.prestosports.com/sports/bsb/2024-25/teams/clearymi,naiastats.prestosports.com,cleary,false,false,true,0,0,0,0,0,0,0,0,NEEDS_REVIEW,NEEDS_REVIEW,2026-05-08T14:09:56.180Z,2026-05-08T14:20:56.361Z
cmorihuy70003qth8lteegu87,Clemson University,clemson-university,Clemson,SC,,,cmorihuzp0005qth8tz9l0qy6,NCAA_D1,,https://clemsontigers.com/sports/baseball,clemsontigers.com,clemson,false,true,true,4,0,1,0,0,0,0,0,NEEDS_REVIEW,NEEDS_REVIEW,2026-05-04T18:07:19.279Z,2026-07-23T19:46:07.633Z
cmorjat750056qt4wgah72i8t,Cleveland Community College,cleveland-community-college,Shelby,NC,,,cmorjat7t0058qt4wumt7u04z,NJCAA_D2,Region 10,https://njcaastats.prestosports.com/sports/bsb/2024-25/div2/teams/clevelandcommunitycollege,njcaastats.prestosports.com,cleveland community,false,false,true,0,0,1,0,0,0,0,0,NEEDS_REVIEW,NEEDS_REVIEW,2026-05-04T18:29:50.033Z,2026-05-08T15:14:36.459Z
cmox1gfme001iqtsg23nqcgwc,Cleveland State Community College,cleveland-state-community-college,,TN,,,cmox1gfn6001kqtsglzcs24ji,NJCAA_D1,Region 7,https://njcaastats.prestosports.com/sports/bsb/2024-25/div1/teams/clevelandstatecommunitycollege,njcaastats.prestosports.com,cleveland state community,false,false,true,0,0,0,0,0,0,0,0,NEEDS_REVIEW,NEEDS_REVIEW,2026-05-08T14:56:56.342Z,2026-05-08T14:56:56.342Z
cmox1gfnw001lqtsg7fvs7z66,Cloud County Community College,cloud-county-community-college,,KS,,,cmox1gfoj001nqtsg9k78ft65,NJCAA_D1,Region 6,https://njcaastats.prestosports.com/sports/bsb/2024-25/div1/teams/cloudcountycommunitycollege,njcaastats.prestosports.com,cloud county community,false,false,true,0,0,0,0,0,0,0,0,NEEDS_REVIEW,NEEDS_REVIEW,2026-05-08T14:56:56.396Z,2026-05-08T14:56:56.396Z
cmox235nt0029qtfkhy9cb6k7,Coahoma Community College,coahoma-community-college,,MS,,,cmox235oh002bqtfktn8k7tsc,NJCAA_D2,Region 23,https://njcaastats.prestosports.com/sports/bsb/2024-25/div2/teams/coahomacommunitycollege,njcaastats.prestosports.com,coahoma community,false,false,true,0,0,0,0,0,0,0,0,NEEDS_REVIEW,NEEDS_REVIEW,2026-05-08T15:14:36.521Z,2026-05-08T15:14:36.521Z
cmox235p7002cqtfkantrt3ir,Coastal Alabama - North,coastal-alabama-north,,AL,,,cmox235pv002eqtfko2fahgxm,NJCAA_D2,Region 22,https://njcaastats.prestosports.com/sports/bsb/2024-25/div2/teams/coastalalabamanorth,njcaastats.prestosports.com,coastal alabama north,false,false,true,0,0,0,0,0,0,0,0,NEEDS_REVIEW,NEEDS_REVIEW,2026-05-08T15:14:36.571Z,2026-05-08T15:14:36.571Z
cmox1gfp7001oqtsgbphrk1lp,Coastal Alabama - South,coastal-alabama-south,,AL,,,cmox1gfpv001qqtsglbhx2awv,NJCAA_D1,Region 22,https://njcaastats.prestosports.com/sports/bsb/2024-25/div1/teams/coastalalabamasouth,njcaastats.prestosports.com,coastal alabama south,false,false,true,0,0,0,0,0,0,0,0,NEEDS_REVIEW,NEEDS_REVIEW,2026-05-08T14:56:56.443Z,2026-05-08T14:56:56.443Z
cmox1gfqj001rqtsgskc12egd,Coastal Bend College,coastal-bend-college,,TX,,,cmox1gfr7001tqtsg9kpxxyp8,NJCAA_D1,Region 14,https://njcaastats.prestosports.com/sports/bsb/2024-25/div1/teams/coastalbendcollege,njcaastats.prestosports.com,coastal bend,false,false,true,0,0,0,0,0,0,0,0,NEEDS_REVIEW,NEEDS_REVIEW,2026-05-08T14:56:56.491Z,2026-05-08T14:56:56.491Z
cmou3bz97005rqtvofgt7p17h,Coastal Carolina University,coastal-carolina-university,Conway,SC,,,cmou3bz9z005tqtvogqtsk7dh,NCAA_D1,Sun Belt,https://goccusports.com/sports/baseball,goccusports.com,coastal carolina,false,true,true,4,0,1,0,0,0,0,0,NEEDS_REVIEW,UNVERIFIED,2026-05-06T13:26:09.211Z,2026-05-06T17:26:19.993Z
cmox1gfrx001uqtsgjm4zjbds,Cochise College,cochise-college,,AZ,,,cmox1gfsl001wqtsgmoufzp8j,NJCAA_D1,Region 1,https://njcaastats.prestosports.com/sports/bsb/2024-25/div1/teams/cochisecollege,njcaastats.prestosports.com,cochise,false,false,true,0,0,0,0,0,0,0,0,NEEDS_REVIEW,NEEDS_REVIEW,2026-05-08T14:56:56.541Z,2026-05-08T14:56:56.541Z
cmovoro37004xqt7gejqc062h,Coe College,coe-college,,IA,,,cmovoro41004zqt7g0cb27hoa,NCAA_D3,American Rivers Conference,https://www.kohawkathletics.com,kohawkathletics.com,coe,false,false,true,0,0,0,0,0,0,0,0,NEEDS_REVIEW,NEEDS_REVIEW,2026-05-07T16:13:59.347Z,2026-05-29T16:24:17.628Z
cmox1gft9001xqtsg5fezijcy,Coffeyville Community College,coffeyville-community-college,,KS,,,cmox1gftz001zqtsgduc1kzzq,NJCAA_D1,Region 6,https://njcaastats.prestosports.com/sports/bsb/2024-25/div1/teams/coffeyvillecommunitycollege,njcaastats.prestosports.com,coffeyville community,false,false,true,0,0,0,0,0,0,0,0,NEEDS_REVIEW,NEEDS_REVIEW,2026-05-08T14:56:56.590Z,2026-05-08T14:56:56.590Z
cmorj0go50029qtiomu7nhxok,Coker University,coker-university,Hartsville,SC,,,cmorj0gow002bqtiopxdtb3uh,NCAA_D2,South Atlantic Conference,https://cokercobras.com/sports/baseball,cokercobras.com,coker,false,false,true,0,0,1,0,0,0,0,0,UNVERIFIED,UNVERIFIED,2026-05-04T18:21:47.237Z,2026-05-04T18:29:48.331Z
cmovoro4q0050qt7gtqoup40h,Colby College,colby-college,,ME,,,cmovoro5g0052qt7grck4e6nc,NCAA_D3,New England Small College Athletic Conference,https://www.colby.edu/athletics,colby.edu,colby,false,false,true,0,0,0,0,0,0,0,0,NEEDS_REVIEW,NEEDS_REVIEW,2026-05-07T16:13:59.403Z,2026-05-07T16:13:59.403Z
cmox1gfum0020qtsgezoyy7fd,Colby Community College,colby-community-college,,KS,,,cmox1gfvb0022qtsg1afwh3ea,NJCAA_D1,Region 6,https://njcaastats.prestosports.com/sports/bsb/2024-25/div1/teams/colbycommunitycollege,njcaastats.prestosports.com,colby community,false,false,true,0,0,0,0,0,0,0,0,NEEDS_REVIEW,NEEDS_REVIEW,2026-05-08T14:56:56.638Z,2026-05-08T14:56:56.638Z
cmovoro660053qt7glc7trly7,Colby-Sawyer College,colby-sawyer-college,,NH,,,cmovoro6v0055qt7gojyfinxv,NCAA_D3,Great Northeast Athletic Conference,https://www.colby-sawyerathletics.com/,colby-sawyerathletics.com,colby sawyer,false,false,true,0,0,0,0,0,0,0,0,NEEDS_REVIEW,NEEDS_REVIEW,2026-05-07T16:13:59.454Z,2026-05-07T16:13:59.454Z
cmox1gfvz0023qtsggc70ytsw,College of Central Florida,college-of-central-florida,,FL,,,cmox1gfwo0025qtsgtkd1h66m,NJCAA_D1,Region 8,https://njcaastats.prestosports.com/sports/bsb/2024-25/div1/teams/collegeofcentralflorida,njcaastats.prestosports.com,central florida,false,false,true,0,0,0,0,0,0,0,0,NEEDS_REVIEW,NEEDS_REVIEW,2026-05-08T14:56:56.688Z,2026-05-08T14:56:56.688Z
cmorihv0l0006qth8tj4axfti,College of Charleston,college-of-charleston,Charleston,SC,,,cmorihv1b0008qth8h0fs6y1x,NCAA_D1,,https://cofcsports.com/sports/baseball,cofcsports.com,charleston,false,true,true,4,0,0,0,0,0,0,0,NEEDS_REVIEW,NEEDS_REVIEW,2026-05-04T18:07:19.364Z,2026-07-23T19:46:16.193Z
cmox2o1170016qtbkgk4vxtdy,College of DuPage,college-of-dupage,,IL,,,cmox2o11y0018qtbkktweb1a7,NJCAA_D3,Region 4,https://njcaastats.prestosports.com/sports/bsb/2024-25/div3/teams/collegeofdupage,njcaastats.prestosports.com,dupage,false,false,true,0,0,0,0,0,0,0,0,NEEDS_REVIEW,NEEDS_REVIEW,2026-05-08T15:30:50.300Z,2026-05-08T15:30:50.300Z
cmox06509002fqtgcjaki8slx,College of Idaho,college-of-idaho,,ID,,,cmox06515002hqtgcjsa2azr4,NAIA,Cascade Collegiate Conference,https://naiastats.prestosports.com/sports/bsb/2024-25/teams/collegeofidaho,naiastats.prestosports.com,idaho,false,false,true,0,0,0,0,0,0,0,0,NEEDS_REVIEW,NEEDS_REVIEW,2026-05-08T14:20:56.410Z,2026-05-08T14:20:56.410Z
cmox235qm002fqtfkuqtlw0fr,College of Lake County,college-of-lake-county,,IL,,,cmox235ra002hqtfkjpougwcj,NJCAA_D2,Region 4,https://njcaastats.prestosports.com/sports/bsb/2024-25/div2/teams/collegeoflakecounty,njcaastats.prestosports.com,lake county,false,false,true,0,0,0,0,0,0,0,0,NEEDS_REVIEW,NEEDS_REVIEW,2026-05-08T15:14:36.622Z,2026-05-08T15:14:36.622Z
cmovoro7k0056qt7g26xc8nu2,College of Saint Benedict,college-of-saint-benedict,,MN,,,cmovoro890058qt7gh7b1r6ep,NCAA_D3,Minnesota Intercollegiate Athletic Conference,https://www.gobennies.com,gobennies.com,saint benedict,false,false,true,0,0,0,0,0,0,0,0,NEEDS_REVIEW,NEEDS_REVIEW,2026-05-07T16:13:59.504Z,2026-05-07T16:13:59.504Z
cmox1gfxe0026qtsgf9u98eeg,College of Southern Idaho,college-of-southern-idaho,,ID,,,cmox1gfy50028qtsgslyf6612,NJCAA_D1,Region 18,https://njcaastats.prestosports.com/sports/bsb/2024-25/div1/teams/collegeofsouthernidaho,njcaastats.prestosports.com,southern idaho,false,false,true,0,0,0,0,0,0,0,0,NEEDS_REVIEW,NEEDS_REVIEW,2026-05-08T14:56:56.739Z,2026-05-08T14:56:56.739Z
cmox235rz002iqtfkwm4d9287,College of Southern Maryland,college-of-southern-maryland,,ND,,,cmox235sn002kqtfkdhstitol,NJCAA_D2,Region 20,https://njcaastats.prestosports.com/sports/bsb/2024-25/div2/teams/collegeofsouthernmaryland,njcaastats.prestosports.com,southern maryland,false,false,true,0,0,0,0,0,0,0,0,NEEDS_REVIEW,NEEDS_REVIEW,2026-05-08T15:14:36.671Z,2026-05-08T15:14:36.671Z
cmox1gfyv0029qtsgyyiotlq4,College of Southern Nevada,college-of-southern-nevada,,NV,,,cmox1gfzk002bqtsgjuh3fqjk,NJCAA_D1,Region 1,https://njcaastats.prestosports.com/sports/bsb/2024-25/div1/teams/collegeofsouthernnevada,njcaastats.prestosports.com,southern nevada,false,false,true,0,0,0,0,0,0,0,0,NEEDS_REVIEW,NEEDS_REVIEW,2026-05-08T14:56:56.791Z,2026-05-08T14:56:56.791Z
cmou853vy00klqtiwxsprvd34,College of the Holy Cross,college-of-the-holy-cross,Worcester,MA,,,cmou853wn00knqtiw8etjougs,NCAA_D1,Patriot League,https://goholycross.com/sports/baseball,goholycross.com,holy cross,false,true,true,4,0,0,0,0,0,0,0,NEEDS_REVIEW,UNVERIFIED,2026-05-06T15:40:46.703Z,2026-05-06T17:26:18.745Z
cmovlhta1004cqt20lxgtck5b,Colorado Christian,colorado-christian,Lakewood,Colorado,,,cmovlhtap004eqt20o89yfoys,NCAA_D2,RMAC,,,colorado christian,false,false,false,0,0,0,0,0,0,0,0,NEEDS_REVIEW,NEEDS_REVIEW,2026-05-07T14:42:20.665Z,2026-05-07T15:06:24.397Z
cmovoro8z0059qt7goc8b9pqu,Colorado College,colorado-college,,CO,,,cmovoro9t005bqt7ga4lqmqyq,NCAA_D3,Southern Collegiate Athletic Conference,https://www.cctigers.com,cctigers.com,colorado,false,false,true,0,0,0,0,0,0,0,0,NEEDS_REVIEW,NEEDS_REVIEW,2026-05-07T16:13:59.555Z,2026-05-07T16:13:59.555Z
cmovlhtbe004fqt20uc4nwxoq,Colorado Mesa,colorado-mesa,Grand Junction,Colorado,,,cmovlhtc7004hqt20o63rx8b9,NCAA_D2,RMAC,,,colorado mesa,false,false,false,0,0,0,0,0,0,0,0,NEEDS_REVIEW,NEEDS_REVIEW,2026-05-07T14:42:20.714Z,2026-05-07T15:06:24.448Z
cmovlhtcz004iqt20abm4bop1,Colorado Mines,colorado-mines,Golden,Colorado,,,cmovlhtdp004kqt209v0s9s2j,NCAA_D2,RMAC,,,colorado mines,false,false,false,0,0,0,0,0,0,0,0,NEEDS_REVIEW,NEEDS_REVIEW,2026-05-07T14:42:20.771Z,2026-05-07T15:06:24.497Z
cmox1gg09002cqtsgt5n277or,Colorado Northwestern Community College,colorado-northwestern-community-college,,CO,,,cmox1gg0z002eqtsg6vlyf855,NJCAA_D1,Region 18,https://njcaastats.prestosports.com/sports/bsb/2024-25/div1/teams/coloradonorthwesterncommunitycollege,njcaastats.prestosports.com,colorado northwestern community,false,false,true,0,0,0,0,0,0,0,0,NEEDS_REVIEW,NEEDS_REVIEW,2026-05-08T14:56:56.841Z,2026-05-08T14:56:56.841Z
cmou3xres006rqt5sroo5bttq,Colorado State University,colorado-state-university,Fort Collins,CO,,,,,,,colostate.edu,colorado state,false,false,false,0,0,0,0,0,0,0,0,NEEDS_REVIEW,,2026-05-06T13:43:05.476Z,2026-05-06T17:26:17.678Z
cmowzrzm0001rqt4wm5n56kzt,Columbia,columbia,,MO,,,cmowzrzmr001tqt4wj77la053,NAIA,American Midwest Conference,https://naiastats.prestosports.com/sports/bsb/2024-25/teams/columbiamo,naiastats.prestosports.com,columbia,false,false,true,0,0,0,0,0,0,0,0,NEEDS_REVIEW,NEEDS_REVIEW,2026-05-08T14:09:56.233Z,2026-05-08T14:20:56.465Z
cmox1gg1n002fqtsgwq02qnch,Columbia State Community College,columbia-state-community-college,,TN,,,cmox1gg2e002hqtsgbycgauxr,NJCAA_D1,Region 7,https://njcaastats.prestosports.com/sports/bsb/2024-25/div1/teams/columbiastatecommunitycollege,njcaastats.prestosports.com,columbia state community,false,false,true,0,0,0,0,0,0,0,0,NEEDS_REVIEW,NEEDS_REVIEW,2026-05-08T14:56:56.891Z,2026-05-08T14:56:56.891Z
cmou7ekoe00e6qtx8h6vtazjr,Columbia University,columbia-university,New York,NY,,,cmou7ekp200e8qtx8qlpcfsh3,NCAA_D1,Ivy League,https://gocolumbialions.com/sports/baseball,gocolumbialions.com,columbia,false,true,true,3,0,0,0,0,0,0,0,NEEDS_REVIEW,NEEDS_REVIEW,2026-05-06T15:20:08.751Z,2026-05-29T16:24:12.784Z
cmox2o12r0019qtbkypzghh8j,Columbia-Greene Community College,columbia-greene-community-college,,NY,,,cmox2o13j001bqtbkz57miqy8,NJCAA_D3,Region 3,https://njcaastats.prestosports.com/sports/bsb/2024-25/div3/teams/columbiagreenecommunitycollege,njcaastats.prestosports.com,columbia greene community,false,false,true,0,0,0,0,0,0,0,0,NEEDS_REVIEW,NEEDS_REVIEW,2026-05-08T15:30:50.355Z,2026-05-08T15:30:50.355Z
cmovlhtef004lqt20d2rdayo5,Columbus State,columbus-state,Columbus,Georgia,,,cmovlhtf5004nqt208gfuml5r,NCAA_D2,Peach Belt,,,columbus state,false,false,false,0,0,0,0,0,0,0,0,NEEDS_REVIEW,NEEDS_REVIEW,2026-05-07T14:42:20.823Z,2026-05-07T15:06:24.546Z
cmox235tc002lqtfk1sxcqpye,Community Christian,community-christian,,MI,,,cmox235u0002nqtfk31kt90cw,NJCAA_D2,Region 12,https://njcaastats.prestosports.com/sports/bsb/2024-25/div2/teams/communitychristianmich,njcaastats.prestosports.com,community christian,false,false,true,0,0,0,0,0,0,0,0,NEEDS_REVIEW,NEEDS_REVIEW,2026-05-08T15:14:36.720Z,2026-05-08T15:14:36.720Z
cmox1gg33002iqtsgotxbo0qh,Community Christian College,community-christian-college,,CA,,,cmox1gg3u002kqtsgrmqelux6,NJCAA_D1,Region 1,https://njcaastats.prestosports.com/sports/bsb/2024-25/div1/teams/communitychristiancollege,njcaastats.prestosports.com,community christian,false,false,true,0,0,0,0,0,0,0,0,NEEDS_REVIEW,NEEDS_REVIEW,2026-05-08T14:56:56.943Z,2026-05-08T14:56:56.943Z
cmox2o14a001cqtbkkjdwv4pc,Community College of Rhode Island,community-college-of-rhode-island,,ND,,,cmox2o152001eqtbkf7i9hi4h,NJCAA_D3,Region 21,https://njcaastats.prestosports.com/sports/bsb/2024-25/div3/teams/communitycollegeofrhodeisland,njcaastats.prestosports.com,community rhode island,false,false,true,0,0,0,0,0,0,0,0,NEEDS_REVIEW,NEEDS_REVIEW,2026-05-08T15:30:50.410Z,2026-05-08T15:30:50.410Z
cmovlhtft004oqt20oarwcrfn,Concord,concord,Athens,West Virginia,,,cmovlhtgk004qqt20av04mzv3,NCAA_D2,MEC,,,concord,false,false,false,0,0,0,0,0,0,0,0,NEEDS_REVIEW,NEEDS_REVIEW,2026-05-07T14:42:20.874Z,2026-05-07T15:06:24.597Z
cmowzrzng001uqt4wid2g788z,Concordia,concordia,,NEB.,,,cmowzrzo6001wqt4wyyjghwwi,NAIA,Great Plains Athletic Conference,https://naiastats.prestosports.com/sports/bsb/2024-25/teams/concordiane,naiastats.prestosports.com,concordia,false,false,true,0,0,0,0,0,0,0,0,NEEDS_REVIEW,NEEDS_REVIEW,2026-05-08T14:09:56.284Z,2026-05-08T14:20:56.564Z
cmovoroal005cqt7gnld3llgt,"Concordia College, Moorhead",concordia-college-moorhead,,MN,,,cmovoroba005eqt7gjoj5c4bu,NCAA_D3,Minnesota Intercollegiate Athletic Conference,https://www.gocobbers.com,gocobbers.com,concordia moorhead,false,false,true,0,0,0,0,0,0,0,0,NEEDS_REVIEW,NEEDS_REVIEW,2026-05-07T16:13:59.613Z,2026-05-07T16:13:59.613Z
cmovorobz005fqt7gqpjdftxm,Concordia University Chicago,concordia-university-chicago,,IL,,,cmovoroco005hqt7gqmsk7xw1,NCAA_D3,Northern Athletics Collegiate Conference,https://www.CUCougars.com,cucougars.com,concordia chicago,false,false,true,0,0,0,0,0,0,0,0,NEEDS_REVIEW,NEEDS_REVIEW,2026-05-07T16:13:59.663Z,2026-05-07T16:13:59.663Z
cmovorode005iqt7gp35d5oj1,Concordia University Texas,concordia-university-texas,,TX,,,cmovoroe3005kqt7gi872hxca,NCAA_D3,Southern Collegiate Athletic Conference,https://athletics.concordia.edu/index.aspx,athletics.concordia.edu,concordia texas,false,false,true,0,0,0,0,0,0,0,0,NEEDS_REVIEW,NEEDS_REVIEW,2026-05-07T16:13:59.714Z,2026-05-07T16:13:59.714Z
cmovoroeu005lqt7gsmf1ua9v,Concordia University Wisconsin,concordia-university-wisconsin,,WI,,,cmovorofj005nqt7gx0rsq1br,NCAA_D3,Northern Athletics Collegiate Conference,https://www.cuwfalcons.com,cuwfalcons.com,concordia wisconsin,false,false,true,0,0,0,0,0,0,0,0,NEEDS_REVIEW,NEEDS_REVIEW,2026-05-07T16:13:59.766Z,2026-05-07T16:13:59.766Z
cmovlhtha004rqt207xq6qx41,Concordia–Irvine,concordia-irvine,Irvine,California,,,cmovlhthx004tqt20pjsj42de,NCAA_D2,PacWest,,,concordia irvine,false,false,false,0,0,0,0,0,0,0,0,NEEDS_REVIEW,NEEDS_REVIEW,2026-05-07T14:42:20.926Z,2026-05-07T15:06:24.649Z
cmovlhtin004uqt20iisuiew2,Concordia–St. Paul,concordia-st-paul,Saint Paul,Minnesota,,,cmovlhtjc004wqt205lx3l9gg,NCAA_D2,NSIC,,,concordia saint paul,false,false,false,0,0,0,0,0,0,0,0,NEEDS_REVIEW,NEEDS_REVIEW,2026-05-07T14:42:20.974Z,2026-05-07T15:06:24.698Z
cmovorog8005oqt7gzs9htl5g,Connecticut College,connecticut-college,,CT,,,cmovorogx005qqt7gq72ku06v,NCAA_D3,New England Small College Athletic Conference,https://camelathletics.com/,camelathletics.com,connecticut,false,false,true,0,0,0,0,0,0,0,0,NEEDS_REVIEW,NEEDS_REVIEW,2026-05-07T16:13:59.816Z,2026-05-07T16:13:59.816Z
cmox1gg4l002lqtsgyq0efnp8,Connors State College,connors-state-college,,OK,,,cmox1gg59002nqtsgnqjrb44f,NJCAA_D1,Region 2,https://njcaastats.prestosports.com/sports/bsb/2024-25/div1/teams/connorsstatecollege,njcaastats.prestosports.com,connors state,false,false,true,0,0,0,0,0,0,0,0,NEEDS_REVIEW,NEEDS_REVIEW,2026-05-08T14:56:56.997Z,2026-05-08T14:56:56.997Z
cmox235us002oqtfk09b6cpem,Copiah-Lincoln Community College,copiah-lincoln-community-college,,MS,,,cmox235vg002qqtfkd62ow7z1,NJCAA_D2,Region 23,https://njcaastats.prestosports.com/sports/bsb/2024-25/div2/teams/copiahlincolncommunitycollege,njcaastats.prestosports.com,copiah lincoln community,false,false,true,0,0,0,0,0,0,0,0,NEEDS_REVIEW,NEEDS_REVIEW,2026-05-08T15:14:36.772Z,2026-05-08T15:14:36.772Z
cmrxrdx7p001yqtx06df9k00j,Coppin State University,coppin-state-university,Baltimore,MD,NCAA_D1,,cmrxrdx7p001zqtx0379bykwu,NCAA_D1,,https://coppinstatesports.com/sports/baseball,coppinstatesports.com,coppin state,true,true,true,0,0,0,0,0,0,0,0,NEEDS_REVIEW,NEEDS_REVIEW,2026-07-23T17:01:56.197Z,2026-07-23T19:55:49.160Z
cmox06561002rqtgc733yszez,Corban,corban,,OR,,,cmox0656r002tqtgcfs8vr0zp,NAIA,Cascade Collegiate Conference,https://naiastats.prestosports.com/sports/bsb/2024-25/teams/corbanor,naiastats.prestosports.com,corban,false,false,true,0,0,0,0,0,0,0,0,NEEDS_REVIEW,NEEDS_REVIEW,2026-05-08T14:20:56.617Z,2026-05-08T14:20:56.617Z
cmovorohm005rqt7gax2yf7dk,Cornell College,cornell-college,,IA,,,cmovoroib005tqt7gx5vdr5db,NCAA_D3,Midwest Conference,https://www.cornellrams.com,cornellrams.com,cornell,false,false,true,0,0,0,0,0,0,0,0,NEEDS_REVIEW,NEEDS_REVIEW,2026-05-07T16:13:59.866Z,2026-05-07T16:13:59.866Z
cmou7ekpr00e9qtx8i7bf3vt3,Cornell University,cornell-university,Ithaca,NY,,,cmou7ekqf00ebqtx86ws3y8rp,NCAA_D1,Ivy League,https://cornellbigred.com/sports/baseball,cornellbigred.com,cornell,false,true,true,3,0,0,0,0,0,0,0,NEEDS_REVIEW,NEEDS_REVIEW,2026-05-06T15:20:08.799Z,2026-05-29T16:24:12.875Z
cmox0657g002uqtgcg017dzgh,Cornerstone,cornerstone,,MI,,,cmox06585002wqtgca5k7ptff,NAIA,Wolverine-Hoosier Athletic Conference,https://naiastats.prestosports.com/sports/bsb/2024-25/teams/cornerstonemi,naiastats.prestosports.com,cornerstone,false,false,true,0,0,0,0,0,0,0,0,NEEDS_REVIEW,NEEDS_REVIEW,2026-05-08T14:20:56.668Z,2026-05-08T14:20:56.668Z
cmox2o15r001fqtbkhc2n30hc,Corning Community College,corning-community-college,,NY,,,cmox2o16h001hqtbk2mwsp8p1,NJCAA_D3,Region 3,https://njcaastats.prestosports.com/sports/bsb/2024-25/div3/teams/corningcommunitycollege,njcaastats.prestosports.com,corning community,false,false,true,0,0,0,0,0,0,0,0,NEEDS_REVIEW,NEEDS_REVIEW,2026-05-08T15:30:50.464Z,2026-05-08T15:30:50.464Z
cmox235w7002rqtfkd8q4an8m,County College of Morris,county-college-of-morris,,NJ,,,cmox235wx002tqtfkj9vj38xo,NJCAA_D2,Region 19,https://njcaastats.prestosports.com/sports/bsb/2024-25/div2/teams/countycollegeofmorris,njcaastats.prestosports.com,county morris,false,false,true,0,0,0,0,0,0,0,0,NEEDS_REVIEW,NEEDS_REVIEW,2026-05-08T15:14:36.823Z,2026-05-08T15:14:36.823Z
cmovoroj0005uqt7g2d0qbayr,Covenant College,covenant-college,,GA,,,cmovorojq005wqt7gc5xxwqfj,NCAA_D3,Collegiate Conference of the South,https://athletics.covenant.edu/,athletics.covenant.edu,covenant,false,false,true,0,0,0,0,0,0,0,0,NEEDS_REVIEW,NEEDS_REVIEW,2026-05-07T16:13:59.917Z,2026-05-07T16:13:59.917Z
cmox1gg5y002oqtsgw42c54te,Cowley County Community College,cowley-county-community-college,,KS,,,cmox1gg6o002qqtsgktc9tq1x,NJCAA_D1,Region 6,https://njcaastats.prestosports.com/sports/bsb/2024-25/div1/teams/cowleycountycommunitycollege,njcaastats.prestosports.com,cowley county community,false,false,true,0,0,0,0,0,0,0,0,NEEDS_REVIEW,NEEDS_REVIEW,2026-05-08T14:56:57.046Z,2026-05-08T14:56:57.046Z
cmou6ba2k00afqticpp034jhc,Creighton University,creighton-university,Omaha,NE,,,cmou6ba3a00ahqtic1dy2e7bu,NCAA_D1,,https://gocreighton.com/sports/baseball,gocreighton.com,creighton,false,true,true,4,0,0,0,0,0,0,0,NEEDS_REVIEW,NEEDS_REVIEW,2026-05-06T14:49:35.420Z,2026-07-23T19:46:13.025Z
cmox1gg7d002rqtsgcljd692c,Crowder College,crowder-college,,MO,,,cmox1gg81002tqtsgxuxxparx,NJCAA_D1,Region 16,https://crowderathletics.com/sports/baseball,crowderathletics.com,crowder,false,false,true,0,0,0,0,0,0,0,0,NEEDS_REVIEW,NEEDS_REVIEW,2026-05-08T14:56:57.097Z,2026-05-08T14:56:57.097Z
cmowzrzqf0020qt4w2rmdzd30,Crowley's Ridge,crowley-s-ridge,,AR,,,cmowzrzr50022qt4wbwnjy4ux,NAIA,American Midwest Conference,https://naiastats.prestosports.com/sports/bsb/2024-25/teams/crowleysridgear,naiastats.prestosports.com,crowley s ridge,false,false,true,0,0,0,0,0,0,0,0,NEEDS_REVIEW,NEEDS_REVIEW,2026-05-08T14:09:56.391Z,2026-05-08T14:20:56.718Z
cmowzrzrv0023qt4wrvj7v2vn,Culver-Stockton,culver-stockton,,MO,,,cmowzrzsm0025qt4w6jcyplq9,NAIA,Heart of America Athletic Conference,https://naiastats.prestosports.com/sports/bsb/2024-25/teams/culverstocktonmo,naiastats.prestosports.com,culver stockton,false,false,true,0,0,0,0,0,0,0,0,NEEDS_REVIEW,NEEDS_REVIEW,2026-05-08T14:09:56.443Z,2026-05-08T14:20:56.766Z
cmox065bi0033qtgcf3sg14rd,Cumberland,cumberland,,TENN.,,,cmox065c60035qtgcui12pyoj,NAIA,Mid-South Conference,https://naiastats.prestosports.com/sports/bsb/2024-25/teams/cumberlandtn,naiastats.prestosports.com,cumberland,false,false,true,0,0,0,0,0,0,0,0,NEEDS_REVIEW,NEEDS_REVIEW,2026-05-08T14:20:56.815Z,2026-05-08T14:20:56.815Z
cmox065cu0036qtgcta2s6lf3,Cumberlands,cumberlands,,KY.,,,cmox065dh0038qtgcmrbv8j83,NAIA,Mid-South Conference,https://naiastats.prestosports.com/sports/bsb/2024-25/teams/cumberlandsky,naiastats.prestosports.com,cumberlands,false,false,true,0,0,0,0,0,0,0,0,NEEDS_REVIEW,NEEDS_REVIEW,2026-05-08T14:20:56.862Z,2026-05-08T14:20:56.862Z
cmovorokf005xqt7g09qab5qz,Curry College,curry-college,,MA,,,cmovorol4005zqt7g4y8hfqny,NCAA_D3,Conference of New England,https://www.curryathletics.com,curryathletics.com,curry,false,false,true,0,0,0,0,0,0,0,0,NEEDS_REVIEW,NEEDS_REVIEW,2026-05-07T16:13:59.967Z,2026-05-07T16:13:59.967Z
cmox235xm002uqtfk3u1hzfav,Cuyahoga Community College,cuyahoga-community-college,,OH,,,cmox235yb002wqtfkpkzz6575,NJCAA_D2,Region 12,https://njcaastats.prestosports.com/sports/bsb/2024-25/div2/teams/cuyahogacommunitycollege,njcaastats.prestosports.com,cuyahoga community,false,false,true,0,0,0,0,0,0,0,0,NEEDS_REVIEW,NEEDS_REVIEW,2026-05-08T15:14:36.874Z,2026-05-08T15:14:36.874Z
cmovlhtu5005iqt208htjif5p,D'Youville,d-youville,Buffalo,New York,,,cmovlhtuw005kqt20lr9tjani,NCAA_D2,ECC,,,d youville,false,false,false,0,0,0,0,0,0,0,0,NEEDS_REVIEW,NEEDS_REVIEW,2026-05-07T14:42:21.389Z,2026-05-07T15:06:25.102Z
cmox235z0002xqtfki3pn4ocq,Dakota College at Bottineau,dakota-college-at-bottineau,,ND,,,cmox235zq002zqtfkdydp04ic,NJCAA_D2,Region 13,https://njcaastats.prestosports.com/sports/bsb/2024-25/div2/teams/dakotacollegeatbottineau,njcaastats.prestosports.com,dakota bottineau,false,false,true,0,0,0,0,0,0,0,0,NEEDS_REVIEW,NEEDS_REVIEW,2026-05-08T15:14:36.924Z,2026-05-08T15:14:36.924Z
cmox2360h0030qtfkmgkq6t1s,Dakota County Technical College,dakota-county-technical-college,,MN,,,cmox2361c0032qtfkjbij6z4y,NJCAA_D2,Region 13,https://njcaastats.prestosports.com/sports/bsb/2024-25/div2/teams/dakotacountytechnicalcollege,njcaastats.prestosports.com,dakota county technical,false,false,true,0,0,0,0,0,0,0,0,NEEDS_REVIEW,NEEDS_REVIEW,2026-05-08T15:14:36.977Z,2026-05-08T15:14:36.977Z
cmowzrztc0026qt4w837yizhj,Dakota State,dakota-state,,SD,,,cmowzrzu30028qt4w2si3pdp9,NAIA,North Star Athletic Association,https://naiastats.prestosports.com/sports/bsb/2024-25/teams/dakotastatesd,naiastats.prestosports.com,dakota state,false,false,true,0,0,0,0,0,0,0,0,NEEDS_REVIEW,NEEDS_REVIEW,2026-05-08T14:09:56.496Z,2026-05-08T14:20:56.912Z
cmowzrzus0029qt4w9fs1lx8o,Dakota Wesleyan,dakota-wesleyan,,SD,,,cmowzrzvj002bqt4w4tzcoofk,NAIA,Great Plains Athletic Conference,https://naiastats.prestosports.com/sports/bsb/2024-25/teams/dakotawesleyansd,naiastats.prestosports.com,dakota wesleyan,false,false,true,0,0,0,0,0,0,0,0,NEEDS_REVIEW,NEEDS_REVIEW,2026-05-08T14:09:56.549Z,2026-05-08T14:20:56.960Z
cmou3xrou007fqt5sv5iwwby9,Dallas Baptist University,dallas-baptist-university,Dallas,TX,,,cmou3xrph007hqt5sgsdjmkeg,NCAA_D1,Conference USA,https://dbupatriots.com/sports/baseball,dbupatriots.com,dallas baptist,false,true,true,0,0,0,0,0,0,0,0,NEEDS_REVIEW,UNVERIFIED,2026-05-06T13:43:05.839Z,2026-05-06T17:26:13.822Z
cmox2o178001iqtbkmn51skku,Dallas College Brookhaven,dallas-college-brookhaven,,TX,,,cmox2o17x001kqtbku8ojodfb,NJCAA_D3,Region 5,https://njcaastats.prestosports.com/sports/bsb/2024-25/div3/teams/dallascollegebrookhaven,njcaastats.prestosports.com,dallas brookhaven,false,false,true,0,0,0,0,0,0,0,0,NEEDS_REVIEW,NEEDS_REVIEW,2026-05-08T15:30:50.515Z,2026-05-08T15:30:50.515Z
cmox2o18n001lqtbkdqz5y4sf,Dallas College Cedar Valley,dallas-college-cedar-valley,,TX,,,cmox2o19e001nqtbk5mrquac3,NJCAA_D3,Region 5,https://njcaastats.prestosports.com/sports/bsb/2024-25/div3/teams/dallascollegecedarvalley,njcaastats.prestosports.com,dallas cedar valley,false,false,true,0,0,0,0,0,0,0,0,NEEDS_REVIEW,NEEDS_REVIEW,2026-05-08T15:30:50.567Z,2026-05-08T15:30:50.567Z
cmox2o1a4001oqtbkboswlf6h,Dallas College Eastfield,dallas-college-eastfield,,TX,,,cmox2o1at001qqtbk4lpr8yh9,NJCAA_D3,Region 5,https://njcaastats.prestosports.com/sports/bsb/2024-25/div3/teams/dallascollegeeastfield,njcaastats.prestosports.com,dallas eastfield,false,false,true,0,0,0,0,0,0,0,0,NEEDS_REVIEW,NEEDS_REVIEW,2026-05-08T15:30:50.620Z,2026-05-08T15:30:50.620Z
cmox2o1bi001rqtbkyxbhum73,Dallas College Mountain View,dallas-college-mountain-view,,TX,,,cmox2o1c7001tqtbked25ot8v,NJCAA_D3,Region 5,https://njcaastats.prestosports.com/sports/bsb/2024-25/div3/teams/dallascollegemountainview,njcaastats.prestosports.com,dallas mountain view,false,false,true,0,0,0,0,0,0,0,0,NEEDS_REVIEW,NEEDS_REVIEW,2026-05-08T15:30:50.670Z,2026-05-08T15:30:50.670Z
cmox2o1cx001uqtbkqil4dnpw,Dallas College North Lake,dallas-college-north-lake,,TX,,,cmox2o1dm001wqtbk5a8ra4je,NJCAA_D3,Region 5,https://njcaastats.prestosports.com/sports/bsb/2024-25/div3/teams/dallascollegenorthlake,njcaastats.prestosports.com,dallas north lake,false,false,true,0,0,0,0,0,0,0,0,NEEDS_REVIEW,NEEDS_REVIEW,2026-05-08T15:30:50.721Z,2026-05-08T15:30:50.721Z
cmox2o1ec001xqtbkg5cf6frm,Dallas College Richland,dallas-college-richland,,ND,,,cmox2o1f2001zqtbk4w2wvbhe,NJCAA_D3,Region 5,https://njcaastats.prestosports.com/sports/bsb/2024-25/div3/teams/dallascollegerichland,njcaastats.prestosports.com,dallas richland,false,false,true,0,0,0,0,0,0,0,0,NEEDS_REVIEW,NEEDS_REVIEW,2026-05-08T15:30:50.773Z,2026-05-08T15:30:50.773Z
cmox2362f0033qtfkvssb61xl,Danville Area Community College,danville-area-community-college,,IL,,,cmox236330035qtfkkh134v9o,NJCAA_D2,Region 24,https://njcaastats.prestosports.com/sports/bsb/2024-25/div2/teams/danvilleareacommunitycollege,njcaastats.prestosports.com,danville area community,false,false,true,0,0,0,0,0,0,0,0,NEEDS_REVIEW,NEEDS_REVIEW,2026-05-08T15:14:37.047Z,2026-05-08T15:14:37.047Z
cmou7ekr400ecqtx87gfarbw6,Dartmouth College,dartmouth-college,Hanover,NH,,,cmou7ekrs00eeqtx85mv4aiw4,NCAA_D1,Ivy League,https://dartmouthsports.com/sports/baseball,dartmouthsports.com,dartmouth,false,true,true,4,0,0,0,0,0,0,0,NEEDS_REVIEW,NEEDS_REVIEW,2026-05-06T15:20:08.848Z,2026-05-29T16:24:12.968Z
cmovlhtmw0053qt20ujv1xnom,Davenport,davenport,Grand Rapids,Michigan,,,cmovlhtnl0055qt201ez609k2,NCAA_D2,GLIAC,,,davenport,false,false,false,0,0,0,0,0,0,0,0,NEEDS_REVIEW,NEEDS_REVIEW,2026-05-07T14:42:21.128Z,2026-05-07T15:06:24.849Z
cmou65q5g008fqt1ovrpzk161,Davidson College,davidson-college,Davidson,NC,,,cmou65q68008hqt1on0mn17uq,NCAA_D1,,https://davidsonwildcats.com/sports/baseball,davidsonwildcats.com,davidson,false,true,true,4,0,0,0,0,0,0,0,NEEDS_REVIEW,NEEDS_REVIEW,2026-05-06T14:45:16.324Z,2026-07-23T19:46:10.896Z
cmovlhtoc0056qt203tszpq3e,Davis & Elkins,davis-and-elkins,Elkins,West Virginia,,,cmovlhtp40058qt200qahqum0,NCAA_D2,MEC,,,davis and elkins,false,false,false,0,0,0,0,0,0,0,0,NEEDS_REVIEW,NEEDS_REVIEW,2026-05-07T14:42:21.180Z,2026-05-07T15:06:24.902Z
cmox2363r0036qtfkaf6r4wsy,Dawson Community College,dawson-community-college,,MT,,,cmox2364h0038qtfkylntqb5m,NJCAA_D2,Region 13,https://njcaastats.prestosports.com/sports/bsb/2024-25/div2/teams/dawsoncommunitycollege,njcaastats.prestosports.com,dawson community,false,false,true,0,0,0,0,0,0,0,0,NEEDS_REVIEW,NEEDS_REVIEW,2026-05-08T15:14:37.096Z,2026-05-08T15:14:37.096Z
cmox1gg8t002uqtsgyoabv9e7,Daytona State College,daytona-state-college,,FL,,,cmox1gg9g002wqtsglfii21mc,NJCAA_D1,Region 8,https://njcaastats.prestosports.com/sports/bsb/2024-25/div1/teams/daytonastatecollege,njcaastats.prestosports.com,daytona state,false,false,true,0,0,0,0,0,0,0,0,NEEDS_REVIEW,NEEDS_REVIEW,2026-05-08T14:56:57.149Z,2026-05-08T14:56:57.149Z
cmou6ba3z00aiqtickyd02vni,DePaul University,depaul-university,Chicago,IL,,,,,,,depaul.edu,depaul,false,false,false,0,0,0,0,0,0,0,0,NEEDS_REVIEW,,2026-05-06T14:49:35.471Z,2026-07-23T19:46:13.115Z
cmovorop40066qt7gtab70dse,DePauw University,depauw-university,,IN,,,cmovoropu0068qt7g4zcke7y6,NCAA_D3,North Coast Athletic Conference,https://depauwtigers.com/landing/index,depauwtigers.com,depauw,false,false,true,0,0,0,0,0,0,0,0,NEEDS_REVIEW,NEEDS_REVIEW,2026-05-07T16:14:00.136Z,2026-05-07T16:14:00.136Z
cmovoroqk0069qt7gmpdts45s,DeSales University,desales-university,,PA,,,cmovorora006bqt7g8gltz2rn,NCAA_D3,Middle Atlantic Conferences,https://athletics.desales.edu,athletics.desales.edu,desales,false,false,true,0,0,0,0,0,0,0,0,NEEDS_REVIEW,NEEDS_REVIEW,2026-05-07T16:14:00.189Z,2026-05-07T16:14:00.189Z
cmovorolt0060qt7g72lbm0hx,Dean College,dean-college,,MA,,,cmovoromi0062qt7g47ftny3a,NCAA_D3,Great Northeast Athletic Conference,https://www.deanbulldogs.com/landing/index,deanbulldogs.com,dean,false,false,true,0,0,0,0,0,0,0,0,NEEDS_REVIEW,NEEDS_REVIEW,2026-05-07T16:14:00.018Z,2026-05-07T16:14:00.018Z
cmowzrzw9002cqt4wnsx4sgpq,Defiance College,defiance-college,,OH,,,cmowzrzx0002eqt4wnsddethr,NAIA,Wolverine-Hoosier Athletic Conference,https://naiastats.prestosports.com/sports/bsb/2024-25/teams/defiancecollegeoh,naiastats.prestosports.com,defiance,false,false,true,0,0,0,0,0,0,0,0,NEEDS_REVIEW,NEEDS_REVIEW,2026-05-08T14:09:56.602Z,2026-05-08T14:20:57.007Z
cmox2o1ft0020qtbkwgvp79gu,Delaware County Community College,delaware-county-community-college,,PA,,,cmox2o1gj0022qtbkwnqe4ub7,NJCAA_D3,Region 19,https://njcaastats.prestosports.com/sports/bsb/2024-25/div3/teams/delawarecountycommunitycollege,njcaastats.prestosports.com,delaware county community,false,false,true,0,0,0,0,0,0,0,0,NEEDS_REVIEW,NEEDS_REVIEW,2026-05-08T15:30:50.825Z,2026-05-08T15:30:50.825Z
cmou7v13900goqtfg05v8bfsa,Delaware State University,delaware-state-university,Dover,DE,,,cmou7v14000gqqtfg74wzxd9d,NCAA_D1,MEAC,https://dsuhornets.com/sports/baseball,dsuhornets.com,delaware state,false,true,true,1,0,0,0,0,0,0,0,NEEDS_REVIEW,UNVERIFIED,2026-05-06T15:32:56.517Z,2026-05-06T17:26:16.330Z
cmox236580039qtfk79pauoa6,Delaware Technical Community College,delaware-technical-community-college,,DE,,,cmox2365x003bqtfkhtvcsi4d,NJCAA_D2,Region 19,https://njcaastats.prestosports.com/sports/bsb/2024-25/div2/teams/delawaretechnicalcommunitycollege,njcaastats.prestosports.com,delaware technical community,false,false,true,0,0,0,0,0,0,0,0,NEEDS_REVIEW,NEEDS_REVIEW,2026-05-08T15:14:37.148Z,2026-05-08T15:14:37.148Z
cmox1gga3002xqtsgnsdkdx19,Delgado Community College,delgado-community-college,,LA,,,cmox1ggaq002zqtsg4cqvagia,NJCAA_D1,Region 23,https://njcaastats.prestosports.com/sports/bsb/2024-25/div1/teams/delgadocommunitycollege,njcaastats.prestosports.com,delgado community,false,false,true,0,0,0,0,0,0,0,0,NEEDS_REVIEW,NEEDS_REVIEW,2026-05-08T14:56:57.195Z,2026-05-08T14:56:57.195Z
cmox2o1h80023qtbkgkrhwidh,Delta College,delta-college,,MI,,,cmox2o1i00025qtbk5xn14rvn,NJCAA_D3,Region 12,https://njcaastats.prestosports.com/sports/bsb/2024-25/div3/teams/deltacollege,njcaastats.prestosports.com,delta,false,false,true,0,0,0,0,0,0,0,0,NEEDS_REVIEW,NEEDS_REVIEW,2026-05-08T15:30:50.877Z,2026-05-08T15:30:50.877Z
cmovlhtpu0059qt201h0r10wp,Delta State,delta-state,Cleveland,Mississippi,,,cmovlhtqj005bqt204z2ifhgc,NCAA_D2,Gulf South,,,delta state,false,false,false,0,0,0,0,0,0,0,0,NEEDS_REVIEW,NEEDS_REVIEW,2026-05-07T14:42:21.234Z,2026-05-07T15:06:24.952Z
cmovorond0063qt7gfawgusgd,Denison University,denison-university,,OH,,,cmovoroo80065qt7gtp4hwf2k,NCAA_D3,North Coast Athletic Conference,https://www.denisonbigred.com,denisonbigred.com,denison,false,false,true,0,0,0,0,0,0,0,0,NEEDS_REVIEW,NEEDS_REVIEW,2026-05-07T16:14:00.073Z,2026-05-07T16:14:00.073Z
cmox2366l003cqtfklwsmq2cv,Des Moines Area Community College,des-moines-area-community-college,,IA,,,cmox2367b003eqtfkl6uw39d2,NJCAA_D2,Region 11,https://njcaastats.prestosports.com/sports/bsb/2024-25/div2/teams/desmoinesareacommunitycollege,njcaastats.prestosports.com,des moines area community,false,false,true,0,0,0,0,0,0,0,0,NEEDS_REVIEW,NEEDS_REVIEW,2026-05-08T15:14:37.197Z,2026-05-08T15:14:37.197Z
cmovoros1006cqt7g6p61fhnr,Dickinson College,dickinson-college,,PA,,,cmovorosr006eqt7gn7a03x10,NCAA_D3,Centennial Conference,https://www.dickinsonathletics.com,dickinsonathletics.com,dickinson,false,false,true,0,0,0,0,0,0,0,0,NEEDS_REVIEW,NEEDS_REVIEW,2026-05-07T16:14:00.242Z,2026-05-07T16:14:00.242Z
cmowzrzxr002fqt4wstnzqq2z,Dickinson State,dickinson-state,,ND,,,cmowzrzyp002hqt4w4892whe7,NAIA,North Star Athletic Association,https://naiastats.prestosports.com/sports/bsb/2024-25/teams/dickinsonstatend,naiastats.prestosports.com,dickinson state,false,false,true,0,0,0,0,0,0,0,0,NEEDS_REVIEW,NEEDS_REVIEW,2026-05-08T14:09:56.656Z,2026-05-08T14:20:57.054Z
cmowzrzzj002iqt4wjp7qml4q,Dillard,dillard,,LA.,,,cmowzs00a002kqt4w2wta5bkm,NAIA,HBCU Athletic Conference,https://naiastats.prestosports.com/sports/bsb/2024-25/teams/dillardla,naiastats.prestosports.com,dillard,false,false,true,0,0,0,0,0,0,0,0,NEEDS_REVIEW,NEEDS_REVIEW,2026-05-08T14:09:56.719Z,2026-05-08T14:20:57.102Z
cmowzs014002lqt4wj1mlkru4,Doane,doane,,NE,,,cmowzs01x002nqt4w8ohvbuqf,NAIA,Great Plains Athletic Conference,https://naiastats.prestosports.com/sports/bsb/2024-25/teams/doanene,naiastats.prestosports.com,doane,false,false,true,0,0,0,0,0,0,0,0,NEEDS_REVIEW,NEEDS_REVIEW,2026-05-08T14:09:56.776Z,2026-05-08T14:20:57.148Z
cmox1ggbg0030qtsgkd44qs0p,Dodge City Community College,dodge-city-community-college,,KS,,,cmox1ggc70032qtsggu2l5hgu,NJCAA_D1,Region 6,https://njcaastats.prestosports.com/sports/bsb/2024-25/div1/teams/dodgecitycommunitycollege,njcaastats.prestosports.com,dodge city community,false,false,true,0,0,0,0,0,0,0,0,NEEDS_REVIEW,NEEDS_REVIEW,2026-05-08T14:56:57.245Z,2026-05-08T14:56:57.245Z
cmovlhtr8005cqt20ld2c1q5y,Dominican (NY),dominican-ny,Orangeburg,New York,,,cmovlhtry005eqt20nk7kelco,NCAA_D2,CACC,,,dominican ny,false,false,false,0,0,0,0,0,0,0,0,NEEDS_REVIEW,NEEDS_REVIEW,2026-05-07T14:42:21.284Z,2026-05-07T15:06:25.001Z
cmovoroth006fqt7gzdh22lpq,Dominican University (Illinois),dominican-university-illinois,,IL,,,cmovorou8006hqt7gxt9l6mw9,NCAA_D3,Northern Athletics Collegiate Conference,https://www.dustars.com,dustars.com,dominican illinois,false,false,true,0,0,0,0,0,0,0,0,NEEDS_REVIEW,NEEDS_REVIEW,2026-05-07T16:14:00.293Z,2026-05-07T16:14:00.293Z
cmowzs02p002oqt4w5u5siqo9,Dordt,dordt,,IA,,,cmowzs03g002qqt4w6h2wkj42,NAIA,Great Plains Athletic Conference,https://naiastats.prestosports.com/sports/bsb/2024-25/teams/dordtia,naiastats.prestosports.com,dordt,false,false,true,0,0,0,0,0,0,0,0,NEEDS_REVIEW,NEEDS_REVIEW,2026-05-08T14:09:56.833Z,2026-05-08T14:20:57.196Z
cmovoroux006iqt7glucxsep4,Drew University,drew-university,,NJ,,,cmovorovp006kqt7gnfgxqkod,NCAA_D3,Landmark Conference,https://www.drewrangers.com,drewrangers.com,drew,false,false,true,0,0,0,0,0,0,0,0,NEEDS_REVIEW,NEEDS_REVIEW,2026-05-07T16:14:00.345Z,2026-05-07T16:14:00.345Z
cmovlhtso005fqt20ogvclawh,Drury,drury,Springfield,Missouri,,,cmovlhtte005hqt20mvie9pfm,NCAA_D2,GLVC,,,drury,false,false,false,0,0,0,0,0,0,0,0,NEEDS_REVIEW,NEEDS_REVIEW,2026-05-07T14:42:21.336Z,2026-05-07T15:06:25.052Z
cmoriruy1000lqtm0hg80trqj,Duke University,duke-university,Durham,NC,,,cmoriruyp000nqtm0g4gkgqwd,NCAA_D1,,https://goduke.com/sports/baseball,goduke.com,duke,false,true,true,5,0,0,0,0,0,0,0,NEEDS_REVIEW,NEEDS_REVIEW,2026-05-04T18:15:05.833Z,2026-07-23T19:46:07.832Z
cmox2o1iv0026qtbk20oox5ke,Dutchess Community College,dutchess-community-college,,NY,,,cmox2o1jn0028qtbkk2x2tlt2,NJCAA_D3,Region 15,https://njcaastats.prestosports.com/sports/bsb/2024-25/div3/teams/dutchesscommunitycollege,njcaastats.prestosports.com,dutchess community,false,false,true,0,0,0,0,0,0,0,0,NEEDS_REVIEW,NEEDS_REVIEW,2026-05-08T15:30:50.935Z,2026-05-08T15:30:50.935Z
cmox1ggcw0033qtsgry6iilxh,Dyersburg State Community College,dyersburg-state-community-college,,TN,,,cmox1ggdo0035qtsgm3qx9pi0,NJCAA_D1,Region 7,https://njcaastats.prestosports.com/sports/bsb/2024-25/div1/teams/dyersburgstatecommunitycollege,njcaastats.prestosports.com,dyersburg state community,false,false,true,0,0,0,0,0,0,0,0,NEEDS_REVIEW,NEEDS_REVIEW,2026-05-08T14:56:57.296Z,2026-05-08T14:56:57.296Z
cmovorowg006lqt7gvy1t0vqc,Earlham College,earlham-college,,IN,,,cmovorox7006nqt7g8n3hd0jn,NCAA_D3,Heartland Collegiate Athletic Conference,https://www.goearlham.com,goearlham.com,earlham,false,false,true,0,0,0,0,0,0,0,0,NEEDS_REVIEW,NEEDS_REVIEW,2026-05-07T16:14:00.400Z,2026-05-07T16:14:00.400Z
cmoriruzd000oqtm0np271cox,East Carolina University,east-carolina-university,Greenville,NC,,,cmorirv02000qqtm0792m94ry,NCAA_D1,,https://ecupirates.com/sports/baseball,ecupirates.com,east carolina,false,true,true,3,0,0,0,0,0,0,0,NEEDS_REVIEW,NEEDS_REVIEW,2026-05-04T18:15:05.882Z,2026-07-23T19:46:06.081Z
cmovlhtvl005lqt20ku4n4ff4,East Central,east-central,Ada,Oklahoma,,,cmovlhtwb005nqt20z8yml3kf,NCAA_D2,GAC,,,east central,false,false,false,0,0,0,0,0,0,0,0,NEEDS_REVIEW,NEEDS_REVIEW,2026-05-07T14:42:21.442Z,2026-05-07T15:06:25.152Z
cmox23683003fqtfkyhppeagg,East Central College,east-central-college,,MO,,,cmox2368t003hqtfk7fi22h6j,NJCAA_D2,Region 16,https://njcaastats.prestosports.com/sports/bsb/2024-25/div2/teams/eastcentralcollege,njcaastats.prestosports.com,east central,false,false,true,0,0,0,0,0,0,0,0,NEEDS_REVIEW,NEEDS_REVIEW,2026-05-08T15:14:37.251Z,2026-05-08T15:14:37.251Z
cmox2369i003iqtfki4kmid3s,East Central Community College,east-central-community-college,,MS,,,cmox236ak003kqtfk3j2ad41i,NJCAA_D2,Region 23,https://njcaastats.prestosports.com/sports/bsb/2024-25/div2/teams/eastcentralcommunitycollege,njcaastats.prestosports.com,east central community,false,false,true,0,0,0,0,0,0,0,0,NEEDS_REVIEW,NEEDS_REVIEW,2026-05-08T15:14:37.302Z,2026-05-08T15:14:37.302Z
cmox1ggec0036qtsgc1zh6eat,East Georgia College,east-georgia-college,,GA,,,cmox1ggf20038qtsgueznsf5i,NJCAA_D1,Region 17,https://njcaastats.prestosports.com/sports/bsb/2024-25/div1/teams/eastgeorgiacollege,njcaastats.prestosports.com,east georgia,false,false,true,0,0,0,0,0,0,0,0,NEEDS_REVIEW,NEEDS_REVIEW,2026-05-08T14:56:57.349Z,2026-05-08T14:56:57.349Z
cmox236bb003lqtfk4mbc0epk,East Mississippi Community College,east-mississippi-community-college,,MS,,,cmox236c0003nqtfksbudbrq5,NJCAA_D2,Region 23,https://njcaastats.prestosports.com/sports/bsb/2024-25/div2/teams/eastmississippicommunitycollege,njcaastats.prestosports.com,east mississippi community,false,false,true,0,0,0,0,0,0,0,0,NEEDS_REVIEW,NEEDS_REVIEW,2026-05-08T15:14:37.367Z,2026-05-08T15:14:37.367Z
cmovlhtwz005oqt20z0svk0a9,East Stroudsburg,east-stroudsburg,East Stroudsburg,Pennsylvania,,,cmovlhtxp005qqt20x0ljbnuz,NCAA_D2,PSAC,,,east stroudsburg,false,false,false,0,0,0,0,0,0,0,0,NEEDS_REVIEW,NEEDS_REVIEW,2026-05-07T14:42:21.491Z,2026-05-07T15:06:25.205Z
cmorirvhn001oqtm0h339uelq,East Tennessee State University,east-tennessee-state-university,Johnson City,TN,,,cmorirvid001qqtm07p0bazmo,NCAA_D1,SoCon,https://etsubucs.com/sports/baseball,etsubucs.com,east tennessee state,false,true,true,3,0,0,0,0,0,0,0,NEEDS_REVIEW,UNVERIFIED,2026-05-04T18:15:06.540Z,2026-05-06T17:26:18.987Z
cmou87s0o00llqt8obrn2et5p,East Texas A&M University,east-texas-am-university,Commerce,TX,,,,,,,tamuc.edu,east texas a and m,false,false,false,0,0,0,0,0,0,0,0,NEEDS_REVIEW,,2026-05-06T15:42:51.288Z,2026-05-06T17:26:19.343Z
cmovoroxx006oqt7gec8l92vr,East Texas Baptist University,east-texas-baptist-university,,TX,,,cmovoroym006qqt7geu3zavvw,NCAA_D3,American Southwest Conference,https://www.goetbutigers.com,goetbutigers.com,east texas baptist,false,false,true,0,0,0,0,0,0,0,0,NEEDS_REVIEW,NEEDS_REVIEW,2026-05-07T16:14:00.453Z,2026-05-29T16:24:18.199Z
cmox1ggfq0039qtsg3gztbswe,Eastern Arizona College,eastern-arizona-college,,AZ,,,cmox1gggf003bqtsg5ozowzdn,NJCAA_D1,Region 1,https://njcaastats.prestosports.com/sports/bsb/2024-25/div1/teams/easternarizonacollege,njcaastats.prestosports.com,eastern arizona,false,false,true,0,0,0,0,0,0,0,0,NEEDS_REVIEW,NEEDS_REVIEW,2026-05-08T14:56:57.398Z,2026-05-08T14:56:57.398Z
cmovorozd006rqt7g88eq6y5l,Eastern Connecticut State University,eastern-connecticut-state-university,,CT,,,cmovorp02006tqt7g5qvbt5b2,NCAA_D3,Little East Conference,https://gowarriorathletics.com,gowarriorathletics.com,eastern connecticut state,false,false,true,0,0,0,0,0,0,0,0,NEEDS_REVIEW,NEEDS_REVIEW,2026-05-07T16:14:00.505Z,2026-05-07T16:14:00.505Z
cmox1ggh4003cqtsg8arxhmsm,Eastern Florida State College,eastern-florida-state-college,,FL,,,cmox1gght003eqtsgfm063z6o,NJCAA_D1,Region 8,https://njcaastats.prestosports.com/sports/bsb/2024-25/div1/teams/easternfloridastatecollege,njcaastats.prestosports.com,eastern florida state,false,false,true,0,0,0,0,0,0,0,0,NEEDS_REVIEW,NEEDS_REVIEW,2026-05-08T14:56:57.448Z,2026-05-08T14:56:57.448Z
cmou8250s00joqtfonibp33ex,Eastern Illinois University,eastern-illinois-university,Charleston,IL,,,cmou8251i00jqqtforluc833g,NCAA_D1,Ohio Valley,https://eiupanthers.com/sports/baseball,eiupanthers.com,eastern illinois,false,true,true,4,0,0,0,0,0,0,0,NEEDS_REVIEW,UNVERIFIED,2026-05-06T15:38:28.204Z,2026-05-06T17:26:18.171Z
cmou6929i009lqt1gqrj949vt,Eastern Kentucky University,eastern-kentucky-university,Richmond,KY,,,cmou692a7009nqt1gx1fvng63,NCAA_D1,,https://ekusports.com/sports/baseball,ekusports.com,eastern kentucky,false,true,true,4,0,0,0,0,0,0,0,NEEDS_REVIEW,NEEDS_REVIEW,2026-05-06T14:47:51.990Z,2026-07-23T19:46:10.039Z
cmovorp0t006uqt7go9kk7utz,Eastern Mennonite University,eastern-mennonite-university,,VA,,,cmovorp1j006wqt7grdq5zsrn,NCAA_D3,Old Dominion Athletic Conf.,https://www.emuroyals.com,emuroyals.com,eastern mennonite,false,false,true,0,0,0,0,0,0,0,0,NEEDS_REVIEW,NEEDS_REVIEW,2026-05-07T16:14:00.557Z,2026-05-07T16:14:00.557Z
cmou7skj100g0qtagj06bdvsw,Eastern Michigan University,eastern-michigan-university,Ypsilanti,MI,,,cmou7skju00g2qtagvnch2szo,NCAA_D1,MAC,https://emueagles.com/sports/baseball,emueagles.com,eastern michigan,false,true,true,5,0,0,0,0,0,0,0,NEEDS_REVIEW,NEEDS_REVIEW,2026-05-06T15:31:01.741Z,2026-05-29T16:24:14.779Z
cmovlhtye005rqt207s51bh24,Eastern New Mexico,eastern-new-mexico,Portales,New Mexico,,,cmovlhtz3005tqt20s3m2dlzi,NCAA_D2,Lone Star,,,eastern new mexico,false,false,false,0,0,0,0,0,0,0,0,NEEDS_REVIEW,NEEDS_REVIEW,2026-05-07T14:42:21.542Z,2026-05-07T15:06:25.255Z
cmox1ggii003fqtsgde85zy4y,Eastern Oklahoma State College,eastern-oklahoma-state-college,,OK,,,cmox1ggj7003hqtsghqgfoki0,NJCAA_D1,Region 2,https://njcaastats.prestosports.com/sports/bsb/2024-25/div1/teams/easternoklahomastatecollege,njcaastats.prestosports.com,eastern oklahoma state,false,false,true,0,0,0,0,0,0,0,0,NEEDS_REVIEW,NEEDS_REVIEW,2026-05-08T14:56:57.498Z,2026-05-08T14:56:57.498Z
cmox065nf003uqtgc8c0fmcjy,Eastern Oregon,eastern-oregon,,OR,,,cmox065o3003wqtgc37wh60xc,NAIA,Cascade Collegiate Conference,https://naiastats.prestosports.com/sports/bsb/2024-25/teams/easternoregon,naiastats.prestosports.com,eastern oregon,false,false,true,0,0,0,0,0,0,0,0,NEEDS_REVIEW,NEEDS_REVIEW,2026-05-08T14:20:57.244Z,2026-05-08T14:20:57.244Z
cmovorp29006xqt7gbgdfg0ft,Eastern University,eastern-university,,PA,,,cmovorp2z006zqt7gfoc97yfk,NCAA_D3,Middle Atlantic Conferences,https://www.goeasterneagles.com,goeasterneagles.com,eastern,false,false,true,0,0,0,0,0,0,0,0,NEEDS_REVIEW,NEEDS_REVIEW,2026-05-07T16:14:00.610Z,2026-05-07T16:14:00.610Z
cmovlhtzr005uqt203t7f7leu,Eckerd,eckerd,St. Petersburg,Florida,,,cmovlhu0i005wqt20b2um4n7c,NCAA_D2,SSC,,,eckerd,false,false,false,0,0,0,0,0,0,0,0,NEEDS_REVIEW,NEEDS_REVIEW,2026-05-07T14:42:21.591Z,2026-05-07T15:06:25.305Z
cmovorp3s0070qt7gcekls39e,Edgewood University,edgewood-university,,WI,,,cmovorp4h0072qt7gq8iuss1h,NCAA_D3,Northern Athletics Collegiate Conference,https://www.EdgewoodEagles.com,edgewoodeagles.com,edgewood,false,false,true,0,0,0,0,0,0,0,0,NEEDS_REVIEW,NEEDS_REVIEW,2026-05-07T16:14:00.663Z,2026-05-07T16:14:00.663Z
cmox236cq003oqtfk1m5g3msi,Edison State,edison-state,,OH,,,cmox236de003qqtfk65agkxok,NJCAA_D2,Region 12,https://njcaastats.prestosports.com/sports/bsb/2024-25/div2/teams/edisonstate,njcaastats.prestosports.com,edison state,false,false,true,0,0,0,0,0,0,0,0,NEEDS_REVIEW,NEEDS_REVIEW,2026-05-08T15:14:37.418Z,2026-05-08T15:14:37.418Z
cmovlhu17005xqt2063ojrtma,Edward Waters,edward-waters,Jacksonville,Florida,,,cmovlhu1y005zqt202xox8rsx,NCAA_D2,SIAC,,,edward waters,false,false,false,0,0,0,0,0,0,0,0,NEEDS_REVIEW,NEEDS_REVIEW,2026-05-07T14:42:21.643Z,2026-05-07T15:06:25.360Z
cmox1ggjv003iqtsgin1vp932,El Paso Community College,el-paso-community-college,,TX,,,cmox1ggki003kqtsgdpo1hpm6,NJCAA_D1,Region 5,https://njcaastats.prestosports.com/sports/bsb/2024-25/div1/teams/elpasocommunitycollege,njcaastats.prestosports.com,el paso community,false,false,true,0,0,0,0,0,0,0,0,NEEDS_REVIEW,NEEDS_REVIEW,2026-05-08T14:56:57.548Z,2026-05-08T14:56:57.548Z
cmox236e6003rqtfkqnofz1qu,Elgin Community College,elgin-community-college,,IL,,,cmox236eu003tqtfkslmtewem,NJCAA_D2,Region 4,https://njcaastats.prestosports.com/sports/bsb/2024-25/div2/teams/elgincommunitycollege,njcaastats.prestosports.com,elgin community,false,false,true,0,0,0,0,0,0,0,0,NEEDS_REVIEW,NEEDS_REVIEW,2026-05-08T15:14:37.470Z,2026-05-08T15:14:37.470Z
cmovorp570073qt7gw0uci1c0,Elizabethtown College,elizabethtown-college,,PA,,,cmovorp5w0075qt7gkp3m1nma,NCAA_D3,Landmark Conference,https://www.etownbluejays.com,etownbluejays.com,elizabethtown,false,false,true,0,0,0,0,0,0,0,0,NEEDS_REVIEW,NEEDS_REVIEW,2026-05-07T16:14:00.715Z,2026-05-07T16:14:00.715Z
cmox236fj003uqtfkrdfeu43v,Ellsworth Community College,ellsworth-community-college,,IA,,,cmox236g7003wqtfkgihg8bff,NJCAA_D2,Region 11,https://njcaastats.prestosports.com/sports/bsb/2024-25/div2/teams/ellsworthcommunitycollege,njcaastats.prestosports.com,ellsworth community,false,false,true,0,0,0,0,0,0,0,0,NEEDS_REVIEW,NEEDS_REVIEW,2026-05-08T15:14:37.519Z,2026-05-08T15:14:37.519Z
cmovorp6m0076qt7ginws7n5j,Elmhurst University,elmhurst-university,,IL,,,cmovorp7f0078qt7gk4dph0ef,NCAA_D3,College Conference of Illinois & Wisconsin,https://elmhurstbluejays.com/,elmhurstbluejays.com,elmhurst,false,false,true,0,0,0,0,0,0,0,0,NEEDS_REVIEW,NEEDS_REVIEW,2026-05-07T16:14:00.767Z,2026-05-07T16:14:00.767Z
cmovorp850079qt7gk0xci16j,Elmira College,elmira-college,,NY,,,cmovorp8u007bqt7gnnihs33b,NCAA_D3,Empire 8,https://athletics.elmira.edu,athletics.elmira.edu,elmira,false,false,true,0,0,0,0,0,0,0,0,NEEDS_REVIEW,NEEDS_REVIEW,2026-05-07T16:14:00.821Z,2026-05-07T16:14:00.821Z
cmovorp9j007cqt7gc6hfgz30,Elms College,elms-college,,MA,,,cmovorpa9007eqt7gqz3rgcc9,NCAA_D3,Great Northeast Athletic Conference,https://ecblazers.com,ecblazers.com,elms,false,false,true,0,0,0,0,0,0,0,0,NEEDS_REVIEW,NEEDS_REVIEW,2026-05-07T16:14:00.871Z,2026-05-07T16:14:00.871Z
cmou72rdk00c3qtt8y45siwr2,Elon University,elon-university,Elon,NC,,,cmou72rea00c5qtt8bv7rh2o3,NCAA_D1,,https://elonphoenix.com/sports/baseball,elonphoenix.com,elon,false,true,true,4,0,1,0,0,0,0,0,NEEDS_REVIEW,NEEDS_REVIEW,2026-05-06T15:10:57.560Z,2026-07-23T19:46:16.282Z
cmovlhu2n0060qt200npnptgr,Embry-Riddle,embry-riddle,Daytona Beach,AZ,,,cmovlhu3d0062qt20b2a0gftv,NAIA,Great Southwest Athletic Conference,https://naiastats.prestosports.com/sports/bsb/2024-25/teams/embryriddleaz,naiastats.prestosports.com,embry riddle,false,false,true,0,0,0,0,0,0,0,0,NEEDS_REVIEW,NEEDS_REVIEW,2026-05-07T14:42:21.695Z,2026-05-08T14:20:57.291Z
cmovlhu430063qt201c0s6u5e,Emmanuel,emmanuel,Franklin Springs,Georgia,,,cmovlhu4v0065qt20klzzksbe,NCAA_D2,Carolinas,,,emmanuel,false,false,false,0,0,0,0,0,0,0,0,NEEDS_REVIEW,NEEDS_REVIEW,2026-05-07T14:42:21.747Z,2026-05-07T15:06:25.465Z
cmovorpb4007fqt7gbrlg3353,Emmanuel College (Massachusetts),emmanuel-college-massachusetts,,MA,,,cmovorpbx007hqt7gs890ntf8,NCAA_D3,Great Northeast Athletic Conference,https://www.goecsaints.com,goecsaints.com,emmanuel massachusetts,false,false,true,0,0,0,0,0,0,0,0,NEEDS_REVIEW,NEEDS_REVIEW,2026-05-07T16:14:00.928Z,2026-05-07T16:14:00.928Z
cmorj0hct003oqtioizpyiqxx,Emory & Henry University,emory-and-henry-university,Emory,VA,,,cmorj0hdi003qqtio6hwn6bj0,NCAA_D2,South Atlantic Conference,https://gowasps.com/sports/baseball,gowasps.com,emory and henry,false,false,true,0,0,0,0,0,0,0,0,UNVERIFIED,UNVERIFIED,2026-05-04T18:21:48.125Z,2026-05-04T18:29:49.178Z
cmovorpcy007iqt7gzxop8pou,Emory University,emory-university,,GA,,,cmovorpdq007kqt7gf9cf1qd8,NCAA_D3,University Athletic Association,https://www.emoryathletics.com,emoryathletics.com,emory,false,false,true,0,0,0,0,0,0,0,0,NEEDS_REVIEW,NEEDS_REVIEW,2026-05-07T16:14:00.994Z,2026-05-07T16:14:00.994Z
cmovlhu6z0069qt20eubtapjt,Emporia State,emporia-state,Emporia,Kansas,,,cmovlhu7o006bqt20tnbxebkd,NCAA_D2,MIAA,,,emporia state,false,false,false,0,0,0,0,0,0,0,0,NEEDS_REVIEW,NEEDS_REVIEW,2026-05-07T14:42:21.851Z,2026-05-07T15:06:25.583Z
cmovorpeh007lqt7goqto02kp,Endicott College,endicott-college,,MA,,,cmovorpf7007nqt7grluppea7,NCAA_D3,Conference of New England,https://www.ecgulls.com,ecgulls.com,endicott,false,false,true,0,0,0,0,0,0,0,0,NEEDS_REVIEW,NEEDS_REVIEW,2026-05-07T16:14:01.049Z,2026-05-07T16:14:01.049Z
cmox236gw003xqtfk0srlmsdg,Enterprise State Community College,enterprise-state-community-college,,AL,,,cmox236hm003zqtfkhkdybhvh,NJCAA_D2,Region 22,https://njcaastats.prestosports.com/sports/bsb/2024-25/div2/teams/enterprisestatecommunitycollege,njcaastats.prestosports.com,enterprise state community,false,false,true,0,0,0,0,0,0,0,0,NEEDS_REVIEW,NEEDS_REVIEW,2026-05-08T15:14:37.568Z,2026-05-08T15:14:37.568Z
cmox2o1ki0029qtbkqo99ycm8,Erie Community College,erie-community-college,,NY,,,cmox2o1l9002bqtbkvtb6d1j9,NJCAA_D3,Region 3,https://njcaastats.prestosports.com/sports/bsb/2024-25/div3/teams/eriecommunitycollege,njcaastats.prestosports.com,erie community,false,false,true,0,0,0,0,0,0,0,0,NEEDS_REVIEW,NEEDS_REVIEW,2026-05-08T15:30:50.995Z,2026-05-08T15:30:50.995Z
cmorj0gr0002fqtioji2wprxy,Erskine College,erskine-college,Due West,SC,,,cmorj0grp002hqtiotoslu230,NCAA_D2,Conference Carolinas,https://erskinesports.com/sports/baseball,erskinesports.com,erskine,false,false,true,0,0,0,0,0,0,0,0,UNVERIFIED,NEEDS_REVIEW,2026-05-04T18:21:47.340Z,2026-05-29T16:24:15.371Z
cmovorpfx007oqt7get8tj245,Eureka College,eureka-college,,IL,,,cmovorpgm007qqt7gl1ef7m7t,NCAA_D3,St. Louis Intercollegiate Athletic Conference,https://www.eurekareddevils.com,eurekareddevils.com,eureka,false,false,true,0,0,0,0,0,0,0,0,NEEDS_REVIEW,NEEDS_REVIEW,2026-05-07T16:14:01.101Z,2026-05-07T16:14:01.101Z
cmowzs065002uqt4wwjq3lvoj,Evangel,evangel,,MO.,,,cmowzs06v002wqt4wvnorm0uv,NAIA,Kansas Collegiate Athletic Conference,https://naiastats.prestosports.com/sports/bsb/2024-25/teams/evangelmo,naiastats.prestosports.com,evangel,false,false,true,0,0,0,0,0,0,0,0,NEEDS_REVIEW,NEEDS_REVIEW,2026-05-08T14:09:56.958Z,2026-05-08T14:20:57.342Z
cmou7g4zq00euqtkwd42cysuy,Fairfield University,fairfield-university,Fairfield,CT,,,cmou7g50f00ewqtkwsbzcsid6,NCAA_D1,MAAC,https://fairfieldstags.com/sports/baseball,fairfieldstags.com,fairfield,false,true,true,3,0,0,0,0,0,0,0,NEEDS_REVIEW,NEEDS_REVIEW,2026-05-06T15:21:21.734Z,2026-05-29T16:24:13.525Z
cmou7zwas00j3qt182wcerpdp,Fairleigh Dickinson University,fairleigh-dickinson-university,Teaneck,NJ,,,cmou7zwbj00j5qt18iz4v4hge,NCAA_D1,Northeast Conference,https://fduknights.com/sports/baseball,fduknights.com,fairleigh dickinson,false,true,true,4,0,0,0,0,0,0,0,NEEDS_REVIEW,UNVERIFIED,2026-05-06T15:36:43.588Z,2026-05-06T17:26:17.823Z
cmovorphc007rqt7gecnd8oxz,"Fairleigh Dickinson University, Florham",fairleigh-dickinson-university-florham,,NJ,,,cmovorpi3007tqt7gcbe8gr0k,NCAA_D3,Middle Atlantic Conferences,https://www.fdudevils.com,fdudevils.com,fairleigh dickinson florham,false,false,true,0,0,0,0,0,0,0,0,NEEDS_REVIEW,NEEDS_REVIEW,2026-05-07T16:14:01.153Z,2026-05-07T16:14:01.153Z
cmovlhu9q006fqt20bnhz125g,Fairmont State,fairmont-state,Fairmont,West Virginia,,,cmovlhuag006hqt20fej0cdks,NCAA_D2,MEC,,,fairmont state,false,false,false,0,0,0,0,0,0,0,0,NEEDS_REVIEW,NEEDS_REVIEW,2026-05-07T14:42:21.950Z,2026-05-07T15:06:25.688Z
cmovorpiw007uqt7gyelpu9rf,Farmingdale State College,farmingdale-state-college,,NY,,,cmovorpjl007wqt7gb8p1mzq8,NCAA_D3,Skyline Conference,https://www.farmingdalesports.com,farmingdalesports.com,farmingdale state,false,false,true,0,0,0,0,0,0,0,0,NEEDS_REVIEW,NEEDS_REVIEW,2026-05-07T16:14:01.208Z,2026-05-07T16:14:01.208Z
cmowzs07m002xqt4wawsr2z9y,Faulkner,faulkner,,AL,,,cmowzs08e002zqt4w4zob7nhd,NAIA,Southern States Athletic Conference,https://naiastats.prestosports.com/sports/bsb/2024-25/teams/faulkneral,naiastats.prestosports.com,faulkner,false,false,true,0,0,0,0,0,0,0,0,NEEDS_REVIEW,NEEDS_REVIEW,2026-05-08T14:09:57.011Z,2026-05-08T14:20:57.390Z
cmox236id0040qtfktpk0ftv4,Fayetteville Technical Community College,fayetteville-technical-community-college,,NC,,,cmox236j10042qtfkiys6wkxo,NJCAA_D2,Region 10,https://njcaastats.prestosports.com/sports/bsb/2024-25/div2/teams/fayettevilletechnicalcommunitycollege,njcaastats.prestosports.com,fayetteville technical community,false,false,true,0,0,0,0,0,0,0,0,NEEDS_REVIEW,NEEDS_REVIEW,2026-05-08T15:14:37.621Z,2026-05-08T15:14:37.621Z
cmovlhub5006iqt20ar7e47n1,Felician,felician,Lodi,New Jersey,,,cmovlhubu006kqt20k3e3rc2w,NCAA_D2,CACC,,,felician,false,false,false,0,0,0,0,0,0,0,0,NEEDS_REVIEW,NEEDS_REVIEW,2026-05-07T14:42:22.001Z,2026-05-07T15:06:25.738Z
cmovlhuck006lqt203i6443rf,Ferrum,ferrum,Ferrum,Virginia,,,cmovlhud9006nqt20wc98jm4z,NCAA_D2,Conference Carolinas,https://www.ferrumpanthers.com,ferrumpanthers.com,ferrum,false,false,true,0,0,0,0,0,0,0,0,NEEDS_REVIEW,NEEDS_REVIEW,2026-05-07T14:42:22.052Z,2026-05-07T15:06:25.788Z
cmovlhudz006oqt202w04jfcv,Findlay,findlay,Findlay,Ohio,,,cmovlhueo006qqt20esvev01m,NCAA_D2,G-MAC,,,findlay,false,false,false,0,0,0,0,0,0,0,0,NEEDS_REVIEW,NEEDS_REVIEW,2026-05-07T14:42:22.103Z,2026-05-07T15:06:25.843Z
cmox2o1ly002cqtbko7xbptx3,Finger Lakes Community College,finger-lakes-community-college,,NY,,,cmox2o1mn002eqtbk2lc5lxo9,NJCAA_D3,Region 3,https://njcaastats.prestosports.com/sports/bsb/2024-25/div3/teams/fingerlakescommunitycollege,njcaastats.prestosports.com,finger lakes community,false,false,true,0,0,0,0,0,0,0,0,NEEDS_REVIEW,NEEDS_REVIEW,2026-05-08T15:30:51.047Z,2026-05-08T15:30:51.047Z
cmowzs0970030qt4wk3t17vg1,Fisher,fisher,,MA,,,cmowzs09x0032qt4wjpbbigv0,NAIA,Continental Athletic Conference,https://naiastats.prestosports.com/sports/bsb/2024-25/teams/fisherma,naiastats.prestosports.com,fisher,false,false,true,0,0,0,0,0,0,0,0,NEEDS_REVIEW,NEEDS_REVIEW,2026-05-08T14:09:57.066Z,2026-05-08T14:20:57.438Z
cmovorpm30080qt7gcy8cbon0,Fitchburg State University,fitchburg-state-university,,MA,,,cmovorpmv0082qt7gg3a5c4m6,NCAA_D3,Massachusetts State Collegiate Athletic Conference,https://www.fitchburgfalcons.com,fitchburgfalcons.com,fitchburg state,false,false,true,0,0,0,0,0,0,0,0,NEEDS_REVIEW,NEEDS_REVIEW,2026-05-07T16:14:01.323Z,2026-05-07T16:14:01.323Z
cmovlhufd006rqt20drzblp6s,Flagler,flagler,St. Augustine,Florida,,,cmovlhug2006tqt20rnkpo3xr,NCAA_D2,Peach Belt,,,flagler,false,false,false,0,0,0,0,0,0,0,0,NEEDS_REVIEW,NEEDS_REVIEW,2026-05-07T14:42:22.154Z,2026-05-07T15:06:25.892Z
cmorj0hif0040qtio7bope0o8,Florence-Darlington Technical College,florence-darlington-technical-college,Florence,SC,,,cmorj0hj40042qtioir1tuuc6,NJCAA_D1,Region 10,https://njcaastats.prestosports.com/sports/bsb/2024-25/div1/teams/florencedarlingtontechnicalcollege,njcaastats.prestosports.com,florence darlington technical,false,false,true,0,0,0,0,0,0,0,0,NEEDS_REVIEW,NEEDS_REVIEW,2026-05-04T18:21:48.327Z,2026-05-08T14:56:57.596Z
cmou8bkba00muqtuwai4k6w4f,Florida A&M University,florida-am-university,Tallahassee,FL,,,cmou8bkc500mwqtuwn4v6624q,NCAA_D1,SWAC,https://famuathletics.com/sports/baseball,famuathletics.com,florida a and m,false,true,true,5,0,0,0,0,0,0,0,NEEDS_REVIEW,UNVERIFIED,2026-05-06T15:45:47.927Z,2026-05-06T17:26:20.729Z
cmou57eah007rqtdw819u1kd8,Florida Atlantic University,florida-atlantic-university,Boca Raton,FL,,,cmou57eba007tqtdwnzaxnsg8,NCAA_D1,,https://fausports.com/sports/baseball,fausports.com,florida atlantic,false,true,true,4,0,1,0,0,0,0,0,NEEDS_REVIEW,NEEDS_REVIEW,2026-05-06T14:18:34.649Z,2026-07-23T19:46:06.282Z
cmou692az009oqt1gwyz2tbx3,Florida Gulf Coast University,florida-gulf-coast-university,Fort Myers,FL,,,cmou692bn009qqt1g825aij0e,NCAA_D1,,https://fgcuathletics.com/sports/baseball,fgcuathletics.com,florida gulf coast,false,true,true,4,0,0,0,0,0,0,0,NEEDS_REVIEW,NEEDS_REVIEW,2026-05-06T14:47:52.043Z,2026-07-23T19:46:10.183Z
cmou74g3m00cuqtboxefftaxz,Florida International University,florida-international-university,Miami,FL,,,cmou74g4a00cwqtbow41onypu,NCAA_D1,Conference USA,https://fiusports.com/sports/baseball,fiusports.com,florida international,false,true,true,3,0,0,0,0,0,0,0,NEEDS_REVIEW,UNVERIFIED,2026-05-06T15:12:16.258Z,2026-05-06T17:26:13.875Z
cmox065u60049qtgczm8bph8k,Florida Memorial,florida-memorial,,FL,,,cmox065us004bqtgcnhcywftb,NAIA,The Sun Conference,https://naiastats.prestosports.com/sports/bsb/2024-25/teams/floridamemorialfl,naiastats.prestosports.com,florida memorial,false,false,true,0,0,0,0,0,0,0,0,NEEDS_REVIEW,NEEDS_REVIEW,2026-05-08T14:20:57.486Z,2026-05-08T14:20:57.486Z
cmox065vh004cqtgcp9njea3d,Florida National,florida-national,,FL,,,cmox065w7004eqtgcizjdya6r,NAIA,Continental Athletic Conference,https://naiastats.prestosports.com/sports/bsb/2024-25/teams/floridanationalfl,naiastats.prestosports.com,florida national,false,false,true,0,0,0,0,0,0,0,0,NEEDS_REVIEW,NEEDS_REVIEW,2026-05-08T14:20:57.533Z,2026-05-08T14:20:57.533Z
cmovlhugr006uqt20tfzodipb,Florida Southern,florida-southern,Lakeland,Florida,,,cmovlhuhg006wqt20nca3hb1i,NCAA_D2,SSC,,,florida southern,false,false,false,0,0,0,0,0,0,0,0,NEEDS_REVIEW,NEEDS_REVIEW,2026-05-07T14:42:22.203Z,2026-05-07T15:06:25.942Z
cmox1ggmr003oqtsg3cn8o7i8,Florida Southwestern State College,florida-southwestern-state-college,,FL,,,cmox1ggnh003qqtsgv219scds,NJCAA_D1,Region 8,https://njcaastats.prestosports.com/sports/bsb/2024-25/div1/teams/floridasouthwesternstatecollege,njcaastats.prestosports.com,florida southwestern state,false,false,true,0,0,0,0,0,0,0,0,NEEDS_REVIEW,NEEDS_REVIEW,2026-05-08T14:56:57.651Z,2026-05-08T14:56:57.651Z
cmox236jq0043qtfko5qccn8c,Florida State College at Jacksonville,florida-state-college-at-jacksonville,,FL,,,cmox236kf0045qtfkuu5f4br1,NJCAA_D2,Region 8,https://njcaastats.prestosports.com/sports/bsb/2024-25/div2/teams/floridastatecollegeatjacksonville,njcaastats.prestosports.com,florida state jacksonville,false,false,true,0,0,0,0,0,0,0,0,NEEDS_REVIEW,NEEDS_REVIEW,2026-05-08T15:14:37.671Z,2026-05-08T15:14:37.671Z
cmosownp0000cqtuo7ukk8301,Florida State University,florida-state-university,Tallahassee,FL,,,cmosownpr000eqtuok3wn4xee,NCAA_D1,,https://seminoles.com/sports/baseball,seminoles.com,florida state,false,true,true,4,0,0,0,0,0,0,0,NEEDS_REVIEW,NEEDS_REVIEW,2026-05-05T13:54:33.588Z,2026-07-23T19:46:07.976Z
cmovlhui5006xqt20t3ritkxd,Florida Tech,florida-tech,Melbourne,Florida,,,cmovlhuiu006zqt20ld4q2z7x,NCAA_D2,SSC,,,florida tech,false,false,false,0,0,0,0,0,0,0,0,NEEDS_REVIEW,NEEDS_REVIEW,2026-05-07T14:42:22.253Z,2026-05-07T15:06:25.991Z
cmou65q8l008lqt1ozzkwkjhm,Fordham University,fordham-university,Bronx,NY,,,cmou65q9a008nqt1ohbgyxbpf,NCAA_D1,,https://fordhamsports.com/sports/baseball,fordhamsports.com,fordham,false,true,true,3,0,0,0,0,0,0,0,NEEDS_REVIEW,NEEDS_REVIEW,2026-05-06T14:45:16.437Z,2026-07-23T19:46:10.982Z
cmovlhujl0070qt200o56auz3,Fort Hays State,fort-hays-state,Hays,Kansas,,,cmovlhukb0072qt2084avzxtm,NCAA_D2,MIAA,,,fort hays state,false,false,false,0,0,0,0,0,0,0,0,NEEDS_REVIEW,NEEDS_REVIEW,2026-05-07T14:42:22.305Z,2026-05-07T15:06:26.040Z
cmox1ggo4003rqtsg418l5apx,Fort Scott Community College,fort-scott-community-college,,KS,,,cmox1ggot003tqtsg1nm0gi1v,NJCAA_D1,Region 6,https://njcaastats.prestosports.com/sports/bsb/2024-25/div1/teams/fortscottcommunitycollege,njcaastats.prestosports.com,fort scott community,false,false,true,0,0,0,0,0,0,0,0,NEEDS_REVIEW,NEEDS_REVIEW,2026-05-08T14:56:57.701Z,2026-05-08T14:56:57.701Z
cmovorpnn0083qt7gx6kcifwa,Framingham State University,framingham-state-university,,MA,,,cmovorpoe0085qt7gg7l7yluq,NCAA_D3,Massachusetts State Collegiate Athletic Conference,https://www.fsurams.com,fsurams.com,framingham state,false,false,true,0,0,0,0,0,0,0,0,NEEDS_REVIEW,NEEDS_REVIEW,2026-05-07T16:14:01.379Z,2026-05-07T16:14:01.379Z
cmorj0gpl002cqtiopcsyaeuv,Francis Marion University,francis-marion-university,Florence,SC,,,cmorj0gqc002eqtiogtn6lcvl,NCAA_D2,Conference Carolinas,https://fmupatriots.com/sports/baseball,fmupatriots.com,francis marion,false,false,true,0,0,1,0,0,0,0,0,UNVERIFIED,NEEDS_REVIEW,2026-05-04T18:21:47.290Z,2026-05-29T16:24:15.465Z
cmovorpp40086qt7g4f3w567l,Franciscan University of Steubenville,franciscan-university-of-steubenville,,OH,,,cmovorppv0088qt7gpetg9r77,NCAA_D3,Presidents' Athletic Conference,https://www.franciscanathletics.com,franciscanathletics.com,franciscan steubenville,false,false,true,0,0,0,0,0,0,0,0,NEEDS_REVIEW,NEEDS_REVIEW,2026-05-07T16:14:01.432Z,2026-05-07T16:14:01.432Z
cmox1ggpi003uqtsgy8kfqmqq,Frank Phillips College,frank-phillips-college,,TX,,,cmox1ggq6003wqtsg7cg2paa3,NJCAA_D1,Region 5,https://njcaastats.prestosports.com/sports/bsb/2024-25/div1/teams/frankphillipscollege,njcaastats.prestosports.com,frank phillips,false,false,true,0,0,0,0,0,0,0,0,NEEDS_REVIEW,NEEDS_REVIEW,2026-05-08T14:56:57.750Z,2026-05-08T14:56:57.750Z
cmovorpql0089qt7goy0fvobj,Franklin & Marshall College,franklin-and-marshall-college,,PA,,,cmovorprb008bqt7g8jnhpajl,NCAA_D3,Centennial Conference,https://www.godiplomats.com,godiplomats.com,franklin and marshall,false,false,true,0,0,0,0,0,0,0,0,NEEDS_REVIEW,NEEDS_REVIEW,2026-05-07T16:14:01.486Z,2026-05-07T16:14:01.486Z
cmovorps2008cqt7g8celuv8f,Franklin College,franklin-college,,IN,,,cmovorpss008eqt7gtpsyj9wb,NCAA_D3,Heartland Collegiate Athletic Conference,https://franklingrizzlies.com/landing/index,franklingrizzlies.com,franklin,false,false,true,0,0,0,0,0,0,0,0,NEEDS_REVIEW,NEEDS_REVIEW,2026-05-07T16:14:01.538Z,2026-05-07T16:14:01.538Z
cmovlhumg0076qt202e1ej3qv,Franklin Pierce,franklin-pierce,Rindge,New Hampshire,,,cmovlhun60078qt20d5iohtc8,NCAA_D2,NE-10,,,franklin pierce,false,false,false,0,0,0,0,0,0,0,0,NEEDS_REVIEW,NEEDS_REVIEW,2026-05-07T14:42:22.408Z,2026-05-07T15:06:26.148Z
cmox236l30046qtfk8xqh107a,Frederick Community College,frederick-community-college,,MD,,,cmox236ls0048qtfk2iho33an,NJCAA_D2,Region 20,https://njcaastats.prestosports.com/sports/bsb/2024-25/div2/teams/frederickcommunitycollege,njcaastats.prestosports.com,frederick community,false,false,true,0,0,0,0,0,0,0,0,NEEDS_REVIEW,NEEDS_REVIEW,2026-05-08T15:14:37.719Z,2026-05-08T15:14:37.719Z
cmox065wv004fqtgct0gzr6xf,Freed-Hardeman,freed-hardeman,,TENN.,,,cmox065xk004hqtgcbp2m78so,NAIA,Mid-South Conference,https://naiastats.prestosports.com/sports/bsb/2024-25/teams/freedhardemantn,naiastats.prestosports.com,freed hardeman,false,false,true,0,0,0,0,0,0,0,0,NEEDS_REVIEW,NEEDS_REVIEW,2026-05-08T14:20:57.583Z,2026-05-08T14:20:57.583Z
cmovlhunx0079qt20oxvu2vjk,Fresno Pacific,fresno-pacific,Fresno,California,,,cmovlhuoo007bqt201qmsg45s,NCAA_D2,PacWest,,,fresno pacific,false,false,false,0,0,0,0,0,0,0,0,NEEDS_REVIEW,NEEDS_REVIEW,2026-05-07T14:42:22.461Z,2026-05-07T15:06:26.201Z
cmou3xrg1006uqt5s90fq7wbv,Fresno State,fresno-state,Fresno,CA,,,cmou3xrgo006wqt5sawcj9olu,NCAA_D1,Pac-12,https://gobulldogs.com/sports/baseball,gobulldogs.com,fresno state,false,true,true,4,0,0,0,0,0,0,0,NEEDS_REVIEW,UNVERIFIED,2026-05-06T13:43:05.522Z,2026-05-06T17:26:09.813Z
cmowzs0an0033qt4whk11ikps,Friends,friends,,KS,,,cmowzs0be0035qt4w7156or7w,NAIA,Kansas Collegiate Athletic Conference,https://naiastats.prestosports.com/sports/bsb/2024-25/teams/friendsks,naiastats.prestosports.com,friends,false,false,true,0,0,0,0,0,0,0,0,NEEDS_REVIEW,NEEDS_REVIEW,2026-05-08T14:09:57.119Z,2026-05-08T14:20:57.631Z
cmox1ggqw003xqtsgkvi3h0qp,Frontier Community College,frontier-community-college,,IL,,,cmox1ggrj003zqtsgrdtz50e4,NJCAA_D1,Region 24,https://njcaastats.prestosports.com/sports/bsb/2024-25/div1/teams/frontiercommunitycollege,njcaastats.prestosports.com,frontier community,false,false,true,0,0,0,0,0,0,0,0,NEEDS_REVIEW,NEEDS_REVIEW,2026-05-08T14:56:57.800Z,2026-05-08T14:56:57.800Z
cmovlhupd007cqt20syw382yp,Frostburg State,frostburg-state,Frostburg,Maryland,,,cmovlhuq2007eqt20jxyy04js,NCAA_D2,MEC,,,frostburg state,false,false,false,0,0,0,0,0,0,0,0,NEEDS_REVIEW,NEEDS_REVIEW,2026-05-07T14:42:22.513Z,2026-05-07T15:06:26.252Z
cmox2o1ne002fqtbkjdq0ry1a,Fulton-Montgomery Community College,fulton-montgomery-community-college,,NY,,,cmox2o1o4002hqtbk6wh3jd2r,NJCAA_D3,Region 3,https://njcaastats.prestosports.com/sports/bsb/2024-25/div3/teams/fultonmontgomerycommunitycollege,njcaastats.prestosports.com,fulton montgomery community,false,false,true,0,0,0,0,0,0,0,0,NEEDS_REVIEW,NEEDS_REVIEW,2026-05-08T15:30:51.099Z,2026-05-08T15:30:51.099Z
cmox1ggs80040qtsgq3b315gk,Gadsden State Community College,gadsden-state-community-college,,AL,,,cmox1ggsu0042qtsgfs6sl44o,NJCAA_D1,,https://njcaastats.prestosports.com/sports/bsb/2024-25/div1/teams/gadsdenstatecommunitycollege,njcaastats.prestosports.com,gadsden state community,false,false,true,0,0,0,0,0,0,0,0,NEEDS_REVIEW,NEEDS_REVIEW,2026-05-08T14:56:57.848Z,2026-05-08T14:56:57.848Z
cmovorptj008fqt7gccvymif0,Gallaudet University,gallaudet-university,,DC,,,cmovorpu8008hqt7gg3emks4k,NCAA_D3,United East Conference,https://www.gallaudetbison.com,gallaudetbison.com,gallaudet,false,false,true,0,0,0,0,0,0,0,0,NEEDS_REVIEW,NEEDS_REVIEW,2026-05-07T16:14:01.591Z,2026-05-07T16:14:01.591Z
cmox1ggu50043qtsgg2ijv30h,Galveston College,galveston-college,,TX,,,cmox1ggut0045qtsgothuzqft,NJCAA_D1,Region 14,https://njcaastats.prestosports.com/sports/bsb/2024-25/div1/teams/galvestoncollege,njcaastats.prestosports.com,galveston,false,false,true,0,0,0,0,0,0,0,0,NEEDS_REVIEW,NEEDS_REVIEW,2026-05-08T14:56:57.918Z,2026-05-08T14:56:57.918Z
cmovlhuqr007fqt20vga7gqag,Gannon,gannon,Erie,Pennsylvania,,,cmovlhurg007hqt205m41iqtx,NCAA_D2,PSAC,,,gannon,false,false,false,0,0,0,0,0,0,0,0,NEEDS_REVIEW,NEEDS_REVIEW,2026-05-07T14:42:22.564Z,2026-05-07T15:06:26.304Z
cmox1ggvg0046qtsgg6sclzdp,Garden City Community College,garden-city-community-college,,KS,,,cmox1ggw20048qtsguyxv9hhv,NJCAA_D1,Region 6,https://njcaastats.prestosports.com/sports/bsb/2024-25/div1/teams/gardencitycommunitycollege,njcaastats.prestosports.com,garden city community,false,false,true,0,0,0,0,0,0,0,0,NEEDS_REVIEW,NEEDS_REVIEW,2026-05-08T14:56:57.964Z,2026-05-08T14:56:57.964Z
cmou6tv1f00b9qti056wd26tx,Gardner-Webb University,gardner-webb-university,Boiling Springs,NC,,,cmou6tv2500bbqti0uzylvved,NCAA_D1,,https://gwusports.com/sports/baseball,gwusports.com,gardner webb,false,true,true,4,0,0,0,0,0,0,0,NEEDS_REVIEW,NEEDS_REVIEW,2026-05-06T15:04:02.403Z,2026-07-23T19:46:13.896Z
cmox236mg0049qtfkd4dhqzk6,Garrett College,garrett-college,,MD,,,cmox236n4004bqtfkchd51nh6,NJCAA_D2,Region 20,https://njcaastats.prestosports.com/sports/bsb/2024-25/div2/teams/garrettcollege,njcaastats.prestosports.com,garrett,false,false,true,0,0,0,0,0,0,0,0,NEEDS_REVIEW,NEEDS_REVIEW,2026-05-08T15:14:37.769Z,2026-05-08T15:14:37.769Z
cmorj0hh0003xqtioaqht0upc,Gaston College,gaston-college,Dallas,NC,,,cmorj0hhp003zqtionc89ixpt,NJCAA_D1,Region 10,https://gastonsports.com/sports/baseball,gastonsports.com,gaston,false,false,true,0,0,0,0,0,0,0,0,NEEDS_REVIEW,NEEDS_REVIEW,2026-05-04T18:21:48.276Z,2026-05-08T14:56:58.010Z
cmox236nw004cqtfkxex1lctm,GateWay Community College - AZ,gateway-community-college-az,,AZ,,,cmox236oj004eqtfkgok70ut2,NJCAA_D2,Region 1,https://njcaastats.prestosports.com/sports/bsb/2024-25/div2/teams/gatewaycommunitycollegeaz,njcaastats.prestosports.com,gateway community az,false,false,true,0,0,0,0,0,0,0,0,NEEDS_REVIEW,NEEDS_REVIEW,2026-05-08T15:14:37.820Z,2026-05-08T15:14:37.820Z
cmox2o1ou002iqtbkuljo3neq,Genesee Community College,genesee-community-college,,NY,,,cmox2o1pl002kqtbk7g752j4s,NJCAA_D3,Region 3,https://njcaastats.prestosports.com/sports/bsb/2024-25/div3/teams/geneseecommunitycollege,njcaastats.prestosports.com,genesee community,false,false,true,0,0,0,0,0,0,0,0,NEEDS_REVIEW,NEEDS_REVIEW,2026-05-08T15:30:51.151Z,2026-05-08T15:30:51.151Z
cmovorpuy008iqt7g7i75bfup,Geneva College,geneva-college,,PA,,,cmovorpvm008kqt7g4g9ay82x,NCAA_D3,Presidents' Athletic Conference,https://athletics.geneva.edu,athletics.geneva.edu,geneva,false,false,true,0,0,0,0,0,0,0,0,NEEDS_REVIEW,NEEDS_REVIEW,2026-05-07T16:14:01.642Z,2026-05-07T16:14:01.642Z
cmovorpwd008lqt7gdmk1htq2,George Fox University,george-fox-university,,OR,,,cmovorpx3008nqt7gvxugvsw2,NCAA_D3,Northwest Conference,https://www.gfubruins.com,gfubruins.com,george fox,false,false,true,0,0,0,0,0,0,0,0,NEEDS_REVIEW,NEEDS_REVIEW,2026-05-07T16:14:01.693Z,2026-05-07T16:14:01.693Z
cmou65q9z008oqt1ow67o9q0x,George Mason University,george-mason-university,Fairfax,VA,,,cmou65qaq008qqt1oh4skw4mn,NCAA_D1,,https://gomason.com/sports/baseball,gomason.com,george mason,false,true,true,4,0,0,0,0,0,0,0,NEEDS_REVIEW,NEEDS_REVIEW,2026-05-06T14:45:16.488Z,2026-07-23T19:46:11.069Z
cmou65qbg008rqt1omiz03mq1,George Washington University,george-washington-university,Washington,DC,,,cmou65qc7008tqt1otrt39c9e,NCAA_D1,,https://gwsports.com/sports/baseball,gwsports.com,george washington,false,true,true,3,0,0,0,0,0,0,0,NEEDS_REVIEW,NEEDS_REVIEW,2026-05-06T14:45:16.540Z,2026-07-23T19:46:11.160Z
cmox065zl004lqtgckt3to19k,Georgetown,georgetown,,KY.,,,cmox06608004nqtgcd8exng2f,NAIA,Mid-South Conference,https://naiastats.prestosports.com/sports/bsb/2024-25/teams/georgetown,naiastats.prestosports.com,georgetown,false,false,true,0,0,0,0,0,0,0,0,NEEDS_REVIEW,NEEDS_REVIEW,2026-05-08T14:20:57.681Z,2026-05-08T14:20:57.681Z
cmou6ba5c00alqticm9m1ucs0,Georgetown University,georgetown-university,Washington,DC,,,cmou6ba6000anqticmefr3evw,NCAA_D1,,https://guhoyas.com/sports/baseball,guhoyas.com,georgetown,false,true,true,3,0,0,0,0,0,0,0,NEEDS_REVIEW,NEEDS_REVIEW,2026-05-06T14:49:35.521Z,2026-07-23T19:46:13.201Z
cmovlhus6007iqt20velop8oi,Georgia College,georgia-college,Milledgeville,Georgia,,,cmovlhusv007kqt200d73d6y1,NCAA_D2,Peach Belt,,,georgia,false,false,false,0,0,0,0,0,0,0,0,NEEDS_REVIEW,NEEDS_REVIEW,2026-05-07T14:42:22.614Z,2026-05-07T15:06:26.355Z
cmorj0h8n003fqtio2cfy431r,Georgia Gwinnett College,georgia-gwinnett-college,Lawrenceville,GA,,,cmorj0h9c003hqtioek48j4vv,NAIA,Continental Athletic Conference,https://ggcathletics.com/sports/baseball,ggcathletics.com,georgia gwinnett,false,false,true,0,0,0,0,0,0,0,0,UNVERIFIED,NEEDS_REVIEW,2026-05-04T18:21:47.975Z,2026-05-29T16:24:19.005Z
cmox1ggy2004cqtsgm31b5u32,Georgia Highlands College,georgia-highlands-college,,GA,,,cmox1ggyr004eqtsgp4a84u0g,NJCAA_D1,Region 17,https://njcaastats.prestosports.com/sports/bsb/2024-25/div1/teams/georgiahighlandscollege,njcaastats.prestosports.com,georgia highlands,false,false,true,0,0,0,0,0,0,0,0,NEEDS_REVIEW,NEEDS_REVIEW,2026-05-08T14:56:58.058Z,2026-05-08T14:56:58.058Z
cmou3bzar005uqtvotuqjjtpj,Georgia Southern University,georgia-southern-university,Statesboro,GA,,,cmou3bzbf005wqtvoa5yx0t5p,NCAA_D1,Sun Belt,https://gseagles.com/sports/baseball,gseagles.com,georgia southern,false,true,true,4,0,0,0,0,0,0,0,NEEDS_REVIEW,UNVERIFIED,2026-05-06T13:26:09.267Z,2026-05-06T17:26:20.048Z
cmovlhutm007lqt20k8bit2fy,Georgia Southwestern State,georgia-southwestern-state,Americus,Georgia,,,cmovlhuua007nqt20w6gxexjh,NCAA_D2,Peach Belt,,,georgia southwestern state,false,false,false,0,0,0,0,0,0,0,0,NEEDS_REVIEW,NEEDS_REVIEW,2026-05-07T14:42:22.666Z,2026-05-07T15:06:26.406Z
cmou3bzc7005xqtvobxbfhhf1,Georgia State University,georgia-state-university,Atlanta,GA,,,cmou3bzcy005zqtvo3urwyp5m,NCAA_D1,Sun Belt,https://georgiastatesports.com/sports/baseball,georgiastatesports.com,georgia state,false,true,true,4,0,0,0,0,0,0,0,NEEDS_REVIEW,UNVERIFIED,2026-05-06T13:26:09.319Z,2026-05-06T17:26:20.096Z
cmorirv940019qtm0y88vy537,Georgia Tech,georgia-tech,Atlanta,GA,,,cmorirv9s001bqtm0xz16xnel,NCAA_D1,,https://ramblinwreck.com/sports/m-basebl,ramblinwreck.com,georgia tech,false,true,true,4,0,0,0,0,0,0,0,NEEDS_REVIEW,NEEDS_REVIEW,2026-05-04T18:15:06.232Z,2026-07-23T19:46:08.130Z
cmovlhuv0007oqt20djr71bli,Georgian Court,georgian-court,Lakewood,New Jersey,,,cmovlhuvp007qqt20umhjpfic,NCAA_D2,CACC,,,georgian court,false,false,false,0,0,0,0,0,0,0,0,NEEDS_REVIEW,NEEDS_REVIEW,2026-05-07T14:42:22.716Z,2026-05-07T15:06:26.457Z
cmovorpxt008oqt7g3osryi87,Gettysburg College,gettysburg-college,,PA,,,cmovorpyj008qqt7gxaufkz7x,NCAA_D3,Centennial Conference,https://www.gettysburgsports.com,gettysburgsports.com,gettysburg,false,false,true,0,0,0,0,0,0,0,0,NEEDS_REVIEW,NEEDS_REVIEW,2026-05-07T16:14:01.745Z,2026-05-07T16:14:01.745Z
cmox236p8004fqtfkadp9pq5g,Glen Oaks Community College,glen-oaks-community-college,,MI,,,cmox236pz004hqtfk5ufa7cea,NJCAA_D2,Region 12,https://njcaastats.prestosports.com/sports/bsb/2024-25/div2/teams/glenoakscommunitycollege,njcaastats.prestosports.com,glen oaks community,false,false,true,0,0,0,0,0,0,0,0,NEEDS_REVIEW,NEEDS_REVIEW,2026-05-08T15:14:37.869Z,2026-05-08T15:14:37.869Z
cmox236qo004iqtfkel4gr7m2,Glendale Community College,glendale-community-college,,AZ,,,cmox236rd004kqtfkewciojdy,NJCAA_D2,Region 1,https://njcaastats.prestosports.com/sports/bsb/2024-25/div2/teams/glendalecommunitycollege,njcaastats.prestosports.com,glendale community,false,false,true,0,0,0,0,0,0,0,0,NEEDS_REVIEW,NEEDS_REVIEW,2026-05-08T15:14:37.920Z,2026-05-08T15:14:37.920Z
cmovlhuwf007rqt20nqule7un,Glenville State,glenville-state,Glenville,West Virginia,,,cmovlhux4007tqt20cs5x6iim,NCAA_D2,MEC,,,glenville state,false,false,false,0,0,0,0,0,0,0,0,NEEDS_REVIEW,NEEDS_REVIEW,2026-05-07T14:42:22.768Z,2026-05-07T15:06:26.510Z
cmovlhuxs007uqt20hopnn7bf,Goldey–Beacom,goldey-beacom,Pike Creek Valley,Delaware,,,cmovlhuyh007wqt20nro88pgi,NCAA_D2,CACC,,,goldey beacom,false,false,false,0,0,0,0,0,0,0,0,NEEDS_REVIEW,NEEDS_REVIEW,2026-05-07T14:42:22.817Z,2026-05-07T15:06:26.564Z
cmou3xrhd006xqt5sy8mx7xfp,Gonzaga University,gonzaga-university,Spokane,WA,,,cmou3xrhz006zqt5svvnwi1wg,NCAA_D1,West Coast Conference,https://gozags.com/sports/baseball,gozags.com,gonzaga,false,true,true,4,0,0,0,0,0,0,0,NEEDS_REVIEW,UNVERIFIED,2026-05-06T13:43:05.569Z,2026-05-06T17:26:21.608Z
cmovorpz9008rqt7g0xoh602c,Gordon College,gordon-college,,MA,,,cmovorpzz008tqt7gen9x6jo7,NCAA_D3,Conference of New England,https://athletics.gordon.edu/index.aspx,athletics.gordon.edu,gordon,false,false,true,0,0,0,0,0,0,0,0,NEEDS_REVIEW,NEEDS_REVIEW,2026-05-07T16:14:01.797Z,2026-05-07T16:14:01.797Z
cmox1ggzh004fqtsg10bvwc95,Gordon State College,gordon-state-college,,GA,,,cmox1gh06004hqtsg4pvztm0m,NJCAA_D1,Region 17,https://njcaastats.prestosports.com/sports/bsb/2024-25/div1/teams/gordonstatecollege,njcaastats.prestosports.com,gordon state,false,false,true,0,0,0,0,0,0,0,0,NEEDS_REVIEW,NEEDS_REVIEW,2026-05-08T14:56:58.109Z,2026-05-08T14:56:58.109Z
cmowzs0c60036qt4w3zl8yw6w,Goshen,goshen,,IN,,,cmowzs0cx0038qt4wqxutssz5,NAIA,Crossroads League,https://naiastats.prestosports.com/sports/bsb/2024-25/teams/goshenin,naiastats.prestosports.com,goshen,false,false,true,0,0,0,0,0,0,0,0,NEEDS_REVIEW,NEEDS_REVIEW,2026-05-08T14:09:57.174Z,2026-05-08T14:20:57.776Z
cmowzs0dp0039qt4wx5ce1gbn,Grace,grace,,IND.,,,cmowzs0eg003bqt4wfnn88a1w,NAIA,Crossroads League,https://naiastats.prestosports.com/sports/bsb/2024-25/teams/gracein,naiastats.prestosports.com,grace,false,false,true,0,0,0,0,0,0,0,0,NEEDS_REVIEW,NEEDS_REVIEW,2026-05-08T14:09:57.229Z,2026-05-08T14:20:57.825Z
cmox06652004xqtgcdt0tmpi9,Graceland,graceland,,IA,,,cmox0665r004zqtgc8rarik4b,NAIA,Heart of America Athletic Conference,https://naiastats.prestosports.com/sports/bsb/2024-25/teams/graceland,naiastats.prestosports.com,graceland,false,false,true,0,0,0,0,0,0,0,0,NEEDS_REVIEW,NEEDS_REVIEW,2026-05-08T14:20:57.879Z,2026-05-08T14:20:57.879Z
cmou8bkcv00mxqtuw4jh5usi0,Grambling State University,grambling-state-university,Grambling,LA,,,cmou8bkdk00mzqtuw3pctg8sc,NCAA_D1,SWAC,https://gsutigers.com/sports/baseball,gsutigers.com,grambling state,false,true,true,4,0,0,0,0,0,0,0,NEEDS_REVIEW,UNVERIFIED,2026-05-06T15:45:47.984Z,2026-05-06T17:26:20.776Z
cmou8ctjw00noqtloejv6g4yk,Grand Canyon University,grand-canyon-university,Phoenix,AZ,,,cmou8ctkk00nqqtlo7h4rploa,NCAA_D1,WAC,https://gculopes.com/sports/baseball,gculopes.com,grand canyon,false,true,true,3,0,0,0,0,0,0,0,NEEDS_REVIEW,UNVERIFIED,2026-05-06T15:46:46.556Z,2026-05-06T17:26:21.212Z
cmox236s9004lqtfkn6j77qyp,Grand Rapids Community College,grand-rapids-community-college,,MI,,,cmox236sx004nqtfk5n3hzm66,NJCAA_D2,Region 12,https://njcaastats.prestosports.com/sports/bsb/2024-25/div2/teams/grandrapidscommunitycollege,njcaastats.prestosports.com,grand rapids community,false,false,true,0,0,0,0,0,0,0,0,NEEDS_REVIEW,NEEDS_REVIEW,2026-05-08T15:14:37.978Z,2026-05-08T15:14:37.978Z
cmovlhuz6007xqt20vza4gnle,Grand Valley State,grand-valley-state,Allendale,Michigan,,,cmovlhuzv007zqt20hjbkjesi,NCAA_D2,GLIAC,,,grand valley state,false,false,false,0,0,0,0,0,0,0,0,NEEDS_REVIEW,NEEDS_REVIEW,2026-05-07T14:42:22.866Z,2026-05-07T15:06:26.619Z
cmox0666f0050qtgcpy1opj6v,Grand View,grand-view,,IA,,,cmox066710052qtgcc420cjf3,NAIA,Heart of America Athletic Conference,https://naiastats.prestosports.com/sports/bsb/2024-25/teams/grandview,naiastats.prestosports.com,grand view,false,false,true,0,0,0,0,0,0,0,0,NEEDS_REVIEW,NEEDS_REVIEW,2026-05-08T14:20:57.927Z,2026-05-08T14:20:57.927Z
cmox1gh15004iqtsg9a2lit5i,Grayson College,grayson-college,,TX,,,cmox1gh1u004kqtsg69i9bj1y,NJCAA_D1,Region 5,https://njcaastats.prestosports.com/sports/bsb/2024-25/div1/teams/graysoncollege,njcaastats.prestosports.com,grayson,false,false,true,0,0,0,0,0,0,0,0,NEEDS_REVIEW,NEEDS_REVIEW,2026-05-08T14:56:58.170Z,2026-05-08T14:56:58.170Z
cmovorq0r008uqt7gigwovmhc,Greensboro College,greensboro-college,,NC,,,cmovorq1h008wqt7ghn2fngop,NCAA_D3,USA South Athletic Conference,https://www.greensborocollegesports.com,greensborocollegesports.com,greensboro,false,false,true,0,0,1,0,0,0,0,0,NEEDS_REVIEW,NEEDS_REVIEW,2026-05-07T16:14:01.851Z,2026-05-07T16:14:01.851Z
cmovorq27008xqt7ggnh70996,Greenville University,greenville-university,,IL,,,cmovorq2x008zqt7gw1ojcq5a,NCAA_D3,St. Louis Intercollegiate Athletic Conference,https://www.greenville.edu/athletics,greenville.edu,greenville,false,false,true,0,0,0,0,0,0,0,0,NEEDS_REVIEW,NEEDS_REVIEW,2026-05-07T16:14:01.903Z,2026-05-07T16:14:01.903Z
cmovorq3l0090qt7gunq3ok4o,Grinnell College,grinnell-college,,IA,,,cmovorq4a0092qt7gbv1lb3jg,NCAA_D3,Midwest Conference,https://pioneers.grinnell.edu/,pioneers.grinnell.edu,grinnell,false,false,true,0,0,0,0,0,0,0,0,NEEDS_REVIEW,NEEDS_REVIEW,2026-05-07T16:14:01.954Z,2026-05-07T16:14:01.954Z
cmovorq520093qt7gm4e53spp,Grove City College,grove-city-college,,PA,,,cmovorq5t0095qt7grhsw9ago,NCAA_D3,Presidents' Athletic Conference,https://athletics.gcc.edu,athletics.gcc.edu,grove city,false,false,true,0,0,0,0,0,0,0,0,NEEDS_REVIEW,NEEDS_REVIEW,2026-05-07T16:14:02.006Z,2026-05-07T16:14:02.006Z
cmovorq6j0096qt7grkke0x2c,Guilford College,guilford-college,,NC,,,cmovorq790098qt7g5e2ydzq9,NCAA_D3,Old Dominion Athletic Conf.,https://www.guilford.edu/athletics,guilford.edu,guilford,false,false,true,0,0,1,0,0,0,0,0,NEEDS_REVIEW,NEEDS_REVIEW,2026-05-07T16:14:02.059Z,2026-05-07T16:14:02.059Z
cmox236tl004oqtfky6972w7q,Guilford Technical Community College,guilford-technical-community-college,,NC,,,cmox236ub004qqtfkbyukf3lr,NJCAA_D2,Region 10,https://njcaastats.prestosports.com/sports/bsb/2024-25/div2/teams/guilfordtechnicalcommunitycollege,njcaastats.prestosports.com,guilford technical community,false,false,true,0,0,0,0,0,0,0,0,NEEDS_REVIEW,NEEDS_REVIEW,2026-05-08T15:14:38.026Z,2026-05-08T15:14:38.026Z
cmox1gh2k004lqtsgkrig1zq0,Gulf Coast State College,gulf-coast-state-college,,FL,,,cmox1gh3a004nqtsgkngbctdk,NJCAA_D1,Region 8,https://njcaastats.prestosports.com/sports/bsb/2024-25/div1/teams/gulfcoaststatecollege,njcaastats.prestosports.com,gulf coast state,false,false,true,0,0,0,0,0,0,0,0,NEEDS_REVIEW,NEEDS_REVIEW,2026-05-08T14:56:58.220Z,2026-05-08T14:56:58.220Z
cmovorq890099qt7g7vho8t6x,Gustavus Adolphus College,gustavus-adolphus-college,,MN,,,cmovorq9a009bqt7gwareerkb,NCAA_D3,Minnesota Intercollegiate Athletic Conference,https://www.gustavus.edu/athletics/,gustavus.edu,gustavus adolphus,false,false,true,0,0,0,0,0,0,0,0,NEEDS_REVIEW,NEEDS_REVIEW,2026-05-07T16:14:02.122Z,2026-05-07T16:14:02.122Z
cmovorqa3009cqt7gkll8n32u,Gwynedd Mercy University,gwynedd-mercy-university,,PA,,,cmovorqas009eqt7gyq43uo90,NCAA_D3,Atlantic East Conference,https://gwyneddathletics.com/,gwyneddathletics.com,gwynedd mercy,false,false,true,0,0,0,0,0,0,0,0,NEEDS_REVIEW,NEEDS_REVIEW,2026-05-07T16:14:02.187Z,2026-05-29T16:24:18.656Z
cmox236v0004rqtfko4nnuwkc,Hagerstown Community College,hagerstown-community-college,,MD,,,cmox236vp004tqtfkx1b6f9ay,NJCAA_D2,Region 20,https://njcaastats.prestosports.com/sports/bsb/2024-25/div2/teams/hagerstowncommunitycollege,njcaastats.prestosports.com,hagerstown community,false,false,true,0,0,0,0,0,0,0,0,NEEDS_REVIEW,NEEDS_REVIEW,2026-05-08T15:14:38.076Z,2026-05-08T15:14:38.076Z
cmovorqbj009fqt7gn7eka0cn,Hamilton College,hamilton-college,,NY,,,cmovorqc8009hqt7gbghfvckr,NCAA_D3,New England Small College Athletic Conference,https://www.hamilton.edu/athletics,hamilton.edu,hamilton,false,false,true,0,0,0,0,0,0,0,0,NEEDS_REVIEW,NEEDS_REVIEW,2026-05-07T16:14:02.239Z,2026-05-07T16:14:02.239Z
cmovorqcz009iqt7g3vnq8o1h,Hamline University,hamline-university,,MN,,,cmovorqdn009kqt7gojnff0rm,NCAA_D3,Minnesota Intercollegiate Athletic Conference,https://www.hamlineathletics.com,hamlineathletics.com,hamline,false,false,true,0,0,0,0,0,0,0,0,NEEDS_REVIEW,NEEDS_REVIEW,2026-05-07T16:14:02.291Z,2026-05-07T16:14:02.291Z
cmovorqej009lqt7gzj3f5gau,Hampden-Sydney College,hampden-sydney-college,,VA,,,cmovorqf9009nqt7g86e1x3og,NCAA_D3,Old Dominion Athletic Conf.,https://www.hscathletics.com,hscathletics.com,hampden sydney,false,false,true,0,0,0,0,0,0,0,0,NEEDS_REVIEW,NEEDS_REVIEW,2026-05-07T16:14:02.348Z,2026-05-07T16:14:02.348Z
cmowzs0f8003cqt4w2i4hkdh1,Hannibal-LaGrange,hannibal-lagrange,,MO,,,cmowzs0fz003eqt4wrfmpneki,NAIA,American Midwest Conference,https://naiastats.prestosports.com/sports/bsb/2024-25/teams/hanniballagrangemo,naiastats.prestosports.com,hannibal lagrange,false,false,true,0,0,0,0,0,0,0,0,NEEDS_REVIEW,NEEDS_REVIEW,2026-05-08T14:09:57.284Z,2026-05-08T14:20:57.974Z
cmovorqg0009oqt7gesxmt5yf,Hanover College,hanover-college,,IN,,,cmovorqgt009qqt7gq2tv2jb9,NCAA_D3,Heartland Collegiate Athletic Conference,https://athletics.hanover.edu/landing/index,athletics.hanover.edu,hanover,false,false,true,0,0,0,0,0,0,0,0,NEEDS_REVIEW,NEEDS_REVIEW,2026-05-07T16:14:02.400Z,2026-05-07T16:14:02.400Z
cmovorqhl009rqt7g9ed4pr5o,Hardin-Simmons University,hardin-simmons-university,,TX,,,cmovorqib009tqt7goa4zp0hx,NCAA_D3,American Southwest Conference,https://hsuathletics.com,hsuathletics.com,hardin simmons,false,false,true,0,0,0,0,0,0,0,0,NEEDS_REVIEW,NEEDS_REVIEW,2026-05-07T16:14:02.457Z,2026-05-29T16:24:18.293Z
cmovlhv0k0080qt20st8no11o,Harding,harding,Searcy,Arkansas,,,cmovlhv190082qt20n7y1g694,NCAA_D2,GAC,,,harding,false,false,false,0,0,0,0,0,0,0,0,NEEDS_REVIEW,NEEDS_REVIEW,2026-05-07T14:42:22.916Z,2026-05-07T15:06:26.672Z
cmox1gh3z004oqtsgej58d6pv,Harford Community College,harford-community-college,,MD,,,cmox1gh4p004qqtsg05wnt5w1,NJCAA_D1,Region 20,https://njcaastats.prestosports.com/sports/bsb/2024-25/div1/teams/harfordcommunitycollege,njcaastats.prestosports.com,harford community,false,false,true,0,0,0,0,0,0,0,0,NEEDS_REVIEW,NEEDS_REVIEW,2026-05-08T14:56:58.272Z,2026-05-08T14:56:58.272Z
cmox236wf004uqtfkq9k0imgp,Harper College,harper-college,,IL,,,cmox236x4004wqtfk3ewlpqm1,NJCAA_D3,Region 4,https://njcaastats.prestosports.com/sports/bsb/2024-25/div3/teams/harpercollege,njcaastats.prestosports.com,harper,false,false,true,0,0,0,0,0,0,0,0,NEEDS_REVIEW,NEEDS_REVIEW,2026-05-08T15:14:38.127Z,2026-05-08T15:30:51.202Z
cmowzs0gt003fqt4wrycagik9,Harris-Stowe,harris-stowe,,MO,,,cmowzs0hi003hqt4w046jqkks,NAIA,American Midwest Conference,https://naiastats.prestosports.com/sports/bsb/2024-25/teams/harrisstowemo,naiastats.prestosports.com,harris stowe,false,false,true,0,0,0,0,0,0,0,0,NEEDS_REVIEW,NEEDS_REVIEW,2026-05-08T14:09:57.341Z,2026-05-08T14:20:58.023Z
cmou7eksh00efqtx82hcfwyn5,Harvard University,harvard-university,Cambridge,MA,,,cmou7ekt600ehqtx8psyqlq39,NCAA_D1,Ivy League,https://gocrimson.com/sports/baseball,gocrimson.com,harvard,false,true,true,4,0,0,0,0,0,0,0,NEEDS_REVIEW,NEEDS_REVIEW,2026-05-06T15:20:08.897Z,2026-05-29T16:24:13.057Z
cmox066af0059qtgc98qcsc7y,Hastings,hastings,,NE,,,cmox066b2005bqtgc12ijaaed,NAIA,Great Plains Athletic Conference,https://naiastats.prestosports.com/sports/bsb/2024-25/teams/hastings,naiastats.prestosports.com,hastings,false,false,true,0,0,0,0,0,0,0,0,NEEDS_REVIEW,NEEDS_REVIEW,2026-05-08T14:20:58.071Z,2026-05-08T14:20:58.071Z
cmovorqj0009uqt7grwbvgo9p,Haverford College,haverford-college,,PA,,,cmovorqjq009wqt7gzrbr1b3t,NCAA_D3,Centennial Conference,https://www.haverfordathletics.com,haverfordathletics.com,haverford,false,false,true,0,0,0,0,0,0,0,0,NEEDS_REVIEW,NEEDS_REVIEW,2026-05-07T16:14:02.509Z,2026-05-07T16:14:02.509Z
cmovlhv1y0083qt20yeb6ygmm,Hawaiʻi Pacific,hawai-i-pacific,Honolulu,Hawaii,,,cmovlhv2n0085qt20cr34s2we,NCAA_D2,PacWest,,,hawai i pacific,false,false,false,0,0,0,0,0,0,0,0,NEEDS_REVIEW,NEEDS_REVIEW,2026-05-07T14:42:22.967Z,2026-05-07T15:06:26.724Z
cmox236xw004xqtfku67i1gyl,Heartland Community College,heartland-community-college,,IL,,,cmox236ym004zqtfkvhpmfjkq,NJCAA_D2,Region 24,https://njcaastats.prestosports.com/sports/bsb/2024-25/div2/teams/heartlandcommunitycollege,njcaastats.prestosports.com,heartland community,false,false,true,0,0,0,0,0,0,0,0,NEEDS_REVIEW,NEEDS_REVIEW,2026-05-08T15:14:38.180Z,2026-05-08T15:14:38.180Z
cmovorqkg009xqt7gwt19hkem,Heidelberg University,heidelberg-university,,OH,,,cmovorql7009zqt7g2bjqrkus,NCAA_D3,Ohio Athletic Conference,https://bergathletics.com,bergathletics.com,heidelberg,false,false,true,0,0,0,0,0,0,0,0,NEEDS_REVIEW,NEEDS_REVIEW,2026-05-07T16:14:02.561Z,2026-05-07T16:14:02.561Z
cmovlhv3c0086qt20w1ufi55h,Henderson State,henderson-state,Arkadelphia,Arkansas,,,cmovlhv410088qt207urr8tzu,NCAA_D2,GAC,,,henderson state,false,false,false,0,0,0,0,0,0,0,0,NEEDS_REVIEW,NEEDS_REVIEW,2026-05-07T14:42:23.016Z,2026-05-07T15:06:26.778Z
cmovorqlz00a0qt7g0ya41hvf,Hendrix College,hendrix-college,,AR,,,cmovorqmp00a2qt7gn69zp17n,NCAA_D3,Southern Collegiate Athletic Conference,https://www.hendrixwarriors.com,hendrixwarriors.com,hendrix,false,false,true,0,0,0,0,0,0,0,0,NEEDS_REVIEW,NEEDS_REVIEW,2026-05-07T16:14:02.615Z,2026-05-07T16:14:02.615Z
cmox236za0050qtfkjjvoiyms,Henry Ford College,henry-ford-college,,MI,,,cmox237000052qtfk1pbaeiji,NJCAA_D2,Region 12,https://njcaastats.prestosports.com/sports/bsb/2024-25/div2/teams/henryfordcollege,njcaastats.prestosports.com,henry ford,false,false,true,0,0,0,0,0,0,0,0,NEEDS_REVIEW,NEEDS_REVIEW,2026-05-08T15:14:38.231Z,2026-05-08T15:14:38.231Z
cmox2o1rv002oqtbk1wv23lsb,Herkimer College,herkimer-college,,NY,,,cmox2o1sk002qqtbk4xl49gur,NJCAA_D3,Region 3,https://njcaastats.prestosports.com/sports/bsb/2024-25/div3/teams/herkimercollege,njcaastats.prestosports.com,herkimer,false,false,true,0,0,0,0,0,0,0,0,NEEDS_REVIEW,NEEDS_REVIEW,2026-05-08T15:30:51.259Z,2026-05-08T15:30:51.259Z
cmox2370n0053qtfkut9hq09h,Hesston College,hesston-college,,KS,,,cmox2371e0055qtfkvkx90l9g,NJCAA_D2,Region 6,https://njcaastats.prestosports.com/sports/bsb/2024-25/div2/teams/hesstoncollege,njcaastats.prestosports.com,hesston,false,false,true,0,0,0,0,0,0,0,0,NEEDS_REVIEW,NEEDS_REVIEW,2026-05-08T15:14:38.280Z,2026-05-08T15:14:38.280Z
cmorirv3o000xqtm0dw9r5xuo,High Point University,high-point-university,High Point,NC,,,cmorirv4e000zqtm091dbu3g3,NCAA_D1,,https://highpointpanthers.com/sports/baseball,highpointpanthers.com,high point,false,true,true,4,0,1,0,0,0,0,0,NEEDS_REVIEW,NEEDS_REVIEW,2026-05-04T18:15:06.036Z,2026-07-23T19:46:13.983Z
cmox237220056qtfk1l2bot9e,Highland Community College - Illinois,highland-community-college-illinois,,IL,,,cmox2372r0058qtfkn5e0fjpv,NJCAA_D2,Region 4,https://njcaastats.prestosports.com/sports/bsb/2024-25/div2/teams/highlandcommunitycollegeillinois,njcaastats.prestosports.com,highland community illinois,false,false,true,0,0,0,0,0,0,0,0,NEEDS_REVIEW,NEEDS_REVIEW,2026-05-08T15:14:38.331Z,2026-05-08T15:14:38.331Z
cmox1gh5c004rqtsg3jrv94hg,Highland Community College - Kansas,highland-community-college-kansas,,KS,,,cmox1gh61004tqtsg18kwk4fa,NJCAA_D1,Region 6,https://njcaastats.prestosports.com/sports/bsb/2024-25/div1/teams/highlandcommunitycollegekansas,njcaastats.prestosports.com,highland community kansas,false,false,true,0,0,0,0,0,0,0,0,NEEDS_REVIEW,NEEDS_REVIEW,2026-05-08T14:56:58.321Z,2026-05-08T14:56:58.321Z
cmovorqng00a3qt7gu0a6irp0,Hilbert College,hilbert-college,,NY,,,cmovorqo500a5qt7gfwazvp8n,NCAA_D3,Allegheny Mountain Collegiate Conference,https://www.hilberthawks.com,hilberthawks.com,hilbert,false,false,true,0,0,0,0,0,0,0,0,NEEDS_REVIEW,NEEDS_REVIEW,2026-05-07T16:14:02.668Z,2026-05-29T16:24:16.792Z
cmox1gh6p004uqtsgbv70qatf,Hill College,hill-college,,TX,,,cmox1gh7e004wqtsg1vvxod0u,NJCAA_D1,Region 5,https://njcaastats.prestosports.com/sports/bsb/2024-25/div1/teams/hillcollege,njcaastats.prestosports.com,hill,false,false,true,0,0,0,0,0,0,0,0,NEEDS_REVIEW,NEEDS_REVIEW,2026-05-08T14:56:58.370Z,2026-05-08T14:56:58.370Z
cmox1gh83004xqtsg5nnzsgrv,Hillsborough Community College,hillsborough-community-college,,FL,,,cmox1gh8s004zqtsg6w5c70re,NJCAA_D1,Region 8,https://njcaastats.prestosports.com/sports/bsb/2024-25/div1/teams/hillsboroughcommunitycollege,njcaastats.prestosports.com,hillsborough community,false,false,true,0,0,0,0,0,0,0,0,NEEDS_REVIEW,NEEDS_REVIEW,2026-05-08T14:56:58.419Z,2026-05-08T14:56:58.419Z
cmovlhv4p0089qt2006e5662h,Hillsdale,hillsdale,Hillsdale,Michigan,,,cmovlhv5f008bqt20x0zefzpn,NCAA_D2,G-MAC,,,hillsdale,false,false,false,0,0,0,0,0,0,0,0,NEEDS_REVIEW,NEEDS_REVIEW,2026-05-07T14:42:23.066Z,2026-05-07T15:06:26.832Z
cmox2373g0059qtfkvko4dcah,Hinds Community College,hinds-community-college,,MS,,,cmox23746005bqtfkz1xt9hzu,NJCAA_D2,Region 23,https://njcaastats.prestosports.com/sports/bsb/2024-25/div2/teams/hindscommunitycollege,njcaastats.prestosports.com,hinds community,false,false,true,0,0,0,0,0,0,0,0,NEEDS_REVIEW,NEEDS_REVIEW,2026-05-08T15:14:38.380Z,2026-05-08T15:14:38.380Z
cmovorqow00a6qt7gevmzuli4,Hiram College,hiram-college,,OH,,,cmovorqpm00a8qt7gzh9jwnso,NCAA_D3,Presidents' Athletic Conference,https://www.hiramterriers.com,hiramterriers.com,hiram,false,false,true,0,0,0,0,0,0,0,0,NEEDS_REVIEW,NEEDS_REVIEW,2026-05-07T16:14:02.720Z,2026-05-07T16:14:02.720Z
cmox2374u005cqtfk4dijqisw,Hocking,hocking,,OH,,,cmox2375h005eqtfk7891fcuj,NJCAA_D2,Region 12,https://njcaastats.prestosports.com/sports/bsb/2024-25/div2/teams/hocking,njcaastats.prestosports.com,hocking,false,false,true,0,0,0,0,0,0,0,0,NEEDS_REVIEW,NEEDS_REVIEW,2026-05-08T15:14:38.430Z,2026-05-08T15:14:38.430Z
cmrxrdvfe000iqtx0ig0l8op3,Hofstra University,hofstra-university,Hempstead,NY,NCAA_D1,,cmrxrdvfe000jqtx0aajwcz1y,NCAA_D1,,https://gohofstra.com/sports/baseball,gohofstra.com,hofstra,true,true,true,0,0,0,0,0,0,0,0,NEEDS_REVIEW,NEEDS_REVIEW,2026-07-23T17:01:53.882Z,2026-07-23T19:55:49.278Z
cmox23764005fqtfky74wzucz,Holmes Community College,holmes-community-college,,MS,,,cmox2376t005hqtfkpf5g56is,NJCAA_D2,Region 23,https://njcaastats.prestosports.com/sports/bsb/2024-25/div2/teams/holmescommunitycollege,njcaastats.prestosports.com,holmes community,false,false,true,0,0,0,0,0,0,0,0,NEEDS_REVIEW,NEEDS_REVIEW,2026-05-08T15:14:38.476Z,2026-05-08T15:14:38.476Z
cmovlhv66008cqt20fa4m0xab,Holy Family,holy-family,Philadelphia,Pennsylvania,,,cmovlhv6v008eqt2037ojla7y,NCAA_D2,CACC,,,holy family,false,false,false,0,0,0,0,0,0,0,0,NEEDS_REVIEW,NEEDS_REVIEW,2026-05-07T14:42:23.118Z,2026-05-07T15:06:26.886Z
cmox2o1t9002rqtbkfpw7ptr0,Holyoke Community College,holyoke-community-college,,MA,,,cmox2o1u1002tqtbk2773zzyf,NJCAA_D3,Region 21,https://njcaastats.prestosports.com/sports/bsb/2024-25/div3/teams/holyokecommunitycollege,njcaastats.prestosports.com,holyoke community,false,false,true,0,0,0,0,0,0,0,0,NEEDS_REVIEW,NEEDS_REVIEW,2026-05-08T15:30:51.310Z,2026-05-08T15:30:51.310Z
cmovorqqd00a9qt7gdkoh8sqj,Hood College,hood-college,,MD,,,cmovorqr600abqt7gukv5hkvm,NCAA_D3,Middle Atlantic Conferences,https://www.hoodathletics.com,hoodathletics.com,hood,false,false,true,0,0,0,0,0,0,0,0,NEEDS_REVIEW,NEEDS_REVIEW,2026-05-07T16:14:02.773Z,2026-05-07T16:14:02.773Z
cmovorqrv00acqt7grthchj07,Hope College,hope-college,,MI,,,cmovorqsl00aeqt7guw2w8m77,NCAA_D3,Michigan Intercollegiate Athletic Association,https://athletics.hope.edu,athletics.hope.edu,hope,false,false,true,0,0,0,0,0,0,0,0,NEEDS_REVIEW,NEEDS_REVIEW,2026-05-07T16:14:02.827Z,2026-05-07T16:14:02.827Z
cmox066bq005cqtgcwroasbo1,Hope International,hope-international,,CA,,,cmox066ce005eqtgc9gdmi5w3,NAIA,Great Southwest Athletic Conference,https://naiastats.prestosports.com/sports/bsb/2024-25/teams/hopeinternational,naiastats.prestosports.com,hope international,false,false,true,0,0,0,0,0,0,0,0,NEEDS_REVIEW,NEEDS_REVIEW,2026-05-08T14:20:58.118Z,2026-05-08T14:20:58.118Z
cmovorqtc00afqt7g0yrctehp,Houghton University,houghton-university,,NY,,,cmovorqu300ahqt7g865m1upt,NCAA_D3,Empire 8,https://athletics.houghton.edu,athletics.houghton.edu,houghton,false,false,true,0,0,0,0,0,0,0,0,NEEDS_REVIEW,NEEDS_REVIEW,2026-05-07T16:14:02.880Z,2026-05-07T16:14:02.880Z
cmou87s2600loqt8ogi952e7u,Houston Christian University,houston-christian-university,Houston,TX,,,cmou87s2z00lqqt8oy3ac0hd5,NCAA_D1,Southland,https://hcuhuskies.com/sports/baseball,hcuhuskies.com,houston christian,false,true,true,4,0,0,0,0,0,0,0,NEEDS_REVIEW,UNVERIFIED,2026-05-06T15:42:51.342Z,2026-05-06T17:26:19.394Z
cmox066d3005fqtgc1tg2a1cp,Houston-Victoria,houston-victoria,,TX,,,cmox066dr005hqtgc8h7zlx9d,NAIA,Red River Athletic Conference,https://naiastats.prestosports.com/sports/bsb/2024-25/teams/houstonvictoria,naiastats.prestosports.com,houston victoria,false,false,true,0,0,0,0,0,0,0,0,NEEDS_REVIEW,NEEDS_REVIEW,2026-05-08T14:20:58.167Z,2026-05-08T14:20:58.167Z
cmox1gh9i0050qtsgegkjp2od,Howard College,howard-college,,TX,,,cmox1ghaa0052qtsgr4urk12f,NJCAA_D1,Region 5,https://njcaastats.prestosports.com/sports/bsb/2024-25/div1/teams/howardcollege,njcaastats.prestosports.com,howard,false,false,true,0,0,0,0,0,0,0,0,NEEDS_REVIEW,NEEDS_REVIEW,2026-05-08T14:56:58.470Z,2026-05-08T14:56:58.470Z
cmovorquu00aiqt7gdj1esg9g,Howard Payne University,howard-payne-university,,TX,,,cmovorqvk00akqt7gt37r36os,NCAA_D3,American Southwest Conference,https://www.hpusports.com,hpusports.com,howard payne,false,false,true,0,0,0,0,0,0,0,0,NEEDS_REVIEW,NEEDS_REVIEW,2026-05-07T16:14:02.934Z,2026-05-29T16:24:18.380Z
cmox2o1ur002uqtbk6f6pwr6h,Hudson Valley Community College,hudson-valley-community-college,,NY,,,cmox2o1vh002wqtbknt8slkkj,NJCAA_D3,Region 3,https://njcaastats.prestosports.com/sports/bsb/2024-25/div3/teams/hudsonvalleycommunitycollege,njcaastats.prestosports.com,hudson valley community,false,false,true,0,0,0,0,0,0,0,0,NEEDS_REVIEW,NEEDS_REVIEW,2026-05-08T15:30:51.364Z,2026-05-08T15:30:51.364Z
cmovorqwb00alqt7gdt4gxnyy,Huntingdon College,huntingdon-college,,AL,,,cmovorqx100anqt7gyl8jlwik,NCAA_D3,Collegiate Conference of the South,https://www.huntingdonhawks.com,huntingdonhawks.com,huntingdon,false,false,true,0,0,0,0,0,0,0,0,NEEDS_REVIEW,NEEDS_REVIEW,2026-05-07T16:14:02.987Z,2026-05-07T16:14:02.987Z
cmowzs0ic003iqt4w0udpeydi,Huntington,huntington,,IN,,,cmowzs0j4003kqt4w4p7lup2g,NAIA,Crossroads League,https://naiastats.prestosports.com/sports/bsb/2024-25/teams/huntingtonin,naiastats.prestosports.com,huntington,false,false,true,0,0,0,0,0,0,0,0,NEEDS_REVIEW,NEEDS_REVIEW,2026-05-08T14:09:57.396Z,2026-05-08T14:20:58.216Z
cmovorqxq00aoqt7gsfpgl2e8,Husson University,husson-university,,ME,,,cmovorqyg00aqqt7g88y79eox,NCAA_D3,North Atlantic Conference,https://www.hussoneagles.com,hussoneagles.com,husson,false,false,true,0,0,0,0,0,0,0,0,NEEDS_REVIEW,NEEDS_REVIEW,2026-05-07T16:14:03.039Z,2026-05-07T16:14:03.039Z
cmox066g1005lqtgc9k82gfo7,Huston-Tillotson,huston-tillotson,,TX,,,cmox066gp005nqtgclnbwutsi,NAIA,Red River Athletic Conference,https://naiastats.prestosports.com/sports/bsb/2024-25/teams/hustontillotson,naiastats.prestosports.com,huston tillotson,false,false,true,0,0,0,0,0,0,0,0,NEEDS_REVIEW,NEEDS_REVIEW,2026-05-08T14:20:58.273Z,2026-05-08T14:20:58.273Z
cmox1ghax0053qtsgc3bt8rz4,Hutchinson Community College,hutchinson-community-college,,KS,,,cmox1ghbn0055qtsgtm6wrvh6,NJCAA_D1,Region 6,https://njcaastats.prestosports.com/sports/bsb/2024-25/div1/teams/hutchinsoncommunitycollege,njcaastats.prestosports.com,hutchinson community,false,false,true,0,0,0,0,0,0,0,0,NEEDS_REVIEW,NEEDS_REVIEW,2026-05-08T14:56:58.521Z,2026-05-08T14:56:58.521Z
cmowzs0jv003lqt4wamuq6dql,IU Columbus,iu-columbus,,IND.,,,cmowzs0km003nqt4wirgbvrua,NAIA,River States Conference,https://naiastats.prestosports.com/sports/bsb/2024-25/teams/iucolumbusind,naiastats.prestosports.com,iu columbus,false,false,true,0,0,0,0,0,0,0,0,NEEDS_REVIEW,NEEDS_REVIEW,2026-05-08T14:09:57.451Z,2026-05-08T14:20:58.520Z
cmox066o70063qtgcesmejger,IU Kokomo,iu-kokomo,,IN,,,cmox066ou0065qtgctpbwih2h,NAIA,River States Conference,https://naiastats.prestosports.com/sports/bsb/2024-25/teams/iukokomo,naiastats.prestosports.com,iu kokomo,false,false,true,0,0,0,0,0,0,0,0,NEEDS_REVIEW,NEEDS_REVIEW,2026-05-08T14:20:58.567Z,2026-05-08T14:20:58.567Z
cmovlhv8y008iqt202oxtjxdl,IUP,iup,Indiana,Pennsylvania,,,cmovlhv9n008kqt20t2kg4khm,NCAA_D2,PSAC,,,iup,false,false,false,0,0,0,0,0,0,0,0,NEEDS_REVIEW,NEEDS_REVIEW,2026-05-07T14:42:23.218Z,2026-05-07T15:06:26.991Z
cmox2377j005iqtfklxcbxnrb,Illinois Central College,illinois-central-college,,IL,,,cmox23788005kqtfkjxoc69xz,NJCAA_D2,Region 24,https://njcaastats.prestosports.com/sports/bsb/2024-25/div2/teams/illinoiscentralcollege,njcaastats.prestosports.com,illinois central,false,false,true,0,0,0,0,0,0,0,0,NEEDS_REVIEW,NEEDS_REVIEW,2026-05-08T15:14:38.527Z,2026-05-08T15:14:38.527Z
cmovorqz800arqt7g2eyh2tp1,Illinois College,illinois-college,,IL,,,cmovorqzy00atqt7g9u84b2qf,NCAA_D3,Midwest Conference,https://www.illinoiscollegeathletics.com/,illinoiscollegeathletics.com,illinois,false,false,true,0,0,0,0,0,0,0,0,NEEDS_REVIEW,NEEDS_REVIEW,2026-05-07T16:14:03.092Z,2026-05-07T16:14:03.092Z
cmovorr0n00auqt7ghvxwat25,Illinois Institute of Technology,illinois-institute-of-technology,,IL,,,cmovorr1f00awqt7gzrwlwcry,NCAA_D3,Northern Athletics Collegiate Conference,https://www.illinoistechathletics.com,illinoistechathletics.com,illinois institute technology,false,false,true,0,0,0,0,0,0,0,0,NEEDS_REVIEW,NEEDS_REVIEW,2026-05-07T16:14:03.144Z,2026-05-07T16:14:03.144Z
cmou7wke000hcqt5sqqhjpdb9,Illinois State University,illinois-state-university,Normal,IL,,,cmou7wkeo00heqt5sc53q9gdn,NCAA_D1,Missouri Valley,https://goredbirds.com/sports/baseball,goredbirds.com,illinois state,false,true,true,4,0,0,0,0,0,0,0,NEEDS_REVIEW,UNVERIFIED,2026-05-06T15:34:08.184Z,2026-05-06T17:26:16.737Z
cmox2378w005lqtfkywoaesrx,Illinois Valley Community College,illinois-valley-community-college,,IL,,,cmox2379m005nqtfkzd1qmx7q,NJCAA_D2,Region 4,https://njcaastats.prestosports.com/sports/bsb/2024-25/div2/teams/illinoisvalleycommunitycollege,njcaastats.prestosports.com,illinois valley community,false,false,true,0,0,0,0,0,0,0,0,NEEDS_REVIEW,NEEDS_REVIEW,2026-05-08T15:14:38.577Z,2026-05-08T15:14:38.577Z
cmovorr2700axqt7gil3clmy4,Illinois Wesleyan University,illinois-wesleyan-university,,IL,,,cmovorr2x00azqt7gvhv7svgl,NCAA_D3,College Conference of Illinois & Wisconsin,https://www.iwusports.com,iwusports.com,illinois wesleyan,false,false,true,0,0,0,0,0,0,0,0,NEEDS_REVIEW,NEEDS_REVIEW,2026-05-07T16:14:03.199Z,2026-05-07T16:14:03.199Z
cmovorr3m00b0qt7g5wc8gzcs,Immaculata University,immaculata-university,,PA,,,cmovorr4c00b2qt7gaejnw7n0,NCAA_D3,Atlantic East Conference,https://www.gomightymacs.com,gomightymacs.com,immaculata,false,false,true,0,0,0,0,0,0,0,0,NEEDS_REVIEW,NEEDS_REVIEW,2026-05-07T16:14:03.250Z,2026-05-29T16:24:18.745Z
cmox1ghcd0056qtsgvfgyb4k7,Indian Hills Community College,indian-hills-community-college,,IA,,,cmox1ghd10058qtsg4849kxz9,NJCAA_D1,Region 11,https://njcaastats.prestosports.com/sports/bsb/2024-25/div1/teams/indianhillscommunitycollege,njcaastats.prestosports.com,indian hills community,false,false,true,0,0,0,0,0,0,0,0,NEEDS_REVIEW,NEEDS_REVIEW,2026-05-08T14:56:58.573Z,2026-05-08T14:56:58.573Z
cmox1ghdt0059qtsg1nv7poph,Indian River State College,indian-river-state-college,,FL,,,cmox1ghej005bqtsg5a61nzcp,NJCAA_D1,Region 8,https://njcaastats.prestosports.com/sports/bsb/2024-25/div1/teams/indianriverstatecollege,njcaastats.prestosports.com,indian river state,false,false,true,0,0,0,0,0,0,0,0,NEEDS_REVIEW,NEEDS_REVIEW,2026-05-08T14:56:58.625Z,2026-05-08T14:56:58.625Z
cmox066hf005oqtgcambkvktk,Indiana South Bend,indiana-south-bend,,IN,,,cmox066i3005qqtgcyzzryjxa,NAIA,Chicagoland Collegiate Athletic Conference,https://naiastats.prestosports.com/sports/bsb/2024-25/teams/indianasouthbend,naiastats.prestosports.com,indiana south bend,false,false,true,0,0,0,0,0,0,0,0,NEEDS_REVIEW,NEEDS_REVIEW,2026-05-08T14:20:58.324Z,2026-05-08T14:20:58.324Z
cmox066is005rqtgc1k2001tz,Indiana Southeast,indiana-southeast,,IN,,,cmox066jh005tqtgcghn0tck4,NAIA,River States Conference,https://naiastats.prestosports.com/sports/bsb/2024-25/teams/indianasoutheast,naiastats.prestosports.com,indiana southeast,false,false,true,0,0,0,0,0,0,0,0,NEEDS_REVIEW,NEEDS_REVIEW,2026-05-08T14:20:58.372Z,2026-05-08T14:20:58.372Z
cmou7wkff00hfqt5sve6yzh1q,Indiana State University,indiana-state-university,Terre Haute,IN,,,cmou7wkg500hhqt5skxa5byu1,NCAA_D1,Missouri Valley,https://gosycamores.com/sports/baseball,gosycamores.com,indiana state,false,true,true,4,0,0,0,0,0,0,0,NEEDS_REVIEW,UNVERIFIED,2026-05-06T15:34:08.235Z,2026-05-06T17:26:16.787Z
cmox066k7005uqtgc83tqxsn0,Indiana Tech,indiana-tech,,IN,,,cmox066kw005wqtgcq01rnvfs,NAIA,Wolverine-Hoosier Athletic Conference,https://naiastats.prestosports.com/sports/bsb/2024-25/teams/indianatech,naiastats.prestosports.com,indiana tech,false,false,true,0,0,0,0,0,0,0,0,NEEDS_REVIEW,NEEDS_REVIEW,2026-05-08T14:20:58.423Z,2026-05-08T14:20:58.423Z
cmoss3ude002rqtaoztf1hdin,Indiana University,indiana-university,Bloomington,IN,,,cmoss3ue6002tqtaoogo4t1i5,NCAA_D1,,https://iuhoosiers.com/sports/baseball,iuhoosiers.com,indiana,false,true,true,4,0,0,0,0,0,0,0,NEEDS_REVIEW,NEEDS_REVIEW,2026-05-05T15:24:07.683Z,2026-07-23T19:46:14.523Z
cmox066lk005xqtgctz7oerky,Indiana Wesleyan,indiana-wesleyan,,IN,,,cmox066m6005zqtgcfc8lnz5r,NAIA,Crossroads League,https://naiastats.prestosports.com/sports/bsb/2024-25/teams/indianawesleyanin,naiastats.prestosports.com,indiana wesleyan,false,false,true,0,0,0,0,0,0,0,0,NEEDS_REVIEW,NEEDS_REVIEW,2026-05-08T14:20:58.472Z,2026-05-08T14:20:58.472Z
cmovlhv7k008fqt20n34keoq5,Indianapolis,indianapolis,Indianapolis,Indiana,,,cmovlhv89008hqt20tlyunm1o,NCAA_D2,GLVC,,,indianapolis,false,false,false,0,0,0,0,0,0,0,0,NEEDS_REVIEW,NEEDS_REVIEW,2026-05-07T14:42:23.168Z,2026-05-07T15:06:26.938Z
cmrxrdwgj001cqtx02229j520,Iona University,iona-university,New Rochelle,NY,NCAA_D1,,cmrxrdwgj001dqtx07c74syg6,NCAA_D1,,https://ionagaels.com/sports/baseball,ionagaels.com,iona,true,true,true,0,0,0,0,0,0,0,0,NEEDS_REVIEW,NEEDS_REVIEW,2026-07-23T17:01:55.219Z,2026-07-23T19:55:49.390Z
cmox237ad005oqtfkd0s85n5f,Iowa Central Community College,iowa-central-community-college,,IA,,,cmox237b3005qqtfk1jeua2pa,NJCAA_D2,Region 11,https://njcaastats.prestosports.com/sports/bsb/2024-25/div2/teams/iowacentralcommunitycollege,njcaastats.prestosports.com,iowa central community,false,false,true,0,0,0,0,0,0,0,0,NEEDS_REVIEW,NEEDS_REVIEW,2026-05-08T15:14:38.629Z,2026-05-08T15:14:38.629Z
cmox237bs005rqtfkm2tjatrt,Iowa Lakes Community College,iowa-lakes-community-college,,IA,,,cmox237ci005tqtfkejyumygk,NJCAA_D2,Region 11,https://njcaastats.prestosports.com/sports/bsb/2024-25/div2/teams/iowalakescommunitycollege,njcaastats.prestosports.com,iowa lakes community,false,false,true,0,0,0,0,0,0,0,0,NEEDS_REVIEW,NEEDS_REVIEW,2026-05-08T15:14:38.681Z,2026-05-08T15:14:38.681Z
cmosun0gl005iqtlg3rsb1jga,Iowa State University,iowa-state-university,Ames,IA,,,,,,,iastate.edu,iowa state,false,false,false,0,0,0,0,0,0,0,0,NEEDS_REVIEW,,2026-05-05T16:35:01.269Z,2026-05-06T17:26:09.655Z
cmox1ghf7005cqtsgi7e8tk0s,Iowa Western Community College,iowa-western-community-college,,IA,,,cmox1ghfx005eqtsge94u5si4,NJCAA_D1,Region 11,https://njcaastats.prestosports.com/sports/bsb/2024-25/div1/teams/iowawesterncommunitycollege,njcaastats.prestosports.com,iowa western community,false,false,true,0,0,0,0,0,0,0,0,NEEDS_REVIEW,NEEDS_REVIEW,2026-05-08T14:56:58.676Z,2026-05-08T14:56:58.676Z
cmox237d8005uqtfkbxa00o4x,Itawamba Community College,itawamba-community-college,,MS,,,cmox237dx005wqtfklwa53dh3,NJCAA_D2,Region 23,https://njcaastats.prestosports.com/sports/bsb/2024-25/div2/teams/itawambacommunitycollege,njcaastats.prestosports.com,itawamba community,false,false,true,0,0,0,0,0,0,0,0,NEEDS_REVIEW,NEEDS_REVIEW,2026-05-08T15:14:38.733Z,2026-05-08T15:14:38.733Z
cmovorr5500b3qt7gyxz64oa8,Ithaca College,ithaca-college,,NY,,,cmovorr5w00b5qt7g73ai11qn,NCAA_D3,Liberty League,https://athletics.ithaca.edu,athletics.ithaca.edu,ithaca,false,false,true,0,0,0,0,0,0,0,0,NEEDS_REVIEW,NEEDS_REVIEW,2026-05-07T16:14:03.305Z,2026-05-07T16:14:03.305Z
cmox237em005xqtfkv4mpr20b,Jackson College,jackson-college,,MI,,,cmox237fb005zqtfkqd6vucnq,NJCAA_D2,Region 12,https://njcaastats.prestosports.com/sports/bsb/2024-25/div2/teams/jacksoncollege,njcaastats.prestosports.com,jackson,false,false,true,0,0,0,0,0,0,0,0,NEEDS_REVIEW,NEEDS_REVIEW,2026-05-08T15:14:38.782Z,2026-05-08T15:14:38.782Z
cmox1ghgl005fqtsgtp091ny4,Jackson State Community College,jackson-state-community-college,,TN,,,cmox1ghh9005hqtsgem7acyvl,NJCAA_D1,Region 7,https://njcaastats.prestosports.com/sports/bsb/2024-25/div1/teams/jacksonstatecommunitycollege,njcaastats.prestosports.com,jackson state community,false,false,true,0,0,0,0,0,0,0,0,NEEDS_REVIEW,NEEDS_REVIEW,2026-05-08T14:56:58.725Z,2026-05-08T14:56:58.725Z
cmou8bked00n0qtuwpp2lpp75,Jackson State University,jackson-state-university,Jackson,MS,,,cmou8bkf300n2qtuwklvjxrw9,NCAA_D1,SWAC,https://gojsutigers.com/sports/baseball,gojsutigers.com,jackson state,false,true,true,4,0,0,0,0,0,0,0,NEEDS_REVIEW,UNVERIFIED,2026-05-06T15:45:48.037Z,2026-05-06T17:26:20.827Z
cmou74g4y00cxqtbo8mt66c5s,Jacksonville State University,jacksonville-state-university,Jacksonville,AL,,,cmou74g5m00czqtbo27ri2tut,NCAA_D1,Conference USA,https://jsugamecocksports.com/sports/baseball,jsugamecocksports.com,jacksonville state,false,true,true,4,0,0,0,0,0,0,0,NEEDS_REVIEW,NEEDS_REVIEW,2026-05-06T15:12:16.306Z,2026-05-29T16:24:11.468Z
cmou692c9009rqt1gyfzu2me9,Jacksonville University,jacksonville-university,Jacksonville,FL,,,cmou692cy009tqt1gvkh1u2u0,NCAA_D1,,https://judolphins.com/sports/baseball,judolphins.com,jacksonville,false,true,true,4,0,0,0,0,0,0,0,NEEDS_REVIEW,NEEDS_REVIEW,2026-05-06T14:47:52.089Z,2026-07-23T19:46:10.275Z
cmorirvnh0020qtm0zmpqk8ha,James Madison University,james-madison-university,Harrisonburg,VA,,,cmorirvo80022qtm0v8nc60z1,NCAA_D1,Sun Belt,https://jmusports.com/sports/baseball,jmusports.com,james madison,false,true,true,4,0,0,0,0,0,0,0,NEEDS_REVIEW,UNVERIFIED,2026-05-04T18:15:06.749Z,2026-05-06T17:26:20.144Z
cmovlhvad008lqt20v64qa5f4,Jamestown,jamestown,Jamestown,N.D.,,,cmovlhvb2008nqt20ovswvx3p,NAIA,North Star Athletic Association,https://naiastats.prestosports.com/sports/bsb/2024-25/teams/jamestown,naiastats.prestosports.com,jamestown,false,false,true,0,0,0,0,0,0,0,0,NEEDS_REVIEW,NEEDS_REVIEW,2026-05-07T14:42:23.269Z,2026-05-08T14:20:58.616Z
cmox2o1w7002xqtbk8uk911g1,Jamestown Community College,jamestown-community-college,,NY,,,cmox2o1wy002zqtbki0n6h317,NJCAA_D3,Region 3,https://njcaastats.prestosports.com/sports/bsb/2024-25/div3/teams/jamestowncommunitycollege,njcaastats.prestosports.com,jamestown community,false,false,true,0,0,0,0,0,0,0,0,NEEDS_REVIEW,NEEDS_REVIEW,2026-05-08T15:30:51.415Z,2026-05-08T15:30:51.415Z
cmox066qy0069qtgco1avrdjp,Jarvis Christian,jarvis-christian,,TX,,,cmox066rl006bqtgcp8ia4wyg,NAIA,Red River Athletic Conference,https://naiastats.prestosports.com/sports/bsb/2024-25/teams/jarvischristian,naiastats.prestosports.com,jarvis christian,false,false,true,0,0,0,0,0,0,0,0,NEEDS_REVIEW,NEEDS_REVIEW,2026-05-08T14:20:58.666Z,2026-05-08T14:20:58.666Z
cmovlhvbq008oqt20tvfszb7x,Jefferson,jefferson,Philadelphia,Pennsylvania,,,cmovlhvce008qqt20jevk0wqk,NCAA_D2,CACC,,,jefferson,false,false,false,0,0,0,0,0,0,0,0,NEEDS_REVIEW,NEEDS_REVIEW,2026-05-07T14:42:23.319Z,2026-05-07T15:06:27.098Z
cmox1ghhz005iqtsg6n46ykur,Jefferson College,jefferson-college,,MO,,,cmox1ghip005kqtsg1sl9mha2,NJCAA_D1,Region 16,https://njcaastats.prestosports.com/sports/bsb/2024-25/div1/teams/jeffersoncollege,njcaastats.prestosports.com,jefferson,false,false,true,0,0,0,0,0,0,0,0,NEEDS_REVIEW,NEEDS_REVIEW,2026-05-08T14:56:58.775Z,2026-05-08T14:56:58.775Z
cmox2o1xq0030qtbk6hyoayko,Jefferson Community College,jefferson-community-college,,NY,,,cmox2o1yh0032qtbkmnxri72u,NJCAA_D3,Region 3,https://njcaastats.prestosports.com/sports/bsb/2024-25/div3/teams/jeffersoncommunitycollege,njcaastats.prestosports.com,jefferson community,false,false,true,0,0,0,0,0,0,0,0,NEEDS_REVIEW,NEEDS_REVIEW,2026-05-08T15:30:51.471Z,2026-05-08T15:30:51.471Z
cmovlhvd3008rqt20ufddfexs,Jessup,jessup,Rocklin,California,,,cmovlhvdr008tqt205mzwyjtz,NCAA_D2,PacWest,,,jessup,false,false,false,0,0,0,0,0,0,0,0,NEEDS_REVIEW,NEEDS_REVIEW,2026-05-07T14:42:23.368Z,2026-05-07T15:06:27.151Z
cmox1ghje005lqtsg4nodsmwp,John A. Logan College,john-a-logan-college,,IL,,,cmox1ghk2005nqtsggbp6p1gl,NJCAA_D1,Region 24,https://njcaastats.prestosports.com/sports/bsb/2024-25/div1/teams/johnalogancollege,njcaastats.prestosports.com,john a logan,false,false,true,0,0,0,0,0,0,0,0,NEEDS_REVIEW,NEEDS_REVIEW,2026-05-08T14:56:58.826Z,2026-05-08T14:56:58.826Z
cmovorr6o00b6qt7gb7bh77mx,John Carroll University,john-carroll-university,,OH,,,cmovorr7f00b8qt7g6x48r37y,NCAA_D3,North Coast Athletic Conference,https://www.jcusports.com,jcusports.com,john carroll,false,false,true,0,0,0,0,0,0,0,0,NEEDS_REVIEW,NEEDS_REVIEW,2026-05-07T16:14:03.360Z,2026-05-07T16:14:03.360Z
cmovorr8500b9qt7ggiams4zk,John Jay College of Criminal Justice,john-jay-college-of-criminal-justice,,NY,,,cmovorr8v00bbqt7g7ljgnyd7,NCAA_D3,City University of New York Athletic Conference,https://www.johnjayathletics.com,johnjayathletics.com,john jay criminal justice,false,false,true,0,0,0,0,0,0,0,0,NEEDS_REVIEW,NEEDS_REVIEW,2026-05-07T16:14:03.414Z,2026-05-07T16:14:03.414Z
cmox237g00060qtfk2jqa1z49,John Wood Community College,john-wood-community-college,,IL,,,cmox237gp0062qtfktrva6ycl,NJCAA_D2,Region 24,https://njcaastats.prestosports.com/sports/bsb/2024-25/div2/teams/johnwoodcommunitycollege,njcaastats.prestosports.com,john wood community,false,false,true,0,0,0,0,0,0,0,0,NEEDS_REVIEW,NEEDS_REVIEW,2026-05-08T15:14:38.832Z,2026-05-08T15:14:38.832Z
cmovorr9m00bcqt7g50s195x7,Johns Hopkins University,johns-hopkins-university,,MD,,,cmovorrad00beqt7gopj7cljt,NCAA_D3,Centennial Conference,https://www.hopkinssports.com,hopkinssports.com,johns hopkins,false,false,true,0,0,0,0,0,0,0,0,NEEDS_REVIEW,NEEDS_REVIEW,2026-05-07T16:14:03.466Z,2026-05-07T16:14:03.466Z
cmowzs0mz003rqt4w9dtclhuh,Johnson,johnson,,TN,,,cmowzs0nq003tqt4wtyvsyna9,NAIA,Appalachian Athletic Conference,https://naiastats.prestosports.com/sports/bsb/2024-25/teams/johnsontn,naiastats.prestosports.com,johnson,false,false,true,0,0,0,0,0,0,0,0,NEEDS_REVIEW,NEEDS_REVIEW,2026-05-08T14:09:57.563Z,2026-05-08T14:20:58.715Z
cmovorrb400bfqt7g2ssftie0,Johnson & Wales University (Providence),johnson-and-wales-university-providence,,RI,,,cmovorrbu00bhqt7galpejn7g,NCAA_D3,Conference of New England,https://providence.jwuathletics.com,providence.jwuathletics.com,johnson and wales providence,false,false,true,0,0,0,0,0,0,0,0,NEEDS_REVIEW,NEEDS_REVIEW,2026-05-07T16:14:03.520Z,2026-05-07T16:14:03.520Z
cmovorrcl00biqt7g3ozaeolh,Johnson & Wales University Charlotte,johnson-and-wales-university-charlotte,,NC,,,cmovorrdk00bkqt7gxw8ty3b9,NCAA_D3,Coast-To-Coast Athletic Conference,https://charlotte.jwuathletics.com/,charlotte.jwuathletics.com,johnson and wales charlotte,false,false,true,0,0,0,0,0,0,0,0,NEEDS_REVIEW,NEEDS_REVIEW,2026-05-07T16:14:03.573Z,2026-05-07T16:14:03.573Z
cmox1ghkq005oqtsgk5vbmhcv,Johnson County Community College,johnson-county-community-college,,KS,,,cmox1ghlk005qqtsgeovgi8gx,NJCAA_D1,Region 6,https://njcaastats.prestosports.com/sports/bsb/2024-25/div1/teams/johnsoncountycommunitycollege,njcaastats.prestosports.com,johnson county community,false,false,true,0,0,0,0,0,0,0,0,NEEDS_REVIEW,NEEDS_REVIEW,2026-05-08T14:56:58.874Z,2026-05-08T14:56:58.874Z
cmox2o1z70033qtbkgqy78515,Joliet Junior College,joliet-junior-college,,IL,,,cmox2o1zw0035qtbkabq5foda,NJCAA_D3,Region 4,https://njcaastats.prestosports.com/sports/bsb/2024-25/div3/teams/jolietjuniorcollege,njcaastats.prestosports.com,joliet junior,false,false,true,0,0,0,0,0,0,0,0,NEEDS_REVIEW,NEEDS_REVIEW,2026-05-08T15:30:51.524Z,2026-05-08T15:30:51.524Z
cmox237hc0063qtfk9scdv1l9,Jones College,jones-college,,MS,,,cmox237i10065qtfkal7pzywa,NJCAA_D2,Region 23,https://njcaastats.prestosports.com/sports/bsb/2024-25/div2/teams/jonescollege,njcaastats.prestosports.com,jones,false,false,true,0,0,0,0,0,0,0,0,NEEDS_REVIEW,NEEDS_REVIEW,2026-05-08T15:14:38.880Z,2026-05-08T15:14:38.880Z
cmowzs0og003uqt4womnogrq7,Judson,judson,,IL,,,cmowzs0p6003wqt4wdp0ghdk1,NAIA,Chicagoland Collegiate Athletic Conference,https://naiastats.prestosports.com/sports/bsb/2024-25/teams/judsonil,naiastats.prestosports.com,judson,false,false,true,0,0,0,0,0,0,0,0,NEEDS_REVIEW,NEEDS_REVIEW,2026-05-08T14:09:57.616Z,2026-05-08T14:20:58.765Z
cmovorrec00blqt7gkf1fbm6r,Juniata College,juniata-college,,PA,,,cmovorrf200bnqt7gohvb2txw,NCAA_D3,Landmark Conference,https://www.juniatasports.net,juniatasports.net,juniata,false,false,true,0,0,0,0,0,0,0,0,NEEDS_REVIEW,NEEDS_REVIEW,2026-05-07T16:14:03.636Z,2026-05-07T16:14:03.636Z
cmovorrft00boqt7gsrvtk2b6,Kalamazoo College,kalamazoo-college,,MI,,,cmovorrgj00bqqt7g5rk3e1xe,NCAA_D3,Michigan Intercollegiate Athletic Association,https://hornets.kzoo.edu/landing/index/,hornets.kzoo.edu,kalamazoo,false,false,true,0,0,0,0,0,0,0,0,NEEDS_REVIEW,NEEDS_REVIEW,2026-05-07T16:14:03.689Z,2026-05-07T16:14:03.689Z
cmox237it0066qtfk4cdsi2u8,Kalamazoo Valley Community College,kalamazoo-valley-community-college,,MI,,,cmox237jj0068qtfk9swdkguw,NJCAA_D2,Region 12,https://njcaastats.prestosports.com/sports/bsb/2024-25/div2/teams/kalamazoovalleycommunitycollege,njcaastats.prestosports.com,kalamazoo valley community,false,false,true,0,0,0,0,0,0,0,0,NEEDS_REVIEW,NEEDS_REVIEW,2026-05-08T15:14:38.934Z,2026-05-08T15:14:38.934Z
cmox237k80069qtfkne4wbkhy,Kankakee Community College,kankakee-community-college,,IL,,,cmox237kx006bqtfk2abho3qu,NJCAA_D2,Region 4,https://njcaastats.prestosports.com/sports/bsb/2024-25/div2/teams/kankakeecommunitycollege,njcaastats.prestosports.com,kankakee community,false,false,true,0,0,0,0,0,0,0,0,NEEDS_REVIEW,NEEDS_REVIEW,2026-05-08T15:14:38.984Z,2026-05-08T15:14:38.984Z
cmox1ghma005rqtsgx03ukllp,Kansas City Kansas Community College,kansas-city-kansas-community-college,,KS,,,cmox1ghmx005tqtsggwqy0zvg,NJCAA_D1,Region 6,https://njcaastats.prestosports.com/sports/bsb/2024-25/div1/teams/kansascitykansascommunitycollege,njcaastats.prestosports.com,kansas city kansas community,false,false,true,0,0,0,0,0,0,0,0,NEEDS_REVIEW,NEEDS_REVIEW,2026-05-08T14:56:58.930Z,2026-05-08T14:56:58.930Z
cmosun069004uqtlgldcwzyyz,Kansas State University,kansas-state-university,Manhattan,KS,,,cmosun06w004wqtlghra8useq,NCAA_D1,,https://www.kstatesports.com/sports/baseball,kstatesports.com,kansas state,false,true,true,4,0,0,0,0,0,0,0,NEEDS_REVIEW,NEEDS_REVIEW,2026-05-05T16:35:00.897Z,2026-07-23T19:46:12.129Z
cmox066v1006iqtgcllhmn9xz,Kansas Wesleyan,kansas-wesleyan,,KS,,,cmox066vp006kqtgchtezecjc,NAIA,Kansas Collegiate Athletic Conference,https://naiastats.prestosports.com/sports/bsb/2024-25/teams/kansaswesleyan,naiastats.prestosports.com,kansas wesleyan,false,false,true,0,0,0,0,0,0,0,0,NEEDS_REVIEW,NEEDS_REVIEW,2026-05-08T14:20:58.813Z,2026-05-08T14:20:58.813Z
cmox1ghnl005uqtsgfdpl5rhv,Kaskaskia College,kaskaskia-college,,IL,,,cmox1gho8005wqtsggor8929n,NJCAA_D1,Region 24,https://njcaastats.prestosports.com/sports/bsb/2024-25/div1/teams/kaskaskiacollege,njcaastats.prestosports.com,kaskaskia,false,false,true,0,0,0,0,0,0,0,0,NEEDS_REVIEW,NEEDS_REVIEW,2026-05-08T14:56:58.977Z,2026-05-08T14:56:58.977Z
cmovorrhb00brqt7g38aww4ys,Kean University,kean-university,,NJ,,,cmovorri400btqt7gp1ah73f5,NCAA_D3,New Jersey Athletic Conference,https://www.keanathletics.com,keanathletics.com,kean,false,false,true,0,0,0,0,0,0,0,0,NEEDS_REVIEW,NEEDS_REVIEW,2026-05-07T16:14:03.743Z,2026-05-07T16:14:03.743Z
cmovorrit00buqt7ghdtvrges,Keene State College,keene-state-college,,NH,,,cmovorrjh00bwqt7g48a92w56,NCAA_D3,Little East Conference,https://www.keeneowls.com,keeneowls.com,keene state,false,false,true,0,0,0,0,0,0,0,0,NEEDS_REVIEW,NEEDS_REVIEW,2026-05-07T16:14:03.797Z,2026-05-07T16:14:03.797Z
cmowzs0py003xqt4w2b5x3mjw,Keiser,keiser,,FLA.,,,cmowzs0qr003zqt4wnm194jr2,NAIA,The Sun Conference,https://naiastats.prestosports.com/sports/bsb/2024-25/teams/keiser,naiastats.prestosports.com,keiser,false,false,true,0,0,0,0,0,0,0,0,NEEDS_REVIEW,NEEDS_REVIEW,2026-05-08T14:09:57.670Z,2026-05-08T14:20:58.860Z
cmox237ln006cqtfk96h84b7x,Kellogg Community College,kellogg-community-college,,MI,,,cmox237mc006eqtfk5fy685jx,NJCAA_D2,Region 12,https://njcaastats.prestosports.com/sports/bsb/2024-25/div2/teams/kelloggcommunitycollege,njcaastats.prestosports.com,kellogg community,false,false,true,0,0,0,0,0,0,0,0,NEEDS_REVIEW,NEEDS_REVIEW,2026-05-08T15:14:39.035Z,2026-05-08T15:14:39.035Z
cmox1ghox005xqtsgv7iad95e,Kennedy-King College,kennedy-king-college,,IL,,,cmox1ghpn005zqtsg60uukbcc,NJCAA_D1,Region 4,https://njcaastats.prestosports.com/sports/bsb/2024-25/div1/teams/kennedykingcollege,njcaastats.prestosports.com,kennedy king,false,false,true,0,0,0,0,0,0,0,0,NEEDS_REVIEW,NEEDS_REVIEW,2026-05-08T14:56:59.025Z,2026-05-08T14:56:59.025Z
cmorirvat001cqtm0g8f0pvoh,Kennesaw State University,kennesaw-state-university,Kennesaw,GA,,,cmorirvc4001eqtm05q6w6boq,NCAA_D1,Conference USA,https://ksuowls.com/sports/baseball,ksuowls.com,kennesaw state,false,true,true,4,0,0,0,0,0,0,0,NEEDS_REVIEW,NEEDS_REVIEW,2026-05-04T18:15:06.293Z,2026-05-29T16:24:11.557Z
cmou7skkk00g3qtagy6vhez1y,Kent State University,kent-state-university,Kent,OH,,,cmou7skla00g5qtagy804ec2z,NCAA_D1,MAC,https://kentstatesports.com/sports/baseball,kentstatesports.com,kent state,false,true,true,4,0,0,0,0,0,0,0,NEEDS_REVIEW,NEEDS_REVIEW,2026-05-06T15:31:01.796Z,2026-05-29T16:24:14.880Z
cmox066xq006oqtgc1hw3zms8,Kentucky Christian,kentucky-christian,,KY,,,cmox066yg006qqtgct3zks1ra,NAIA,Appalachian Athletic Conference,https://naiastats.prestosports.com/sports/bsb/2024-25/teams/kentuckychristian,naiastats.prestosports.com,kentucky christian,false,false,true,0,0,0,0,0,0,0,0,NEEDS_REVIEW,NEEDS_REVIEW,2026-05-08T14:20:58.910Z,2026-05-08T14:20:58.910Z
cmovlhveh008uqt20g1j51j3l,Kentucky State,kentucky-state,Frankfort,Kentucky,,,cmovlhvf7008wqt20dn0i8lzc,NCAA_D2,SIAC,,,kentucky state,false,false,false,0,0,0,0,0,0,0,0,NEEDS_REVIEW,NEEDS_REVIEW,2026-05-07T14:42:23.417Z,2026-05-07T15:06:27.206Z
cmovlhvfx008xqt20ru3022gf,Kentucky Wesleyan,kentucky-wesleyan,Owensboro,Kentucky,,,cmovlhvgl008zqt20kt9lbr2p,NCAA_D2,G-MAC,,,kentucky wesleyan,false,false,false,0,0,0,0,0,0,0,0,NEEDS_REVIEW,NEEDS_REVIEW,2026-05-07T14:42:23.469Z,2026-05-07T15:06:27.259Z
cmovorrk900bxqt7gwu0fslf5,Kenyon College,kenyon-college,,OH,,,cmovorrkz00bzqt7glllrphho,NCAA_D3,North Coast Athletic Conference,https://athletics.kenyon.edu,athletics.kenyon.edu,kenyon,false,false,true,0,0,0,0,0,0,0,0,NEEDS_REVIEW,NEEDS_REVIEW,2026-05-07T16:14:03.849Z,2026-05-07T16:14:03.849Z
cmovorrlp00c0qt7g7w3dih3w,Keuka College,keuka-college,,NY,,,cmovorrme00c2qt7g8stuh5dk,NCAA_D3,Empire 8,https://www.keukaathletics.com,keukaathletics.com,keuka,false,false,true,0,0,0,0,0,0,0,0,NEEDS_REVIEW,NEEDS_REVIEW,2026-05-07T16:14:03.901Z,2026-05-07T16:14:03.901Z
cmovorrn600c3qt7gy0hpna87,Keystone College,keystone-college,,PA,,,cmovorrny00c5qt7gg6bqrew6,NCAA_D3,United East Conference,https://www.gokcgiants.com,gokcgiants.com,keystone,false,false,true,0,0,0,0,0,0,0,0,NEEDS_REVIEW,NEEDS_REVIEW,2026-05-07T16:14:03.954Z,2026-05-07T16:14:03.954Z
cmovlhvhb0090qt200srjtjgi,King,king,Bristol,Tennessee,,,cmovlhvi10092qt20kx9jdnvd,NCAA_D2,Carolinas,,,king,false,false,false,0,0,0,0,0,0,0,0,NEEDS_REVIEW,NEEDS_REVIEW,2026-05-07T14:42:23.519Z,2026-05-07T15:06:27.312Z
cmovorroo00c6qt7gq91ntim0,King's College (Pennsylvania),king-s-college-pennsylvania,,PA,,,cmovorrpe00c8qt7gb1ftbr4r,NCAA_D3,Middle Atlantic Conferences,https://www.kings.edu/athletics,kings.edu,king s pennsylvania,false,false,true,0,0,0,0,0,0,0,0,NEEDS_REVIEW,NEEDS_REVIEW,2026-05-07T16:14:04.008Z,2026-05-07T16:14:04.008Z
cmox2o20l0036qtbktb8b86z7,Kingsborough Community College,kingsborough-community-college,,NY,,,cmox2o21a0038qtbks2m0pz2r,NJCAA_D3,Region 15,https://njcaastats.prestosports.com/sports/bsb/2024-25/div3/teams/kingsboroughcommunitycollege,njcaastats.prestosports.com,kingsborough community,false,false,true,0,0,0,0,0,0,0,0,NEEDS_REVIEW,NEEDS_REVIEW,2026-05-08T15:30:51.574Z,2026-05-08T15:30:51.574Z
cmox237n2006fqtfkgzdykizj,Kirkwood Community College,kirkwood-community-college,,IA,,,cmox237nr006hqtfkvx0gzmhh,NJCAA_D2,Region 11,https://njcaastats.prestosports.com/sports/bsb/2024-25/div2/teams/kirkwoodcommunitycollege,njcaastats.prestosports.com,kirkwood community,false,false,true,0,0,0,0,0,0,0,0,NEEDS_REVIEW,NEEDS_REVIEW,2026-05-08T15:14:39.086Z,2026-05-08T15:14:39.086Z
cmox1ghqc0060qtsggpuqzmtv,Kishwaukee College,kishwaukee-college,,IL,,,cmox1ghr00062qtsgvuvf0c4l,NJCAA_D1,Region 4,https://njcaastats.prestosports.com/sports/bsb/2024-25/div1/teams/kishwaukeecollege,njcaastats.prestosports.com,kishwaukee,false,false,true,0,0,0,0,0,0,0,0,NEEDS_REVIEW,NEEDS_REVIEW,2026-05-08T14:56:59.076Z,2026-05-08T14:56:59.076Z
cmovorrq500c9qt7g1uq9vc7j,Knox College,knox-college,,IL,,,cmovorrqv00cbqt7gl9g00734,NCAA_D3,Midwest Conference,https://prairiefire.knox.edu,prairiefire.knox.edu,knox,false,false,true,0,0,0,0,0,0,0,0,NEEDS_REVIEW,NEEDS_REVIEW,2026-05-07T16:14:04.061Z,2026-05-07T16:14:04.061Z
cmovlhvis0093qt200zxi4ocb,Kutztown,kutztown,Kutztown,Pennsylvania,,,cmovlhvjh0095qt20grqzzcim,NCAA_D2,PSAC,,,kutztown,false,false,false,0,0,0,0,0,0,0,0,NEEDS_REVIEW,NEEDS_REVIEW,2026-05-07T14:42:23.572Z,2026-05-07T15:06:27.367Z
cmou7zwdt00j9qt182aa9w7js,LIU,liu,Brookville,NY,,,cmou7zwek00jbqt1882s0u4lt,NCAA_D1,Northeast Conference,https://www.liuathletics.com/sports/baseball,liuathletics.com,liu,false,true,true,0,0,0,0,0,0,0,0,NEEDS_REVIEW,UNVERIFIED,2026-05-06T15:36:43.697Z,2026-05-06T17:26:17.921Z
cmowzs0uo0046qt4wfr3hrw5d,LSU Alexandria,lsu-alexandria,,LA.,,,cmowzs0ve0048qt4wqhs864vb,NAIA,Red River Athletic Conference,https://naiastats.prestosports.com/sports/bsb/2024-25/teams/lsualexandria,naiastats.prestosports.com,lsu alexandria,false,false,true,0,0,0,0,0,0,0,0,NEEDS_REVIEW,NEEDS_REVIEW,2026-05-08T14:09:57.841Z,2026-05-08T14:20:59.297Z
cmowzs0w50049qt4wzavead73,LSU Shreveport,lsu-shreveport,,LA.,,,cmowzs0wt004bqt4w74nprpxc,NAIA,Red River Athletic Conference,https://naiastats.prestosports.com/sports/bsb/2024-25/teams/lsushreveport,naiastats.prestosports.com,lsu shreveport,false,false,true,0,0,0,0,0,0,0,0,NEEDS_REVIEW,NEEDS_REVIEW,2026-05-08T14:09:57.893Z,2026-05-08T14:20:59.345Z
cmovorrrm00ccqt7gc2iirde1,La Roche University,la-roche-university,,PA,,,cmovorrsb00ceqt7gwla6wrbn,NCAA_D3,Allegheny Mountain Collegiate Conference,https://larochesports.com,larochesports.com,la roche,false,false,true,0,0,0,0,0,0,0,0,NEEDS_REVIEW,NEEDS_REVIEW,2026-05-07T16:14:04.114Z,2026-05-29T16:24:16.885Z
cmrxrdwix001eqtx00kpcsp7u,La Salle University,la-salle-university,Philadelphia,PA,NCAA_D1,,cmrxrdwix001fqtx0yvg19whw,NCAA_D1,,https://goexplorers.com/sports/baseball,goexplorers.com,la salle,true,true,true,0,0,0,0,0,0,0,0,NEEDS_REVIEW,NEEDS_REVIEW,2026-07-23T17:01:55.305Z,2026-07-23T19:55:49.499Z
cmox066z4006rqtgchicxxtpc,La Sierra,la-sierra,,CA,,,cmox066zr006tqtgc98u3a9gk,NAIA,North Star Athletic Association,https://naiastats.prestosports.com/sports/bsb/2024-25/teams/lasierra,naiastats.prestosports.com,la sierra,false,false,true,0,0,0,0,0,0,0,0,NEEDS_REVIEW,NEEDS_REVIEW,2026-05-08T14:20:58.960Z,2026-05-08T14:20:58.960Z
cmorj0h470036qtio3sq7jaxl,LaGrange College,lagrange-college,LaGrange,GA,,,cmorj0h4w0038qtiojm5zu3cn,NCAA_D3,Collegiate Conference of the South,https://www.lagrangepanthers.com,lagrangepanthers.com,lagrange,false,false,true,0,0,0,0,0,0,0,0,NEEDS_REVIEW,NEEDS_REVIEW,2026-05-04T18:21:47.815Z,2026-05-07T16:14:04.167Z
cmox1ghrq0063qtsgu5jtnvsk,Labette Community College,labette-community-college,,KS,,,cmox1ghsd0065qtsg1b3vjnwy,NJCAA_D1,Region 6,https://njcaastats.prestosports.com/sports/bsb/2024-25/div1/teams/labettecommunitycollege,njcaastats.prestosports.com,labette community,false,false,true,0,0,0,0,0,0,0,0,NEEDS_REVIEW,NEEDS_REVIEW,2026-05-08T14:56:59.126Z,2026-05-08T14:56:59.126Z
cmox237oi006iqtfkgxp6lx4g,Lackawanna College,lackawanna-college,,PA,,,cmox237p6006kqtfk0slt41wk,NJCAA_D2,Region 19,https://njcaastats.prestosports.com/sports/bsb/2024-25/div2/teams/lackawannacollege,njcaastats.prestosports.com,lackawanna,false,false,true,0,0,0,0,0,0,0,0,NEEDS_REVIEW,NEEDS_REVIEW,2026-05-08T15:14:39.138Z,2026-05-08T15:14:39.138Z
cmou853xc00koqtiw191jfymh,Lafayette College,lafayette-college,Easton,PA,,,cmou853xz00kqqtiw0169j0ad,NCAA_D1,Patriot League,https://goleopards.com/sports/baseball,goleopards.com,lafayette,false,true,true,4,0,0,0,0,0,0,0,NEEDS_REVIEW,UNVERIFIED,2026-05-06T15:40:46.752Z,2026-05-06T17:26:18.796Z
cmovlhvn2009cqt20jkns8pmz,Lake Erie,lake-erie,Painesville,Ohio,,,cmovlhvnr009eqt20qn8bu2e4,NCAA_D2,G-MAC,,,lake erie,false,false,false,0,0,0,0,0,0,0,0,NEEDS_REVIEW,NEEDS_REVIEW,2026-05-07T14:42:23.726Z,2026-05-07T15:06:27.706Z
cmovorrun00ciqt7gl6x34nvj,Lake Forest College,lake-forest-college,,IL,,,cmovorrvc00ckqt7g0slkp1mn,NCAA_D3,Midwest Conference,https://www.goforesters.com,goforesters.com,lake forest,false,false,true,0,0,0,0,0,0,0,0,NEEDS_REVIEW,NEEDS_REVIEW,2026-05-07T16:14:04.223Z,2026-05-07T16:14:04.223Z
cmox1ght20066qtsgtbl23of9,Lake Land College,lake-land-college,,IL,,,cmox1ghtq0068qtsgsuautm3r,NJCAA_D1,Region 24,https://njcaastats.prestosports.com/sports/bsb/2024-25/div1/teams/lakelandcollege,njcaastats.prestosports.com,lake land,false,false,true,0,0,0,0,0,0,0,0,NEEDS_REVIEW,NEEDS_REVIEW,2026-05-08T14:56:59.174Z,2026-05-08T14:56:59.174Z
cmox237pv006lqtfkxsbv2dzz,Lake Michigan College,lake-michigan-college,,MI,,,cmox237qk006nqtfkbnrqcwsv,NJCAA_D2,Region 12,https://njcaastats.prestosports.com/sports/bsb/2024-25/div2/teams/lakemichigancollege,njcaastats.prestosports.com,lake michigan,false,false,true,0,0,0,0,0,0,0,0,NEEDS_REVIEW,NEEDS_REVIEW,2026-05-08T15:14:39.187Z,2026-05-08T15:14:39.187Z
cmox237rc006oqtfkpq5els60,Lake Region State College - ND,lake-region-state-college-nd,,ND,,,cmox237s2006qqtfkqsofjze7,NJCAA_D2,Region 13,https://njcaastats.prestosports.com/sports/bsb/2024-25/div2/teams/lakeregionstatecollegend,njcaastats.prestosports.com,lake region state nd,false,false,true,0,0,0,0,0,0,0,0,NEEDS_REVIEW,NEEDS_REVIEW,2026-05-08T15:14:39.240Z,2026-05-08T15:14:39.240Z
cmox237st006rqtfkrsyytyif,Lake-Sumter State College,lake-sumter-state-college,,FL,,,cmox237tj006tqtfkcnoeneli,NJCAA_D2,Region 8,https://njcaastats.prestosports.com/sports/bsb/2024-25/div2/teams/lakesumterstatecollege,njcaastats.prestosports.com,lake sumter state,false,false,true,0,0,0,0,0,0,0,0,NEEDS_REVIEW,NEEDS_REVIEW,2026-05-08T15:14:39.293Z,2026-05-08T15:14:39.293Z
cmox237u9006uqtfkmz4ptqzv,Lakeland Community College,lakeland-community-college,,OH,,,cmox237ux006wqtfk6eobgjo3,NJCAA_D2,Region 12,https://njcaastats.prestosports.com/sports/bsb/2024-25/div2/teams/lakelandcommunitycollege,njcaastats.prestosports.com,lakeland community,false,false,true,0,0,0,0,0,0,0,0,NEEDS_REVIEW,NEEDS_REVIEW,2026-05-08T15:14:39.345Z,2026-05-08T15:14:39.345Z
cmovorrw300clqt7gtimyvr8m,Lakeland University,lakeland-university,,WI,,,cmovorrws00cnqt7gkz0lhl4g,NCAA_D3,Northern Athletics Collegiate Conference,https://lakelandmuskies.com/,lakelandmuskies.com,lakeland,false,false,true,0,0,0,0,0,0,0,0,NEEDS_REVIEW,NEEDS_REVIEW,2026-05-07T16:14:04.275Z,2026-05-07T16:14:04.275Z
cmox1ghue0069qtsgeslr90uj,Lamar Community College,lamar-community-college,,CO,,,cmox1ghv5006bqtsgapyr5mc8,NJCAA_D1,Region 9,https://njcaastats.prestosports.com/sports/bsb/2024-25/div1/teams/lamarcommunitycollege,njcaastats.prestosports.com,lamar community,false,false,true,0,0,0,0,0,0,0,0,NEEDS_REVIEW,NEEDS_REVIEW,2026-05-08T14:56:59.222Z,2026-05-08T14:56:59.222Z
cmou87s5i00luqt8onj1dfzgw,Lamar University,lamar-university,Beaumont,TX,,,cmou87s6900lwqt8ovwn8avii,NCAA_D1,Southland,https://lamarcardinals.com/sports/baseball,lamarcardinals.com,lamar,false,true,true,4,0,0,0,0,0,0,0,NEEDS_REVIEW,UNVERIFIED,2026-05-06T15:42:51.462Z,2026-05-06T17:26:19.491Z
cmovorrxi00coqt7gf1nuef7w,Lancaster Bible College,lancaster-bible-college,,PA,,,cmovorry600cqqt7gcebnf48i,NCAA_D3,United East Conference,https://www.lbcchargers.com,lbcchargers.com,lancaster bible,false,false,true,0,0,0,0,0,0,0,0,NEEDS_REVIEW,NEEDS_REVIEW,2026-05-07T16:14:04.326Z,2026-05-07T16:14:04.326Z
cmorj0gmq0026qtiozjrz5w2n,Lander University,lander-university,Greenwood,SC,,,cmorj0gng0028qtio1fx2uop0,NCAA_D2,Peach Belt Conference,https://landerbearcats.com/sports/baseball,landerbearcats.com,lander,false,false,true,0,0,0,0,0,0,0,0,UNVERIFIED,NEEDS_REVIEW,2026-05-04T18:21:47.187Z,2026-05-29T16:24:15.957Z
cmovlhvln0099qt208o2etcqd,Lane,lane,Jackson,Tennessee,,,cmovlhvmc009bqt201v0maod4,NCAA_D2,SIAC,,,lane,false,false,false,0,0,0,0,0,0,0,0,NEEDS_REVIEW,NEEDS_REVIEW,2026-05-07T14:42:23.675Z,2026-05-07T15:06:27.633Z
cmox237vn006xqtfkm7btexra,Lansing Community College,lansing-community-college,,MI,,,cmox237wb006zqtfkbimfofig,NJCAA_D2,Region 12,https://njcaastats.prestosports.com/sports/bsb/2024-25/div2/teams/lansingcommunitycollege,njcaastats.prestosports.com,lansing community,false,false,true,0,0,0,0,0,0,0,0,NEEDS_REVIEW,NEEDS_REVIEW,2026-05-08T15:14:39.395Z,2026-05-08T15:14:39.395Z
cmovorryw00crqt7gk8b4otu8,Lasell University,lasell-university,,MA,,,cmovorrzm00ctqt7gj90fqx7h,NCAA_D3,Great Northeast Athletic Conference,https://laserpride.lasell.edu,laserpride.lasell.edu,lasell,false,false,true,0,0,0,0,0,0,0,0,NEEDS_REVIEW,NEEDS_REVIEW,2026-05-07T16:14:04.377Z,2026-05-07T16:14:04.377Z
cmox0670h006uqtgc73tzy1mv,Lawrence Tech,lawrence-tech,,MI,,,cmox06715006wqtgcslcpoi9h,NAIA,Wolverine-Hoosier Athletic Conference,https://naiastats.prestosports.com/sports/bsb/2024-25/teams/lawrencetech,naiastats.prestosports.com,lawrence tech,false,false,true,0,0,0,0,0,0,0,0,NEEDS_REVIEW,NEEDS_REVIEW,2026-05-08T14:20:59.009Z,2026-05-08T14:20:59.009Z
cmovors0c00cuqt7gzthlhn7j,Lawrence University,lawrence-university,,WI,,,cmovors1100cwqt7gzwzijcdz,NCAA_D3,Midwest Conference,https://vikings.lawrence.edu/index.aspx,vikings.lawrence.edu,lawrence,false,false,true,0,0,0,0,0,0,0,0,NEEDS_REVIEW,NEEDS_REVIEW,2026-05-07T16:14:04.428Z,2026-05-07T16:14:04.428Z
cmox1ghvv006cqtsglb9vjv65,Lawson State Community College,lawson-state-community-college,,AL,,,cmox1ghwk006eqtsgn80cj86w,NJCAA_D1,Region 22,https://njcaastats.prestosports.com/sports/bsb/2024-25/div1/teams/lawsonstatecommunitycollege,njcaastats.prestosports.com,lawson state community,false,false,true,0,0,0,0,0,0,0,0,NEEDS_REVIEW,NEEDS_REVIEW,2026-05-08T14:56:59.275Z,2026-05-08T14:56:59.275Z
cmou7zwca00j6qt18z0kal3jh,Le Moyne College,le-moyne-college,Syracuse,NY,,,cmou7zwd100j8qt186gxo44jm,NCAA_D1,Northeast Conference,https://lemoynedolphins.com/sports/baseball,lemoynedolphins.com,le moyne,false,true,true,0,0,0,0,0,0,0,0,NEEDS_REVIEW,UNVERIFIED,2026-05-06T15:36:43.642Z,2026-05-06T17:26:17.872Z
cmovlhvpw009iqt20g3ft0k1o,LeMoyne–Owen,lemoyne-owen,Memphis,Tennessee,,,cmovlhvqm009kqt20gmqmbkz8,NCAA_D2,SIAC,,,lemoyne owen,false,false,false,0,0,0,0,0,0,0,0,NEEDS_REVIEW,NEEDS_REVIEW,2026-05-07T14:42:23.828Z,2026-05-07T15:06:27.943Z
cmovors6a00d6qt7gc0dqvqsn,LeTourneau University,letourneau-university,,TX,,,cmovors7000d8qt7guohrdmmk,NCAA_D3,Southern Collegiate Athletic Conference,https://www.letuathletics.com,letuathletics.com,letourneau,false,false,true,0,0,0,0,0,0,0,0,NEEDS_REVIEW,NEEDS_REVIEW,2026-05-07T16:14:04.642Z,2026-05-07T16:14:04.642Z
cmovors1s00cxqt7g2io3pz3d,Lebanon Valley College,lebanon-valley-college,,PA,,,cmovors2m00czqt7gn28cmjfc,NCAA_D3,Middle Atlantic Conferences,https://www.godutchmen.com,godutchmen.com,lebanon valley,false,false,true,0,0,0,0,0,0,0,0,NEEDS_REVIEW,NEEDS_REVIEW,2026-05-07T16:14:04.480Z,2026-05-07T16:14:04.480Z
cmovlhvoi009fqt20y6xfqc87,Lee,lee,Cleveland,Tennessee,,,cmovlhvp7009hqt20sgg9m90e,NCAA_D2,Gulf South,,,lee,false,false,false,0,0,0,0,0,0,0,0,NEEDS_REVIEW,NEEDS_REVIEW,2026-05-07T14:42:23.778Z,2026-05-07T15:06:27.842Z
cmorjat0m004rqt4wygc0sl6i,Lees-McRae College,lees-mcrae-college,Banner Elk,NC,,,cmorjat1b004tqt4wdkliog3u,NCAA_D2,Conference Carolinas,https://lmcbobcats.com/sports/baseball,lmcbobcats.com,lees mcrae,false,false,true,0,0,0,0,0,0,0,0,UNVERIFIED,NEEDS_REVIEW,2026-05-04T18:29:49.798Z,2026-05-29T16:24:15.558Z
cmou853yn00krqtiwxft9rpx6,Lehigh University,lehigh-university,Bethlehem,PA,,,cmou853zf00ktqtiwls9maf65,NCAA_D1,Patriot League,https://lehighsports.com/sports/baseball,lehighsports.com,lehigh,false,true,true,3,0,0,0,0,0,0,0,NEEDS_REVIEW,UNVERIFIED,2026-05-06T15:40:46.800Z,2026-05-06T17:26:18.843Z
cmovors3c00d0qt7g4kp985zl,Lehman College,lehman-college,,NY,,,cmovors4200d2qt7gotdsjxuq,NCAA_D3,City University of New York Athletic Conference,https://www.lehmanathletics.com,lehmanathletics.com,lehman,false,false,true,0,0,0,0,0,0,0,0,NEEDS_REVIEW,NEEDS_REVIEW,2026-05-07T16:14:04.536Z,2026-05-07T16:14:04.536Z
cmox237x00070qtfkegjy06th,Lenoir Community College,lenoir-community-college,,NC,,,cmox237xp0072qtfkyq6d1rp1,NJCAA_D2,Region 10,https://njcaastats.prestosports.com/sports/bsb/2024-25/div2/teams/lenoircommunitycollege,njcaastats.prestosports.com,lenoir community,false,false,true,0,0,0,0,0,0,0,0,NEEDS_REVIEW,NEEDS_REVIEW,2026-05-08T15:14:39.445Z,2026-05-08T15:14:39.445Z
cmorjasxz004lqt4w7epq8iye,Lenoir-Rhyne University,lenoir-rhyne-university,Hickory,NC,,,cmorjasyn004nqt4wnjbqb55d,NCAA_D2,South Atlantic Conference,https://lrbears.com/sports/baseball,lrbears.com,lenoir rhyne,false,false,true,0,0,1,0,0,0,0,0,UNVERIFIED,NEEDS_REVIEW,2026-05-04T18:29:49.703Z,2026-05-29T16:24:16.240Z
cmovors4s00d3qt7gqqxgxee8,Lesley University,lesley-university,,MA,,,cmovors5i00d5qt7gsqi802r4,NCAA_D3,North Atlantic Conference,https://lesleyathletics.com,lesleyathletics.com,lesley,false,false,true,0,0,0,0,0,0,0,0,NEEDS_REVIEW,NEEDS_REVIEW,2026-05-07T16:14:04.588Z,2026-05-07T16:14:04.588Z
cmovlhvst009oqt20ynpfzg3r,Lewis,lewis,Romeoville,Illinois,,,cmovlhvti009qqt20r9f3a14p,NCAA_D2,GLVC,,,lewis,false,false,false,0,0,0,0,0,0,0,0,NEEDS_REVIEW,NEEDS_REVIEW,2026-05-07T14:42:23.933Z,2026-05-07T15:06:28.097Z
cmovors7s00d9qt7gqu463d1c,Lewis & Clark College,lewis-and-clark-college,,OR,,,cmovors8j00dbqt7g0fgqd6qj,NCAA_D3,Northwest Conference,https://www.lcpioneers.com,lcpioneers.com,lewis and clark,false,false,true,0,0,0,0,0,0,0,0,NEEDS_REVIEW,NEEDS_REVIEW,2026-05-07T16:14:04.696Z,2026-05-07T16:14:04.696Z
cmox237ye0073qtfkashksyoi,Lewis & Clark Community College,lewis-and-clark-community-college,,IL,,,cmox237z30075qtfk6vdhicek,NJCAA_D2,Region 24,https://njcaastats.prestosports.com/sports/bsb/2024-25/div2/teams/lewisclarkcommunitycollege,njcaastats.prestosports.com,lewis and clark community,false,false,true,0,0,0,0,0,0,0,0,NEEDS_REVIEW,NEEDS_REVIEW,2026-05-08T15:14:39.494Z,2026-05-08T15:14:39.494Z
cmowzs0ro0040qt4w6yk3fqcd,Lewis-Clark State,lewis-clark-state,,IDAHO,,,cmowzs0se0042qt4w2im9pgza,NAIA,Cascade Collegiate Conference,https://naiastats.prestosports.com/sports/bsb/2024-25/teams/lewisclarkstate,naiastats.prestosports.com,lewis clark state,false,false,true,0,0,0,0,0,0,0,0,NEEDS_REVIEW,NEEDS_REVIEW,2026-05-08T14:09:57.732Z,2026-05-08T14:20:59.057Z
cmorirvly001xqtm0tzybydoz,Liberty University,liberty-university,Lynchburg,VA,,,cmorirvmo001zqtm0q8nwguf6,NCAA_D1,Conference USA,https://libertyflames.com/sports/baseball,libertyflames.com,liberty,false,true,true,4,0,0,0,0,0,0,0,NEEDS_REVIEW,NEEDS_REVIEW,2026-05-04T18:15:06.693Z,2026-05-29T16:24:11.647Z
cmorjassg0049qt4wq08n7hlq,Limestone University,limestone-university,Gaffney,SC,,,cmorjast5004bqt4wsohqf31q,NCAA_D2,South Atlantic Conference,https://golimestonesaints.com/sports/baseball,golimestonesaints.com,limestone,false,false,true,0,0,0,0,0,0,0,0,UNVERIFIED,UNVERIFIED,2026-05-04T18:29:49.505Z,2026-05-04T18:29:49.505Z
cmovlhvu8009rqt20hm8di6b2,Lincoln (MO),lincoln-mo,Jefferson City,Missouri,,,cmovlhvuw009tqt203ev9w3qv,NCAA_D2,GLVC,,,lincoln mo,false,false,false,0,0,0,0,0,0,0,0,NEEDS_REVIEW,NEEDS_REVIEW,2026-05-07T14:42:23.984Z,2026-05-07T15:06:28.217Z
cmovlhvvn009uqt20l3wifmmh,Lincoln (PA),lincoln-pa,Oxford,Pennsylvania,,,cmovlhvwg009wqt20dmqydk1c,NCAA_D2,CACC,,,lincoln pa,false,false,false,0,0,0,0,0,0,0,0,NEEDS_REVIEW,NEEDS_REVIEW,2026-05-07T14:42:24.035Z,2026-05-07T15:06:28.285Z
cmox237zs0076qtfkf1v7ckpt,Lincoln Land Community College,lincoln-land-community-college,,IL,,,cmox2380i0078qtfk1skng94m,NJCAA_D2,Region 24,https://njcaastats.prestosports.com/sports/bsb/2024-25/div2/teams/lincolnlandcommunitycollege,njcaastats.prestosports.com,lincoln land community,false,false,true,0,0,0,0,0,0,0,0,NEEDS_REVIEW,NEEDS_REVIEW,2026-05-08T15:14:39.544Z,2026-05-08T15:14:39.544Z
cmorjat3a004xqt4wle1hjyyv,Lincoln Memorial University,lincoln-memorial-university,Harrogate,TN,,,cmorjat3x004zqt4w2wndnm04,NCAA_D2,South Atlantic Conference,https://lmurailsplitters.com/sports/baseball,lmurailsplitters.com,lincoln memorial,false,false,true,0,0,0,0,0,0,0,0,UNVERIFIED,NEEDS_REVIEW,2026-05-04T18:29:49.895Z,2026-05-29T16:24:16.332Z
cmox1ghxb006fqtsgu5re7f4u,Lincoln Trail College,lincoln-trail-college,,IL,,,cmox1ghxy006hqtsg786e8ycj,NJCAA_D1,Region 24,https://njcaastats.prestosports.com/sports/bsb/2024-25/div1/teams/lincolntrailcollege,njcaastats.prestosports.com,lincoln trail,false,false,true,0,0,0,0,0,0,0,0,NEEDS_REVIEW,NEEDS_REVIEW,2026-05-08T14:56:59.326Z,2026-05-08T14:56:59.326Z
cmrxrdvrp000sqtx0hjg388or,Lindenwood University,lindenwood-university,St. Charles,MO,NCAA_D1,,cmrxrdvrp000tqtx04pi8umsn,NCAA_D1,,https://lindenwoodsl-sports.com/sports/baseball,lindenwoodsl-sports.com,lindenwood,true,true,true,0,0,0,0,0,0,0,0,NEEDS_REVIEW,NEEDS_REVIEW,2026-07-23T17:01:54.325Z,2026-07-23T19:55:49.608Z
cmox067330070qtgc2vra1ndq,Lindsey Wilson,lindsey-wilson,,KY.,,,cmox0673q0072qtgcnwerjkl3,NAIA,Mid-South Conference,https://naiastats.prestosports.com/sports/bsb/2024-25/teams/lindseywilson,naiastats.prestosports.com,lindsey wilson,false,false,true,0,0,0,0,0,0,0,0,NEEDS_REVIEW,NEEDS_REVIEW,2026-05-08T14:20:59.103Z,2026-05-08T14:20:59.103Z
cmovors9900dcqt7gd54eun86,Linfield University,linfield-university,,OR,,,cmovors9y00deqt7glurdq178,NCAA_D3,Northwest Conference,https://golinfieldwildcats.com/,golinfieldwildcats.com,linfield,false,false,true,0,0,0,0,0,0,0,0,NEEDS_REVIEW,NEEDS_REVIEW,2026-05-07T16:14:04.749Z,2026-05-07T16:14:04.749Z
cmrxrdvmr000oqtx0l0cy9bc4,Lipscomb University,lipscomb-university,Nashville,TN,NCAA_D1,,cmrxrdvmr000pqtx039avvtsm,NCAA_D1,,https://lipscombsports.com/sports/baseball,lipscombsports.com,lipscomb,true,true,true,0,0,0,0,0,0,0,0,NEEDS_REVIEW,NEEDS_REVIEW,2026-07-23T17:01:54.147Z,2026-07-23T19:55:49.718Z
cmovlhvym00a0qt206nfpk7yb,Lock Haven,lock-haven,Lock Haven,Pennsylvania,,,cmovlhvzb00a2qt20ii1xwv9b,NCAA_D2,PSAC,,,lock haven,false,false,false,0,0,0,0,0,0,0,0,NEEDS_REVIEW,NEEDS_REVIEW,2026-05-07T14:42:24.142Z,2026-05-07T15:06:28.493Z
cmou6tv4900bfqti0dl5zm88o,Longwood University,longwood-university,Farmville,VA,,,cmou6tv4y00bhqti0f4aa9zgu,NCAA_D1,,https://longwoodlancers.com/sports/baseball,longwoodlancers.com,longwood,false,true,true,3,0,0,0,0,0,0,0,NEEDS_REVIEW,NEEDS_REVIEW,2026-05-06T15:04:02.506Z,2026-07-23T19:46:14.069Z
cmox2o2210039qtbkozottt6r,Lorain County Community College,lorain-county-community-college,,OH,,,cmox2o22q003bqtbk9ej8c3d5,NJCAA_D3,Region 12,https://njcaastats.prestosports.com/sports/bsb/2024-25/div3/teams/loraincountycommunitycollege,njcaastats.prestosports.com,lorain county community,false,false,true,0,0,0,0,0,0,0,0,NEEDS_REVIEW,NEEDS_REVIEW,2026-05-08T15:30:51.625Z,2026-05-08T15:30:51.625Z
cmovorsap00dfqt7gibs2nlo3,Loras College,loras-college,,IA,,,cmovorsbe00dhqt7gwqjtw5ox,NCAA_D3,American Rivers Conference,https://www.duhawks.com,duhawks.com,loras,false,false,true,0,0,0,0,0,0,0,0,NEEDS_REVIEW,NEEDS_REVIEW,2026-05-07T16:14:04.801Z,2026-05-29T16:24:17.717Z
cmorjat8g0059qt4wzrxhvygw,Louisburg College,louisburg-college,Louisburg,NC,,,cmorjat94005bqt4weql0gwgc,NJCAA_D2,Region 10,https://njcaastats.prestosports.com/sports/bsb/2024-25/div2/teams/louisburgcollege,njcaastats.prestosports.com,louisburg,false,false,true,0,0,0,0,0,0,0,0,NEEDS_REVIEW,NEEDS_REVIEW,2026-05-04T18:29:50.080Z,2026-05-08T15:14:39.596Z
cmox0674e0073qtgccuv9vkx5,Louisiana Christian,louisiana-christian,,LA,,,cmox067530075qtgcrqktxkzj,NAIA,Red River Athletic Conference,https://naiastats.prestosports.com/sports/bsb/2024-25/teams/louisianachristian,naiastats.prestosports.com,louisiana christian,false,false,true,0,0,0,0,0,0,0,0,NEEDS_REVIEW,NEEDS_REVIEW,2026-05-08T14:20:59.151Z,2026-05-08T14:20:59.151Z
cmosp9qiy001uqtygr9z70e4d,Louisiana State University,louisiana-state-university,Baton Rouge,LA,,,cmosp9qjl001wqtygay3k1f31,NCAA_D1,SEC,https://lsusports.net/sports/bsb/,lsusports.net,louisiana state,false,true,true,4,0,0,0,0,0,0,0,NEEDS_REVIEW,UNVERIFIED,2026-05-05T14:04:43.786Z,2026-05-06T17:26:07.281Z
cmox1ghyn006iqtsgfgt4f361,Louisiana State University Eunice,louisiana-state-university-eunice,,LA,,,cmox1ghzf006kqtsgsrxzbwk2,NJCAA_D1,Region 23,https://njcaastats.prestosports.com/sports/bsb/2024-25/div1/teams/louisianastateuniversityeunice,njcaastats.prestosports.com,louisiana state eunice,false,false,true,0,0,0,0,0,0,0,0,NEEDS_REVIEW,NEEDS_REVIEW,2026-05-08T14:56:59.376Z,2026-05-08T14:56:59.376Z
cmou74g9400d6qtbozjfls2vs,Louisiana Tech University,louisiana-tech-university,Ruston,LA,,,cmou74g9u00d8qtbof7zmonqa,NCAA_D1,Conference USA,https://latechsports.com/sports/baseball,latechsports.com,louisiana tech,false,true,true,4,0,0,0,0,0,0,0,NEEDS_REVIEW,NEEDS_REVIEW,2026-05-06T15:12:16.456Z,2026-05-29T16:24:11.740Z
cmox0675s0076qtgcqe0r7lig,Lourdes,lourdes,,OH,,,cmox0676f0078qtgcmmkwoe43,NAIA,Wolverine-Hoosier Athletic Conference,https://naiastats.prestosports.com/sports/bsb/2024-25/teams/lourdes,naiastats.prestosports.com,lourdes,false,false,true,0,0,0,0,0,0,0,0,NEEDS_REVIEW,NEEDS_REVIEW,2026-05-08T14:20:59.200Z,2026-05-08T14:20:59.200Z
cmowzs0t60043qt4w612g566d,Loyola,loyola,,LA.,,,cmowzs0tz0045qt4w2tbza8zh,NAIA,Southern States Athletic Conference,https://naiastats.prestosports.com/sports/bsb/2024-25/teams/loyola,naiastats.prestosports.com,loyola,false,false,true,0,0,0,0,0,0,0,0,NEEDS_REVIEW,NEEDS_REVIEW,2026-05-08T14:09:57.786Z,2026-05-08T14:20:59.248Z
cmou8ea7q00ofqt6st8tp4yo9,Loyola Marymount University,loyola-marymount-university,Los Angeles,CA,,,cmou8ea8i00ohqt6se9ges7t9,NCAA_D1,West Coast Conference,https://lmulions.com/sports/baseball,lmulions.com,loyola marymount,false,true,true,4,0,0,0,0,0,0,0,NEEDS_REVIEW,UNVERIFIED,2026-05-06T15:47:54.806Z,2026-05-06T17:26:21.659Z
cmovlhw0200a3qt20g88kj7gf,Lubbock Christian,lubbock-christian,Lubbock,Texas,,,cmovlhw0r00a5qt20pqaamxj0,NCAA_D2,Lone Star,,,lubbock christian,false,false,false,0,0,0,0,0,0,0,0,NEEDS_REVIEW,NEEDS_REVIEW,2026-05-07T14:42:24.194Z,2026-05-07T15:06:28.575Z
cmox1gi05006lqtsg25vd4spg,Luna Community College,luna-community-college,,NM,,,cmox1gi0t006nqtsgdydq1qgh,NJCAA_D1,Region 9,https://njcaastats.prestosports.com/sports/bsb/2024-25/div1/teams/lunacommunitycollege,njcaastats.prestosports.com,luna community,false,false,true,0,0,0,0,0,0,0,0,NEEDS_REVIEW,NEEDS_REVIEW,2026-05-08T14:56:59.429Z,2026-05-08T14:56:59.429Z
cmox2382k007cqtfk7mq3prfd,Lurleen B. Wallace Community College,lurleen-b-wallace-community-college,,AL,,,cmox23838007eqtfkc5zhvo7i,NJCAA_D2,Region 22,https://njcaastats.prestosports.com/sports/bsb/2024-25/div2/teams/lurleenbwallacecommunitycollege,njcaastats.prestosports.com,lurleen b wallace community,false,false,true,0,0,0,0,0,0,0,0,NEEDS_REVIEW,NEEDS_REVIEW,2026-05-08T15:14:39.645Z,2026-05-08T15:14:39.645Z
cmox2o23h003cqtbklgs7jrdo,Luzerne County Community College,luzerne-county-community-college,,PA,,,cmox2o246003eqtbkjw95srd3,NJCAA_D3,Region 19,https://njcaastats.prestosports.com/sports/bsb/2024-25/div3/teams/luzernecountycommunitycollege,njcaastats.prestosports.com,luzerne county community,false,false,true,0,0,0,0,0,0,0,0,NEEDS_REVIEW,NEEDS_REVIEW,2026-05-08T15:30:51.677Z,2026-05-08T15:30:51.677Z
cmovorsc400diqt7g5el1sobk,Lycoming College,lycoming-college,,PA,,,cmovorsct00dkqt7g3j5jhw9r,NCAA_D3,Landmark Conference,https://lycomingathletics.com,lycomingathletics.com,lycoming,false,false,true,0,0,0,0,0,0,0,0,NEEDS_REVIEW,NEEDS_REVIEW,2026-05-07T16:14:04.852Z,2026-05-07T16:14:04.852Z
cmovlhw1h00a6qt20j8qnvq8y,Lynn,lynn,Boca Raton,Florida,,,cmovlhw2600a8qt20yqc1kilm,NCAA_D2,SSC,,,lynn,false,false,false,0,0,0,0,0,0,0,0,NEEDS_REVIEW,NEEDS_REVIEW,2026-05-07T14:42:24.245Z,2026-05-07T15:06:28.684Z
cmovorsdj00dlqt7gl12siwby,Lyon College,lyon-college,,AR,,,cmovorse800dnqt7gdmzk80w7,NCAA_D3,St. Louis Intercollegiate Athletic Conference,https://lyonscots.com/,lyonscots.com,lyon,false,false,true,0,0,0,0,0,0,0,0,NEEDS_REVIEW,NEEDS_REVIEW,2026-05-07T16:14:04.903Z,2026-05-07T16:14:04.903Z
cmox2383x007fqtfkyj1orrdd,Macomb Community College,macomb-community-college,,MI,,,cmox2384l007hqtfkrbp1d7ci,NJCAA_D2,Region 12,https://njcaastats.prestosports.com/sports/bsb/2024-25/div2/teams/macombcommunitycollege,njcaastats.prestosports.com,macomb community,false,false,true,0,0,0,0,0,0,0,0,NEEDS_REVIEW,NEEDS_REVIEW,2026-05-08T15:14:39.693Z,2026-05-08T15:14:39.693Z
cmox2385c007iqtfk85vi4mbf,Madison College,madison-college,,WI,,,cmox23861007kqtfkkad7otme,NJCAA_D2,Region 4,https://njcaastats.prestosports.com/sports/bsb/2024-25/div2/teams/madisoncollege,njcaastats.prestosports.com,madison,false,false,true,0,0,0,0,0,0,0,0,NEEDS_REVIEW,NEEDS_REVIEW,2026-05-08T15:14:39.744Z,2026-05-08T15:14:39.744Z
cmowzs0xk004cqt4wnl1891ss,Madonna,madonna,,MICH.,,,cmowzs0y9004eqt4w79qsitvo,NAIA,Wolverine-Hoosier Athletic Conference,https://naiastats.prestosports.com/sports/bsb/2024-25/teams/madonna,naiastats.prestosports.com,madonna,false,false,true,0,0,0,0,0,0,0,0,NEEDS_REVIEW,NEEDS_REVIEW,2026-05-08T14:09:57.944Z,2026-05-08T14:20:59.394Z
cmovorsez00doqt7gfytli0mo,Maine Maritime Academy,maine-maritime-academy,,ME,,,cmovorsfo00dqqt7gnyixdc9p,NCAA_D3,North Atlantic Conference,https://www.marinersports.org,marinersports.org,maine maritime academy,false,false,true,0,0,0,0,0,0,0,0,NEEDS_REVIEW,NEEDS_REVIEW,2026-05-07T16:14:04.955Z,2026-05-07T16:14:04.955Z
cmovlhw2w00a9qt200cbkk1h8,Malone,malone,Canton,Ohio,,,cmovlhw4700abqt20bq5vzd7e,NCAA_D2,G-MAC,,,malone,false,false,false,0,0,0,0,0,0,0,0,NEEDS_REVIEW,NEEDS_REVIEW,2026-05-07T14:42:24.296Z,2026-05-07T15:06:28.743Z
cmovorsgh00drqt7gf2vhlheq,Manchester University,manchester-university,,IN,,,cmovorsh600dtqt7gi3547lkz,NCAA_D3,Heartland Collegiate Athletic Conference,https://www.muspartans.com,muspartans.com,manchester,false,false,true,0,0,0,0,0,0,0,0,NEEDS_REVIEW,NEEDS_REVIEW,2026-05-07T16:14:05.009Z,2026-05-07T16:14:05.009Z
cmou7g51200exqtkwf7kuasw3,Manhattan University,manhattan-university,Bronx,NY,,,cmou7g51s00ezqtkwxetc5qqx,NCAA_D1,MAAC,https://gojaspers.com/sports/baseball,gojaspers.com,manhattan,false,true,true,3,0,0,0,0,0,0,0,NEEDS_REVIEW,NEEDS_REVIEW,2026-05-06T15:21:21.783Z,2026-05-29T16:24:13.616Z
cmovorsi000duqt7gwavwo3l5,Manhattanville University,manhattanville-university,,NY,,,cmovorsix00dwqt7gvwddygw1,NCAA_D3,Skyline Conference,https://www.govaliants.com,govaliants.com,manhattanville,false,false,true,0,0,0,0,0,0,0,0,NEEDS_REVIEW,NEEDS_REVIEW,2026-05-07T16:14:05.064Z,2026-05-07T16:14:05.064Z
cmovlhw4x00acqt20fkuxpadx,Mansfield,mansfield,Mansfield,Pennsylvania,,,cmovlhw5l00aeqt20exznsag7,NCAA_D2,PSAC,,,mansfield,false,false,false,0,0,0,0,0,0,0,0,NEEDS_REVIEW,NEEDS_REVIEW,2026-05-07T14:42:24.369Z,2026-05-07T15:06:28.819Z
cmovorsjo00dxqt7gjs7b5edl,Maranatha Baptist University,maranatha-baptist-university,,WI,,,cmovorskd00dzqt7gf5zcvzjx,NCAA_D3,Independent,https://mbusabercats.com,mbusabercats.com,maranatha baptist,false,false,true,0,0,0,0,0,0,0,0,NEEDS_REVIEW,NEEDS_REVIEW,2026-05-07T16:14:05.124Z,2026-05-07T16:14:05.124Z
cmox067ch007lqtgceo3tu6aq,Marian,marian,,IN,,,cmox067d5007nqtgckmvb2cid,NAIA,Crossroads League,https://naiastats.prestosports.com/sports/bsb/2024-25/teams/marianin,naiastats.prestosports.com,marian,false,false,true,0,0,0,0,0,0,0,0,NEEDS_REVIEW,NEEDS_REVIEW,2026-05-08T14:20:59.441Z,2026-05-08T14:20:59.441Z
cmovorsl400e0qt7g5yda4ir5,Marian University (Wisconsin),marian-university-wisconsin,,WI,,,cmovorslu00e2qt7gfggsicu2,NCAA_D3,Northern Athletics Collegiate Conference,https://www.sabreathletics.com,sabreathletics.com,marian wisconsin,false,false,true,0,0,0,0,0,0,0,0,NEEDS_REVIEW,NEEDS_REVIEW,2026-05-07T16:14:05.176Z,2026-05-07T16:14:05.176Z
cmox2386r007lqtfk7psukvb3,Marian University Ancilla,marian-university-ancilla,,LA,,,cmox2387i007nqtfk9xy5qta2,NJCAA_D2,Region 12,https://njcaastats.prestosports.com/sports/bsb/2024-25/div2/teams/marianuniversityancilla,njcaastats.prestosports.com,marian ancilla,false,false,true,0,0,0,0,0,0,0,0,NEEDS_REVIEW,NEEDS_REVIEW,2026-05-08T15:14:39.795Z,2026-05-08T15:14:39.795Z
cmovorsmr00e3qt7g3maxnqu3,Marietta College,marietta-college,,OH,,,cmovorsni00e5qt7gxhxqw5cx,NCAA_D3,Ohio Athletic Conference,https://pioneers.marietta.edu/,pioneers.marietta.edu,marietta,false,false,true,0,0,0,0,0,0,0,0,NEEDS_REVIEW,NEEDS_REVIEW,2026-05-07T16:14:05.235Z,2026-05-07T16:14:05.235Z
cmox23886007oqtfkr7tnljl8,Marion Military Institute,marion-military-institute,,AL,,,cmox2388y007qqtfk9cnwxq26,NJCAA_D2,Region 22,https://njcaastats.prestosports.com/sports/bsb/2024-25/div2/teams/marionmilitaryinstitute,njcaastats.prestosports.com,marion military institute,false,false,true,0,0,0,0,0,0,0,0,NEEDS_REVIEW,NEEDS_REVIEW,2026-05-08T15:14:39.847Z,2026-05-08T15:14:39.847Z
cmou7g52f00f0qtkwt9df4qnj,Marist University,marist-university,Poughkeepsie,NY,,,cmou7g53400f2qtkwqmbg3tkd,NCAA_D1,MAAC,https://goredfoxes.com/sports/baseball,goredfoxes.com,marist,false,true,true,2,0,0,0,0,0,0,0,NEEDS_REVIEW,NEEDS_REVIEW,2026-05-06T15:21:21.832Z,2026-05-29T16:24:13.707Z
cmou6ba6o00aoqticyii4x4fl,Marquette University,marquette-university,Milwaukee,WI,,,,,,,marquette.edu,marquette,false,false,false,0,0,0,0,0,0,0,0,NEEDS_REVIEW,,2026-05-06T14:49:35.568Z,2026-05-06T17:26:12.296Z
cmorjaszb004oqt4wby4beihf,Mars Hill University,mars-hill-university,Mars Hill,NC,,,cmorjaszz004qqt4wrikaxsct,NCAA_D2,South Atlantic Conference,https://marshilllions.com/sports/baseball,marshilllions.com,mars hill,false,false,true,0,0,0,0,0,0,0,0,UNVERIFIED,UNVERIFIED,2026-05-04T18:29:49.751Z,2026-05-04T18:29:49.751Z
cmou3bzgk0066qtvox0ta1p15,Marshall University,marshall-university,Huntington,WV,,,cmou3bzhc0068qtvojrm3rzyk,NCAA_D1,Sun Belt,https://herdzone.com/sports/baseball,herdzone.com,marshall,false,true,true,4,0,0,0,0,0,0,0,NEEDS_REVIEW,UNVERIFIED,2026-05-06T13:26:09.476Z,2026-05-06T17:26:20.239Z
cmox2389p007rqtfkqd5ig5iy,Marshalltown Community College,marshalltown-community-college,,IA,,,cmox238ag007tqtfkr5iyskap,NJCAA_D2,Region 11,https://njcaastats.prestosports.com/sports/bsb/2024-25/div2/teams/marshalltowncc,njcaastats.prestosports.com,marshalltown community,false,false,true,0,0,0,0,0,0,0,0,NEEDS_REVIEW,NEEDS_REVIEW,2026-05-08T15:14:39.901Z,2026-05-08T15:14:39.901Z
cmovorso900e6qt7g5v0fru3j,Martin Luther College,martin-luther-college,,MN,,,cmovorsoz00e8qt7ggdj89rkh,NCAA_D3,Upper Midwest Athletic Conference,https://www.mlcknights.com,mlcknights.com,martin luther,false,false,true,0,0,0,0,0,0,0,0,NEEDS_REVIEW,NEEDS_REVIEW,2026-05-07T16:14:05.289Z,2026-05-07T16:14:05.289Z
cmovlhw7o00aiqt20ntmptkgz,Mary,mary,Bismarck,North Dakota,,,cmovlhw8k00akqt20cq8t4lh5,NCAA_D2,NSIC,,,mary,false,false,false,0,0,0,0,0,0,0,0,NEEDS_REVIEW,NEEDS_REVIEW,2026-05-07T14:42:24.469Z,2026-05-07T15:06:28.996Z
cmovorspp00e9qt7g4saf0ynz,Mary Baldwin University,mary-baldwin-university,,VA,,,cmovorsqe00ebqt7giv21aafn,NCAA_D3,USA South Athletic Conference,https://www.marybaldwinathletics.com,marybaldwinathletics.com,mary baldwin,false,false,true,0,0,0,0,0,0,0,0,NEEDS_REVIEW,NEEDS_REVIEW,2026-05-07T16:14:05.341Z,2026-05-07T16:14:05.341Z
cmovorsr700ecqt7g6uovm0dc,Marymount University (Virginia),marymount-university-virginia,,VA,,,cmovorss100eeqt7g0ijs2mzp,NCAA_D3,Atlantic East Conference,https://www.marymountsaints.com,marymountsaints.com,marymount virginia,false,false,true,0,0,0,0,0,0,0,0,NEEDS_REVIEW,NEEDS_REVIEW,2026-05-07T16:14:05.395Z,2026-05-29T16:24:18.831Z
cmovlhw9s00alqt20nx98wai4,Maryville (MO),maryville-mo,Town and Country,Missouri,,,cmovlhwai00anqt20z72153af,NCAA_D2,GLVC,,,maryville mo,false,false,false,0,0,0,0,0,0,0,0,NEEDS_REVIEW,NEEDS_REVIEW,2026-05-07T14:42:24.545Z,2026-05-07T15:06:29.084Z
cmovorsst00efqt7gx7vfng7i,Marywood University,marywood-university,,PA,,,cmovorsti00ehqt7g5wcrxc1t,NCAA_D3,Atlantic East Conference,https://www.marywoodpacers.com,marywoodpacers.com,marywood,false,false,true,0,0,0,0,0,0,0,0,NEEDS_REVIEW,NEEDS_REVIEW,2026-05-07T16:14:05.454Z,2026-05-07T16:14:05.454Z
cmovorsu800eiqt7glvybm69u,Massachusetts College of Liberal Arts,massachusetts-college-of-liberal-arts,,MA,,,cmovorsuz00ekqt7gqudsd7s9,NCAA_D3,Massachusetts State Collegiate Athletic Conference,https://athletics.mcla.edu/,athletics.mcla.edu,massachusetts liberal arts,false,false,true,0,0,0,0,0,0,0,0,NEEDS_REVIEW,NEEDS_REVIEW,2026-05-07T16:14:05.504Z,2026-05-07T16:14:05.504Z
cmovorsvo00elqt7g7yhzggy1,Massachusetts Maritime Academy,massachusetts-maritime-academy,,MA,,,cmovorswd00enqt7gxfx42jno,NCAA_D3,Massachusetts State Collegiate Athletic Conference,https://www.mmabucs.com,mmabucs.com,massachusetts maritime academy,false,false,true,0,0,0,0,0,0,0,0,NEEDS_REVIEW,NEEDS_REVIEW,2026-05-07T16:14:05.556Z,2026-05-07T16:14:05.556Z
cmox2o24w003fqtbkeclocvya,Massasoit Community College,massasoit-community-college,,MA,,,cmox2o25p003hqtbkxp1iiowi,NJCAA_D3,Region 21,https://njcaastats.prestosports.com/sports/bsb/2024-25/div3/teams/massasoitcommunitycollege,njcaastats.prestosports.com,massasoit community,false,false,true,0,0,0,0,0,0,0,0,NEEDS_REVIEW,NEEDS_REVIEW,2026-05-08T15:30:51.728Z,2026-05-08T15:30:51.728Z
cmox067dt007oqtgcup27yusi,Mayville State,mayville-state,,ND,,,cmox067eh007qqtgcmi8aia28,NAIA,North Star Athletic Association,https://naiastats.prestosports.com/sports/bsb/2024-25/teams/mayvillestate,naiastats.prestosports.com,mayville state,false,false,true,0,0,0,0,0,0,0,0,NEEDS_REVIEW,NEEDS_REVIEW,2026-05-08T14:20:59.489Z,2026-05-08T14:20:59.489Z
cmox1gi1h006oqtsggh1qc891,McCook Community College,mccook-community-college,,NE,,,cmox1gi26006qqtsgiui5uuf1,NJCAA_D1,Region 9,https://njcaastats.prestosports.com/sports/bsb/2024-25/div1/teams/mccookcommunitycollege,njcaastats.prestosports.com,mccook community,false,false,true,0,0,0,0,0,0,0,0,NEEDS_REVIEW,NEEDS_REVIEW,2026-05-08T14:56:59.477Z,2026-05-08T14:56:59.477Z
cmovorsx300eoqt7gdb6tfft1,McDaniel College,mcdaniel-college,,MD,,,cmovorsxs00eqqt7gjs6bsq8p,NCAA_D3,Centennial Conference,https://www.mcdaniel.edu/athletics,mcdaniel.edu,mcdaniel,false,false,true,0,0,0,0,0,0,0,0,NEEDS_REVIEW,NEEDS_REVIEW,2026-05-07T16:14:05.608Z,2026-05-07T16:14:05.608Z
cmox1gi2w006rqtsgdxnmr2io,McHenry County College,mchenry-county-college,,IL,,,cmox1gi3j006tqtsgovxelcut,NJCAA_D1,Region 4,https://njcaastats.prestosports.com/sports/bsb/2024-25/div1/teams/mchenrycountycollege,njcaastats.prestosports.com,mchenry county,false,false,true,0,0,0,0,0,0,0,0,NEEDS_REVIEW,NEEDS_REVIEW,2026-05-08T14:56:59.528Z,2026-05-08T14:56:59.528Z
cmovlhwbb00aoqt20r0lajm44,McKendree,mckendree,Lebanon,Illinois,,,cmovlhwc100aqqt20q4urxwx8,NCAA_D2,GLVC,,,mckendree,false,false,false,0,0,0,0,0,0,0,0,NEEDS_REVIEW,NEEDS_REVIEW,2026-05-07T14:42:24.598Z,2026-05-07T15:06:29.161Z
cmox1gi48006uqtsgbop2r9x2,McLennan Community College,mclennan-community-college,,TX,,,cmox1gi4v006wqtsg7gci57uk,NJCAA_D1,Region 5,https://njcaastats.prestosports.com/sports/bsb/2024-25/div1/teams/mclennancommunitycollege,njcaastats.prestosports.com,mclennan community,false,false,true,0,0,0,0,0,0,0,0,NEEDS_REVIEW,NEEDS_REVIEW,2026-05-08T14:56:59.576Z,2026-05-08T14:56:59.576Z
cmovorsyj00erqt7gbsdqblc1,McMurry University,mcmurry-university,,TX,,,cmovorsza00etqt7gi2znzqg8,NCAA_D3,Southern Collegiate Athletic Conference,https://www.mcmurrysports.com,mcmurrysports.com,mcmurry,false,false,true,0,0,0,0,0,0,0,0,NEEDS_REVIEW,NEEDS_REVIEW,2026-05-07T16:14:05.659Z,2026-05-07T16:14:05.659Z
cmou87s7p00lxqt8o8ol0m0nw,McNeese State University,mcneese-state-university,Lake Charles,LA,,,cmou87s8g00lzqt8ofnxh0lqd,NCAA_D1,Southland,https://mcneesesports.com/sports/baseball,mcneesesports.com,mcneese state,false,true,true,1,0,0,0,0,0,0,0,NEEDS_REVIEW,UNVERIFIED,2026-05-06T15:42:51.516Z,2026-05-06T17:26:19.539Z
cmowzs0z2004fqt4w3uj81px9,McPherson,mcpherson,,KAN.,,,cmowzs0zr004hqt4w09au8j0m,NAIA,Kansas Collegiate Athletic Conference,https://naiastats.prestosports.com/sports/bsb/2024-25/teams/mcpherson,naiastats.prestosports.com,mcpherson,false,false,true,0,0,0,0,0,0,0,0,NEEDS_REVIEW,NEEDS_REVIEW,2026-05-08T14:09:57.998Z,2026-05-08T14:20:59.537Z
cmovort0200euqt7g2mxxqtb8,Medgar Evers College,medgar-evers-college,,NY,,,cmovort0r00ewqt7gzctp153r,NCAA_D3,City University of New York Athletic Conference,https://www.mecathletics.com,mecathletics.com,medgar evers,false,false,true,0,0,0,0,0,0,0,0,NEEDS_REVIEW,NEEDS_REVIEW,2026-05-07T16:14:05.713Z,2026-05-07T16:14:05.713Z
cmovlhwcr00arqt20ptunzm1w,Menlo,menlo,Atherton,California,,,cmovlhwdi00atqt20742cw0it,NCAA_D2,PacWest,,,menlo,false,false,false,0,0,0,0,0,0,0,0,NEEDS_REVIEW,NEEDS_REVIEW,2026-05-07T14:42:24.651Z,2026-05-07T15:06:29.216Z
cmox238b4007uqtfk9cdvx3p4,Mercer County Community College,mercer-county-community-college,,NJ,,,cmox238bs007wqtfku4g7e8z0,NJCAA_D2,Region 19,https://njcaastats.prestosports.com/sports/bsb/2024-25/div2/teams/mercercountycommunitycollege,njcaastats.prestosports.com,mercer county community,false,false,true,0,0,0,0,0,0,0,0,NEEDS_REVIEW,NEEDS_REVIEW,2026-05-08T15:14:39.952Z,2026-05-08T15:14:39.952Z
cmorirvda001fqtm0bda9w5vn,Mercer University,mercer-university,Macon,GA,,,cmorirve1001hqtm0mjm0p8oa,NCAA_D1,SoCon,https://mercerbears.com/sports/baseball,mercerbears.com,mercer,false,true,true,4,0,0,0,0,0,0,0,NEEDS_REVIEW,UNVERIFIED,2026-05-04T18:15:06.382Z,2026-05-06T17:26:19.041Z
cmovlhwe900auqt20ezh4cxu1,Mercy,mercy,Dobbs Ferry,New York,,,cmovlhwfq00awqt20c5xwu1nw,NCAA_D2,ECC,,,mercy,false,false,false,0,0,0,0,0,0,0,0,NEEDS_REVIEW,NEEDS_REVIEW,2026-05-07T14:42:24.705Z,2026-05-07T15:06:29.299Z
cmrxrdx2r001uqtx08t9pdpzs,Mercyhurst University,mercyhurst-university,Erie,PA,NCAA_D1,,cmrxrdx2r001vqtx0g26ttkv4,NCAA_D1,,https://hurstathletics.com/sports/baseball,hurstathletics.com,mercyhurst,true,true,true,0,0,0,0,0,0,0,0,NEEDS_REVIEW,NEEDS_REVIEW,2026-07-23T17:01:56.019Z,2026-07-23T19:55:49.826Z
cmox238ch007xqtfk12h0a9cz,Meridian Community College,meridian-community-college,,MS,,,cmox238d5007zqtfkn7er0onb,NJCAA_D2,Region 23,https://njcaastats.prestosports.com/sports/bsb/2024-25/div2/teams/meridiancommunitycollege,njcaastats.prestosports.com,meridian community,false,false,true,0,0,0,0,0,0,0,0,NEEDS_REVIEW,NEEDS_REVIEW,2026-05-08T15:14:40.001Z,2026-05-08T15:14:40.001Z
cmou7zwf900jcqt18wr5yrl6b,Merrimack College,merrimack-college,North Andover,MA,,,cmou7zwfz00jeqt18k733ahlx,NCAA_D1,Northeast Conference,https://merrimackathletics.com/sports/baseball,merrimackathletics.com,merrimack,false,true,true,4,0,0,0,0,0,0,0,NEEDS_REVIEW,UNVERIFIED,2026-05-06T15:36:43.749Z,2026-05-06T17:26:17.971Z
cmox238du0080qtfkpv9458cx,Mesa Community College,mesa-community-college,,AZ,,,cmox238ej0082qtfkp3endxe5,NJCAA_D2,Region 1,https://njcaastats.prestosports.com/sports/bsb/2024-25/div2/teams/mesacommunitycollege,njcaastats.prestosports.com,mesa community,false,false,true,0,0,0,0,0,0,0,0,NEEDS_REVIEW,NEEDS_REVIEW,2026-05-08T15:14:40.050Z,2026-05-08T15:14:40.050Z
cmovort1i00exqt7gj7a0sqda,Messiah University,messiah-university,,PA,,,cmovort2900ezqt7g2jskr2ca,NCAA_D3,Middle Atlantic Conferences,https://www.gomessiah.com,gomessiah.com,messiah,false,false,true,0,0,0,0,0,0,0,0,NEEDS_REVIEW,NEEDS_REVIEW,2026-05-07T16:14:05.766Z,2026-05-07T16:14:05.766Z
cmorj0h2u0033qtiopboyd5uc,Methodist University,methodist-university,Fayetteville,NC,,,cmorj0h3i0035qtioe98bopvj,NCAA_D3,USA South Athletic Conference,https://www.mumonarchs.com,mumonarchs.com,methodist,false,false,true,0,0,0,0,0,0,0,0,NEEDS_REVIEW,NEEDS_REVIEW,2026-05-04T18:21:47.766Z,2026-05-07T16:14:05.821Z
cmox1gi5m006xqtsg3weazvjx,Metropolitan Community College,metropolitan-community-college,,NE,,,cmox1gi69006zqtsg8hlwnlfj,NJCAA_D1,Region 16,https://njcaastats.prestosports.com/sports/bsb/2024-25/div1/teams/metropolitancommunitycollege,njcaastats.prestosports.com,metropolitan community,false,false,true,0,0,0,0,0,0,0,0,NEEDS_REVIEW,NEEDS_REVIEW,2026-05-08T14:56:59.626Z,2026-05-08T14:56:59.626Z
cmovlhwgi00axqt20i8yliabi,Metropolitan State,metropolitan-state,Denver,Colorado,,,cmovlhwhc00azqt20lpeeub2l,NCAA_D2,RMAC,,,metropolitan state,false,false,false,0,0,0,0,0,0,0,0,NEEDS_REVIEW,NEEDS_REVIEW,2026-05-07T14:42:24.786Z,2026-05-07T15:06:29.352Z
cmox1gi6z0070qtsgi1r423i9,Miami Dade College,miami-dade-college,,FL,,,cmox1gi7n0072qtsgu04gluhc,NJCAA_D1,Region 8,https://njcaastats.prestosports.com/sports/bsb/2024-25/div1/teams/miamidadecollege,njcaastats.prestosports.com,miami dade,false,false,true,0,0,0,0,0,0,0,0,NEEDS_REVIEW,NEEDS_REVIEW,2026-05-08T14:56:59.675Z,2026-05-08T14:56:59.675Z
cmou7sknj00g9qtagx86tk6jp,Miami University,miami-university,Oxford,OH,,,cmou7skoa00gbqtagdohm68a4,NCAA_D1,MAC,https://miamiredhawks.com/sports/baseball,miamiredhawks.com,miami,false,true,true,2,0,0,0,0,0,0,0,NEEDS_REVIEW,NEEDS_REVIEW,2026-05-06T15:31:01.903Z,2026-05-29T16:24:14.975Z
cmoss3uj00033qtao6edcy6t4,Michigan State University,michigan-state-university,East Lansing,MI,,,cmoss3ujo0035qtaocvcas0pr,NCAA_D1,,https://msuspartans.com/sports/baseball,msuspartans.com,michigan state,false,true,true,4,0,0,0,0,0,0,0,NEEDS_REVIEW,NEEDS_REVIEW,2026-05-05T15:24:07.885Z,2026-07-23T19:46:14.611Z
cmox067gh007uqtgcqrq09vgr,Michigan-Dearborn,michigan-dearborn,,MI,,,cmox067h8007wqtgc5c5lbk1q,NAIA,Wolverine-Hoosier Athletic Conference,https://naiastats.prestosports.com/sports/bsb/2024-25/teams/michigandearborn,naiastats.prestosports.com,michigan dearborn,false,false,true,0,0,0,0,0,0,0,0,NEEDS_REVIEW,NEEDS_REVIEW,2026-05-08T14:20:59.585Z,2026-05-08T14:20:59.585Z
cmox238f90083qtfk6bq6fly3,Mid Michigan College,mid-michigan-college,,MI,,,cmox238fx0085qtfks2qfpt36,NJCAA_D2,Region 12,https://njcaastats.prestosports.com/sports/bsb/2024-25/div2/teams/midmichigancollege,njcaastats.prestosports.com,mid michigan,false,false,true,0,0,0,0,0,0,0,0,NEEDS_REVIEW,NEEDS_REVIEW,2026-05-08T15:14:40.101Z,2026-05-08T15:14:40.101Z
cmox067hw007xqtgci55b1wtd,MidAmerica Nazarene,midamerica-nazarene,,KS,,,cmox067ik007zqtgcm148r1fy,NAIA,Heart of America Athletic Conference,https://naiastats.prestosports.com/sports/bsb/2024-25/teams/midamericanazarene,naiastats.prestosports.com,midamerica nazarene,false,false,true,0,0,0,0,0,0,0,0,NEEDS_REVIEW,NEEDS_REVIEW,2026-05-08T14:20:59.636Z,2026-05-08T14:20:59.636Z
cmovlhwi200b0qt20um5ba9pk,Middle Georgia,middle-georgia,Cochran,Georgia,,,cmovlhwir00b2qt20xw5xe5ep,NCAA_D2,Peach Belt,,,middle georgia,false,false,false,0,0,0,0,0,0,0,0,NEEDS_REVIEW,NEEDS_REVIEW,2026-05-07T14:42:24.842Z,2026-05-07T15:06:29.435Z
cmox067j70080qtgcbr5o9igh,Middle Georgia State,middle-georgia-state,,GA,,,cmox067jw0082qtgcpsk5cjfd,NAIA,Southern States Athletic Conference,https://naiastats.prestosports.com/sports/bsb/2024-25/teams/middlegeorgiastate,naiastats.prestosports.com,middle georgia state,false,false,true,0,0,0,0,0,0,0,0,NEEDS_REVIEW,NEEDS_REVIEW,2026-05-08T14:20:59.684Z,2026-05-08T14:20:59.684Z
cmou74gai00d9qtbom8p5uos8,Middle Tennessee State University,middle-tennessee-state-university,Murfreesboro,TN,,,cmou74gb600dbqtboufydjjon,NCAA_D1,Conference USA,https://goblueraiders.com/sports/baseball,goblueraiders.com,middle tennessee state,false,true,true,3,0,0,0,0,0,0,0,NEEDS_REVIEW,UNVERIFIED,2026-05-06T15:12:16.506Z,2026-05-06T17:26:14.145Z
cmovort4k00f3qt7g48qk9d8g,Middlebury College,middlebury-college,,VT,,,cmovort5a00f5qt7g66xxp29e,NCAA_D3,New England Small College Athletic Conference,https://www.middlebury.edu/athletics,middlebury.edu,middlebury,false,false,true,0,0,0,0,0,0,0,0,NEEDS_REVIEW,NEEDS_REVIEW,2026-05-07T16:14:05.876Z,2026-05-07T16:14:05.876Z
cmox2o26f003iqtbky03hkkhv,Middlesex College,middlesex-college,,NJ,,,cmox2o275003kqtbk9jsx0okm,NJCAA_D3,Region 19,https://njcaastats.prestosports.com/sports/bsb/2024-25/div3/teams/middlesexcollege,njcaastats.prestosports.com,middlesex,false,false,true,0,0,0,0,0,0,0,0,NEEDS_REVIEW,NEEDS_REVIEW,2026-05-08T15:30:51.783Z,2026-05-08T15:30:51.783Z
cmox067kl0083qtgczg7bx4q5,Midland,midland,,NE,,,cmox067l90085qtgcpz55jo7s,NAIA,Great Plains Athletic Conference,https://naiastats.prestosports.com/sports/bsb/2024-25/teams/midland,naiastats.prestosports.com,midland,false,false,true,0,0,0,0,0,0,0,0,NEEDS_REVIEW,NEEDS_REVIEW,2026-05-08T14:20:59.733Z,2026-05-08T14:20:59.733Z
cmox1gi8a0073qtsg01m46kpe,Midland College,midland-college,,TX,,,cmox1gi900075qtsgsa2d4es5,NJCAA_D1,Region 5,https://njcaastats.prestosports.com/sports/bsb/2024-25/div1/teams/midlandcollege,njcaastats.prestosports.com,midland,false,false,true,0,0,0,0,0,0,0,0,NEEDS_REVIEW,NEEDS_REVIEW,2026-05-08T14:56:59.722Z,2026-05-08T14:56:59.722Z
cmox067ly0086qtgcybk0ndn8,Midway,midway,,KY,,,cmox067ml0088qtgcdv6unyqj,NAIA,River States Conference,https://naiastats.prestosports.com/sports/bsb/2024-25/teams/midway,naiastats.prestosports.com,midway,false,false,true,0,0,0,0,0,0,0,0,NEEDS_REVIEW,NEEDS_REVIEW,2026-05-08T14:20:59.782Z,2026-05-08T14:20:59.782Z
cmovlhwji00b3qt20m7f656pa,Miles,miles,Fairfield,Alabama,,,cmovlhwke00b5qt20d5tk1l5o,NCAA_D2,SIAC,,,miles,false,false,false,0,0,0,0,0,0,0,0,NEEDS_REVIEW,NEEDS_REVIEW,2026-05-07T14:42:24.894Z,2026-05-07T15:06:29.597Z
cmox238go0086qtfkciy0ffja,Miles Community College,miles-community-college,,MT,,,cmox238hd0088qtfk2cse4qbv,NJCAA_D2,Region 13,https://njcaastats.prestosports.com/sports/bsb/2024-25/div2/teams/milescommunitycollege,njcaastats.prestosports.com,miles community,false,false,true,0,0,0,0,0,0,0,0,NEEDS_REVIEW,NEEDS_REVIEW,2026-05-08T15:14:40.152Z,2026-05-08T15:14:40.152Z
cmovlhwl500b6qt20y6wjrqre,Millersville,millersville,Millersville,Pennsylvania,,,cmovlhwlu00b8qt206hvm7r6m,NCAA_D2,PSAC,,,millersville,false,false,false,0,0,0,0,0,0,0,0,NEEDS_REVIEW,NEEDS_REVIEW,2026-05-07T14:42:24.953Z,2026-05-07T15:06:29.733Z
cmowzs10i004iqt4welwstpp9,Milligan,milligan,,TN,,,cmowzs117004kqt4w9k7aw4j0,NAIA,Appalachian Athletic Conference,https://naiastats.prestosports.com/sports/bsb/2024-25/teams/milligantn,naiastats.prestosports.com,milligan,false,false,true,0,0,0,0,0,0,0,0,NEEDS_REVIEW,NEEDS_REVIEW,2026-05-08T14:09:58.050Z,2026-05-08T14:20:59.840Z
cmovort6300f6qt7ge5vzudfo,Millikin University,millikin-university,,IL,,,cmovort6s00f8qt7gfnrawo80,NCAA_D3,College Conference of Illinois & Wisconsin,https://athletics.millikin.edu,athletics.millikin.edu,millikin,false,false,true,0,0,0,0,0,0,0,0,NEEDS_REVIEW,NEEDS_REVIEW,2026-05-07T16:14:05.931Z,2026-05-07T16:14:05.931Z
cmox238i20089qtfk7c9u50mt,Milwaukee Area Technical College,milwaukee-area-technical-college,,WI,,,cmox238ir008bqtfkkhzyjj4s,NJCAA_D2,Region 4,https://njcaastats.prestosports.com/sports/bsb/2024-25/div2/teams/milwaukeeareatechnicalcollege,njcaastats.prestosports.com,milwaukee area technical,false,false,true,0,0,0,0,0,0,0,0,NEEDS_REVIEW,NEEDS_REVIEW,2026-05-08T15:14:40.202Z,2026-05-08T15:14:40.202Z
cmovort7j00f9qt7g840w6kws,Milwaukee School of Engineering,milwaukee-school-of-engineering,,WI,,,cmovort8l00fbqt7g41c5oa0f,NCAA_D3,Northern Athletics Collegiate Conference,https://go-raiders.com,go-raiders.com,milwaukee school engineering,false,false,true,0,0,0,0,0,0,0,0,NEEDS_REVIEW,NEEDS_REVIEW,2026-05-07T16:14:05.983Z,2026-05-07T16:14:05.983Z
cmox1gi9n0076qtsgml9pgwm3,Mineral Area College,mineral-area-college,,MO,,,cmox1giac0078qtsg5x9147c0,NJCAA_D1,Region 16,https://njcaastats.prestosports.com/sports/bsb/2024-25/div1/teams/mineralareacollege,njcaastats.prestosports.com,mineral area,false,false,true,0,0,0,0,0,0,0,0,NEEDS_REVIEW,NEEDS_REVIEW,2026-05-08T14:56:59.771Z,2026-05-08T14:56:59.771Z
cmox2o27u003lqtbk6qb0dj7q,Minnesota North College-Hibbing,minnesota-north-college-hibbing,,MN,,,cmox2o28l003nqtbkgf19gego,NJCAA_D3,Region 13,https://njcaastats.prestosports.com/sports/bsb/2024-25/div3/teams/minnesotanorthcollegehibbing,njcaastats.prestosports.com,minnesota north hibbing,false,false,true,0,0,0,0,0,0,0,0,NEEDS_REVIEW,NEEDS_REVIEW,2026-05-08T15:30:51.834Z,2026-05-08T15:30:51.834Z
cmox2o29b003oqtbkoza2ug5s,Minnesota North College-Itasca,minnesota-north-college-itasca,,CA,,,cmox2o2a6003qqtbk8rnhxpfc,NJCAA_D3,Region 13,https://njcaastats.prestosports.com/sports/bsb/2024-25/div3/teams/minnesotanorthcollegeitasca,njcaastats.prestosports.com,minnesota north itasca,false,false,true,0,0,0,0,0,0,0,0,NEEDS_REVIEW,NEEDS_REVIEW,2026-05-08T15:30:51.888Z,2026-05-08T15:30:51.888Z
cmox2o2ax003rqtbkqd0pa7ch,Minnesota North College-Mesabi Range,minnesota-north-college-mesabi-range,,MN,,,cmox2o2bm003tqtbkzjvxaxae,NJCAA_D3,Region 13,https://njcaastats.prestosports.com/sports/bsb/2024-25/div3/teams/minnesotanorthcollegemesabirange,njcaastats.prestosports.com,minnesota north mesabi range,false,false,true,0,0,0,0,0,0,0,0,NEEDS_REVIEW,NEEDS_REVIEW,2026-05-08T15:30:51.945Z,2026-05-08T15:30:51.945Z
cmox2o2cd003uqtbkjfkizfxt,Minnesota North College-Rainy River,minnesota-north-college-rainy-river,,MN,,,cmox2o2d3003wqtbk2a9hie5t,NJCAA_D3,Region 13,https://njcaastats.prestosports.com/sports/bsb/2024-25/div3/teams/minnesotanorthcollegerainyriver,njcaastats.prestosports.com,minnesota north rainy river,false,false,true,0,0,0,0,0,0,0,0,NEEDS_REVIEW,NEEDS_REVIEW,2026-05-08T15:30:51.997Z,2026-05-08T15:30:51.997Z
cmox2o2dt003xqtbk0on6g6b3,Minnesota North College-Vermilion,minnesota-north-college-vermilion,,MN,,,cmox2o2ek003zqtbkd2q8cjol,NJCAA_D3,Region 13,https://njcaastats.prestosports.com/sports/bsb/2024-25/div3/teams/minnesotanorthcollegevermilion,njcaastats.prestosports.com,minnesota north vermilion,false,false,true,0,0,0,0,0,0,0,0,NEEDS_REVIEW,NEEDS_REVIEW,2026-05-08T15:30:52.049Z,2026-05-08T15:30:52.049Z
cmovlhwmk00b9qt20eudd2p43,Minnesota State,minnesota-state,Mankato,Minnesota,,,cmovlhwna00bbqt20b10k1bkm,NCAA_D2,NSIC,,,minnesota state,false,false,false,0,0,0,0,0,0,0,0,NEEDS_REVIEW,NEEDS_REVIEW,2026-05-07T14:42:25.004Z,2026-05-07T15:06:29.829Z
cmox2o2fa0040qtbktxmsy47g,Minnesota State Community and Technical College,minnesota-state-community-and-technical-college,,AL,,,cmox2o2g00042qtbkw9lediu8,NJCAA_D3,Region 13,https://njcaastats.prestosports.com/sports/bsb/2024-25/div3/teams/minnesotastatecommunityandtechnical,njcaastats.prestosports.com,minnesota state community and technical,false,false,true,0,0,0,0,0,0,0,0,NEEDS_REVIEW,NEEDS_REVIEW,2026-05-08T15:30:52.103Z,2026-05-08T15:30:52.103Z
cmox2o2gq0043qtbko8zjx2vu,Minnesota West Community & Technical College,minnesota-west-community-and-technical-college,,MN,,,cmox2o2hf0045qtbk15c6ca3j,NJCAA_D3,Region 13,https://njcaastats.prestosports.com/sports/bsb/2024-25/div3/teams/minnesotawestcommunitytechnicalcol,njcaastats.prestosports.com,minnesota west community and technical,false,false,true,0,0,0,0,0,0,0,0,NEEDS_REVIEW,NEEDS_REVIEW,2026-05-08T15:30:52.155Z,2026-05-08T15:30:52.155Z
cmovlhwo200bcqt209icnma7q,Minnesota–Crookston,minnesota-crookston,Crookston,Minnesota,,,cmovlhwop00beqt2042pitet1,NCAA_D2,NSIC,,,minnesota crookston,false,false,false,0,0,0,0,0,0,0,0,NEEDS_REVIEW,NEEDS_REVIEW,2026-05-07T14:42:25.058Z,2026-05-07T15:06:29.881Z
cmovlhwpg00bfqt209vrqmpry,Minnesota–Duluth,minnesota-duluth,Duluth,Minnesota,,,cmovlhwq600bhqt2074x5rcxs,NCAA_D2,NSIC,,,minnesota duluth,false,false,false,0,0,0,0,0,0,0,0,NEEDS_REVIEW,NEEDS_REVIEW,2026-05-07T14:42:25.108Z,2026-05-07T15:06:29.976Z
cmovlhwqx00biqt20v00lwdhr,Minot State,minot-state,Minot,North Dakota,,,cmovlhwrn00bkqt20ty135itw,NCAA_D2,NSIC,,,minot state,false,false,false,0,0,0,0,0,0,0,0,NEEDS_REVIEW,NEEDS_REVIEW,2026-05-07T14:42:25.161Z,2026-05-07T15:06:30.090Z
cmowzs11x004lqt4wcw37qxqh,Mission,mission,,MO.,,,cmowzs12n004nqt4w44dc6uw4,NAIA,American Midwest Conference,https://naiastats.prestosports.com/sports/bsb/2024-25/teams/missionmo,naiastats.prestosports.com,mission,false,false,true,0,0,0,0,0,0,0,0,NEEDS_REVIEW,NEEDS_REVIEW,2026-05-08T14:09:58.101Z,2026-05-08T14:20:59.886Z
cmovlhwsb00blqt20p3qkehr1,Mississippi College,mississippi-college,Clinton,Mississippi,,,cmovlhwt000bnqt20uye43k5b,NCAA_D2,Gulf South,,,mississippi,false,false,false,0,0,0,0,0,0,0,0,NEEDS_REVIEW,NEEDS_REVIEW,2026-05-07T14:42:25.211Z,2026-05-07T15:06:30.143Z
cmox238ji008cqtfkmb2gsed8,Mississippi Delta Community College,mississippi-delta-community-college,,MS,,,cmox238k6008eqtfkqzhjgk6j,NJCAA_D2,Region 23,https://njcaastats.prestosports.com/sports/bsb/2024-25/div2/teams/mississippideltacommunitycollege,njcaastats.prestosports.com,mississippi delta community,false,false,true,0,0,0,0,0,0,0,0,NEEDS_REVIEW,NEEDS_REVIEW,2026-05-08T15:14:40.254Z,2026-05-08T15:14:40.254Z
cmox238kv008fqtfku7mj60jc,Mississippi Gulf Coast Community College,mississippi-gulf-coast-community-college,,MS,,,cmox238lj008hqtfkj0ouuv7y,NJCAA_D2,Region 23,https://njcaastats.prestosports.com/sports/bsb/2024-25/div2/teams/mississippigulfcoastcommunitycollege,njcaastats.prestosports.com,mississippi gulf coast community,false,false,true,0,0,0,0,0,0,0,0,NEEDS_REVIEW,NEEDS_REVIEW,2026-05-08T15:14:40.303Z,2026-05-08T15:14:40.303Z
cmosp9qlj0020qtygmlse1hvz,Mississippi State University,mississippi-state-university,Starkville,MS,,,cmosp9qm90022qtygo9hvl54a,NCAA_D1,SEC,https://hailstate.com/sports/baseball,hailstate.com,mississippi state,false,true,true,0,0,0,0,0,0,0,0,NEEDS_REVIEW,UNVERIFIED,2026-05-05T14:04:43.879Z,2026-05-06T17:26:07.406Z
cmou8bkft00n3qtuwhngsikpf,Mississippi Valley State University,mississippi-valley-state-university,Itta Bena,MS,,,cmou8bkgi00n5qtuwywlmdln3,NCAA_D1,SWAC,https://mvsusports.com/sports/baseball,mvsusports.com,mississippi valley state,false,true,true,4,0,0,0,0,0,0,0,NEEDS_REVIEW,UNVERIFIED,2026-05-06T15:45:48.089Z,2026-05-06T17:26:20.876Z
cmox067q3008fqtgcc3zc2s24,Missouri Baptist,missouri-baptist,,MO,,,cmox067qq008hqtgckyfy4q3z,NAIA,American Midwest Conference,https://naiastats.prestosports.com/sports/bsb/2024-25/teams/missouribaptist,naiastats.prestosports.com,missouri baptist,false,false,true,0,0,0,0,0,0,0,0,NEEDS_REVIEW,NEEDS_REVIEW,2026-05-08T14:20:59.931Z,2026-05-08T14:20:59.931Z
cmovlhwv800brqt20ba6l3r1c,Missouri S&T,missouri-s-and-t,Rolla,Missouri,,,cmovlhwvx00btqt20g6ycfcnz,NCAA_D2,GLVC,,,missouri s and t,false,false,false,0,0,0,0,0,0,0,0,NEEDS_REVIEW,NEEDS_REVIEW,2026-05-07T14:42:25.316Z,2026-05-07T15:06:30.286Z
cmovlhwts00boqt201km39vl3,Missouri Southern,missouri-southern,Joplin,Missouri,,,cmovlhwuj00bqqt208ioecmyj,NCAA_D2,MIAA,,,missouri southern,false,false,false,0,0,0,0,0,0,0,0,NEEDS_REVIEW,NEEDS_REVIEW,2026-05-07T14:42:25.264Z,2026-05-07T15:06:30.196Z
cmou7wkgw00hiqt5sseedt2ma,Missouri State University,missouri-state-university,Springfield,MO,,,cmou7wkhn00hkqt5sbhclevc1,NCAA_D1,Missouri Valley,https://missouristatebears.com/sports/baseball,missouristatebears.com,missouri state,false,true,true,5,0,0,0,0,0,0,0,NEEDS_REVIEW,UNVERIFIED,2026-05-06T15:34:08.289Z,2026-05-06T17:26:16.835Z
cmox1gib20079qtsg33nf3wq3,Missouri State University - West Plains,missouri-state-university-west-plains,,MO,,,cmox1gibr007bqtsgvx5b4hko,NJCAA_D1,,https://njcaastats.prestosports.com/sports/bsb/2024-25/div1/teams/missouristateuniversitywestplains,njcaastats.prestosports.com,missouri state west plains,false,false,true,0,0,0,0,0,0,0,0,NEEDS_REVIEW,NEEDS_REVIEW,2026-05-08T14:56:59.822Z,2026-05-08T14:56:59.822Z
cmox067rf008iqtgcqv98xxm2,Missouri Valley,missouri-valley,,MO,,,cmox067s3008kqtgch1imoxph,NAIA,Heart of America Athletic Conference,https://naiastats.prestosports.com/sports/bsb/2024-25/teams/missourivalley,naiastats.prestosports.com,missouri valley,false,false,true,0,0,0,0,0,0,0,0,NEEDS_REVIEW,NEEDS_REVIEW,2026-05-08T14:20:59.979Z,2026-05-08T14:20:59.979Z
cmovlhwwm00buqt206mz9ewaj,Missouri Western,missouri-western,St. Joseph,Missouri,,,cmovlhwxb00bwqt20bub41oa2,NCAA_D2,MIAA,,,missouri western,false,false,false,0,0,0,0,0,0,0,0,NEEDS_REVIEW,NEEDS_REVIEW,2026-05-07T14:42:25.366Z,2026-05-07T15:06:30.421Z
cmovort9c00fcqt7g0z18daz7,Mitchell College,mitchell-college,,CT,,,cmovorta300feqt7go3f7wtjn,NCAA_D3,Great Northeast Athletic Conference,https://www.mitchellathletics.com,mitchellathletics.com,mitchell,false,false,true,0,0,0,0,0,0,0,0,NEEDS_REVIEW,NEEDS_REVIEW,2026-05-07T16:14:06.048Z,2026-05-07T16:14:06.048Z
cmox238m8008iqtfk66enpn89,Moberly Area Community College,moberly-area-community-college,,MO,,,cmox238mx008kqtfksbs7qpu3,NJCAA_D2,Region 16,https://njcaastats.prestosports.com/sports/bsb/2024-25/div2/teams/moberlyareacommunitycollege,njcaastats.prestosports.com,moberly area community,false,false,true,0,0,0,0,0,0,0,0,NEEDS_REVIEW,NEEDS_REVIEW,2026-05-08T15:14:40.352Z,2026-05-08T15:14:40.352Z
cmowzs13d004oqt4wgedrj6i3,Mobile,mobile,,ALA.,,,cmowzs144004qqt4wstmf8bgo,NAIA,Southern States Athletic Conference,https://naiastats.prestosports.com/sports/bsb/2024-25/teams/mobile,naiastats.prestosports.com,mobile,false,false,true,0,0,0,0,0,0,0,0,NEEDS_REVIEW,NEEDS_REVIEW,2026-05-08T14:09:58.153Z,2026-05-08T14:21:00.028Z
cmox2o2i50046qtbkuagcawhd,Mohawk Valley Community College,mohawk-valley-community-college,,NY,,,cmox2o2iv0048qtbkqs3k7a3z,NJCAA_D3,Region 3,https://njcaastats.prestosports.com/sports/bsb/2024-25/div3/teams/mohawkvalleycommunitycollege,njcaastats.prestosports.com,mohawk valley community,false,false,true,0,0,0,0,0,0,0,0,NEEDS_REVIEW,NEEDS_REVIEW,2026-05-08T15:30:52.205Z,2026-05-08T15:30:52.205Z
cmovlhwy100bxqt20daz1sxc4,Molloy,molloy,Rockville Centre,New York,,,cmovlhwyr00bzqt203k1oelkr,NCAA_D2,ECC,,,molloy,false,false,false,0,0,0,0,0,0,0,0,NEEDS_REVIEW,NEEDS_REVIEW,2026-05-07T14:42:25.417Z,2026-05-07T15:06:30.474Z
cmovortaw00ffqt7gn23acp1v,Monmouth College (Illinois),monmouth-college-illinois,,IL,,,cmovortbn00fhqt7gxxok7enz,NCAA_D3,Midwest Conference,https://monmouthscots.com,monmouthscots.com,monmouth illinois,false,false,true,0,0,0,0,0,0,0,0,NEEDS_REVIEW,NEEDS_REVIEW,2026-05-07T16:14:06.104Z,2026-05-07T16:14:06.104Z
cmou72rez00c6qtt8vg07t3mb,Monmouth University,monmouth-university,West Long Branch,NJ,,,cmou72rfn00c8qtt8hwktn20p,NCAA_D1,,https://monmouthhawks.com/sports/baseball,monmouthhawks.com,monmouth,false,true,true,3,0,0,0,0,0,0,0,NEEDS_REVIEW,NEEDS_REVIEW,2026-05-06T15:10:57.611Z,2026-07-23T19:46:16.374Z
cmox238nk008lqtfkckzbvcng,Monroe Community College,monroe-community-college,,NY,,,cmox238o9008nqtfkiwh0hvrt,NJCAA_D2,Region 3,https://njcaastats.prestosports.com/sports/bsb/2024-25/div2/teams/monroecommunitycollege,njcaastats.prestosports.com,monroe community,false,false,true,0,0,0,0,0,0,0,0,NEEDS_REVIEW,NEEDS_REVIEW,2026-05-08T15:14:40.401Z,2026-05-08T15:14:40.401Z
cmox1gicg007cqtsg99jv080v,Monroe University,monroe-university,,NY,,,cmox1gid5007eqtsg6twf0qjo,NJCAA_D1,Region 15,https://njcaastats.prestosports.com/sports/bsb/2024-25/div1/teams/monroeuniversity,njcaastats.prestosports.com,monroe,false,false,true,0,0,0,0,0,0,0,0,NEEDS_REVIEW,NEEDS_REVIEW,2026-05-08T14:56:59.872Z,2026-05-08T14:56:59.872Z
cmox2o2jl0049qtbkdr59b165,Monroe University - Bronx,monroe-university-bronx,,NY,,,cmox2o2kb004bqtbknwcghdhl,NJCAA_D3,Region 15,https://njcaastats.prestosports.com/sports/bsb/2024-25/div3/teams/monroeuniversitybronx,njcaastats.prestosports.com,monroe bronx,false,false,true,0,0,0,0,0,0,0,0,NEEDS_REVIEW,NEEDS_REVIEW,2026-05-08T15:30:52.258Z,2026-05-08T15:30:52.258Z
cmovlhwzk00c0qt209otpug5v,Montana State–Billings,montana-state-billings,Billings,Montana,,,cmovlhx0a00c2qt20jleqlyrs,NCAA_D2,GNAC,,,montana state billings,false,false,false,0,0,0,0,0,0,0,0,NEEDS_REVIEW,NEEDS_REVIEW,2026-05-07T14:42:25.472Z,2026-05-07T15:06:30.569Z
cmovortcf00fiqt7g619pf3y2,Montclair State University,montclair-state-university,,NJ,,,cmovortd700fkqt7g72i1pp9t,NCAA_D3,New Jersey Athletic Conference,https://www.montclairathletics.com,montclairathletics.com,montclair state,false,false,true,0,0,0,0,0,0,0,0,NEEDS_REVIEW,NEEDS_REVIEW,2026-05-07T16:14:06.160Z,2026-05-07T16:14:06.160Z
cmovlhx1100c3qt205lwrc951,Montevallo,montevallo,Montevallo,Alabama,,,cmovlhx1r00c5qt20ch884zbg,NCAA_D2,Gulf South,,,montevallo,false,false,false,0,0,0,0,0,0,0,0,NEEDS_REVIEW,NEEDS_REVIEW,2026-05-07T14:42:25.525Z,2026-05-07T15:06:30.624Z
cmox238p1008oqtfk4xl2uiev,Montgomery College,montgomery-college,,MD,,,cmox238pq008qqtfkepzrvyhj,NJCAA_D2,Region 20,https://njcaastats.prestosports.com/sports/bsb/2024-25/div2/teams/montgomerycollegemd,njcaastats.prestosports.com,montgomery,false,false,true,0,0,0,0,0,0,0,0,NEEDS_REVIEW,NEEDS_REVIEW,2026-05-08T15:14:40.453Z,2026-05-08T15:14:40.453Z
cmox2o2l1004cqtbksgxg6x7x,Montgomery County Community College,montgomery-county-community-college,,PA,,,cmox2o2lq004eqtbkd8n4oqpg,NJCAA_D3,Region 19,https://njcaastats.prestosports.com/sports/bsb/2024-25/div3/teams/montgomerycountycommunitycollegepa,njcaastats.prestosports.com,montgomery county community,false,false,true,0,0,0,0,0,0,0,0,NEEDS_REVIEW,NEEDS_REVIEW,2026-05-08T15:30:52.309Z,2026-05-08T15:30:52.309Z
cmowzs14u004rqt4wk2sj18ho,Montreat,montreat,,NC,,,cmowzs15k004tqt4wmvxkhql8,NAIA,Appalachian Athletic Conference,https://naiastats.prestosports.com/sports/bsb/2024-25/teams/montreatnc,naiastats.prestosports.com,montreat,false,false,true,0,0,0,0,0,0,0,0,NEEDS_REVIEW,NEEDS_REVIEW,2026-05-08T14:09:58.206Z,2026-05-08T14:21:00.078Z
cmox238qg008rqtfka1sjmmka,Moraine Valley Community College,moraine-valley-community-college,,IL,,,cmox238r6008tqtfkts26kxfv,NJCAA_D2,Region 4,https://njcaastats.prestosports.com/sports/bsb/2024-25/div2/teams/morainevalleycommunitycollege,njcaastats.prestosports.com,moraine valley community,false,false,true,0,0,0,0,0,0,0,0,NEEDS_REVIEW,NEEDS_REVIEW,2026-05-08T15:14:40.504Z,2026-05-08T15:14:40.504Z
cmovorte000flqt7g1kz8nxgg,Moravian University,moravian-university,,PA,,,cmovortes00fnqt7g7jbpjf6l,NCAA_D3,Landmark Conference,https://moraviansports.com/landing/index,moraviansports.com,moravian,false,false,true,0,0,0,0,0,0,0,0,NEEDS_REVIEW,NEEDS_REVIEW,2026-05-07T16:14:06.216Z,2026-05-07T16:14:06.216Z
cmou8254z00jxqtfojfw5nai9,Morehead State University,morehead-state-university,Morehead,KY,,,cmou8255p00jzqtfoxtl707lf,NCAA_D1,Ohio Valley,https://msueagles.com/sports/baseball,msueagles.com,morehead state,false,true,true,3,0,0,0,0,0,0,0,NEEDS_REVIEW,UNVERIFIED,2026-05-06T15:38:28.354Z,2026-05-06T17:26:18.332Z
cmovlhx2l00c6qt2031qyg0wu,Morehouse,morehouse,Atlanta,Georgia,,,cmovlhx3b00c8qt20wdyfa19b,NCAA_D2,SIAC,,,morehouse,false,false,false,0,0,0,0,0,0,0,0,NEEDS_REVIEW,NEEDS_REVIEW,2026-05-07T14:42:25.581Z,2026-05-07T15:06:30.719Z
cmowzs16a004uqt4wruulohb5,Morningside,morningside,,IA,,,cmowzs170004wqt4wqy5178q8,NAIA,Great Plains Athletic Conference,https://naiastats.prestosports.com/sports/bsb/2024-25/teams/morningside,naiastats.prestosports.com,morningside,false,false,true,0,0,0,0,0,0,0,0,NEEDS_REVIEW,NEEDS_REVIEW,2026-05-08T14:09:58.258Z,2026-05-08T14:21:00.128Z
cmox067wv008uqtgc1vodg7t1,Morris,morris,,SC,,,cmox067xj008wqtgc9eh7f0b2,NAIA,Continental Athletic Conference,https://naiastats.prestosports.com/sports/bsb/2024-25/teams/morris,naiastats.prestosports.com,morris,false,false,true,0,0,0,0,0,0,0,0,NEEDS_REVIEW,NEEDS_REVIEW,2026-05-08T14:21:00.175Z,2026-05-08T14:21:00.175Z
cmox238ry008uqtfkz9z6kizk,Morton College,morton-college,,IL,,,cmox238so008wqtfkh0bb3978,NJCAA_D2,Region 4,https://njcaastats.prestosports.com/sports/bsb/2024-25/div2/teams/mortoncollege,njcaastats.prestosports.com,morton,false,false,true,0,0,0,0,0,0,0,0,NEEDS_REVIEW,NEEDS_REVIEW,2026-05-08T15:14:40.558Z,2026-05-08T15:14:40.558Z
cmox1gidu007fqtsg6zpx3re1,Motlow State Community College,motlow-state-community-college,,TN,,,cmox1giej007hqtsgwbarm5on,NJCAA_D1,Region 7,https://njcaastats.prestosports.com/sports/bsb/2024-25/div1/teams/motlowstatecommunitycollege,njcaastats.prestosports.com,motlow state community,false,false,true,0,0,0,0,0,0,0,0,NEEDS_REVIEW,NEEDS_REVIEW,2026-05-08T14:56:59.922Z,2026-05-08T14:56:59.922Z
cmox238te008xqtfkag0dpvhy,Mott Community College,mott-community-college,,MI,,,cmox238u9008zqtfkkd1iqw52,NJCAA_D2,Region 12,https://njcaastats.prestosports.com/sports/bsb/2024-25/div2/teams/mottcommunitycollege,njcaastats.prestosports.com,mott community,false,false,true,0,0,0,0,0,0,0,0,NEEDS_REVIEW,NEEDS_REVIEW,2026-05-08T15:14:40.610Z,2026-05-08T15:14:40.610Z
cmovortfk00foqt7gfchi3pb1,Mount Aloysius College,mount-aloysius-college,,PA,,,cmovortge00fqqt7gahdhp0sq,NCAA_D3,Allegheny Mountain Collegiate Conference,https://www.mountieathletics.com,mountieathletics.com,mount aloysius,false,false,true,0,0,0,0,0,0,0,0,NEEDS_REVIEW,NEEDS_REVIEW,2026-05-07T16:14:06.272Z,2026-05-29T16:24:16.978Z
cmox067y8008xqtgcqmlq9nbw,Mount Marty,mount-marty,,SD,,,cmox067yw008zqtgcfz6hy3yh,NAIA,Great Plains Athletic Conference,https://naiastats.prestosports.com/sports/bsb/2024-25/teams/mountmarty,naiastats.prestosports.com,mount marty,false,false,true,0,0,0,0,0,0,0,0,NEEDS_REVIEW,NEEDS_REVIEW,2026-05-08T14:21:00.224Z,2026-05-08T14:21:00.224Z
cmox067zj0090qtgc8tlprwtb,Mount Mercy,mount-mercy,,IA,,,cmox068050092qtgc1z1squro,NAIA,Heart of America Athletic Conference,https://naiastats.prestosports.com/sports/bsb/2024-25/teams/mountmercy,naiastats.prestosports.com,mount mercy,false,false,true,0,0,0,0,0,0,0,0,NEEDS_REVIEW,NEEDS_REVIEW,2026-05-08T14:21:00.271Z,2026-05-08T14:21:00.271Z
cmorj0gyc002uqtiog9sy3cgd,Mount Olive University,mount-olive-university,Mount Olive,NC,,,cmorj0gzb002wqtioztlizymt,NCAA_D2,Conference Carolinas,https://umotrojans.com/sports/baseball,umotrojans.com,mount olive,false,false,true,0,0,1,0,0,0,0,0,UNVERIFIED,NEEDS_REVIEW,2026-05-04T18:21:47.603Z,2026-05-29T16:24:15.651Z
cmovorth700frqt7gdfc20hp0,Mount Saint Mary College (New York),mount-saint-mary-college-new-york,,NY,,,cmovorti000ftqt7g17nk3thl,NCAA_D3,Skyline Conference,https://www.msmcknights.com/,msmcknights.com,mount saint mary new york,false,false,true,0,0,0,0,0,0,0,0,NEEDS_REVIEW,NEEDS_REVIEW,2026-05-07T16:14:06.331Z,2026-05-07T16:14:06.331Z
cmovortis00fuqt7gq8n7qclm,Mount St. Joseph University,mount-st-joseph-university,,OH,,,cmovortjm00fwqt7g17mudrbl,NCAA_D3,Heartland Collegiate Athletic Conference,https://www.msjlions.com,msjlions.com,mount saint joseph,false,false,true,0,0,0,0,0,0,0,0,NEEDS_REVIEW,NEEDS_REVIEW,2026-05-07T16:14:06.388Z,2026-05-07T16:14:06.388Z
cmou7g53u00f3qtkwb9q8949c,Mount St. Mary's University,mount-st-marys-university,Emmitsburg,MD,,,cmou7g54k00f5qtkwzdidrcxk,NCAA_D1,MAAC,https://mountathletics.com/sports/baseball,mountathletics.com,mount saint mary s,false,true,true,4,0,0,0,0,0,0,0,NEEDS_REVIEW,NEEDS_REVIEW,2026-05-06T15:21:21.882Z,2026-05-29T16:24:13.806Z
cmowzs17v004xqt4wvfj3aff3,Mount Vernon Nazarene,mount-vernon-nazarene,,OH,,,cmowzs18l004zqt4wimaa4ael,NAIA,Crossroads League,https://naiastats.prestosports.com/sports/bsb/2024-25/teams/mountvernonnazareneoh,naiastats.prestosports.com,mount vernon nazarene,false,false,true,0,0,0,0,0,0,0,0,NEEDS_REVIEW,NEEDS_REVIEW,2026-05-08T14:09:58.315Z,2026-05-08T14:21:00.319Z
cmovortkd00fxqt7gfum4tjnd,Muhlenberg College,muhlenberg-college,,PA,,,cmovortl400fzqt7gjky6p72l,NCAA_D3,Centennial Conference,https://www.muhlenbergsports.com,muhlenbergsports.com,muhlenberg,false,false,true,0,0,0,0,0,0,0,0,NEEDS_REVIEW,NEEDS_REVIEW,2026-05-07T16:14:06.445Z,2026-05-07T16:14:06.445Z
cmox238ux0090qtfk9uava4eq,Murray State College,murray-state-college,,OK,,,cmox238vm0092qtfk68gmuws6,NJCAA_D2,Region 2,https://njcaastats.prestosports.com/sports/bsb/2024-25/div2/teams/murraystatecollege,njcaastats.prestosports.com,murray state,false,false,true,0,0,0,0,0,0,0,0,NEEDS_REVIEW,NEEDS_REVIEW,2026-05-08T15:14:40.666Z,2026-05-08T15:14:40.666Z
cmou7wkih00hlqt5s33909h6i,Murray State University,murray-state-university,Murray,KY,,,cmou7wkj800hnqt5sekexg9mi,NCAA_D1,Ohio Valley,https://goracers.com/sports/baseball,goracers.com,murray state,false,true,true,4,0,0,0,0,0,0,0,NEEDS_REVIEW,UNVERIFIED,2026-05-06T15:34:08.344Z,2026-05-06T17:26:18.381Z
cmox238w90093qtfk1xg0k5sl,Muskegon Community College,muskegon-community-college,,MI,,,cmox238wy0095qtfkq11f8z9o,NJCAA_D2,Region 12,https://njcaastats.prestosports.com/sports/bsb/2024-25/div2/teams/muskegoncommunitycollege,njcaastats.prestosports.com,muskegon community,false,false,true,0,0,0,0,0,0,0,0,NEEDS_REVIEW,NEEDS_REVIEW,2026-05-08T15:14:40.714Z,2026-05-08T15:14:40.714Z
cmovortlx00g0qt7g7jhlo7eq,Muskingum University,muskingum-university,,OH,,,cmovortmo00g2qt7gke5edk49,NCAA_D3,Ohio Athletic Conference,https://www.fightingmuskies.com/landing/index,fightingmuskies.com,muskingum,false,false,true,0,0,0,0,0,0,0,0,NEEDS_REVIEW,NEEDS_REVIEW,2026-05-07T16:14:06.501Z,2026-05-07T16:14:06.501Z
cmox2o2mj004fqtbko757r4pr,Nassau Community College,nassau-community-college,,NY,,,cmox2o2n9004hqtbkhw84u1ug,NJCAA_D3,Region 15,https://njcaastats.prestosports.com/sports/bsb/2024-25/div3/teams/nassaucommunitycollege,njcaastats.prestosports.com,nassau community,false,false,true,0,0,0,0,0,0,0,0,NEEDS_REVIEW,NEEDS_REVIEW,2026-05-08T15:30:52.363Z,2026-05-08T15:30:52.363Z
cmox238xn0096qtfkj0anhwpb,National Park College,national-park-college,,AR,,,cmox238ye0098qtfke0v0f8ra,NJCAA_D2,Region 2,https://njcaastats.prestosports.com/sports/bsb/2024-25/div2/teams/nationalparkcollege,njcaastats.prestosports.com,national park,false,false,true,0,0,0,0,0,0,0,0,NEEDS_REVIEW,NEEDS_REVIEW,2026-05-08T15:14:40.763Z,2026-05-08T15:14:40.763Z
cmou8540400kuqtiws5720no0,Naval Academy,naval-academy,Annapolis,MD,,,cmou8540s00kwqtiwqdx2wzj0,NCAA_D1,Patriot League,https://navysports.com/sports/baseball,navysports.com,naval academy,false,true,true,4,0,0,0,0,0,0,0,NEEDS_REVIEW,UNVERIFIED,2026-05-06T15:40:46.852Z,2026-05-06T17:26:18.891Z
cmox1gif7007iqtsgefaj25w8,Navarro College,navarro-college,,TX,,,cmox1gify007kqtsgut3jmel2,NJCAA_D1,Region 14,https://njcaastats.prestosports.com/sports/bsb/2024-25/div1/teams/navarrocollege,njcaastats.prestosports.com,navarro,false,false,true,0,0,0,0,0,0,0,0,NEEDS_REVIEW,NEEDS_REVIEW,2026-05-08T14:56:59.971Z,2026-05-08T14:56:59.971Z
cmovortnf00g3qt7gwmb9trk2,Nazareth University,nazareth-university,,NY,,,cmovorto600g5qt7gjdgtcoss,NCAA_D3,Empire 8,https://www.nazathletics.com,nazathletics.com,nazareth,false,false,true,0,0,0,0,0,0,0,0,NEEDS_REVIEW,NEEDS_REVIEW,2026-05-07T16:14:06.555Z,2026-05-07T16:14:06.555Z
cmovortow00g6qt7g3h86b0sw,Nebraska Wesleyan University,nebraska-wesleyan-university,,NE,,,cmovortpm00g8qt7gko4bpfkl,NCAA_D3,American Rivers Conference,https://www.nwusports.com/,nwusports.com,nebraska wesleyan,false,false,true,0,0,0,0,0,0,0,0,NEEDS_REVIEW,NEEDS_REVIEW,2026-05-07T16:14:06.608Z,2026-05-29T16:24:17.810Z
cmowzs19b0050qt4wx2g99sqw,Nelson,nelson,,TX,,,cmowzs1a50052qt4wwu6iplj9,NAIA,Sooner Athletic Conference,https://naiastats.prestosports.com/sports/bsb/2024-25/teams/nelsontexas,naiastats.prestosports.com,nelson,false,false,true,0,0,0,0,0,0,0,0,NEEDS_REVIEW,NEEDS_REVIEW,2026-05-08T14:09:58.368Z,2026-05-08T14:09:58.368Z
cmox1gigo007lqtsg36v9z5kk,Neosho County Community College,neosho-county-community-college,,KS,,,cmox1gihf007nqtsg2bbzmidw,NJCAA_D1,Region 6,https://njcaastats.prestosports.com/sports/bsb/2024-25/div1/teams/neoshocountycommunitycollege,njcaastats.prestosports.com,neosho county community,false,false,true,0,0,0,0,0,0,0,0,NEEDS_REVIEW,NEEDS_REVIEW,2026-05-08T14:57:00.024Z,2026-05-08T14:57:00.024Z
cmovortqb00g9qt7gwezhdnqp,Neumann University,neumann-university,,PA,,,cmovortr000gbqt7gfk2lcriu,NCAA_D3,Atlantic East Conference,https://www.neumannathletics.com,neumannathletics.com,neumann,false,false,true,0,0,0,0,0,0,0,0,NEEDS_REVIEW,NEEDS_REVIEW,2026-05-07T16:14:06.659Z,2026-05-07T16:14:06.659Z
cmox068270096qtgcwygf9q49,New College of Florida,new-college-of-florida,,FL,,,cmox0682v0098qtgc8pecb1dt,NAIA,The Sun Conference,https://naiastats.prestosports.com/sports/bsb/2024-25/teams/newcollegeofflorida,naiastats.prestosports.com,new florida,false,false,true,0,0,0,0,0,0,0,0,NEEDS_REVIEW,NEEDS_REVIEW,2026-05-08T14:21:00.367Z,2026-05-08T14:21:00.367Z
cmovortrr00gcqt7g0o81s9hm,New England College,new-england-college,,NH,,,cmovortsh00geqt7gtb61tp35,NCAA_D3,Great Northeast Athletic Conference,https://athletics.nec.edu/,athletics.nec.edu,new england,false,false,true,0,0,0,0,0,0,0,0,NEEDS_REVIEW,NEEDS_REVIEW,2026-05-07T16:14:06.711Z,2026-05-07T16:14:06.711Z
cmovortt800gfqt7gk3ewehk7,New Jersey City University,new-jersey-city-university,,NJ,,,cmovorttz00ghqt7gnm36tfu1,NCAA_D3,New Jersey Athletic Conference,https://www.njcugothicknights.com,njcugothicknights.com,new jersey city,false,false,true,0,0,0,0,0,0,0,0,NEEDS_REVIEW,NEEDS_REVIEW,2026-05-07T16:14:06.765Z,2026-05-07T16:14:06.765Z
cmrxrdwvd001oqtx01us0hgnh,New Jersey Institute of Technology,new-jersey-institute-of-technology,Newark,NJ,NCAA_D1,,cmrxrdwvd001pqtx0ya8nunsf,NCAA_D1,,https://njithighlanders.com/sports/baseball,njithighlanders.com,new jersey institute technology,true,true,true,0,0,0,0,0,0,0,0,NEEDS_REVIEW,NEEDS_REVIEW,2026-07-23T17:01:55.753Z,2026-07-23T19:55:49.936Z
cmovlhx5i00ccqt20pwi0gmkk,New Mexico Highlands,new-mexico-highlands,Las Vegas,New Mexico,,,cmovlhx6900ceqt20et7srtl6,NCAA_D2,RMAC,,,new mexico highlands,false,false,false,0,0,0,0,0,0,0,0,NEEDS_REVIEW,NEEDS_REVIEW,2026-05-07T14:42:25.686Z,2026-05-07T15:06:30.891Z
cmox1gii7007oqtsgbihc8nfe,New Mexico Junior College,new-mexico-junior-college,,NM,,,cmox1giiu007qqtsg5t9q1xvi,NJCAA_D1,Region 5,https://njcaastats.prestosports.com/sports/bsb/2024-25/div1/teams/newmexicojuniorcollege,njcaastats.prestosports.com,new mexico junior,false,false,true,0,0,0,0,0,0,0,0,NEEDS_REVIEW,NEEDS_REVIEW,2026-05-08T14:57:00.079Z,2026-05-08T14:57:00.079Z
cmox1gijj007rqtsg2fppew7h,New Mexico Military Institute,new-mexico-military-institute,,NM,,,cmox1gik8007tqtsgjt1a52ti,NJCAA_D1,Region 5,https://njcaastats.prestosports.com/sports/bsb/2024-25/div1/teams/newmexicomilitaryinstitute,njcaastats.prestosports.com,new mexico military institute,false,false,true,0,0,0,0,0,0,0,0,NEEDS_REVIEW,NEEDS_REVIEW,2026-05-08T14:57:00.127Z,2026-05-08T14:57:00.127Z
cmou74gbw00dcqtbol3sfoqsv,New Mexico State University,new-mexico-state-university,Las Cruces,NM,,,cmou74gcl00deqtboo14o1rx4,NCAA_D1,Conference USA,https://nmstatesports.com/sports/baseball,nmstatesports.com,new mexico state,false,true,true,4,0,0,0,0,0,0,0,NEEDS_REVIEW,NEEDS_REVIEW,2026-05-06T15:12:16.556Z,2026-05-29T16:24:11.843Z
cmovortuq00giqt7gtidu6e1m,New York University,new-york-university,,NY,,,cmovortvg00gkqt7gb7h9w9xr,NCAA_D3,University Athletic Association,https://www.gonyuathletics.com,gonyuathletics.com,new york,false,false,true,0,0,0,0,0,0,0,0,NEEDS_REVIEW,NEEDS_REVIEW,2026-05-07T16:14:06.819Z,2026-05-07T16:14:06.819Z
cmorjasr50046qt4wpnm8sum8,Newberry College,newberry-college,Newberry,SC,,,cmorjasrs0048qt4w511988de,NCAA_D2,South Atlantic Conference,https://newberrywolves.com/sports/baseball,newberrywolves.com,newberry,false,false,true,0,0,0,0,0,0,0,0,UNVERIFIED,NEEDS_REVIEW,2026-05-04T18:29:49.457Z,2026-05-29T16:24:16.424Z
cmovlhx8d00ciqt20g6t4j0he,Newman,newman,Wichita,Kansas,,,cmovlhx9200ckqt20p3jfv7gl,NCAA_D2,MIAA,,,newman,false,false,false,0,0,0,0,0,0,0,0,NEEDS_REVIEW,NEEDS_REVIEW,2026-05-07T14:42:25.789Z,2026-05-07T15:06:31.082Z
cmou7g55900f6qtkwnbzbwha4,Niagara University,niagara-university,Niagara University,NY,,,cmou7g55y00f8qtkwgjqz1y2q,NCAA_D1,MAAC,https://purpleeagles.com/sports/baseball,purpleeagles.com,niagara,false,true,true,2,0,0,0,0,0,0,0,NEEDS_REVIEW,NEEDS_REVIEW,2026-05-06T15:21:21.933Z,2026-05-29T16:24:13.905Z
cmou87sao00m3qt8o9ltpx7xj,Nicholls State University,nicholls-state-university,Thibodaux,LA,,,cmou87sbe00m5qt8o3c4bkqxp,NCAA_D1,Southland,https://geauxcolonels.com/sports/baseball,geauxcolonels.com,nicholls state,false,true,true,4,0,0,0,0,0,0,0,NEEDS_REVIEW,UNVERIFIED,2026-05-06T15:42:51.648Z,2026-05-06T17:26:19.639Z
cmovortw600glqt7gjew9erx8,Nichols College,nichols-college,,MA,,,cmovortwv00gnqt7gcrvv99sb,NCAA_D3,Conference of New England,https://www.nicholsathletics.com,nicholsathletics.com,nichols,false,false,true,0,0,0,0,0,0,0,0,NEEDS_REVIEW,NEEDS_REVIEW,2026-05-07T16:14:06.870Z,2026-05-07T16:14:06.870Z
cmou7v16500guqtfgg29wl5pq,Norfolk State University,norfolk-state-university,Norfolk,VA,,,cmou7v16v00gwqtfgg233rx6f,NCAA_D1,MEAC,https://nsuspartans.com/sports/baseball,nsuspartans.com,norfolk state,false,true,true,4,0,0,0,0,0,0,0,NEEDS_REVIEW,UNVERIFIED,2026-05-06T15:32:56.621Z,2026-05-06T17:26:16.428Z
cmox2o2nz004iqtbkbxx2wnfk,North Arkansas College,north-arkansas-college,,AR,,,cmox2o2oo004kqtbkntotmmiw,NJCAA_D3,Region 2,https://njcaastats.prestosports.com/sports/bsb/2024-25/div3/teams/northarkansascollege,njcaastats.prestosports.com,north arkansas,false,false,true,0,0,0,0,0,0,0,0,NEEDS_REVIEW,NEEDS_REVIEW,2026-05-08T15:30:52.416Z,2026-05-08T15:30:52.416Z
cmou72rgb00c9qtt82x6a8jc6,North Carolina A&T State University,north-carolina-at-state-university,Greensboro,NC,,,cmou72rh100cbqtt8n0exf72o,NCAA_D1,,https://ncataggies.com/sports/baseball,ncataggies.com,north carolina a and t state,false,true,true,4,0,0,0,0,0,0,0,NEEDS_REVIEW,NEEDS_REVIEW,2026-05-06T15:10:57.659Z,2026-07-23T19:46:16.465Z
cmou7v17l00gxqtfg0hn9bpcu,North Carolina Central University,north-carolina-central-university,Durham,NC,,,,,,,nccu.edu,north carolina central,false,false,false,0,0,0,0,0,0,0,0,NEEDS_REVIEW,,2026-05-06T15:32:56.673Z,2026-05-06T17:26:16.480Z
cmoriruwm000iqtm02t4sd889,North Carolina State University,north-carolina-state-university,Raleigh,NC,,,cmoriruxc000kqtm0j7aburmj,NCAA_D1,,https://gopack.com/sports/baseball,gopack.com,north carolina state,false,true,true,4,0,0,0,0,0,0,0,NEEDS_REVIEW,NEEDS_REVIEW,2026-05-04T18:15:05.782Z,2026-07-23T19:46:08.257Z
cmovortxl00goqt7gyra936s0,North Carolina Wesleyan University,north-carolina-wesleyan-university,,NC,,,cmovortyb00gqqt7gvmo6y1w7,NCAA_D3,USA South Athletic Conference,https://ncwsports.com/,ncwsports.com,north carolina wesleyan,false,false,true,0,0,0,0,0,0,0,0,NEEDS_REVIEW,NEEDS_REVIEW,2026-05-07T16:14:06.921Z,2026-05-07T16:14:06.921Z
cmovortz200grqt7gzege7bvq,North Central College,north-central-college,,IL,,,cmovortzt00gtqt7gtmqsti0v,NCAA_D3,College Conference of Illinois & Wisconsin,https://northcentralcardinals.com,northcentralcardinals.com,north central,false,false,true,0,0,0,0,0,0,0,0,NEEDS_REVIEW,NEEDS_REVIEW,2026-05-07T16:14:06.974Z,2026-05-07T16:14:06.974Z
cmox238z30099qtfkes4ze3ts,North Central Missouri College,north-central-missouri-college,,MO,,,cmox238zr009bqtfk8not5tvs,NJCAA_D2,Region 16,https://njcaastats.prestosports.com/sports/bsb/2024-25/div2/teams/northcentralmissouricollege,njcaastats.prestosports.com,north central missouri,false,false,true,0,0,0,0,0,0,0,0,NEEDS_REVIEW,NEEDS_REVIEW,2026-05-08T15:14:40.815Z,2026-05-08T15:14:40.815Z
cmox1gikw007uqtsggme75zyn,North Central Texas College,north-central-texas-college,,TX,,,cmox1gilm007wqtsg3ovbutxq,NJCAA_D1,Region 5,https://njcaastats.prestosports.com/sports/bsb/2024-25/div1/teams/northcentraltexascollege,njcaastats.prestosports.com,north central texas,false,false,true,0,0,0,0,0,0,0,0,NEEDS_REVIEW,NEEDS_REVIEW,2026-05-08T14:57:00.177Z,2026-05-08T14:57:00.177Z
cmovoru0m00guqt7g2kej3n66,North Central University,north-central-university,,MN,,,cmovoru1d00gwqt7gf96yn7ik,NCAA_D3,Upper Midwest Athletic Conference,https://www.ncurams.com,ncurams.com,north central,false,false,true,0,0,0,0,0,0,0,0,NEEDS_REVIEW,NEEDS_REVIEW,2026-05-07T16:14:07.030Z,2026-05-07T16:14:07.030Z
cmox2o2pe004lqtbkhb09qqb1,North Dakota State College of Science,north-dakota-state-college-of-science,,ND,,,cmox2o2q5004nqtbk7khhlst4,NJCAA_D3,Region 13,https://njcaastats.prestosports.com/sports/bsb/2024-25/div3/teams/northdakotastatecollegeofscience,njcaastats.prestosports.com,north dakota state science,false,false,true,0,0,0,0,0,0,0,0,NEEDS_REVIEW,NEEDS_REVIEW,2026-05-08T15:30:52.467Z,2026-05-08T15:30:52.467Z
cmrxrdwqb001kqtx0uc6w3nfo,North Dakota State University,north-dakota-state-university,Fargo,ND,NCAA_D1,,cmrxrdwqb001lqtx0a6eckvlu,NCAA_D1,,https://gobison.com/sports/baseball,gobison.com,north dakota state,true,true,true,0,0,0,0,0,0,0,0,NEEDS_REVIEW,NEEDS_REVIEW,2026-07-23T17:01:55.571Z,2026-07-23T19:55:50.054Z
cmovlhx9r00clqt20g7fkb61m,North Georgia,north-georgia,Dahlonega,Georgia,,,cmovlhxah00cnqt20we8p4iai,NCAA_D2,Peach Belt,,,north georgia,false,false,false,0,0,0,0,0,0,0,0,NEEDS_REVIEW,NEEDS_REVIEW,2026-05-07T14:42:25.839Z,2026-05-07T15:06:31.206Z
cmorj0gl80023qtiowcp5onup,North Greenville University,north-greenville-university,Tigerville,SC,,,cmorj0gm00025qtiofpwvzsxm,NCAA_D2,Conference Carolinas,https://nguathletics.com/sports/baseball,nguathletics.com,north greenville,false,false,true,0,0,1,0,0,0,0,0,UNVERIFIED,NEEDS_REVIEW,2026-05-04T18:21:47.133Z,2026-05-29T16:24:15.754Z
cmox2390f009cqtfk7yqu7f8q,North Iowa Area Community College,north-iowa-area-community-college,,IA,,,cmox23913009eqtfkgxu54l4f,NJCAA_D2,Region 11,https://njcaastats.prestosports.com/sports/bsb/2024-25/div2/teams/northiowaareacommunitycollege,njcaastats.prestosports.com,north iowa area community,false,false,true,0,0,0,0,0,0,0,0,NEEDS_REVIEW,NEEDS_REVIEW,2026-05-08T15:14:40.864Z,2026-05-08T15:14:40.864Z
cmovoru2300gxqt7g703etay1,North Park University,north-park-university,,IL,,,cmovoru2u00gzqt7gi1dnqnci,NCAA_D3,College Conference of Illinois & Wisconsin,https://www.northpark.edu/athletics/,northpark.edu,north park,false,false,true,0,0,0,0,0,0,0,0,NEEDS_REVIEW,NEEDS_REVIEW,2026-05-07T16:14:07.084Z,2026-05-07T16:14:07.084Z
cmox2o2qw004oqtbkl22srla5,Northampton Community College,northampton-community-college,,PA,,,cmox2o2rm004qqtbk0z6bfysi,NJCAA_D3,Region 19,https://njcaastats.prestosports.com/sports/bsb/2024-25/div3/teams/northamptoncommunitycollege,njcaastats.prestosports.com,northampton community,false,false,true,0,0,0,0,0,0,0,0,NEEDS_REVIEW,NEEDS_REVIEW,2026-05-08T15:30:52.520Z,2026-05-08T15:30:52.520Z
cmox2391w009fqtfkwzoiiu73,Northeast Community College,northeast-community-college,,NE,,,cmox2392n009hqtfk3p8o148w,NJCAA_D2,Region 11,https://njcaastats.prestosports.com/sports/bsb/2024-25/div2/teams/northeastcommunitycollege,njcaastats.prestosports.com,northeast community,false,false,true,0,0,0,0,0,0,0,0,NEEDS_REVIEW,NEEDS_REVIEW,2026-05-08T15:14:40.916Z,2026-05-08T15:14:40.916Z
cmox2393c009iqtfks278qq4p,Northeast Mississippi Community College,northeast-mississippi-community-college,,MS,,,cmox23940009kqtfk5ktf0r9n,NJCAA_D2,Region 23,https://njcaastats.prestosports.com/sports/bsb/2024-25/div2/teams/northeastmississippicommunitycollege,njcaastats.prestosports.com,northeast mississippi community,false,false,true,0,0,0,0,0,0,0,0,NEEDS_REVIEW,NEEDS_REVIEW,2026-05-08T15:14:40.968Z,2026-05-08T15:14:40.968Z
cmox1gimb007xqtsg8a3f3q0v,Northeast Texas Community College,northeast-texas-community-college,,TX,,,cmox1gimz007zqtsgliwiwxum,NJCAA_D1,Region 14,https://njcaastats.prestosports.com/sports/bsb/2024-25/div1/teams/northeasttexascommunitycollege,njcaastats.prestosports.com,northeast texas community,false,false,true,0,0,0,0,0,0,0,0,NEEDS_REVIEW,NEEDS_REVIEW,2026-05-08T14:57:00.227Z,2026-05-08T14:57:00.227Z
cmox1ginu0080qtsgss3h6zzz,Northeastern Junior College,northeastern-junior-college,,CO,,,cmox1gioj0082qtsgsbluhg15,NJCAA_D1,Region 9,https://njcaastats.prestosports.com/sports/bsb/2024-25/div1/teams/northeasternjuniorcollege,njcaastats.prestosports.com,northeastern junior,false,false,true,0,0,0,0,0,0,0,0,NEEDS_REVIEW,NEEDS_REVIEW,2026-05-08T14:57:00.282Z,2026-05-08T14:57:00.282Z
cmox1gip70083qtsgqexr65bo,Northeastern Oklahoma AM College,northeastern-oklahoma-am-college,,OK,,,cmox1gipv0085qtsg2xfgqho7,NJCAA_D1,Region 2,https://njcaastats.prestosports.com/sports/bsb/2024-25/div1/teams/northeasternoklahomaamcollege,njcaastats.prestosports.com,northeastern oklahoma am,false,false,true,0,0,0,0,0,0,0,0,NEEDS_REVIEW,NEEDS_REVIEW,2026-05-08T14:57:00.331Z,2026-05-08T14:57:00.331Z
cmovlhxcm00crqt209jupcmmz,Northeastern State,northeastern-state,Tahlequah,Oklahoma,,,cmovlhxda00ctqt20yfjdltyl,NCAA_D2,MIAA,,,northeastern state,false,false,false,0,0,0,0,0,0,0,0,NEEDS_REVIEW,NEEDS_REVIEW,2026-05-07T14:42:25.942Z,2026-05-07T15:06:31.344Z
cmou72rhq00ccqtt8mnchz644,Northeastern University,northeastern-university,Boston,MA,,,cmou72rih00ceqtt8pvkwzi7n,NCAA_D1,CAA,https://nuhuskies.com/sports/baseball,nuhuskies.com,northeastern,false,true,true,4,0,0,0,0,0,0,0,NEEDS_REVIEW,UNVERIFIED,2026-05-06T15:10:57.710Z,2026-05-06T17:26:13.570Z
cmox2o2sd004rqtbk0mjj3lrs,Northern Essex Community College,northern-essex-community-college,,MA,,,cmox2o2t4004tqtbkiloave2v,NJCAA_D3,Region 21,https://njcaastats.prestosports.com/sports/bsb/2024-25/div3/teams/northernessexcommunitycollege,njcaastats.prestosports.com,northern essex community,false,false,true,0,0,0,0,0,0,0,0,NEEDS_REVIEW,NEEDS_REVIEW,2026-05-08T15:30:52.573Z,2026-05-08T15:30:52.573Z
cmou7skp000gcqtag9gme0a5g,Northern Illinois University,northern-illinois-university,DeKalb,IL,,,cmou7skpt00geqtagbn7zudpp,NCAA_D1,MAC,https://niuhuskies.com/sports/baseball,niuhuskies.com,northern illinois,false,true,true,3,0,0,0,0,0,0,0,NEEDS_REVIEW,UNVERIFIED,2026-05-06T15:31:01.956Z,2026-05-06T17:26:16.126Z
cmou7aqmx00duqt44ki7648cp,Northern Kentucky University,northern-kentucky-university,Highland Heights,KY,,,cmou7aqnp00dwqt447trpic9t,NCAA_D1,Horizon League,https://nkunorse.com/sports/baseball,nkunorse.com,northern kentucky,false,true,true,4,0,0,0,0,0,0,0,NEEDS_REVIEW,NEEDS_REVIEW,2026-05-06T15:17:09.849Z,2026-05-29T16:24:12.230Z
cmox2394q009lqtfkzsswuqop,Northern Oklahoma College-Enid,northern-oklahoma-college-enid,,ID,,,cmox2395g009nqtfksm8kiahi,NJCAA_D2,Region 2,https://njcaastats.prestosports.com/sports/bsb/2024-25/div2/teams/northernoklahomacollegeenid,njcaastats.prestosports.com,northern oklahoma enid,false,false,true,0,0,0,0,0,0,0,0,NEEDS_REVIEW,NEEDS_REVIEW,2026-05-08T15:14:41.018Z,2026-05-08T15:14:41.018Z
cmox23969009oqtfklqdhm5d3,Northern Oklahoma College-Tonkawa,northern-oklahoma-college-tonkawa,,WA,,,cmox2396z009qqtfk9ofh29kf,NJCAA_D2,Region 2,https://njcaastats.prestosports.com/sports/bsb/2024-25/div2/teams/northernoklahomacollegetonkawa,njcaastats.prestosports.com,northern oklahoma tonkawa,false,false,true,0,0,0,0,0,0,0,0,NEEDS_REVIEW,NEEDS_REVIEW,2026-05-08T15:14:41.073Z,2026-05-08T15:14:41.073Z
cmovlhxdz00cuqt207uigs0ed,Northern State,northern-state,Aberdeen,South Dakota,,,cmovlhxeo00cwqt20sf1de94q,NCAA_D2,NSIC,,,northern state,false,false,false,0,0,0,0,0,0,0,0,NEEDS_REVIEW,NEEDS_REVIEW,2026-05-07T14:42:25.992Z,2026-05-07T15:06:31.397Z
cmox2o2tt004uqtbkuh5a9l9i,Northland Community & Technical College,northland-community-and-technical-college,,MN,,,cmox2o2uj004wqtbk5ab85ok3,NJCAA_D3,Region 13,https://njcaastats.prestosports.com/sports/bsb/2024-25/div3/teams/northlandcommunitytechnicalcollege,njcaastats.prestosports.com,northland community and technical,false,false,true,0,0,0,0,0,0,0,0,NEEDS_REVIEW,NEEDS_REVIEW,2026-05-08T15:30:52.626Z,2026-05-08T15:30:52.626Z
cmox1giqk0086qtsgmzqum4zj,Northwest Florida State College,northwest-florida-state-college,,FL,,,cmox1girb0088qtsgjmdi3j42,NJCAA_D1,Region 8,https://njcaastats.prestosports.com/sports/bsb/2024-25/div1/teams/northwestfloridastatecollege,njcaastats.prestosports.com,northwest florida state,false,false,true,0,0,0,0,0,0,0,0,NEEDS_REVIEW,NEEDS_REVIEW,2026-05-08T14:57:00.380Z,2026-05-08T14:57:00.380Z
cmox2397r009rqtfkmtp9eot3,Northwest Mississippi Community College,northwest-mississippi-community-college,,MS,,,cmox2398g009tqtfkrnhijw16,NJCAA_D2,Region 23,https://njcaastats.prestosports.com/sports/bsb/2024-25/div2/teams/northwestmississippicommunitycollege,njcaastats.prestosports.com,northwest mississippi community,false,false,true,0,0,0,0,0,0,0,0,NEEDS_REVIEW,NEEDS_REVIEW,2026-05-08T15:14:41.127Z,2026-05-08T15:14:41.127Z
cmovlhxfd00cxqt20qgl09l0y,Northwest Missouri State,northwest-missouri-state,Maryville,Missouri,,,cmovlhxg200czqt205upzseyt,NCAA_D2,MIAA,,,northwest missouri state,false,false,false,0,0,0,0,0,0,0,0,NEEDS_REVIEW,NEEDS_REVIEW,2026-05-07T14:42:26.041Z,2026-05-07T15:06:31.447Z
cmovlhxgs00d0qt201g9dh1r9,Northwest Nazarene,northwest-nazarene,Nampa,Idaho,,,cmovlhxhi00d2qt20eo5fg6x1,NCAA_D2,GNAC,,,northwest nazarene,false,false,false,0,0,0,0,0,0,0,0,NEEDS_REVIEW,NEEDS_REVIEW,2026-05-07T14:42:26.092Z,2026-05-07T15:06:31.499Z
cmox1gis00089qtsgi4923klc,Northwest-Shoals Community College,northwest-shoals-community-college,,AL,,,cmox1gisp008bqtsgwdv0udn5,NJCAA_D1,Region 22,https://njcaastats.prestosports.com/sports/bsb/2024-25/div1/teams/northwestshoalscommunitycollege,njcaastats.prestosports.com,northwest shoals community,false,false,true,0,0,0,0,0,0,0,0,NEEDS_REVIEW,NEEDS_REVIEW,2026-05-08T14:57:00.433Z,2026-05-08T14:57:00.433Z
cmowzs1aw0053qt4wrwplawbf,Northwestern,northwestern,,IA,,,cmowzs1bo0055qt4wob02fmwj,NAIA,Great Plains Athletic Conference,https://naiastats.prestosports.com/sports/bsb/2024-25/teams/northwestern,naiastats.prestosports.com,northwestern,false,false,true,0,0,0,0,0,0,0,0,NEEDS_REVIEW,NEEDS_REVIEW,2026-05-08T14:09:58.424Z,2026-05-08T14:21:00.415Z
cmox0684y009cqtgca2arq0at,Northwestern Ohio,northwestern-ohio,,OH,,,cmox0685n009eqtgcdvg27ftq,NAIA,Wolverine-Hoosier Athletic Conference,https://naiastats.prestosports.com/sports/bsb/2024-25/teams/northwesternohio,naiastats.prestosports.com,northwestern ohio,false,false,true,0,0,0,0,0,0,0,0,NEEDS_REVIEW,NEEDS_REVIEW,2026-05-08T14:21:00.466Z,2026-05-08T14:21:00.466Z
cmovlhxia00d3qt20r6084hq3,Northwestern Oklahoma State,northwestern-oklahoma-state,Alva,Oklahoma,,,cmovlhxiz00d5qt20gwdrswk5,NCAA_D2,GAC,,,northwestern oklahoma state,false,false,false,0,0,0,0,0,0,0,0,NEEDS_REVIEW,NEEDS_REVIEW,2026-05-07T14:42:26.146Z,2026-05-07T15:06:31.552Z
cmou87sc400m6qt8og6qwpy7g,Northwestern State University,northwestern-state-university,Natchitoches,LA,,,cmou87sd800m8qt8omluc99f6,NCAA_D1,Southland,https://nsudemons.com/sports/baseball,nsudemons.com,northwestern state,false,true,true,4,0,0,0,0,0,0,0,NEEDS_REVIEW,UNVERIFIED,2026-05-06T15:42:51.700Z,2026-05-06T17:26:19.690Z
cmoss3un1003cqtao6c08qtft,Northwestern University,northwestern-university,Evanston,IL,,,cmoss3uno003eqtaonzgvlr9p,NCAA_D1,,https://nusports.com/sports/baseball,nusports.com,northwestern,false,true,true,4,0,0,0,0,0,0,0,NEEDS_REVIEW,NEEDS_REVIEW,2026-05-05T15:24:08.029Z,2026-07-23T19:46:14.704Z
cmovlhxjp00d6qt20323ukp9t,Northwood,northwood,Midland,Michigan,,,cmovlhxke00d8qt20wpvd6c47,NCAA_D2,G-MAC,,,northwood,false,false,false,0,0,0,0,0,0,0,0,NEEDS_REVIEW,NEEDS_REVIEW,2026-05-07T14:42:26.197Z,2026-05-07T15:06:31.604Z
cmovoru3n00h0qt7gzttmfjan,Norwich University,norwich-university,,VT,,,cmovoru4f00h2qt7gvqxgif08,NCAA_D3,Great Northeast Athletic Conference,https://www.norwichathletics.com,norwichathletics.com,norwich,false,false,true,0,0,0,0,0,0,0,0,NEEDS_REVIEW,NEEDS_REVIEW,2026-05-07T16:14:07.139Z,2026-05-07T16:14:07.139Z
cmovoru5500h3qt7gvvnkvw4q,Notre Dame of Maryland University,notre-dame-of-maryland-university,,MD,,,cmovoru5w00h5qt7gcgj10989,NCAA_D3,United East Conference,https://www.notredamegators.com,notredamegators.com,notre dame maryland,false,false,true,0,0,0,0,0,0,0,0,NEEDS_REVIEW,NEEDS_REVIEW,2026-05-07T16:14:07.193Z,2026-05-07T16:14:07.193Z
cmovlhxl300d9qt20apc8lhde,Nova Southeastern,nova-southeastern,Davie,Florida,,,cmovlhxlu00dbqt20zn6zk32l,NCAA_D2,SSC,,,nova southeastern,false,false,false,0,0,0,0,0,0,0,0,NEEDS_REVIEW,NEEDS_REVIEW,2026-05-07T14:42:26.247Z,2026-05-07T15:06:31.656Z
cmox1gitd008cqtsg6n5t643k,Nunez Community College,nunez-community-college,,LA,,,cmox1giu3008eqtsg1t6eypvn,NJCAA_D1,Region 23,https://njcaastats.prestosports.com/sports/bsb/2024-25/div1/teams/nunezcommunitycollege,njcaastats.prestosports.com,nunez community,false,false,true,0,0,0,0,0,0,0,0,NEEDS_REVIEW,NEEDS_REVIEW,2026-05-08T14:57:00.482Z,2026-05-08T14:57:00.482Z
cmox068ed009xqtgcluu00ea6,OUAZ,ouaz,,AZ,,,cmox068f0009zqtgchb2ahuov,NAIA,Great Southwest Athletic Conference,https://naiastats.prestosports.com/sports/bsb/2024-25/teams/ouaz,naiastats.prestosports.com,ouaz,false,false,true,0,0,0,0,0,0,0,0,NEEDS_REVIEW,NEEDS_REVIEW,2026-05-08T14:21:00.805Z,2026-05-08T14:21:00.805Z
cmowzs1cg0056qt4w6u7raqqy,Oakland City,oakland-city,,IN,,,cmowzs1d60058qt4wyyes0u49,NAIA,River States Conference,https://naiastats.prestosports.com/sports/bsb/2024-25/teams/oaklandcity,naiastats.prestosports.com,oakland city,false,false,true,0,0,0,0,0,0,0,0,NEEDS_REVIEW,NEEDS_REVIEW,2026-05-08T14:09:58.481Z,2026-05-08T14:21:00.518Z
cmou7aqq300e0qt44815c4i48,Oakland University,oakland-university,Rochester,MI,,,cmou7aqqy00e2qt44hyodugts,NCAA_D1,Horizon League,https://goldengrizzlies.com/sports/baseball,goldengrizzlies.com,oakland,false,true,true,4,0,0,0,0,0,0,0,NEEDS_REVIEW,NEEDS_REVIEW,2026-05-06T15:17:09.963Z,2026-05-29T16:24:12.321Z
cmox2o2va004xqtbk1jhuxnfl,Oakton Community College,oakton-community-college,,IL,,,cmox2o2w2004zqtbkffe2gaqm,NJCAA_D3,Region 4,https://njcaastats.prestosports.com/sports/bsb/2024-25/div3/teams/oaktoncommunitycollege,njcaastats.prestosports.com,oakton community,false,false,true,0,0,0,0,0,0,0,0,NEEDS_REVIEW,NEEDS_REVIEW,2026-05-08T15:30:52.679Z,2026-05-08T15:30:52.679Z
cmowzs1dw0059qt4w4xp8tyqi,Oakwood,oakwood,,AL,,,cmowzs1em005bqt4wy7jzp16v,NAIA,HBCU Athletic Conference,https://naiastats.prestosports.com/sports/bsb/2024-25/teams/oakwoodal,naiastats.prestosports.com,oakwood,false,false,true,0,0,0,0,0,0,0,0,NEEDS_REVIEW,NEEDS_REVIEW,2026-05-08T14:09:58.533Z,2026-05-08T14:21:00.567Z
cmovoru6p00h6qt7gxpujwz5x,Oberlin College,oberlin-college,,OH,,,cmovoru7e00h8qt7gzmd53m5l,NCAA_D3,North Coast Athletic Conference,https://www.goyeo.com,goyeo.com,oberlin,false,false,true,0,0,0,0,0,0,0,0,NEEDS_REVIEW,NEEDS_REVIEW,2026-05-07T16:14:07.249Z,2026-05-07T16:14:07.249Z
cmovoru8400h9qt7gfjap72vr,Occidental College,occidental-college,,CA,,,cmovoru8u00hbqt7g154qjbp2,NCAA_D3,Southern California Intercollegiate Athletic Conf.,https://www.oxyathletics.com,oxyathletics.com,occidental,false,false,true,0,0,0,0,0,0,0,0,NEEDS_REVIEW,NEEDS_REVIEW,2026-05-07T16:14:07.300Z,2026-05-07T16:14:07.300Z
cmox2o2wy0050qtbkugl6cji9,Ocean County College,ocean-county-college,,NJ,,,cmox2o2xo0052qtbklzswnoap,NJCAA_D3,Region 19,https://njcaastats.prestosports.com/sports/bsb/2024-25/div3/teams/oceancountycollege,njcaastats.prestosports.com,ocean county,false,false,true,0,0,0,0,0,0,0,0,NEEDS_REVIEW,NEEDS_REVIEW,2026-05-08T15:30:52.738Z,2026-05-08T15:30:52.738Z
cmox1gius008fqtsga7j8hcz0,Odessa College,odessa-college,,TX,,,cmox1givf008hqtsgcix48y5q,NJCAA_D1,Region 5,https://njcaastats.prestosports.com/sports/bsb/2024-25/div1/teams/odessacollege,njcaastats.prestosports.com,odessa,false,false,true,0,0,0,0,0,0,0,0,NEEDS_REVIEW,NEEDS_REVIEW,2026-05-08T14:57:00.532Z,2026-05-08T14:57:00.532Z
cmovoru9j00hcqt7gh75qx8vt,Oglethorpe University,oglethorpe-university,,GA,,,cmovoruaf00heqt7gqrz4zzao,NCAA_D3,Southern Athletic Association,https://www.gopetrels.com,gopetrels.com,oglethorpe,false,false,true,0,0,0,0,0,0,0,0,NEEDS_REVIEW,NEEDS_REVIEW,2026-05-07T16:14:07.352Z,2026-05-07T16:14:07.352Z
cmovlhxmk00dcqt209jcidi7u,Ohio Dominican,ohio-dominican,Columbus,Ohio,,,cmovlhxn800deqt20ld5regmr,NCAA_D2,G-MAC,,,ohio dominican,false,false,false,0,0,0,0,0,0,0,0,NEEDS_REVIEW,NEEDS_REVIEW,2026-05-07T14:42:26.300Z,2026-05-07T15:06:31.707Z
cmovorub700hfqt7gaprtmouq,Ohio Northern University,ohio-northern-university,,OH,,,cmovorubz00hhqt7gx2iowr1g,NCAA_D3,Ohio Athletic Conference,https://onusports.com/landing/index,onusports.com,ohio northern,false,false,true,0,0,0,0,0,0,0,0,NEEDS_REVIEW,NEEDS_REVIEW,2026-05-07T16:14:07.411Z,2026-05-07T16:14:07.411Z
cmoss3uob003fqtaoxl8favwc,Ohio State University,ohio-state-university,Columbus,OH,,,cmoss3upc003hqtaoe5fltxdq,NCAA_D1,,https://ohiostatebuckeyes.com/sports/baseball,ohiostatebuckeyes.com,ohio state,false,true,true,4,0,0,0,0,0,0,0,NEEDS_REVIEW,NEEDS_REVIEW,2026-05-05T15:24:08.075Z,2026-07-23T19:46:14.793Z
cmou7skqk00gfqtagxrcr2y5r,Ohio University,ohio-university,Athens,OH,,,cmou7skr800ghqtagxadkl54c,NCAA_D1,MAC,https://ohiobobcats.com/sports/baseball,ohiobobcats.com,ohio,false,true,true,4,0,0,0,0,0,0,0,NEEDS_REVIEW,UNVERIFIED,2026-05-06T15:31:02.012Z,2026-05-06T17:26:16.178Z
cmovorucq00hiqt7gyor7s378,Ohio Wesleyan University,ohio-wesleyan-university,,OH,,,cmovorudg00hkqt7gshqc65l0,NCAA_D3,North Coast Athletic Conference,https://battlingbishops.com/,battlingbishops.com,ohio wesleyan,false,false,true,0,0,0,0,0,0,0,0,NEEDS_REVIEW,NEEDS_REVIEW,2026-05-07T16:14:07.466Z,2026-05-07T16:14:07.466Z
cmovlhxnx00dfqt20hmf5qpv9,Oklahoma Baptist,oklahoma-baptist,Shawnee,Oklahoma,,,cmovlhxom00dhqt20nuqj8qha,NCAA_D2,GAC,,,oklahoma baptist,false,false,false,0,0,0,0,0,0,0,0,NEEDS_REVIEW,NEEDS_REVIEW,2026-05-07T14:42:26.349Z,2026-05-07T15:06:31.758Z
cmovlhxpb00diqt203axxq5d8,Oklahoma Christian,oklahoma-christian,Oklahoma City,Oklahoma,,,cmovlhxq000dkqt20b946wbz6,NCAA_D2,Lone Star,,,oklahoma christian,false,false,false,0,0,0,0,0,0,0,0,NEEDS_REVIEW,NEEDS_REVIEW,2026-05-07T14:42:26.399Z,2026-05-07T15:06:31.809Z
cmosun07l004xqtlgmfv1xuiu,Oklahoma State University,oklahoma-state-university,Stillwater,OK,,,cmosun087004zqtlg8mhr1z8t,NCAA_D1,,https://okstate.com/sports/baseball,okstate.com,oklahoma state,false,true,true,4,0,0,0,0,0,0,0,NEEDS_REVIEW,NEEDS_REVIEW,2026-05-05T16:35:00.945Z,2026-07-23T19:46:12.214Z
cmox06893009lqtgc3tmk8itu,Oklahoma Wesleyan,oklahoma-wesleyan,,OK,,,cmox0689q009nqtgcz4ipk7b3,NAIA,Kansas Collegiate Athletic Conference,https://naiastats.prestosports.com/sports/bsb/2024-25/teams/oklahomawesleyan,naiastats.prestosports.com,oklahoma wesleyan,false,false,true,0,0,0,0,0,0,0,0,NEEDS_REVIEW,NEEDS_REVIEW,2026-05-08T14:21:00.615Z,2026-05-08T14:21:00.615Z
cmou3bzi30069qtvo7egz1i63,Old Dominion University,old-dominion-university,Norfolk,VA,,,cmou3bzis006bqtvox87it60e,NCAA_D1,Sun Belt,https://odusports.com/sports/baseball,odusports.com,old dominion,false,true,true,4,0,0,0,0,0,0,0,NEEDS_REVIEW,UNVERIFIED,2026-05-06T13:26:09.532Z,2026-05-06T17:26:20.286Z
cmox1giw4008iqtsgh7hy8lxx,Olive-Harvey College,olive-harvey-college,,IL,,,cmox1giwv008kqtsgliwy19qu,NJCAA_D1,Region 4,https://njcaastats.prestosports.com/sports/bsb/2024-25/div1/teams/oliveharveycollege,njcaastats.prestosports.com,olive harvey,false,false,true,0,0,0,0,0,0,0,0,NEEDS_REVIEW,NEEDS_REVIEW,2026-05-08T14:57:00.580Z,2026-05-08T14:57:00.580Z
cmowzs1fe005cqt4w0s54p5m8,Olivet Nazarene,olivet-nazarene,,IL,,,cmowzs1g5005eqt4wukamkj7q,NAIA,Chicagoland Collegiate Athletic Conference,https://naiastats.prestosports.com/sports/bsb/2024-25/teams/olivetnazareneil,naiastats.prestosports.com,olivet nazarene,false,false,true,0,0,0,0,0,0,0,0,NEEDS_REVIEW,NEEDS_REVIEW,2026-05-08T14:09:58.586Z,2026-05-08T14:21:00.663Z
cmox1gixk008lqtsg7kg6hwsx,Olney Central College,olney-central-college,,IL,,,cmox1giyb008nqtsgo98dgbd9,NJCAA_D1,Region 24,https://njcaastats.prestosports.com/sports/bsb/2024-25/div1/teams/olneycentralcollege,njcaastats.prestosports.com,olney central,false,false,true,0,0,0,0,0,0,0,0,NEEDS_REVIEW,NEEDS_REVIEW,2026-05-08T14:57:00.633Z,2026-05-08T14:57:00.633Z
cmox2o2ye0053qtbkw0avx34g,Onondaga Community College,onondaga-community-college,,NY,,,cmox2o2z50055qtbk386foz0n,NJCAA_D3,Region 3,https://njcaastats.prestosports.com/sports/bsb/2024-25/div3/teams/onondagacommunitycollege,njcaastats.prestosports.com,onondaga community,false,false,true,0,0,0,0,0,0,0,0,NEEDS_REVIEW,NEEDS_REVIEW,2026-05-08T15:30:52.791Z,2026-05-08T15:30:52.791Z
cmrxrdvp7000qqtx02ny5g8sp,Oral Roberts University,oral-roberts-university,Tulsa,OK,NCAA_D1,,cmrxrdvp7000rqtx0daczfc3a,NCAA_D1,,https://oruathletics.com/sports/baseball,oruathletics.com,oral roberts,true,true,true,0,0,0,0,0,0,0,0,NEEDS_REVIEW,NEEDS_REVIEW,2026-07-23T17:01:54.236Z,2026-07-23T19:55:50.165Z
cmox23996009uqtfksoglfby5,Orange County Community College,orange-county-community-college,,NY,,,cmox2399v009wqtfkmet4tzu0,NJCAA_D2,Region 15,https://njcaastats.prestosports.com/sports/bsb/2024-25/div2/teams/orangecountycommunitycollege,njcaastats.prestosports.com,orange county community,false,false,true,0,0,0,0,0,0,0,0,NEEDS_REVIEW,NEEDS_REVIEW,2026-05-08T15:14:41.178Z,2026-05-08T15:14:41.178Z
cmou3xril0070qt5slpmm4icd,Oregon State University,oregon-state-university,Corvallis,OR,,,cmou3xrj70072qt5s2jjtrt9o,NCAA_D1,Pac-12,https://osubeavers.com/sports/baseball,osubeavers.com,oregon state,false,true,true,4,0,0,0,0,0,0,0,NEEDS_REVIEW,UNVERIFIED,2026-05-06T13:43:05.613Z,2026-05-06T17:26:09.919Z
cmox068bq009rqtgc9w14f64u,Oregon Tech,oregon-tech,,OR,,,cmox068ce009tqtgcxdx5dgix,NAIA,Cascade Collegiate Conference,https://naiastats.prestosports.com/sports/bsb/2024-25/teams/oregontech,naiastats.prestosports.com,oregon tech,false,false,true,0,0,0,0,0,0,0,0,NEEDS_REVIEW,NEEDS_REVIEW,2026-05-08T14:21:00.711Z,2026-05-08T14:21:00.711Z
cmox1giz5008oqtsgjmt7hhrw,Otero College,otero-college,,CO,,,cmox1gizv008qqtsg63cb7z1i,NJCAA_D1,Region 9,https://njcaastats.prestosports.com/sports/bsb/2024-25/div1/teams/oterocollege,njcaastats.prestosports.com,otero,false,false,true,0,0,0,0,0,0,0,0,NEEDS_REVIEW,NEEDS_REVIEW,2026-05-08T14:57:00.689Z,2026-05-08T14:57:00.689Z
cmowzs1gw005fqt4wv7ntre67,Ottawa,ottawa,,KAN.,,,cmowzs1hl005hqt4w5u5oqt6p,NAIA,Kansas Collegiate Athletic Conference,https://naiastats.prestosports.com/sports/bsb/2024-25/teams/ottawa,naiastats.prestosports.com,ottawa,false,false,true,0,0,0,0,0,0,0,0,NEEDS_REVIEW,NEEDS_REVIEW,2026-05-08T14:09:58.640Z,2026-05-08T14:21:00.758Z
cmovorue700hlqt7gx65qmy9g,Otterbein University,otterbein-university,,OH,,,cmovoruf700hnqt7gl0djdh28,NCAA_D3,Ohio Athletic Conference,https://www.otterbeincardinals.com,otterbeincardinals.com,otterbein,false,false,true,0,0,0,0,0,0,0,0,NEEDS_REVIEW,NEEDS_REVIEW,2026-05-07T16:14:07.519Z,2026-05-07T16:14:07.519Z
cmovlhxqp00dlqt20ayxkj4v0,Ouachita Baptist,ouachita-baptist,Arkadelphia,Arkansas,,,cmovlhxre00dnqt20h04k7dep,NCAA_D2,GAC,,,ouachita baptist,false,false,false,0,0,0,0,0,0,0,0,NEEDS_REVIEW,NEEDS_REVIEW,2026-05-07T14:42:26.449Z,2026-05-07T15:06:31.860Z
cmox068fn00a0qtgc5m18fxv4,Our Lady of the Lake,our-lady-of-the-lake,,TX,,,cmox068gh00a2qtgcokpfieyr,NAIA,Red River Athletic Conference,https://naiastats.prestosports.com/sports/bsb/2024-25/teams/ourladyofthelake,naiastats.prestosports.com,our lady lake,false,false,true,0,0,0,0,0,0,0,0,NEEDS_REVIEW,NEEDS_REVIEW,2026-05-08T14:21:00.851Z,2026-05-08T14:21:00.851Z
cmox2o2zv0056qtbkvkq7qjv5,Owens Community College,owens-community-college,,OH,,,cmox2o30l0058qtbkq41pf4yh,NJCAA_D3,Region 12,https://njcaastats.prestosports.com/sports/bsb/2024-25/div3/teams/owenscommunitycollege,njcaastats.prestosports.com,owens community,false,false,true,0,0,0,0,0,0,0,0,NEEDS_REVIEW,NEEDS_REVIEW,2026-05-08T15:30:52.843Z,2026-05-08T15:30:52.843Z
cmovlhxs300doqt20oobjf1my,Pace,pace,Pleasantville,New York,,,cmovlhxsr00dqqt20xs8beq51,NCAA_D2,NE-10,,,pace,false,false,false,0,0,0,0,0,0,0,0,NEEDS_REVIEW,NEEDS_REVIEW,2026-05-07T14:42:26.500Z,2026-05-07T15:06:31.914Z
cmovorufy00hoqt7g9vufsy3i,Pacific Lutheran University,pacific-lutheran-university,,WA,,,cmovorugn00hqqt7gfvekyuhk,NCAA_D3,Northwest Conference,https://www.golutes.com,golutes.com,pacific lutheran,false,false,true,0,0,0,0,0,0,0,0,NEEDS_REVIEW,NEEDS_REVIEW,2026-05-07T16:14:07.582Z,2026-05-07T16:14:07.582Z
cmovoruhd00hrqt7go1gw32r2,Pacific University (Oregon),pacific-university-oregon,,OR,,,cmovorui300htqt7gf287u8o7,NCAA_D3,Northwest Conference,https://www.goboxers.com,goboxers.com,pacific oregon,false,false,true,0,0,0,0,0,0,0,0,NEEDS_REVIEW,NEEDS_REVIEW,2026-05-07T16:14:07.633Z,2026-05-07T16:14:07.633Z
cmovlhxtf00drqt20s8jo0hvf,Palm Beach Atlantic,palm-beach-atlantic,West Palm Beach,Florida,,,cmovlhxu300dtqt20huv2ejkx,NCAA_D2,SSC,,,palm beach atlantic,false,false,false,0,0,0,0,0,0,0,0,NEEDS_REVIEW,NEEDS_REVIEW,2026-05-07T14:42:26.547Z,2026-05-07T15:06:31.966Z
cmox239al009xqtfkvic9q7xx,Palm Beach State College,palm-beach-state-college,,FL,,,cmox239bq009zqtfkmwloq10m,NJCAA_D2,Region 8,https://njcaastats.prestosports.com/sports/bsb/2024-25/div2/teams/palmbeachstatecollege,njcaastats.prestosports.com,palm beach state,false,false,true,0,0,0,0,0,0,0,0,NEEDS_REVIEW,NEEDS_REVIEW,2026-05-08T15:14:41.229Z,2026-05-08T15:14:41.229Z
cmox1gj0k008rqtsgfv1kv1h6,Panola College,panola-college,,TX,,,cmox1gj1a008tqtsgfah3blmn,NJCAA_D1,Region 14,https://njcaastats.prestosports.com/sports/bsb/2024-25/div1/teams/panolacollege,njcaastats.prestosports.com,panola,false,false,true,0,0,0,0,0,0,0,0,NEEDS_REVIEW,NEEDS_REVIEW,2026-05-08T14:57:00.740Z,2026-05-08T14:57:00.740Z
cmox239ch00a0qtfkz09j6rwl,Paradise Valley Community College,paradise-valley-community-college,,AZ,,,cmox239d700a2qtfk7clsbiuw,NJCAA_D2,Region 1,https://njcaastats.prestosports.com/sports/bsb/2024-25/div2/teams/paradisevalleycommunitycollege,njcaastats.prestosports.com,paradise valley community,false,false,true,0,0,0,0,0,0,0,0,NEEDS_REVIEW,NEEDS_REVIEW,2026-05-08T15:14:41.297Z,2026-05-08T15:14:41.297Z
cmox1gj22008uqtsgx2lb472o,Paris Junior College,paris-junior-college,,TX,,,cmox1gj2r008wqtsgt69gyo5b,NJCAA_D1,Region 14,https://njcaastats.prestosports.com/sports/bsb/2024-25/div1/teams/parisjuniorcollege,njcaastats.prestosports.com,paris junior,false,false,true,0,0,0,0,0,0,0,0,NEEDS_REVIEW,NEEDS_REVIEW,2026-05-08T14:57:00.794Z,2026-05-08T14:57:00.794Z
cmox068h500a3qtgcyxillt4u,Park,park,,MO,,,cmox068ht00a5qtgcrguqmapu,NAIA,Heart of America Athletic Conference,https://naiastats.prestosports.com/sports/bsb/2024-25/teams/park,naiastats.prestosports.com,park,false,false,true,0,0,0,0,0,0,0,0,NEEDS_REVIEW,NEEDS_REVIEW,2026-05-08T14:21:00.905Z,2026-05-08T14:21:00.905Z
cmowzs1ib005iqt4w3i7tnck9,Park-Gilbert,park-gilbert,,AZ,,,cmowzs1j1005kqt4w6lezmfao,NAIA,Great Southwest Athletic Conference,https://naiastats.prestosports.com/sports/bsb/2024-25/teams/parkgilbertaz,naiastats.prestosports.com,park gilbert,false,false,true,0,0,0,0,0,0,0,0,NEEDS_REVIEW,NEEDS_REVIEW,2026-05-08T14:09:58.691Z,2026-05-08T14:21:00.952Z
cmox239dx00a3qtfkg1liwy4c,Parkland College,parkland-college,,IL,,,cmox239en00a5qtfkh3ftzmwa,NJCAA_D2,Region 24,https://njcaastats.prestosports.com/sports/bsb/2024-25/div2/teams/parklandcollege,njcaastats.prestosports.com,parkland,false,false,true,0,0,0,0,0,0,0,0,NEEDS_REVIEW,NEEDS_REVIEW,2026-05-08T15:14:41.350Z,2026-05-08T15:14:41.350Z
cmovlhxuv00duqt200ok5efye,Parkside,parkside,Somers,Wisconsin,,,cmovlhxvk00dwqt20wqsgjkbo,NCAA_D2,GLIAC,,,parkside,false,false,false,0,0,0,0,0,0,0,0,NEEDS_REVIEW,NEEDS_REVIEW,2026-05-07T14:42:26.599Z,2026-05-07T15:06:32.020Z
cmox239fc00a6qtfkm421us4p,Pasco-Hernando State College,pasco-hernando-state-college,,FL,,,cmox239g100a8qtfki0aa2n70,NJCAA_D2,Region 8,https://njcaastats.prestosports.com/sports/bsb/2024-25/div2/teams/pascohernandostatecollege,njcaastats.prestosports.com,pasco hernando state,false,false,true,0,0,0,0,0,0,0,0,NEEDS_REVIEW,NEEDS_REVIEW,2026-05-08T15:14:41.400Z,2026-05-08T15:14:41.400Z
cmorj0hfm003uqtiog7x8nfgh,Patrick & Henry Community College,patrick-and-henry-community-college,Martinsville,VA,,,cmorj0hgb003wqtio85jnnxjz,NJCAA_D2,Region 10,https://njcaastats.prestosports.com/sports/bsb/2024-25/div2/teams/patrickhenrycommunitycollege,njcaastats.prestosports.com,patrick and henry community,false,false,true,0,0,0,0,0,0,0,0,NEEDS_REVIEW,NEEDS_REVIEW,2026-05-04T18:21:48.226Z,2026-05-08T15:14:41.451Z
cmox239i500acqtfkgxl4im62,Pearl River Community College,pearl-river-community-college,,MS,,,cmox239iu00aeqtfk8ots89n1,NJCAA_D2,Region 23,https://njcaastats.prestosports.com/sports/bsb/2024-25/div2/teams/pearlrivercommunitycollege,njcaastats.prestosports.com,pearl river community,false,false,true,0,0,0,0,0,0,0,0,NEEDS_REVIEW,NEEDS_REVIEW,2026-05-08T15:14:41.502Z,2026-05-08T15:14:41.502Z
cmox1gj3e008xqtsgrl4frpin,Pellissippi State Community College,pellissippi-state-community-college,,TN,,,cmox1gj42008zqtsgc0z0kwhz,NJCAA_D1,,https://njcaastats.prestosports.com/sports/bsb/2024-25/div1/teams/pellissippistatecommunitycollege,njcaastats.prestosports.com,pellissippi state community,false,false,true,0,0,0,0,0,0,0,0,NEEDS_REVIEW,NEEDS_REVIEW,2026-05-08T14:57:00.843Z,2026-05-08T14:57:00.843Z
cmovoruit00huqt7gs5hmgxcq,Penn State Berks College,penn-state-berks-college,,PA,,,cmovoruji00hwqt7gyow5uapc,NCAA_D3,United East Conference,https://www.psuberksathletics.com,psuberksathletics.com,penn state berks,false,false,true,0,0,0,0,0,0,0,0,NEEDS_REVIEW,NEEDS_REVIEW,2026-05-07T16:14:07.686Z,2026-05-07T16:14:07.686Z
cmovoruk900hxqt7g00s2zdsx,Penn State Brandywine,penn-state-brandywine,,PA,,,cmovorukz00hzqt7glhadt446,NCAA_D3,United East Conference,https://www.psubrandywineathletics.com/landing/index,psubrandywineathletics.com,penn state brandywine,false,false,true,0,0,0,0,0,0,0,0,NEEDS_REVIEW,NEEDS_REVIEW,2026-05-07T16:14:07.737Z,2026-05-07T16:14:07.737Z
cmoss3upz003iqtao5i62w3ay,Penn State University,penn-state-university,University Park,PA,,,cmoss3uqn003kqtaoaqh1o3af,NCAA_D1,,https://gopsusports.com/sports/baseball,gopsusports.com,penn state,false,true,true,4,0,0,0,0,0,0,0,NEEDS_REVIEW,NEEDS_REVIEW,2026-05-05T15:24:08.135Z,2026-07-23T19:46:14.884Z
cmovorum400i0qt7gwqyr84ui,"Penn State University, Abington",penn-state-university-abington,,PA,,,cmovorun300i2qt7gtmqcusfs,NCAA_D3,United East Conference,https://www.abingtonsports.com,abingtonsports.com,penn state abington,false,false,true,0,0,0,0,0,0,0,0,NEEDS_REVIEW,NEEDS_REVIEW,2026-05-07T16:14:07.804Z,2026-05-07T16:14:07.804Z
cmovoruqt00i3qt7gfhte0xw1,"Penn State University, Altoona",penn-state-university-altoona,,PA,,,cmovorurv00i5qt7gub15tchv,NCAA_D3,Allegheny Mountain Collegiate Conference,https://www.psaltoonalions.com,psaltoonalions.com,penn state altoona,false,false,true,0,0,0,0,0,0,0,0,NEEDS_REVIEW,NEEDS_REVIEW,2026-05-07T16:14:07.973Z,2026-05-29T16:24:17.069Z
cmovorutc00i6qt7gjesi0x8w,Pennsylvania College of Technology,pennsylvania-college-of-technology,,PA,,,cmovoruu400i8qt7gopbujjxn,NCAA_D3,United East Conference,https://athletics.pct.edu,athletics.pct.edu,pennsylvania technology,false,false,true,0,0,0,0,0,0,0,0,NEEDS_REVIEW,NEEDS_REVIEW,2026-05-07T16:14:08.065Z,2026-05-07T16:14:08.065Z
cmovoruuv00i9qt7gzeo01l3x,"Pennsylvania State Univ. Erie, the Behrend College",pennsylvania-state-univ-erie-the-behrend-college,,PA,,,cmovoruvo00ibqt7g90u7nz73,NCAA_D3,Allegheny Mountain Collegiate Conference,https://PSBLions.com,psblions.com,pennsylvania state univ erie behrend,false,false,true,0,0,0,0,0,0,0,0,NEEDS_REVIEW,NEEDS_REVIEW,2026-05-07T16:14:08.119Z,2026-05-29T16:24:17.163Z
cmox1gj4r0090qtsgw4rlbl51,Pensacola State College,pensacola-state-college,,FL,,,cmox1gj5i0092qtsg2d8orzxg,NJCAA_D1,Region 8,https://njcaastats.prestosports.com/sports/bsb/2024-25/div1/teams/pensacolastatecollege,njcaastats.prestosports.com,pensacola state,false,false,true,0,0,0,0,0,0,0,0,NEEDS_REVIEW,NEEDS_REVIEW,2026-05-08T14:57:00.891Z,2026-05-08T14:57:00.891Z
cmou8ea9700oiqt6sl6kxo6py,Pepperdine University,pepperdine-university,Malibu,CA,,,cmou8ea9w00okqt6sxqte3yga,NCAA_D1,West Coast Conference,https://pepperdinewaves.com/sports/baseball,pepperdinewaves.com,pepperdine,false,true,true,3,0,0,0,0,0,0,0,NEEDS_REVIEW,UNVERIFIED,2026-05-06T15:47:54.860Z,2026-05-06T17:26:21.745Z
cmox068jq00a9qtgc4gcrrdbl,Peru State,peru-state,,NE,,,cmox068ke00abqtgcsry8wwsl,NAIA,Heart of America Athletic Conference,https://naiastats.prestosports.com/sports/bsb/2024-25/teams/perustate,naiastats.prestosports.com,peru state,false,false,true,0,0,0,0,0,0,0,0,NEEDS_REVIEW,NEEDS_REVIEW,2026-05-08T14:21:00.998Z,2026-05-08T14:21:00.998Z
cmorj0h01002xqtio79vlbprn,Pfeiffer University,pfeiffer-university,Misenheimer,NC,,,cmorj0h0q002zqtio7lmjqv45,NCAA_D3,USA South Athletic Conference,https://www.gofalconsports.com,gofalconsports.com,pfeiffer,false,false,true,0,0,0,0,0,0,0,0,NEEDS_REVIEW,NEEDS_REVIEW,2026-05-04T18:21:47.665Z,2026-05-07T16:14:08.181Z
cmowzs1jr005lqt4womndsl7h,Philander Smith,philander-smith,,AR,,,cmowzs1kh005nqt4wlynyw4it,NAIA,HBCU Athletic Conference,https://naiastats.prestosports.com/sports/bsb/2024-25/teams/philandersmithar,naiastats.prestosports.com,philander smith,false,false,true,0,0,0,0,0,0,0,0,NEEDS_REVIEW,NEEDS_REVIEW,2026-05-08T14:09:58.743Z,2026-05-08T14:21:01.047Z
cmox239jn00afqtfkb1zwh43e,Phoenix College,phoenix-college,,AZ,,,cmox239kc00ahqtfkyix2s5p5,NJCAA_D2,Region 1,https://njcaastats.prestosports.com/sports/bsb/2024-25/div2/teams/phoenixcollege,njcaastats.prestosports.com,phoenix,false,false,true,0,0,0,0,0,0,0,0,NEEDS_REVIEW,NEEDS_REVIEW,2026-05-08T15:14:41.556Z,2026-05-08T15:14:41.556Z
cmorj0h5p0039qtio5itydr8m,Piedmont University,piedmont-university,Demorest,GA,,,cmorj0h6f003bqtio8ou8y8t0,NCAA_D3,Collegiate Conference of the South,https://www.piedmontlions.com,piedmontlions.com,piedmont,false,false,true,0,0,0,0,0,0,0,0,NEEDS_REVIEW,NEEDS_REVIEW,2026-05-04T18:21:47.869Z,2026-05-07T16:14:08.237Z
cmowzs1l7005oqt4wcore2glb,Pikeville,pikeville,,KY,,,cmowzs1lx005qqt4weh3t7mgs,NAIA,Appalachian Athletic Conference,https://naiastats.prestosports.com/sports/bsb/2024-25/teams/pikevilleky,naiastats.prestosports.com,pikeville,false,false,true,0,0,0,0,0,0,0,0,NEEDS_REVIEW,NEEDS_REVIEW,2026-05-08T14:09:58.795Z,2026-05-08T14:21:01.100Z
cmox239l100aiqtfkz09l1rha,Pima Community College,pima-community-college,,AZ,,,cmox239lq00akqtfkncl4i144,NJCAA_D2,Region 1,https://njcaastats.prestosports.com/sports/bsb/2024-25/div2/teams/pimacommunitycollege,njcaastats.prestosports.com,pima community,false,false,true,0,0,0,0,0,0,0,0,NEEDS_REVIEW,NEEDS_REVIEW,2026-05-08T15:14:41.605Z,2026-05-08T15:14:41.605Z
cmox239mf00alqtfk3vrs42cg,Pitt Community College,pitt-community-college,,NC,,,cmox239n400anqtfkre5b4exs,NJCAA_D2,Region 10,https://njcaastats.prestosports.com/sports/bsb/2024-25/div2/teams/pittcommunitycollege,njcaastats.prestosports.com,pitt community,false,false,true,0,0,0,0,0,0,0,0,NEEDS_REVIEW,NEEDS_REVIEW,2026-05-08T15:14:41.655Z,2026-05-08T15:14:41.655Z
cmovlhxw900dxqt20w6fu75hv,Pittsburg State,pittsburg-state,Pittsburg,Kansas,,,cmovlhxwy00dzqt20qhdm9keg,NCAA_D2,MIAA,,,pittsburg state,false,false,false,0,0,0,0,0,0,0,0,NEEDS_REVIEW,NEEDS_REVIEW,2026-05-07T14:42:26.649Z,2026-05-07T15:06:32.072Z
cmovlhxxo00e0qt20r5np3ykj,Pitt–Johnstown,pitt-johnstown,Johnstown,Pennsylvania,,,cmovlhxyd00e2qt20kml464ly,NCAA_D2,PSAC,,,pitt johnstown,false,false,false,0,0,0,0,0,0,0,0,NEEDS_REVIEW,NEEDS_REVIEW,2026-05-07T14:42:26.700Z,2026-05-07T15:06:32.122Z
cmovoruzl00iiqt7ggmia2s4r,Plattsburgh State University of New York,plattsburgh-state-university-of-new-york,,NY,,,cmovorv0b00ikqt7gzjl3d823,NCAA_D3,State University of New York Athletic Conference,https://www.gocardinalsports.com/,gocardinalsports.com,plattsburgh state new york,false,false,true,0,0,0,0,0,0,0,0,NEEDS_REVIEW,NEEDS_REVIEW,2026-05-07T16:14:08.290Z,2026-05-07T16:14:08.290Z
cmovorv1200ilqt7g392bty6l,Plymouth State University,plymouth-state-university,,NH,,,cmovorv1s00inqt7gojk8277b,NCAA_D3,Little East Conference,https://athletics.plymouth.edu/,athletics.plymouth.edu,plymouth state,false,false,true,0,0,0,0,0,0,0,0,NEEDS_REVIEW,NEEDS_REVIEW,2026-05-07T16:14:08.342Z,2026-05-07T16:14:08.342Z
cmox068ny00aiqtgc74yuw2t8,Point,point,,GA,,,cmox068om00akqtgcrhsoe43o,NAIA,Southern States Athletic Conference,https://naiastats.prestosports.com/sports/bsb/2024-25/teams/point,naiastats.prestosports.com,point,false,false,true,0,0,0,0,0,0,0,0,NEEDS_REVIEW,NEEDS_REVIEW,2026-05-08T14:21:01.150Z,2026-05-08T14:21:01.150Z
cmovlhxz300e3qt20zmbj53fk,Point Loma Nazarene,point-loma-nazarene,San Diego,California,,,cmovlhxzr00e5qt2003whq01t,NCAA_D2,PacWest,,,point loma nazarene,false,false,false,0,0,0,0,0,0,0,0,NEEDS_REVIEW,NEEDS_REVIEW,2026-05-07T14:42:26.751Z,2026-05-07T15:06:32.174Z
cmovlhy0j00e6qt20i08bl64b,Point Park,point-park,Pittsburgh,Pennsylvania,,,cmovlhy1a00e8qt201e9wrehv,NCAA_D2,MEC,,,point park,false,false,false,0,0,0,0,0,0,0,0,NEEDS_REVIEW,NEEDS_REVIEW,2026-05-07T14:42:26.803Z,2026-05-07T15:06:32.225Z
cmox1gj670093qtsgua774c0h,Polk State College,polk-state-college,,FL,,,cmox1gj6v0095qtsg9mll17tn,NJCAA_D1,Region 8,https://njcaastats.prestosports.com/sports/bsb/2024-25/div1/teams/polkstatecollege,njcaastats.prestosports.com,polk state,false,false,true,0,0,0,0,0,0,0,0,NEEDS_REVIEW,NEEDS_REVIEW,2026-05-08T14:57:00.943Z,2026-05-08T14:57:00.943Z
cmovorv2h00ioqt7g6m1xdbga,Pomona-Pitzer Colleges,pomona-pitzer-colleges,,CA,,,cmovorv3700iqqt7g9ulj97ro,NCAA_D3,Southern California Intercollegiate Athletic Conf.,https://www.sagehens.com,sagehens.com,pomona pitzer colleges,false,false,true,0,0,0,0,0,0,0,0,NEEDS_REVIEW,NEEDS_REVIEW,2026-05-07T16:14:08.394Z,2026-05-07T16:14:08.394Z
cmovlhy2100e9qt20knw6rcyp,Post,post,Waterbury,Connecticut,,,cmovlhy2r00ebqt20zeubjn89,NCAA_D2,CACC,,,post,false,false,false,0,0,0,0,0,0,0,0,NEEDS_REVIEW,NEEDS_REVIEW,2026-05-07T14:42:26.857Z,2026-05-07T15:06:32.276Z
cmox239nt00aoqtfkxs8kf48a,Prairie State College,prairie-state-college,,IL,,,cmox239oi00aqqtfkigr99m48,NJCAA_D2,Region 4,https://njcaastats.prestosports.com/sports/bsb/2024-25/div2/teams/prairiestatecollege,njcaastats.prestosports.com,prairie state,false,false,true,0,0,0,0,0,0,0,0,NEEDS_REVIEW,NEEDS_REVIEW,2026-05-08T15:14:41.705Z,2026-05-08T15:14:41.705Z
cmou8bkh800n6qtuwr2b80tng,Prairie View A&M University,prairie-view-am-university,Prairie View,TX,,,cmou8bki500n8qtuw63u8u7tr,NCAA_D1,SWAC,https://pvpanthers.com/sports/baseball,pvpanthers.com,prairie view a and m,false,true,true,5,0,0,0,0,0,0,0,NEEDS_REVIEW,UNVERIFIED,2026-05-06T15:45:48.140Z,2026-05-06T17:26:20.924Z
cmox1gj7j0096qtsgexvr10ot,Pratt Community College,pratt-community-college,,KS,,,cmox1gj890098qtsgmhdj65n9,NJCAA_D1,Region 6,https://njcaastats.prestosports.com/sports/bsb/2024-25/div1/teams/prattcommunitycollege,njcaastats.prestosports.com,pratt community,false,false,true,0,0,0,0,0,0,0,0,NEEDS_REVIEW,NEEDS_REVIEW,2026-05-08T14:57:00.992Z,2026-05-08T14:57:00.992Z
cmovorv3y00irqt7g1d9pccrh,Pratt Institute,pratt-institute,,NY,,,cmovorv4u00itqt7g7703r0w1,NCAA_D3,Atlantic East Conference,https://www.goprattgo.com,goprattgo.com,pratt institute,false,false,true,0,0,0,0,0,0,0,0,NEEDS_REVIEW,NEEDS_REVIEW,2026-05-07T16:14:08.446Z,2026-05-07T16:14:08.446Z
cmou6tv5p00biqti096g6a7i8,Presbyterian College,presbyterian-college,Clinton,SC,,,cmou6tv6d00bkqti0fqrjrjwf,NCAA_D1,,https://gobluehose.com/sports/baseball,gobluehose.com,presbyterian,false,true,true,4,0,0,0,0,0,0,0,NEEDS_REVIEW,NEEDS_REVIEW,2026-05-06T15:04:02.557Z,2026-07-23T19:46:14.156Z
cmox239p700arqtfk23k3vtri,Prince George's Community College,prince-george-s-community-college,,MD,,,cmox239py00atqtfkkgzlcfp2,NJCAA_D2,Region 20,https://njcaastats.prestosports.com/sports/bsb/2024-25/div2/teams/princegeorgescommunitycollege,njcaastats.prestosports.com,prince george s community,false,false,true,0,0,0,0,0,0,0,0,NEEDS_REVIEW,NEEDS_REVIEW,2026-05-08T15:14:41.755Z,2026-05-08T15:14:41.755Z
cmou7ekvb00elqtx8wqvell5p,Princeton University,princeton-university,Princeton,NJ,,,cmou7ekw100enqtx8836iwma7,NCAA_D1,Ivy League,https://goprincetontigers.com/sports/baseball,goprincetontigers.com,princeton,false,true,true,4,0,0,0,0,0,0,0,NEEDS_REVIEW,NEEDS_REVIEW,2026-05-06T15:20:08.999Z,2026-05-29T16:24:13.155Z
cmovorv5m00iuqt7gvnksyvar,Principia College,principia-college,,IL,,,cmovorv6d00iwqt7g8s5d51fl,NCAA_D3,St. Louis Intercollegiate Athletic Conference,https://www.principiaathletics.com,principiaathletics.com,principia,false,false,true,0,0,0,0,0,0,0,0,NEEDS_REVIEW,NEEDS_REVIEW,2026-05-07T16:14:08.506Z,2026-05-07T16:14:08.506Z
cmowzs1mn005rqt4wreae274s,Providence Christian,providence-christian,,CA,,,cmowzs1nc005tqt4woz6kqniw,NAIA,North Star Athletic Association,https://naiastats.prestosports.com/sports/bsb/2024-25/teams/providencechristianca,naiastats.prestosports.com,providence christian,false,false,true,0,0,0,0,0,0,0,0,NEEDS_REVIEW,NEEDS_REVIEW,2026-05-08T14:09:58.847Z,2026-05-08T14:21:01.198Z
cmou6ba8100arqtictr839l1x,Providence College,providence-college,Providence,RI,,,,,,,providence.edu,providence,false,false,false,0,0,0,0,0,0,0,0,NEEDS_REVIEW,,2026-05-06T14:49:35.618Z,2026-07-23T19:46:13.286Z
cmovorv7500ixqt7gmtvlo0h4,"Purchase College, State University of New York",purchase-college-state-university-of-new-york,,NY,,,cmovorv7x00izqt7ga53cki5o,NCAA_D3,Skyline Conference,https://www.purchasecollegeathletics.com,purchasecollegeathletics.com,purchase state new york,false,false,true,0,0,0,0,0,0,0,0,NEEDS_REVIEW,NEEDS_REVIEW,2026-05-07T16:14:08.561Z,2026-05-07T16:14:08.561Z
cmovlhy3j00ecqt20a4zbf1lx,Purdue Northwest,purdue-northwest,Hammond,Indiana,,,cmovlhy4b00eeqt20upwmfqdb,NCAA_D2,GLIAC,,,purdue northwest,false,false,false,0,0,0,0,0,0,0,0,NEEDS_REVIEW,NEEDS_REVIEW,2026-05-07T14:42:26.911Z,2026-05-07T15:06:32.329Z
cmoss3ura003lqtaodex5xyz9,Purdue University,purdue-university,West Lafayette,IN,,,cmoss3urx003nqtaoxvvgb7e1,NCAA_D1,,https://purduesports.com/sports/baseball,purduesports.com,purdue,false,true,true,4,0,0,0,0,0,0,0,NEEDS_REVIEW,NEEDS_REVIEW,2026-05-05T15:24:08.182Z,2026-07-23T19:46:14.975Z
cmovlhy5300efqt20uit2ec6z,Queens (NY),queens-ny,Queens,New York,,,cmovlhy5u00ehqt20thd141fu,NCAA_D2,ECC,,,queens ny,false,false,false,0,0,0,0,0,0,0,0,NEEDS_REVIEW,NEEDS_REVIEW,2026-05-07T14:42:26.967Z,2026-05-07T15:06:32.383Z
cmorj0gtv002lqtio6lhkp2sn,Queens University of Charlotte,queens-university-of-charlotte,Charlotte,NC,,,cmorj0gul002nqtioftxuxef1,NCAA_D1,,https://queensathletics.com/sports/baseball,queensathletics.com,queens charlotte,false,true,true,3,0,0,0,0,0,0,0,NEEDS_REVIEW,NEEDS_REVIEW,2026-05-04T18:21:47.443Z,2026-07-23T19:46:10.367Z
cmox2o31b0059qtbkrd1etcak,Queensborough Community College,queensborough-community-college,,NY,,,cmox2o322005bqtbkm4rqidap,NJCAA_D3,Region 15,https://njcaastats.prestosports.com/sports/bsb/2024-25/div3/teams/queensboroughcommunitycollege,njcaastats.prestosports.com,queensborough community,false,false,true,0,0,0,0,0,0,0,0,NEEDS_REVIEW,NEEDS_REVIEW,2026-05-08T15:30:52.896Z,2026-05-08T15:30:52.896Z
cmovlhy6j00eiqt20cx0lvxqu,Quincy,quincy,Quincy,Illinois,,,cmovlhy7800ekqt20miep3g5a,NCAA_D2,GLVC,,,quincy,false,false,false,0,0,0,0,0,0,0,0,NEEDS_REVIEW,NEEDS_REVIEW,2026-05-07T14:42:27.019Z,2026-05-07T15:06:32.436Z
cmou7g56n00f9qtkw20et5as4,Quinnipiac University,quinnipiac-university,Hamden,CT,,,cmou7g57d00fbqtkw03owk44b,NCAA_D1,MAAC,https://gobobcats.com/sports/baseball,gobobcats.com,quinnipiac,false,true,true,3,0,0,0,0,0,0,0,NEEDS_REVIEW,NEEDS_REVIEW,2026-05-06T15:21:21.983Z,2026-05-29T16:24:14.004Z
cmox2o32u005cqtbknbu9hei2,Quinsigamond Community College,quinsigamond-community-college,,MA,,,cmox2o33j005eqtbkojynaa7l,NJCAA_D3,Region 21,https://njcaastats.prestosports.com/sports/bsb/2024-25/div3/teams/quinsigamondcommunitycollege,njcaastats.prestosports.com,quinsigamond community,false,false,true,0,0,0,0,0,0,0,0,NEEDS_REVIEW,NEEDS_REVIEW,2026-05-08T15:30:52.950Z,2026-05-08T15:30:52.950Z
cmou6tv7100blqti0ro2wk1tg,Radford University,radford-university,Radford,VA,,,cmou6tv7r00bnqti0zdyxeksd,NCAA_D1,Big South,https://radfordathletics.com/sports/baseball,radfordathletics.com,radford,false,true,true,2,0,1,0,0,0,0,0,NEEDS_REVIEW,NEEDS_REVIEW,2026-05-06T15:04:02.605Z,2026-05-29T14:33:59.736Z
cmovorv8o00j0qt7gsnou6gev,Ramapo College,ramapo-college,,NJ,,,cmovorv9e00j2qt7gysw6q9py,NCAA_D3,New Jersey Athletic Conference,https://www.ramapoathletics.com,ramapoathletics.com,ramapo,false,false,true,0,0,0,0,0,0,0,0,NEEDS_REVIEW,NEEDS_REVIEW,2026-05-07T16:14:08.616Z,2026-05-07T16:14:08.616Z
cmovorva500j3qt7gj6bulmyp,Randolph College,randolph-college,,VA,,,cmovorvav00j5qt7g5mueizqc,NCAA_D3,Old Dominion Athletic Conf.,https://www.randolphwildcats.com,randolphwildcats.com,randolph,false,false,true,0,0,0,0,0,0,0,0,NEEDS_REVIEW,NEEDS_REVIEW,2026-05-07T16:14:08.669Z,2026-05-07T16:14:08.669Z
cmorj0he8003rqtioktmlnu94,Randolph-Macon College,randolph-macon-college,Ashland,VA,,,cmorj0hex003tqtiormroyf5r,NCAA_D3,Old Dominion Athletic Conf.,https://www.rmcathletics.com,rmcathletics.com,randolph macon,false,false,true,0,0,0,0,0,0,0,0,NEEDS_REVIEW,NEEDS_REVIEW,2026-05-04T18:21:48.177Z,2026-05-07T16:14:08.723Z
cmox1gj8y0099qtsgrquvasi8,Ranger College,ranger-college,,TX,,,cmox1gj9n009bqtsgm9fsxetj,NJCAA_D1,Region 5,https://njcaastats.prestosports.com/sports/bsb/2024-25/div1/teams/rangercollege,njcaastats.prestosports.com,ranger,false,false,true,0,0,0,0,0,0,0,0,NEEDS_REVIEW,NEEDS_REVIEW,2026-05-08T14:57:01.042Z,2026-05-08T14:57:01.042Z
cmox239qo00auqtfk68f66upa,Raritan Valley Community College,raritan-valley-community-college,,NJ,,,cmox239rd00awqtfk5sa6tof7,NJCAA_D2,Region 19,https://njcaastats.prestosports.com/sports/bsb/2024-25/div2/teams/raritanvalleycommunitycollege,njcaastats.prestosports.com,raritan valley community,false,false,true,0,0,0,0,0,0,0,0,NEEDS_REVIEW,NEEDS_REVIEW,2026-05-08T15:14:41.808Z,2026-05-08T15:14:41.808Z
cmox239s200axqtfk2tfn9rnd,Redlands Community College,redlands-community-college,,OK,,,cmox239sq00azqtfkq68nwtdy,NJCAA_D2,Region 2,https://njcaastats.prestosports.com/sports/bsb/2024-25/div2/teams/redlandscommunitycollege,njcaastats.prestosports.com,redlands community,false,false,true,0,0,0,0,0,0,0,0,NEEDS_REVIEW,NEEDS_REVIEW,2026-05-08T15:14:41.858Z,2026-05-08T15:14:41.858Z
cmovorvde00j9qt7gvdhex5ym,Regent University,regent-university,,VA,,,cmovorve400jbqt7g1aoelbs9,NCAA_D3,Coast-To-Coast Athletic Conference,https://www.regent.edu/athletics/,regent.edu,regent,false,false,true,0,0,0,0,0,0,0,0,NEEDS_REVIEW,NEEDS_REVIEW,2026-05-07T16:14:08.786Z,2026-05-07T16:14:08.786Z
cmovlhy7y00elqt20ah7mqqah,Regis,regis,Denver,Colorado,,,cmovlhy8n00enqt206ng3noex,NCAA_D2,RMAC,,,regis,false,false,false,0,0,0,0,0,0,0,0,NEEDS_REVIEW,NEEDS_REVIEW,2026-05-07T14:42:27.070Z,2026-05-07T15:06:32.490Z
cmovorveu00jcqt7guhcq7zn7,Regis College (Massachusetts),regis-college-massachusetts,,MA,,,cmovorvfj00jeqt7gu15emmbo,NCAA_D3,Great Northeast Athletic Conference,https://www.goregispride.com,goregispride.com,regis massachusetts,false,false,true,0,0,0,0,0,0,0,0,NEEDS_REVIEW,NEEDS_REVIEW,2026-05-07T16:14:08.838Z,2026-05-07T16:14:08.838Z
cmox239tf00b0qtfkd5vmnymk,Reid State Technical College,reid-state-technical-college,,AL,,,cmox239u300b2qtfkl8y9vrne,NJCAA_D2,Region 22,https://njcaastats.prestosports.com/sports/bsb/2024-25/div2/teams/reidstatetechnicalcollege,njcaastats.prestosports.com,reid state technical,false,false,true,0,0,0,0,0,0,0,0,NEEDS_REVIEW,NEEDS_REVIEW,2026-05-08T15:14:41.907Z,2026-05-08T15:14:41.907Z
cmorj0h79003cqtioydx0o97u,Reinhardt University,reinhardt-university,Waleska,GA,,,cmorj0h7z003eqtiokq3f4k04,NAIA,Appalachian Athletic Conference,https://reinhardteagles.com/sports/baseball,reinhardteagles.com,reinhardt,false,false,true,0,0,0,0,0,0,0,0,UNVERIFIED,UNVERIFIED,2026-05-04T18:21:47.925Z,2026-05-04T18:29:48.986Z
cmox1gjab009cqtsgimtjx4gp,Rend Lake College,rend-lake-college,,IL,,,cmox1gjb1009eqtsgj32080di,NJCAA_D1,Region 24,https://njcaastats.prestosports.com/sports/bsb/2024-25/div1/teams/rendlakecollege,njcaastats.prestosports.com,rend lake,false,false,true,0,0,0,0,0,0,0,0,NEEDS_REVIEW,NEEDS_REVIEW,2026-05-08T14:57:01.092Z,2026-05-08T14:57:01.092Z
cmovorvga00jfqt7gjs9vy6kz,Rensselaer Polytechnic Institute,rensselaer-polytechnic-institute,,NY,,,cmovorvh100jhqt7gmn8wut1y,NCAA_D3,Liberty League,https://www.rpiathletics.com,rpiathletics.com,rensselaer polytechnic institute,false,false,true,0,0,0,0,0,0,0,0,NEEDS_REVIEW,NEEDS_REVIEW,2026-05-07T16:14:08.890Z,2026-05-07T16:14:08.890Z
cmovorvhs00jiqt7g1uqmbhcw,Rhode Island College,rhode-island-college,,RI,,,cmovorvij00jkqt7g7rnd06wk,NCAA_D3,Little East Conference,https://www.goanchormen.com,goanchormen.com,rhode island,false,false,true,0,0,0,0,0,0,0,0,NEEDS_REVIEW,NEEDS_REVIEW,2026-05-07T16:14:08.944Z,2026-05-07T16:14:08.944Z
cmovorvjc00jlqt7g4h3pm5yf,Rhodes College,rhodes-college,,TN,,,cmovorvk300jnqt7gs6847tmt,NCAA_D3,Southern Athletic Association,https://www.rhodeslynx.com,rhodeslynx.com,rhodes,false,false,true,0,0,0,0,0,0,0,0,NEEDS_REVIEW,NEEDS_REVIEW,2026-05-07T16:14:09.001Z,2026-05-07T16:14:09.001Z
cmou57edu007xqtdwf0oux6v3,Rice University,rice-university,Houston,TX,,,cmou57eem007zqtdwx7f8coft,NCAA_D1,,https://riceowls.com/sports/baseball,riceowls.com,rice,false,true,true,4,0,0,0,0,0,0,0,NEEDS_REVIEW,NEEDS_REVIEW,2026-05-06T14:18:34.770Z,2026-07-23T19:46:06.384Z
cmox239ut00b3qtfkxg3e034j,Richard Bland College,richard-bland-college,,VA,,,cmox239vg00b5qtfkpvf820id,NJCAA_D2,Region 10,https://njcaastats.prestosports.com/sports/bsb/2024-25/div2/teams/richardblandcollege,njcaastats.prestosports.com,richard bland,false,false,true,0,0,0,0,0,0,0,0,NEEDS_REVIEW,NEEDS_REVIEW,2026-05-08T15:14:41.957Z,2026-05-08T15:14:41.957Z
cmou7g58200fcqtkwlr36bze7,Rider University,rider-university,Lawrenceville,NJ,,,cmou7g58r00feqtkwnpsgaznj,NCAA_D1,MAAC,https://gobroncs.com/sports/baseball,gobroncs.com,rider,false,true,true,3,0,0,0,0,0,0,0,NEEDS_REVIEW,NEEDS_REVIEW,2026-05-06T15:21:22.034Z,2026-05-29T16:24:14.105Z
cmox2o349005fqtbkgb3bbdnw,Ridgewater College,ridgewater-college,,MN,,,cmox2o351005hqtbk4lquojaj,NJCAA_D3,Region 13,https://njcaastats.prestosports.com/sports/bsb/2024-25/div3/teams/ridgewatercollege,njcaastats.prestosports.com,ridgewater,false,false,true,0,0,0,0,0,0,0,0,NEEDS_REVIEW,NEEDS_REVIEW,2026-05-08T15:30:53.001Z,2026-05-08T15:30:53.001Z
cmox068ry00arqtgctwx7egcp,Rio Grande,rio-grande,,OH,,,cmox068sm00atqtgcivjckkep,NAIA,River States Conference,https://naiastats.prestosports.com/sports/bsb/2024-25/teams/riogrande,naiastats.prestosports.com,rio grande,false,false,true,0,0,0,0,0,0,0,0,NEEDS_REVIEW,NEEDS_REVIEW,2026-05-08T14:21:01.295Z,2026-05-08T14:21:01.295Z
cmovorvks00joqt7geqdjaic5,Ripon College,ripon-college,,WI,,,cmovorvlq00jqqt7g9r4ndm58,NCAA_D3,Midwest Conference,https://riponredhawks.com/,riponredhawks.com,ripon,false,false,true,0,0,0,0,0,0,0,0,NEEDS_REVIEW,NEEDS_REVIEW,2026-05-07T16:14:09.053Z,2026-05-07T16:14:09.053Z
cmox2o35r005iqtbkzwaj9v87,Riverland Community College,riverland-community-college,,MN,,,cmox2o36h005kqtbkn2on8d1r,NJCAA_D3,Region 13,https://njcaastats.prestosports.com/sports/bsb/2024-25/div3/teams/riverlandcommunitycollege,njcaastats.prestosports.com,riverland community,false,false,true,0,0,0,0,0,0,0,0,NEEDS_REVIEW,NEEDS_REVIEW,2026-05-08T15:30:53.056Z,2026-05-08T15:30:53.056Z
cmovorvmj00jrqt7go3q4tm78,Rivier University,rivier-university,,NH,,,cmovorvna00jtqt7gxzls0vnz,NCAA_D3,Great Northeast Athletic Conference,https://www.rivierathletics.com,rivierathletics.com,rivier,false,false,true,0,0,0,0,0,0,0,0,NEEDS_REVIEW,NEEDS_REVIEW,2026-05-07T16:14:09.115Z,2026-05-07T16:14:09.115Z
cmox1gjbq009fqtsgv8e9aih2,Roane State Community College,roane-state-community-college,,TN,,,cmox1gjcf009hqtsgs4m4mu96,NJCAA_D1,Region 7,https://njcaastats.prestosports.com/sports/bsb/2024-25/div1/teams/roanestatecommunitycollege,njcaastats.prestosports.com,roane state community,false,false,true,0,0,0,0,0,0,0,0,NEEDS_REVIEW,NEEDS_REVIEW,2026-05-08T14:57:01.142Z,2026-05-08T14:57:01.142Z
cmowzs1pl005xqt4w10de1dc1,Rochester Christian,rochester-christian,,MICH.,,,cmowzs1qd005zqt4w3ztrgtxk,NAIA,Wolverine-Hoosier Athletic Conference,https://naiastats.prestosports.com/sports/bsb/2024-25/teams/rochesterchristianmich,naiastats.prestosports.com,rochester christian,false,false,true,0,0,0,0,0,0,0,0,NEEDS_REVIEW,NEEDS_REVIEW,2026-05-08T14:09:58.953Z,2026-05-08T14:21:01.341Z
cmox2o378005lqtbk8ffxza60,Rochester Community and Technical College,rochester-community-and-technical-college,,MN,,,cmox2o380005nqtbk88jug78h,NJCAA_D3,Region 13,https://njcaastats.prestosports.com/sports/bsb/2024-25/div3/teams/rochestercommunityandtechnicalcolleg,njcaastats.prestosports.com,rochester community and technical,false,false,true,0,0,0,0,0,0,0,0,NEEDS_REVIEW,NEEDS_REVIEW,2026-05-08T15:30:53.108Z,2026-05-08T15:30:53.108Z
cmovorvo000juqt7ghkdesutl,Rochester Institute of Technology,rochester-institute-of-technology,,NY,,,cmovorvos00jwqt7gl7budkhq,NCAA_D3,Liberty League,https://www.ritathletics.com,ritathletics.com,rochester institute technology,false,false,true,0,0,0,0,0,0,0,0,NEEDS_REVIEW,NEEDS_REVIEW,2026-05-07T16:14:09.168Z,2026-05-07T16:14:09.168Z
cmox239w500b6qtfk3p4wbg4k,Rock Valley College,rock-valley-college,,IL,,,cmox239wu00b8qtfke3ujq6zk,NJCAA_D2,Region 4,https://njcaastats.prestosports.com/sports/bsb/2024-25/div2/teams/rockvalleycollege,njcaastats.prestosports.com,rock valley,false,false,true,0,0,0,0,0,0,0,0,NEEDS_REVIEW,NEEDS_REVIEW,2026-05-08T15:14:42.005Z,2026-05-08T15:14:42.005Z
cmovorvpj00jxqt7gaytikwgn,Rockford University,rockford-university,,IL,,,cmovorvq800jzqt7gfv7egbi2,NCAA_D3,Northern Athletics Collegiate Conference,https://www.rockfordregents.com,rockfordregents.com,rockford,false,false,true,0,0,0,0,0,0,0,0,NEEDS_REVIEW,NEEDS_REVIEW,2026-05-07T16:14:09.223Z,2026-05-07T16:14:09.223Z
cmovlhy9d00eoqt20q66jrk0c,Rockhurst,rockhurst,Kansas City,Missouri,,,cmovlhya200eqqt205pi6l8f4,NCAA_D2,GLVC,,,rockhurst,false,false,false,0,0,0,0,0,0,0,0,NEEDS_REVIEW,NEEDS_REVIEW,2026-05-07T14:42:27.121Z,2026-05-07T15:06:32.543Z
cmox2o38t005oqtbk7kvql8mr,Rockingham Community College,rockingham-community-college,,NC,,,cmox2o39j005qqtbkv783bg12,NJCAA_D3,Region 10,https://njcaastats.prestosports.com/sports/bsb/2024-25/div3/teams/rockinghamcommunitycollege,njcaastats.prestosports.com,rockingham community,false,false,true,0,0,0,0,0,0,0,0,NEEDS_REVIEW,NEEDS_REVIEW,2026-05-08T15:30:53.165Z,2026-05-08T15:30:53.165Z
cmox239xj00b9qtfk9csffm3a,Rockland Community College,rockland-community-college,,NY,,,cmox239y700bbqtfkjaawb8it,NJCAA_D2,Region 15,https://njcaastats.prestosports.com/sports/bsb/2024-25/div2/teams/rocklandcommunitycollege,njcaastats.prestosports.com,rockland community,false,false,true,0,0,0,0,0,0,0,0,NEEDS_REVIEW,NEEDS_REVIEW,2026-05-08T15:14:42.055Z,2026-05-08T15:14:42.055Z
cmovorvr100k0qt7g0r3aihqc,Roger Williams University,roger-williams-university,,RI,,,cmovorvrs00k2qt7g66m1rlru,NCAA_D3,Conference of New England,https://www.rwuhawks.com,rwuhawks.com,roger williams,false,false,true,0,0,0,0,0,0,0,0,NEEDS_REVIEW,NEEDS_REVIEW,2026-05-07T16:14:09.277Z,2026-05-07T16:14:09.277Z
cmovlhyau00erqt2017ori99m,Rogers State,rogers-state,Claremore,Oklahoma,,,cmovlhybm00etqt200x9ml4iy,NCAA_D2,MIAA,,,rogers state,false,false,false,0,0,0,0,0,0,0,0,NEEDS_REVIEW,NEEDS_REVIEW,2026-05-07T14:42:27.174Z,2026-05-07T15:06:32.598Z
cmovlhycb00euqt20dzllw6mo,Rollins,rollins,Winter Park,Florida,,,cmovlhyd400ewqt20v06s8x4q,NCAA_D2,SSC,,,rollins,false,false,false,0,0,0,0,0,0,0,0,NEEDS_REVIEW,NEEDS_REVIEW,2026-05-07T14:42:27.228Z,2026-05-07T15:06:32.647Z
cmovlhydu00exqt20e4eyofkx,Roosevelt,roosevelt,Chicago,Illinois,,,cmovlhyek00ezqt20cvxy822p,NCAA_D2,GLIAC,,,roosevelt,false,false,false,0,0,0,0,0,0,0,0,NEEDS_REVIEW,NEEDS_REVIEW,2026-05-07T14:42:27.282Z,2026-05-07T15:06:32.700Z
cmox1gjd4009iqtsg9rv924hr,Rose State College,rose-state-college,,OK,,,cmox1gjdy009kqtsg5o6j761h,NJCAA_D1,Region 2,https://njcaastats.prestosports.com/sports/bsb/2024-25/div1/teams/rosestatecollege,njcaastats.prestosports.com,rose state,false,false,true,0,0,0,0,0,0,0,0,NEEDS_REVIEW,NEEDS_REVIEW,2026-05-08T14:57:01.192Z,2026-05-08T14:57:01.192Z
cmovorvsk00k3qt7gyd0d8smw,Rose-Hulman Institute of Technology,rose-hulman-institute-of-technology,,IN,,,cmovorvt900k5qt7gjqardsj3,NCAA_D3,Heartland Collegiate Athletic Conference,https://www.rose-hulman.edu/athletics,rose-hulman.edu,rose hulman institute technology,false,false,true,0,0,0,0,0,0,0,0,NEEDS_REVIEW,NEEDS_REVIEW,2026-05-07T16:14:09.332Z,2026-05-07T16:14:09.332Z
cmovorvtz00k6qt7gs7tfioq1,Rosemont College,rosemont-college,,PA,,,cmovorvuo00k8qt7g5n6tuaih,NCAA_D3,Independent,https://www.rosemont-ravens.com,rosemont-ravens.com,rosemont,false,false,true,0,0,0,0,0,0,0,0,NEEDS_REVIEW,NEEDS_REVIEW,2026-05-07T16:14:09.384Z,2026-05-07T16:14:09.384Z
cmox2o3bw005uqtbkuzqvpco4,Rowan College South Jersey - Gloucester,rowan-college-south-jersey-gloucester,,NJ,,,cmox2o3cm005wqtbkd7ywwm85,NJCAA_D3,Region 19,https://njcaastats.prestosports.com/sports/bsb/2024-25/div3/teams/rowancollegesouthjerseygloucester,njcaastats.prestosports.com,rowan south jersey gloucester,false,false,true,0,0,0,0,0,0,0,0,NEEDS_REVIEW,NEEDS_REVIEW,2026-05-08T15:30:53.276Z,2026-05-08T15:30:53.276Z
cmox2o3ab005rqtbktwn2g470,Rowan College of South Jersey-Cumberland,rowan-college-of-south-jersey-cumberland,,ND,,,cmox2o3b4005tqtbk6svvwrz2,NJCAA_D3,Region 19,https://njcaastats.prestosports.com/sports/bsb/2024-25/div3/teams/rowancollegeofsouthjerseycumberland,njcaastats.prestosports.com,rowan south jersey cumberland,false,false,true,0,0,0,0,0,0,0,0,NEEDS_REVIEW,NEEDS_REVIEW,2026-05-08T15:30:53.219Z,2026-05-08T15:30:53.219Z
cmovorvvf00k9qt7gqqa41pr8,Rowan University,rowan-university,,NJ,,,cmovorvw400kbqt7g1s5eusvf,NCAA_D3,New Jersey Athletic Conference,https://www.rowanathletics.com,rowanathletics.com,rowan,false,false,true,0,0,0,0,0,0,0,0,NEEDS_REVIEW,NEEDS_REVIEW,2026-05-07T16:14:09.435Z,2026-05-07T16:14:09.435Z
cmox2o3dd005xqtbkfawub6w0,Roxbury Community College,roxbury-community-college,,MA,,,cmox2o3e4005zqtbkpph9j9h8,NJCAA_D3,Region 21,https://njcaastats.prestosports.com/sports/bsb/2024-25/div3/teams/roxburycommunitycollege,njcaastats.prestosports.com,roxbury community,false,false,true,0,0,0,0,0,0,0,0,NEEDS_REVIEW,NEEDS_REVIEW,2026-05-08T15:30:53.329Z,2026-05-08T15:30:53.329Z
cmovorvwu00kcqt7gip16w0ue,Russell Sage College,russell-sage-college,,NY,,,cmovorvxk00keqt7gywpmgdm2,NCAA_D3,Empire 8,https://www.sagegators.com,sagegators.com,russell sage,false,false,true,0,0,0,0,0,0,0,0,NEEDS_REVIEW,NEEDS_REVIEW,2026-05-07T16:14:09.486Z,2026-05-07T16:14:09.486Z
cmowzs1r40060qt4waqra6rcg,Rust,rust,,MS,,,cmowzs1ru0062qt4wsf57vlws,NAIA,HBCU Athletic Conference,https://naiastats.prestosports.com/sports/bsb/2024-25/teams/rustms,naiastats.prestosports.com,rust,false,false,true,0,0,0,0,0,0,0,0,NEEDS_REVIEW,NEEDS_REVIEW,2026-05-08T14:09:59.008Z,2026-05-08T14:21:01.390Z
cmoss3usl003oqtaorrzcvm28,Rutgers University,rutgers-university,New Brunswick,NJ,,,cmoss3ut9003qqtaoy83jq2k5,NCAA_D1,,https://scarletknights.com/sports/baseball,scarletknights.com,rutgers,false,true,true,4,0,0,0,0,0,0,0,NEEDS_REVIEW,NEEDS_REVIEW,2026-05-05T15:24:08.229Z,2026-07-23T19:46:15.067Z
cmovorvya00kfqt7gkq618s9o,"Rutgers, The State Univ. of New Jersey, Camden",rutgers-the-state-univ-of-new-jersey-camden,,NJ,,,cmovorvz000khqt7gajv1v82l,NCAA_D3,New Jersey Athletic Conference,https://www.scarletraptors.com,scarletraptors.com,rutgers state univ new jersey camden,false,false,true,0,0,0,0,0,0,0,0,NEEDS_REVIEW,NEEDS_REVIEW,2026-05-07T16:14:09.538Z,2026-05-07T16:14:09.538Z
cmovorvzp00kiqt7gbmawgrxg,"Rutgers, The State Univ. of New Jersey, Newark",rutgers-the-state-univ-of-new-jersey-newark,,NJ,,,cmovorw0d00kkqt7gzoh7sx20,NCAA_D3,New Jersey Athletic Conference,https://www.rutgersnewarkathletics.com,rutgersnewarkathletics.com,rutgers state univ new jersey newark,false,false,true,0,0,0,0,0,0,0,0,NEEDS_REVIEW,NEEDS_REVIEW,2026-05-07T16:14:09.589Z,2026-05-07T16:14:09.589Z
cmox2o3jc0069qtbkr283774r,SUNY Adirondack,suny-adirondack,,NY,,,cmox2o3k3006bqtbk74pycbez,NJCAA_D3,Region 3,https://njcaastats.prestosports.com/sports/bsb/2024-25/div3/teams/sunyadirondack,njcaastats.prestosports.com,suny adirondack,false,false,true,0,0,0,0,0,0,0,0,NEEDS_REVIEW,NEEDS_REVIEW,2026-05-08T15:30:53.544Z,2026-05-08T15:30:53.544Z
cmox2o3kv006cqtbkssc0iyts,SUNY Broome Community College,suny-broome-community-college,,NY,,,cmox2o3ll006eqtbk1lvm306q,NJCAA_D3,Region 3,https://njcaastats.prestosports.com/sports/bsb/2024-25/div3/teams/sunybroomecommunitycollege,njcaastats.prestosports.com,suny broome community,false,false,true,0,0,0,0,0,0,0,0,NEEDS_REVIEW,NEEDS_REVIEW,2026-05-08T15:30:53.599Z,2026-05-08T15:30:53.599Z
cmox2o3mb006fqtbk9iqfpioj,SUNY Niagara,suny-niagara,,NY,,,cmox2o3n2006hqtbkp62x3st1,NJCAA_D3,Region 3,https://njcaastats.prestosports.com/sports/bsb/2024-25/div3/teams/sunyniagara,njcaastats.prestosports.com,suny niagara,false,false,true,0,0,0,0,0,0,0,0,NEEDS_REVIEW,NEEDS_REVIEW,2026-05-08T15:30:53.651Z,2026-05-08T15:30:53.651Z
cmou7g59h00ffqtkwxjhhqadq,Sacred Heart University,sacred-heart-university,Fairfield,CT,,,cmou7g5a600fhqtkw92g207lr,NCAA_D1,MAAC,https://sacredheartpioneers.com/sports/baseball,sacredheartpioneers.com,sacred heart,false,true,true,4,0,0,0,0,0,0,0,NEEDS_REVIEW,NEEDS_REVIEW,2026-05-06T15:21:22.085Z,2026-05-29T16:24:14.218Z
cmovlhyf800f0qt20jfr4x1hp,Saginaw Valley State,saginaw-valley-state,University Center,Michigan,,,cmovlhyfy00f2qt20y99o3lwg,NCAA_D2,GLIAC,,,saginaw valley state,false,false,false,0,0,0,0,0,0,0,0,NEEDS_REVIEW,NEEDS_REVIEW,2026-05-07T14:42:27.333Z,2026-05-07T15:06:32.752Z
cmovlhygp00f3qt20wmbq24m8,Saint Anselm,saint-anselm,Goffstown,New Hampshire,,,cmovlhyhe00f5qt209n0u998k,NCAA_D2,NE-10,,,saint anselm,false,false,false,0,0,0,0,0,0,0,0,NEEDS_REVIEW,NEEDS_REVIEW,2026-05-07T14:42:27.385Z,2026-05-07T15:06:32.805Z
cmovorw1300klqt7gsq1ooj6c,Saint Elizabeth University,saint-elizabeth-university,,NJ,,,cmovorw1s00knqt7gojf1qp1y,NCAA_D3,Atlantic East Conference,https://seueagles.com,seueagles.com,saint elizabeth,false,false,true,0,0,0,0,0,0,0,0,NEEDS_REVIEW,NEEDS_REVIEW,2026-05-07T16:14:09.639Z,2026-05-07T16:14:09.639Z
cmowzs1sl0063qt4w2c8vrz25,Saint Francis,saint-francis,,IN,,,cmowzs1tf0065qt4wf2jc26kg,NAIA,Crossroads League,https://naiastats.prestosports.com/sports/bsb/2024-25/teams/saintfrancisin,naiastats.prestosports.com,saint francis,false,false,true,0,0,0,0,0,0,0,0,NEEDS_REVIEW,NEEDS_REVIEW,2026-05-08T14:09:59.061Z,2026-05-08T14:21:01.437Z
cmou7zwi600jiqt182wps2oyk,Saint Francis University,saint-francis-university,Loretto,PA,,,,,,,francis.edu,saint francis,false,false,false,0,0,0,0,0,0,0,0,NEEDS_REVIEW,,2026-05-06T15:36:43.854Z,2026-05-06T17:26:18.074Z
cmovorw2i00koqt7gzwop54e9,Saint John's University (Minnesota),saint-john-s-university-minnesota,,MN,,,cmovorw3800kqqt7gf7q7kbqy,NCAA_D3,Minnesota Intercollegiate Athletic Conference,https://www.gojohnnies.com,gojohnnies.com,saint john s minnesota,false,false,true,0,0,0,0,0,0,0,0,NEEDS_REVIEW,NEEDS_REVIEW,2026-05-07T16:14:09.691Z,2026-05-07T16:14:09.691Z
cmovorw3z00krqt7gdq5zu3f2,Saint Joseph's College (Maine),saint-joseph-s-college-maine,,ME,,,cmovorw4p00ktqt7g1gob9fgf,NCAA_D3,Great Northeast Athletic Conference,https://www.gomonks.com,gomonks.com,saint joseph s maine,false,false,true,0,0,0,0,0,0,0,0,NEEDS_REVIEW,NEEDS_REVIEW,2026-05-07T16:14:09.744Z,2026-05-07T16:14:09.744Z
cmou65qh80093qt1oh6psc6h9,Saint Joseph's University,saint-josephs-university,Philadelphia,PA,,,cmou65qhy0095qt1ownoailh2,NCAA_D1,,https://sjuhawks.com/sports/baseball,sjuhawks.com,saint joseph s,false,true,true,4,0,0,0,0,0,0,0,NEEDS_REVIEW,NEEDS_REVIEW,2026-05-06T14:45:16.748Z,2026-07-23T19:46:11.249Z
cmovlhyi300f6qt20it5gxvxp,Saint Leo,saint-leo,St. Leo,Florida,,,cmovlhyis00f8qt201pkh7ukf,NCAA_D2,SSC,,,saint leo,false,false,false,0,0,0,0,0,0,0,0,NEEDS_REVIEW,NEEDS_REVIEW,2026-05-07T14:42:27.435Z,2026-05-07T15:06:32.856Z
cmou65qio0096qt1o4osfjy36,Saint Louis University,saint-louis-university,St. Louis,MO,,,cmou65qje0098qt1ozah8sdhb,NCAA_D1,,https://slubillikens.com/sports/baseball,slubillikens.com,saint louis,false,true,true,4,0,0,0,0,0,0,0,NEEDS_REVIEW,NEEDS_REVIEW,2026-05-06T14:45:16.800Z,2026-07-23T19:46:11.337Z
cmovlhyjh00f9qt2024miaooh,Saint Martin's,saint-martin-s,Lacey,Washington,,,cmovlhyk600fbqt20roaa0wkz,NCAA_D2,GNAC,,,saint martin s,false,false,false,0,0,0,0,0,0,0,0,NEEDS_REVIEW,NEEDS_REVIEW,2026-05-07T14:42:27.485Z,2026-05-07T15:06:32.906Z
cmox068x900b3qtgciov963rh,Saint Mary,saint-mary,,KS,,,cmox068xz00b5qtgcl2eh84um,NAIA,Kansas Collegiate Athletic Conference,https://naiastats.prestosports.com/sports/bsb/2024-25/teams/saintmary,naiastats.prestosports.com,saint mary,false,false,true,0,0,0,0,0,0,0,0,NEEDS_REVIEW,NEEDS_REVIEW,2026-05-08T14:21:01.486Z,2026-05-08T14:21:01.486Z
cmovorw5q00kuqt7gz0a9dr09,Saint Mary's College (Indiana),saint-mary-s-college-indiana,,IN,,,cmovorw6i00kwqt7gn3nn4snr,NCAA_D3,Michigan Intercollegiate Athletic Association,https://belles.saintmarys.edu,belles.saintmarys.edu,saint mary s indiana,false,false,true,0,0,0,0,0,0,0,0,NEEDS_REVIEW,NEEDS_REVIEW,2026-05-07T16:14:09.806Z,2026-05-07T16:14:09.806Z
cmou8eabz00ooqt6s0y8qips5,Saint Mary's College of California,saint-marys-college-of-california,Moraga,CA,,,cmou8eaco00oqqt6skzpaxh8w,NCAA_D1,West Coast Conference,https://smcgaels.com/sports/baseball,smcgaels.com,saint mary s california,false,true,true,4,0,0,0,0,0,0,0,NEEDS_REVIEW,UNVERIFIED,2026-05-06T15:47:54.959Z,2026-05-06T17:26:21.869Z
cmovorw7a00kxqt7gdbv2ckxw,Saint Mary's University of Minnesota,saint-mary-s-university-of-minnesota,,MN,,,cmovorw8100kzqt7gcpqfp4qs,NCAA_D3,Minnesota Intercollegiate Athletic Conference,https://www.saintmaryssports.com,saintmaryssports.com,saint mary s minnesota,false,false,true,0,0,0,0,0,0,0,0,NEEDS_REVIEW,NEEDS_REVIEW,2026-05-07T16:14:09.862Z,2026-05-07T16:14:09.862Z
cmovlhykw00fcqt20y8te1ju4,Saint Michael's,saint-michael-s,Colchester,Vermont,,,cmovlhyll00feqt20dz1bnbl0,NCAA_D2,NE-10,,,saint michael s,false,false,false,0,0,0,0,0,0,0,0,NEEDS_REVIEW,NEEDS_REVIEW,2026-05-07T14:42:27.536Z,2026-05-07T15:06:32.963Z
cmou7g5av00fiqtkwd5p6smd8,Saint Peter's University,saint-peters-university,Jersey City,NJ,,,cmou7g5bk00fkqtkwucf6witm,NCAA_D1,MAAC,https://saintpeterspeacocks.com/sports/baseball,saintpeterspeacocks.com,saint peter s,false,true,true,4,0,0,0,0,0,0,0,NEEDS_REVIEW,NEEDS_REVIEW,2026-05-06T15:21:22.135Z,2026-05-29T16:24:14.309Z
cmowzs1u50066qt4whaf1rcgo,Saint Xavier,saint-xavier,,IL,,,cmowzs1uv0068qt4wyufvos4m,NAIA,Chicagoland Collegiate Athletic Conference,https://naiastats.prestosports.com/sports/bsb/2024-25/teams/saintxavieril,naiastats.prestosports.com,saint xavier,false,false,true,0,0,0,0,0,0,0,0,NEEDS_REVIEW,NEEDS_REVIEW,2026-05-08T14:09:59.117Z,2026-05-08T14:21:01.535Z
cmovlhyma00ffqt20pipts79a,Salem,salem,Salem,West Virginia,,,cmovlhymz00fhqt204zzewnq0,NCAA_D2,Independent,,,salem,false,false,false,0,0,0,0,0,0,0,0,NEEDS_REVIEW,NEEDS_REVIEW,2026-05-07T14:42:27.586Z,2026-05-07T15:06:33.016Z
cmox2o3eu0060qtbkzteg6b9a,Salem Community College,salem-community-college,,NJ,,,cmox2o3fl0062qtbkzy617msi,NJCAA_D3,Region 19,https://njcaastats.prestosports.com/sports/bsb/2024-25/div3/teams/salemcommunitycollege,njcaastats.prestosports.com,salem community,false,false,true,0,0,0,0,0,0,0,0,NEEDS_REVIEW,NEEDS_REVIEW,2026-05-08T15:30:53.382Z,2026-05-08T15:30:53.382Z
cmovorw8s00l0qt7g7rk397w1,Salem State University,salem-state-university,,MA,,,cmovorw9i00l2qt7g4oq7zt1k,NCAA_D3,Massachusetts State Collegiate Athletic Conference,https://www.salemstatevikings.com,salemstatevikings.com,salem state,false,false,true,0,0,0,0,0,0,0,0,NEEDS_REVIEW,NEEDS_REVIEW,2026-05-07T16:14:09.916Z,2026-05-07T16:14:09.916Z
cmovorwa900l3qt7glrtaex0m,Salisbury University,salisbury-university,,MD,,,cmovorwb000l5qt7gbh1ooomk,NCAA_D3,Coast-To-Coast Athletic Conference,https://www.suseagulls.com,suseagulls.com,salisbury,false,false,true,0,0,0,0,0,0,0,0,NEEDS_REVIEW,NEEDS_REVIEW,2026-05-07T16:14:09.969Z,2026-05-07T16:14:09.969Z
cmox1gjen009lqtsgixb3jop3,Salt Lake Community College,salt-lake-community-college,,UT,,,cmox1gjfe009nqtsgbecwceq7,NJCAA_D1,Region 18,https://njcaastats.prestosports.com/sports/bsb/2024-25/div1/teams/saltlakecommunitycollege,njcaastats.prestosports.com,salt lake community,false,false,true,0,0,0,0,0,0,0,0,NEEDS_REVIEW,NEEDS_REVIEW,2026-05-08T14:57:01.247Z,2026-05-08T14:57:01.247Z
cmou74gda00dfqtbowljcz5qy,Sam Houston State University,sam-houston-state-university,Huntsville,TX,,,cmou74gdy00dhqtboupmdj4ka,NCAA_D1,Conference USA,https://gobearkats.com/sports/baseball,gobearkats.com,sam houston state,false,true,true,4,0,0,0,0,0,0,0,NEEDS_REVIEW,NEEDS_REVIEW,2026-05-06T15:12:16.607Z,2026-05-29T16:24:11.942Z
cmou869xz00l9qtjkp3n01t3v,Samford University,samford-university,Birmingham,AL,,,cmou869yo00lbqtjkmkyipunp,NCAA_D1,SoCon,https://samfordsports.com/sports/baseball,samfordsports.com,samford,false,true,true,4,0,0,0,0,0,0,0,NEEDS_REVIEW,UNVERIFIED,2026-05-06T15:41:41.207Z,2026-05-06T17:26:19.137Z
cmou3xrju0073qt5sqs3jf1rt,San Diego State University,san-diego-state-university,San Diego,CA,,,cmou3xrkg0075qt5suzvu19l1,NCAA_D1,Mountain West,https://goaztecs.com/sports/baseball,goaztecs.com,san diego state,false,true,true,1,0,0,0,0,0,0,0,NEEDS_REVIEW,UNVERIFIED,2026-05-06T13:43:05.658Z,2026-05-06T17:26:17.533Z
cmovlhynq00fiqt20ar83rcxl,San Francisco State,san-francisco-state,San Francisco,California,,,cmovlhyof00fkqt20x1wgz0mt,NCAA_D2,CCAA,,,san francisco state,false,false,false,0,0,0,0,0,0,0,0,NEEDS_REVIEW,NEEDS_REVIEW,2026-05-07T14:42:27.638Z,2026-05-07T15:06:33.070Z
cmox1gjg2009oqtsg8cc00u2y,San Jacinto College-North,san-jacinto-college-north,,TX,,,cmox1gjgo009qqtsgt37mcjot,NJCAA_D1,Region 14,https://njcaastats.prestosports.com/sports/bsb/2024-25/div1/teams/sanjacintocollegenorth,njcaastats.prestosports.com,san jacinto north,false,false,true,0,0,0,0,0,0,0,0,NEEDS_REVIEW,NEEDS_REVIEW,2026-05-08T14:57:01.298Z,2026-05-08T14:57:01.298Z
cmou7y6qy00icqtocgehc57zb,San Jose State University,san-jose-state-university,San Jose,CA,,,cmou7y6rn00ieqtoc6pij5vm6,NCAA_D1,Mountain West,https://sjsuspartans.com/sports/baseball,sjsuspartans.com,san jose state,false,true,true,4,0,0,0,0,0,0,0,NEEDS_REVIEW,UNVERIFIED,2026-05-06T15:35:23.818Z,2026-05-06T17:26:17.385Z
cmou8eagb00oxqt6s7ah1xrvm,Santa Clara University,santa-clara-university,Santa Clara,CA,,,cmou8eagz00ozqt6s772pv6hs,NCAA_D1,West Coast Conference,https://santaclarabroncos.com/sports/baseball,santaclarabroncos.com,santa clara,false,true,true,4,0,0,0,0,0,0,0,NEEDS_REVIEW,UNVERIFIED,2026-05-06T15:47:55.115Z,2026-05-06T17:26:22.030Z
cmox1gjhc009rqtsgss0xcbu0,Santa Fe College,santa-fe-college,,FL,,,cmox1gji1009tqtsgq30pw037,NJCAA_D1,Region 8,https://njcaastats.prestosports.com/sports/bsb/2024-25/div1/teams/santafecollege,njcaastats.prestosports.com,santa fe,false,false,true,0,0,0,0,0,0,0,0,NEEDS_REVIEW,NEEDS_REVIEW,2026-05-08T14:57:01.344Z,2026-05-08T14:57:01.344Z
cmovorwbt00l6qt7gl3p59cmw,Sarah Lawrence College,sarah-lawrence-college,,NY,,,cmovorwck00l8qt7gfh0bing1,NCAA_D3,Skyline Conference,https://www.gogryphons.com,gogryphons.com,sarah lawrence,false,false,true,0,0,0,0,0,0,0,0,NEEDS_REVIEW,NEEDS_REVIEW,2026-05-07T16:14:10.025Z,2026-05-07T16:14:10.025Z
cmox239yx00bcqtfkn5vpdmq0,Sauk Valley Community College,sauk-valley-community-college,,IL,,,cmox239zp00beqtfkbdojmydt,NJCAA_D2,Region 4,https://njcaastats.prestosports.com/sports/bsb/2024-25/div2/teams/saukvalleycommunitycollege,njcaastats.prestosports.com,sauk valley community,false,false,true,0,0,0,0,0,0,0,0,NEEDS_REVIEW,NEEDS_REVIEW,2026-05-08T15:14:42.105Z,2026-05-08T15:14:42.105Z
cmovlhyp600flqt207syyfzrt,Savannah State,savannah-state,Savannah,Georgia,,,cmovlhypv00fnqt20ezd55jv0,NCAA_D2,SIAC,,,savannah state,false,false,false,0,0,0,0,0,0,0,0,NEEDS_REVIEW,NEEDS_REVIEW,2026-05-07T14:42:27.690Z,2026-05-07T15:06:33.125Z
cmox23a0q00bfqtfk4uc0f3os,Schoolcraft College,schoolcraft-college,,MI,,,cmox23a1e00bhqtfkeccwxyu4,NJCAA_D2,Region 12,https://njcaastats.prestosports.com/sports/bsb/2024-25/div2/teams/schoolcraftcollege,njcaastats.prestosports.com,schoolcraft,false,false,true,0,0,0,0,0,0,0,0,NEEDS_REVIEW,NEEDS_REVIEW,2026-05-08T15:14:42.170Z,2026-05-08T15:14:42.170Z
cmovorwda00l9qt7gxj7d6yyq,Schreiner University,schreiner-university,,TX,,,cmovorwe000lbqt7gy2mu5mx2,NCAA_D3,Southern Collegiate Athletic Conference,https://www.schreinermountaineers.com,schreinermountaineers.com,schreiner,false,false,true,0,0,0,0,0,0,0,0,NEEDS_REVIEW,NEEDS_REVIEW,2026-05-07T16:14:10.078Z,2026-05-07T16:14:10.078Z
cmox23a2400biqtfknqf9i88p,Scottsdale Community College,scottsdale-community-college,,AZ,,,cmox23a2u00bkqtfkteikxml6,NJCAA_D2,Region 1,https://njcaastats.prestosports.com/sports/bsb/2024-25/div2/teams/scottsdalecommunitycollege,njcaastats.prestosports.com,scottsdale community,false,false,true,0,0,0,0,0,0,0,0,NEEDS_REVIEW,NEEDS_REVIEW,2026-05-08T15:14:42.220Z,2026-05-08T15:14:42.220Z
cmou8cts300o6qtlo0noyht46,Seattle University,seattle-university,Seattle,WA,,,cmou8ctsr00o8qtlot3odh0cd,NCAA_D1,WAC,https://goseattleu.com/sports/baseball,goseattleu.com,seattle,false,true,true,4,0,0,0,0,0,0,0,NEEDS_REVIEW,UNVERIFIED,2026-05-06T15:46:46.852Z,2026-05-06T17:26:21.509Z
cmox1gjio009uqtsghi76jial,Seminole State College,seminole-state-college,,OK,,,cmox1gjjc009wqtsgrgaaiwbp,NJCAA_D1,Region 2,https://njcaastats.prestosports.com/sports/bsb/2024-25/div1/teams/seminolestatecollegeok,njcaastats.prestosports.com,seminole state,false,false,true,0,0,0,0,0,0,0,0,NEEDS_REVIEW,NEEDS_REVIEW,2026-05-08T14:57:01.392Z,2026-05-08T14:57:01.392Z
cmox1gjk0009xqtsggvw0lnmp,Seminole State College of Florida,seminole-state-college-of-florida,,FL,,,cmox1gjkq009zqtsgwzp5ik4k,NJCAA_D1,Region 8,https://njcaastats.prestosports.com/sports/bsb/2024-25/div1/teams/seminolestatecollegeofflorida,njcaastats.prestosports.com,seminole state florida,false,false,true,0,0,0,0,0,0,0,0,NEEDS_REVIEW,NEEDS_REVIEW,2026-05-08T14:57:01.440Z,2026-05-08T14:57:01.440Z
cmou6baap00axqtic1q6c8vze,Seton Hall University,seton-hall-university,South Orange,NJ,,,cmou6babe00azqtic7ata0fs3,NCAA_D1,,https://shupirates.com/sports/baseball,shupirates.com,seton hall,false,true,true,3,0,0,0,0,0,0,0,NEEDS_REVIEW,NEEDS_REVIEW,2026-05-06T14:49:35.713Z,2026-07-23T19:46:13.371Z
cmovlhyql00foqt20q5ysfsw6,Seton Hill,seton-hill,Greensburg,Pennsylvania,,,cmovlhyra00fqqt201l5lykpg,NCAA_D2,PSAC,,,seton hill,false,false,false,0,0,0,0,0,0,0,0,NEEDS_REVIEW,NEEDS_REVIEW,2026-05-07T14:42:27.741Z,2026-05-07T15:06:33.181Z
cmox1gjlf00a0qtsg4iqboy07,Seward County Community College,seward-county-community-college,,KS,,,cmox1gjm300a2qtsgj19hgu7n,NJCAA_D1,Region 6,https://njcaastats.prestosports.com/sports/bsb/2024-25/div1/teams/sewardcountycommunitycollege,njcaastats.prestosports.com,seward county community,false,false,true,0,0,0,0,0,0,0,0,NEEDS_REVIEW,NEEDS_REVIEW,2026-05-08T14:57:01.491Z,2026-05-08T14:57:01.491Z
cmox1gjmt00a3qtsg03uu1u52,Shawnee Community College,shawnee-community-college,,IL,,,cmox1gjnj00a5qtsgegmliujz,NJCAA_D1,Region 24,https://njcaastats.prestosports.com/sports/bsb/2024-25/div1/teams/shawneecommunitycollege,njcaastats.prestosports.com,shawnee community,false,false,true,0,0,0,0,0,0,0,0,NEEDS_REVIEW,NEEDS_REVIEW,2026-05-08T14:57:01.542Z,2026-05-08T14:57:01.542Z
cmox068zw00b9qtgcnky6lc4v,Shawnee State,shawnee-state,,OH,,,cmox0690k00bbqtgc8p54iimz,NAIA,River States Conference,https://naiastats.prestosports.com/sports/bsb/2024-25/teams/shawneestate,naiastats.prestosports.com,shawnee state,false,false,true,0,0,0,0,0,0,0,0,NEEDS_REVIEW,NEEDS_REVIEW,2026-05-08T14:21:01.581Z,2026-05-08T14:21:01.581Z
cmox1gjo900a6qtsgt5mpdty1,Shelton State Community College,shelton-state-community-college,,AL,,,cmox1gjp000a8qtsg5hdftlli,NJCAA_D1,Region 22,https://njcaastats.prestosports.com/sports/bsb/2024-25/div1/teams/sheltonstatecommunitycollege,njcaastats.prestosports.com,shelton state community,false,false,true,0,0,0,0,0,0,0,0,NEEDS_REVIEW,NEEDS_REVIEW,2026-05-08T14:57:01.593Z,2026-05-08T14:57:01.593Z
cmovorwes00lcqt7gy2kmw2h1,Shenandoah University,shenandoah-university,,VA,,,cmovorwfi00leqt7giudvityw,NCAA_D3,Old Dominion Athletic Conf.,https://www.suhornets.com,suhornets.com,shenandoah,false,false,true,0,0,0,0,0,0,0,0,NEEDS_REVIEW,NEEDS_REVIEW,2026-05-07T16:14:10.132Z,2026-05-07T16:14:10.132Z
cmovlhyrz00frqt2094zy15lq,Shepherd,shepherd,Shepherdstown,West Virginia,,,cmovlhyso00ftqt20an7o02tt,NCAA_D2,PSAC,,,shepherd,false,false,false,0,0,0,0,0,0,0,0,NEEDS_REVIEW,NEEDS_REVIEW,2026-05-07T14:42:27.791Z,2026-05-07T15:06:33.233Z
cmovlhytd00fuqt20mduvy71h,Shippensburg,shippensburg,Shippensburg,Pennsylvania,,,cmovlhyu200fwqt200m5r1egk,NCAA_D2,PSAC,,,shippensburg,false,false,false,0,0,0,0,0,0,0,0,NEEDS_REVIEW,NEEDS_REVIEW,2026-05-07T14:42:27.841Z,2026-05-07T15:06:33.285Z
cmovlhyuq00fxqt20631jflop,Shorter,shorter,Rome,Georgia,,,cmovlhyve00fzqt20392816z8,NCAA_D2,Carolinas,,,shorter,false,false,false,0,0,0,0,0,0,0,0,NEEDS_REVIEW,NEEDS_REVIEW,2026-05-07T14:42:27.890Z,2026-05-07T15:06:33.339Z
cmou7g5c700flqtkwnuf1bsxy,Siena College,siena-college,Loudonville,NY,,,cmou7g5cy00fnqtkwcn5qqhb9,NCAA_D1,MAAC,https://sienasaints.com/sports/baseball,sienasaints.com,siena,false,true,true,2,0,0,0,0,0,0,0,NEEDS_REVIEW,NEEDS_REVIEW,2026-05-06T15:21:22.183Z,2026-05-29T16:24:14.398Z
cmox0691700bcqtgctrse79j7,Siena Heights,siena-heights,,MI,,,cmox0691w00beqtgc46g9qx8a,NAIA,Wolverine-Hoosier Athletic Conference,https://naiastats.prestosports.com/sports/bsb/2024-25/teams/sienaheights,naiastats.prestosports.com,siena heights,false,false,true,0,0,0,0,0,0,0,0,NEEDS_REVIEW,NEEDS_REVIEW,2026-05-08T14:21:01.628Z,2026-05-08T14:21:01.628Z
cmovorwg900lfqt7gq5qe5nx8,Simmons University,simmons-university,,MA,,,cmovorwh000lhqt7g2i037r3r,NCAA_D3,Great Northeast Athletic Conference,https://athletics.simmons.edu,athletics.simmons.edu,simmons,false,false,true,0,0,0,0,0,0,0,0,NEEDS_REVIEW,NEEDS_REVIEW,2026-05-07T16:14:10.185Z,2026-05-07T16:14:10.185Z
cmowzs1vl0069qt4wsqb6a8yr,Simpson,simpson,,CA,,,cmowzs1wc006bqt4wog3ldsij,NAIA,North Star Athletic Association,https://naiastats.prestosports.com/sports/bsb/2024-25/teams/simpsonca,naiastats.prestosports.com,simpson,false,false,true,0,0,0,0,0,0,0,0,NEEDS_REVIEW,NEEDS_REVIEW,2026-05-08T14:09:59.170Z,2026-05-08T14:21:01.677Z
cmovorwhr00liqt7ge84z7igf,Simpson College,simpson-college,,IA,,,cmovorwih00lkqt7gve94wx1g,NCAA_D3,American Rivers Conference,https://simpsonathletics.com,simpsonathletics.com,simpson,false,false,true,0,0,0,0,0,0,0,0,NEEDS_REVIEW,NEEDS_REVIEW,2026-05-07T16:14:10.239Z,2026-05-29T16:24:17.904Z
cmovlhyw300g0qt20y3yrg02l,Sioux Falls,sioux-falls,Sioux Falls,South Dakota,,,cmovlhywt00g2qt20nyu9oaum,NCAA_D2,NSIC,,,sioux falls,false,false,false,0,0,0,0,0,0,0,0,NEEDS_REVIEW,NEEDS_REVIEW,2026-05-07T14:42:27.940Z,2026-05-07T15:06:33.392Z
cmovorwj800llqt7g2xdurwnf,Skidmore College,skidmore-college,,NY,,,cmovorwk000lnqt7g4690r67v,NCAA_D3,Liberty League,https://skidmoreathletics.com/,skidmoreathletics.com,skidmore,false,false,true,0,0,0,0,0,0,0,0,NEEDS_REVIEW,NEEDS_REVIEW,2026-05-07T16:14:10.292Z,2026-05-07T16:14:10.292Z
cmovlhyxh00g3qt20s6uio0us,Slippery Rock,slippery-rock,Slippery Rock,Pennsylvania,,,cmovlhyy600g5qt20oz69xf2x,NCAA_D2,PSAC,,,slippery rock,false,false,false,0,0,0,0,0,0,0,0,NEEDS_REVIEW,NEEDS_REVIEW,2026-05-07T14:42:27.990Z,2026-05-07T15:06:33.445Z
cmox1gjpu00a9qtsgbl9vr26a,Snead State Community College,snead-state-community-college,,AL,,,cmox1gjqk00abqtsg4rz1vpqy,NJCAA_D1,Region 22,https://njcaastats.prestosports.com/sports/bsb/2024-25/div1/teams/sneadstatecommunitycollege,njcaastats.prestosports.com,snead state community,false,false,true,0,0,0,0,0,0,0,0,NEEDS_REVIEW,NEEDS_REVIEW,2026-05-08T14:57:01.651Z,2026-05-08T14:57:01.651Z
cmox23a3j00blqtfk5wkn3bpa,South Arkansas College,south-arkansas-college,,AR,,,cmox23a4700bnqtfkxzd6esnr,NJCAA_D2,Region 2,https://njcaastats.prestosports.com/sports/bsb/2024-25/div2/teams/southarkansascollege,njcaastats.prestosports.com,south arkansas,false,false,true,0,0,0,0,0,0,0,0,NEEDS_REVIEW,NEEDS_REVIEW,2026-05-08T15:14:42.271Z,2026-05-08T15:14:42.271Z
cmou7v19400h0qtfgytxc7nrk,South Carolina State University,south-carolina-state-university,Orangeburg,SC,,,,,,,scsu.edu,south carolina state,false,false,false,0,0,0,0,0,0,0,0,NEEDS_REVIEW,,2026-05-06T15:32:56.729Z,2026-05-06T17:26:16.533Z
cmrxrdw6m0014qtx0nu4lr6th,South Dakota State University,south-dakota-state-university,Brookings,SD,NCAA_D1,,cmrxrdw6m0015qtx0zyuxvglp,NCAA_D1,,https://gojacks.com/sports/baseball,gojacks.com,south dakota state,true,true,true,0,0,0,0,0,0,0,0,NEEDS_REVIEW,NEEDS_REVIEW,2026-07-23T17:01:54.862Z,2026-07-23T19:55:50.275Z
cmox23a4v00boqtfkj75nusd7,South Florida State College,south-florida-state-college,,FL,,,cmox23a5j00bqqtfkmp43w6pr,NJCAA_D2,Region 8,https://njcaastats.prestosports.com/sports/bsb/2024-25/div2/teams/southfloridastatecollege,njcaastats.prestosports.com,south florida state,false,false,true,0,0,0,0,0,0,0,0,NEEDS_REVIEW,NEEDS_REVIEW,2026-05-08T15:14:42.319Z,2026-05-08T15:14:42.319Z
cmox1gjr900acqtsgk91radq6,South Georgia State College,south-georgia-state-college,,GA,,,cmox1gjrz00aeqtsgu2tp3z9p,NJCAA_D1,Region 17,https://njcaastats.prestosports.com/sports/bsb/2024-25/div1/teams/southgeorgiastatecollege,njcaastats.prestosports.com,south georgia state,false,false,true,0,0,0,0,0,0,0,0,NEEDS_REVIEW,NEEDS_REVIEW,2026-05-08T14:57:01.701Z,2026-05-08T14:57:01.701Z
cmox23a6a00brqtfky43m0ojy,South Mountain Community College,south-mountain-community-college,,AZ,,,cmox23a7000btqtfkm5dgbrro,NJCAA_D2,Region 1,https://njcaastats.prestosports.com/sports/bsb/2024-25/div2/teams/southmountaincommunitycollege,njcaastats.prestosports.com,south mountain community,false,false,true,0,0,0,0,0,0,0,0,NEEDS_REVIEW,NEEDS_REVIEW,2026-05-08T15:14:42.370Z,2026-05-08T15:14:42.370Z
cmox1gjsn00afqtsgo0ngyrn5,South Suburban College,south-suburban-college,,IL,,,cmox1gjtc00ahqtsgi0siqdvp,NJCAA_D1,Region 4,https://njcaastats.prestosports.com/sports/bsb/2024-25/div1/teams/southsuburbancollege,njcaastats.prestosports.com,south suburban,false,false,true,0,0,0,0,0,0,0,0,NEEDS_REVIEW,NEEDS_REVIEW,2026-05-08T14:57:01.751Z,2026-05-08T14:57:01.751Z
cmox23a7r00buqtfkxxof53xc,Southeast Arkansas College,southeast-arkansas-college,,AR,,,cmox23a8g00bwqtfkevx5aycb,NJCAA_D2,Region 2,https://njcaastats.prestosports.com/sports/bsb/2024-25/div2/teams/southeastarkansascollege,njcaastats.prestosports.com,southeast arkansas,false,false,true,0,0,0,0,0,0,0,0,NEEDS_REVIEW,NEEDS_REVIEW,2026-05-08T15:14:42.423Z,2026-05-08T15:14:42.423Z
cmox1gju100aiqtsg9mi5d8p9,Southeast Community College,southeast-community-college,,NE,,,cmox1gjup00akqtsgkg1rqml7,NJCAA_D1,Region 9,https://njcaastats.prestosports.com/sports/bsb/2024-25/div1/teams/southeastcommunitycollege,njcaastats.prestosports.com,southeast community,false,false,true,0,0,0,0,0,0,0,0,NEEDS_REVIEW,NEEDS_REVIEW,2026-05-08T14:57:01.801Z,2026-05-08T14:57:01.801Z
cmou8257y00k3qtfo1yehrrpj,Southeast Missouri State University,southeast-missouri-state-university,Cape Girardeau,MO,,,cmou8258p00k5qtfobw57z4wq,NCAA_D1,Ohio Valley,https://semoredhawks.com/sports/baseball,semoredhawks.com,southeast missouri state,false,true,true,4,0,0,0,0,0,0,0,NEEDS_REVIEW,UNVERIFIED,2026-05-06T15:38:28.462Z,2026-05-06T17:26:18.429Z
cmowzs1x2006cqt4wjutn86j4,Southeastern,southeastern,,FLA.,,,cmowzs1xs006eqt4wh9yb3erb,NAIA,The Sun Conference,https://naiastats.prestosports.com/sports/bsb/2024-25/teams/southeastern,naiastats.prestosports.com,southeastern,false,false,true,0,0,0,0,0,0,0,0,NEEDS_REVIEW,NEEDS_REVIEW,2026-05-08T14:09:59.223Z,2026-05-08T14:21:01.728Z
cmox23a9600bxqtfkpqj9pkip,Southeastern Community College,southeastern-community-college,,IA,,,cmox23a9w00bzqtfksyhree66,NJCAA_D2,Region 11,https://njcaastats.prestosports.com/sports/bsb/2024-25/div2/teams/southeasterncommunitycollege,njcaastats.prestosports.com,southeastern community,false,false,true,0,0,0,0,0,0,0,0,NEEDS_REVIEW,NEEDS_REVIEW,2026-05-08T15:14:42.475Z,2026-05-08T15:14:42.475Z
cmox23aao00c0qtfkyqilmey3,Southeastern Community College-Whiteville,southeastern-community-college-whiteville,,NC,,,cmox23abd00c2qtfklxq9k8p1,NJCAA_D2,Region 10,https://njcaastats.prestosports.com/sports/bsb/2024-25/div2/teams/southeasterncommunitycollegewhitevill,njcaastats.prestosports.com,southeastern community whiteville,false,false,true,0,0,0,0,0,0,0,0,NEEDS_REVIEW,NEEDS_REVIEW,2026-05-08T15:14:42.528Z,2026-05-08T15:14:42.528Z
cmox1gjvc00alqtsgicz8usug,Southeastern Illinois College,southeastern-illinois-college,,IL,,,cmox1gjw000anqtsgp48j9xys,NJCAA_D1,Region 24,https://njcaastats.prestosports.com/sports/bsb/2024-25/div1/teams/southeasternillinoiscollege,njcaastats.prestosports.com,southeastern illinois,false,false,true,0,0,0,0,0,0,0,0,NEEDS_REVIEW,NEEDS_REVIEW,2026-05-08T14:57:01.848Z,2026-05-08T14:57:01.848Z
cmou87sdy00m9qt8ov075op6f,Southeastern Louisiana University,southeastern-louisiana-university,Hammond,LA,,,cmou87sen00mbqt8odmp5ltru,NCAA_D1,Southland,https://lionsports.net/sports/baseball,lionsports.net,southeastern louisiana,false,true,true,4,0,0,0,0,0,0,0,NEEDS_REVIEW,UNVERIFIED,2026-05-06T15:42:51.766Z,2026-05-06T17:26:19.740Z
cmovlhyyw00g6qt20v23d26yh,Southeastern Oklahoma State,southeastern-oklahoma-state,Durant,Oklahoma,,,cmovlhyzk00g8qt203wy2782h,NCAA_D2,GAC,,,southeastern oklahoma state,false,false,false,0,0,0,0,0,0,0,0,NEEDS_REVIEW,NEEDS_REVIEW,2026-05-07T14:42:28.040Z,2026-05-07T15:06:33.498Z
cmovlhz0800g9qt20eye733nr,Southern Arkansas,southern-arkansas,Magnolia,Arkansas,,,cmovlhz0w00gbqt209xwg0gt7,NCAA_D2,GAC,,,southern arkansas,false,false,false,0,0,0,0,0,0,0,0,NEEDS_REVIEW,NEEDS_REVIEW,2026-05-07T14:42:28.088Z,2026-05-07T15:06:33.550Z
cmox23ac300c3qtfkd6t3snop,Southern Arkansas University Tech,southern-arkansas-university-tech,,AR,,,cmox23acs00c5qtfkgpqv2i3y,NJCAA_D2,Region 2,https://njcaastats.prestosports.com/sports/bsb/2024-25/div2/teams/southernarkansasuniversitytech,njcaastats.prestosports.com,southern arkansas tech,false,false,true,0,0,0,0,0,0,0,0,NEEDS_REVIEW,NEEDS_REVIEW,2026-05-08T15:14:42.579Z,2026-05-08T15:14:42.579Z
cmovlhz1m00gcqt20njnbe2m0,Southern Connecticut,southern-connecticut,New Haven,Connecticut,,,cmovlhz2c00geqt20mp7ua9sq,NCAA_D2,NE-10,,,southern connecticut,false,false,false,0,0,0,0,0,0,0,0,NEEDS_REVIEW,NEEDS_REVIEW,2026-05-07T14:42:28.138Z,2026-05-07T15:06:33.602Z
cmou7wkli00hrqt5sdf793czs,Southern Illinois University,southern-illinois-university,Carbondale,IL,,,cmou7wkmb00htqt5sqdbxm6mn,NCAA_D1,Missouri Valley,https://siusalukis.com/sports/baseball,siusalukis.com,southern illinois,false,true,true,4,0,0,0,0,0,0,0,NEEDS_REVIEW,UNVERIFIED,2026-05-06T15:34:08.454Z,2026-05-06T17:26:17.002Z
cmrxrdv340008qtx0y4umykfi,Southern Illinois University Edwardsville,southern-illinois-university-edwardsville,Edwardsville,IL,NCAA_D1,,cmrxrdv340009qtx0x5dk7ink,NCAA_D1,,https://siuecougars.com/sports/baseball/,siuecougars.com,southern illinois edwardsville,true,true,true,0,0,0,0,0,0,0,0,NEEDS_REVIEW,NEEDS_REVIEW,2026-07-23T17:01:53.440Z,2026-07-23T19:55:50.391Z
cmovlhz3200gfqt2013eb6exu,Southern Nazarene,southern-nazarene,Bethany,Oklahoma,,,cmovlhz3r00ghqt20vhz49mhx,NCAA_D2,GAC,,,southern nazarene,false,false,false,0,0,0,0,0,0,0,0,NEEDS_REVIEW,NEEDS_REVIEW,2026-05-07T14:42:28.190Z,2026-05-07T15:06:33.652Z
cmovlhz4f00giqt20xgaegast,Southern New Hampshire,southern-new-hampshire,Manchester,New Hampshire,,,cmovlhz5500gkqt20588di1dc,NCAA_D2,NE-10,,,southern new hampshire,false,false,false,0,0,0,0,0,0,0,0,NEEDS_REVIEW,NEEDS_REVIEW,2026-05-07T14:42:28.239Z,2026-05-07T15:06:33.703Z
cmox1gjwp00aoqtsgrn8xk6pf,Southern Union State Community College,southern-union-state-community-college,,AL,,,cmox1gjxd00aqqtsgv8d1c4rm,NJCAA_D1,Region 22,https://njcaastats.prestosports.com/sports/bsb/2024-25/div1/teams/southernunionstatecommunitycollege,njcaastats.prestosports.com,southern union state community,false,false,true,0,0,0,0,0,0,0,0,NEEDS_REVIEW,NEEDS_REVIEW,2026-05-08T14:57:01.897Z,2026-05-08T14:57:01.897Z
cmou8bkiv00n9qtuw67iv0p5k,Southern University and A&M College,southern-university-and-am-college,Baton Rouge,LA,,,cmou8bkjn00nbqtuwq3i8eulz,NCAA_D1,SWAC,https://gojagsports.com/sports/baseball,gojagsports.com,southern and a and m,false,true,true,4,0,0,0,0,0,0,0,NEEDS_REVIEW,UNVERIFIED,2026-05-06T15:45:48.199Z,2026-05-06T17:26:20.972Z
cmowzs1yj006fqt4wp698q3i9,Southern University at New Orleans,southern-university-at-new-orleans,,LA,,,cmowzs1zb006hqt4w9cv36ie1,NAIA,HBCU Athletic Conference,https://naiastats.prestosports.com/sports/bsb/2024-25/teams/southernuniversityatneworleansla,naiastats.prestosports.com,southern new orleans,false,false,true,0,0,0,0,0,0,0,0,NEEDS_REVIEW,NEEDS_REVIEW,2026-05-08T14:09:59.275Z,2026-05-08T14:21:01.777Z
cmou8ctpc00o0qtlou8fzrbpg,Southern Utah University,southern-utah-university,Cedar City,UT,,,,,,,suu.edu,southern utah,false,false,false,0,0,0,0,0,0,0,0,NEEDS_REVIEW,,2026-05-06T15:46:46.753Z,2026-05-06T17:26:21.411Z
cmovorwkt00loqt7gxjhdszqr,Southern Virginia University,southern-virginia-university,,VA,,,cmovorwli00lqqt7g6f2key1n,NCAA_D3,USA South Athletic Conference,https://knightathletics.com,knightathletics.com,southern virginia,false,false,true,0,0,0,0,0,0,0,0,NEEDS_REVIEW,NEEDS_REVIEW,2026-05-07T16:14:10.349Z,2026-05-07T16:14:10.349Z
cmorjasts004cqt4w6w7jai0o,Southern Wesleyan University,southern-wesleyan-university,Central,SC,,,cmorjasuf004eqt4wj17506z5,NCAA_D2,Conference Carolinas,https://swuathletics.com/sports/baseball,swuathletics.com,southern wesleyan,false,false,true,0,0,0,0,0,0,0,0,UNVERIFIED,NEEDS_REVIEW,2026-05-04T18:29:49.553Z,2026-05-29T16:24:15.858Z
cmox0696p00boqtgcoxda72a3,Southwest,southwest,,NM,,,cmox0697h00bqqtgc82xhph2g,NAIA,Red River Athletic Conference,https://naiastats.prestosports.com/sports/bsb/2024-25/teams/southwest,naiastats.prestosports.com,southwest,false,false,true,0,0,0,0,0,0,0,0,NEEDS_REVIEW,NEEDS_REVIEW,2026-05-08T14:21:01.825Z,2026-05-08T14:21:01.825Z
cmovlhz7700goqt20tn1i0i00,Southwest Baptist,southwest-baptist,Bolivar,Missouri,,,cmovlhz7w00gqqt20nteqgc6f,NCAA_D2,GLVC,,,southwest baptist,false,false,false,0,0,0,0,0,0,0,0,NEEDS_REVIEW,NEEDS_REVIEW,2026-05-07T14:42:28.339Z,2026-05-07T15:06:33.809Z
cmovlhz8o00grqt20knhvhemp,Southwest Minnesota State,southwest-minnesota-state,Marshall,Minnesota,,,cmovlhz9d00gtqt20oaifb715,NCAA_D2,NSIC,,,southwest minnesota state,false,false,false,0,0,0,0,0,0,0,0,NEEDS_REVIEW,NEEDS_REVIEW,2026-05-07T14:42:28.392Z,2026-05-07T15:06:33.863Z
cmox23adg00c6qtfknv2ydsft,Southwest Mississippi Community College,southwest-mississippi-community-college,,MS,,,cmox23ae400c8qtfk2f3hkt7z,NJCAA_D2,Region 23,https://njcaastats.prestosports.com/sports/bsb/2024-25/div2/teams/southwestmississippicommunitycollege,njcaastats.prestosports.com,southwest mississippi community,false,false,true,0,0,0,0,0,0,0,0,NEEDS_REVIEW,NEEDS_REVIEW,2026-05-08T15:14:42.629Z,2026-05-08T15:14:42.629Z
cmox1gjy000arqtsgip3syqp7,Southwest Tennessee Community College,southwest-tennessee-community-college,,TN,,,cmox1gjyo00atqtsg2ekhxcv2,NJCAA_D1,Region 7,https://njcaastats.prestosports.com/sports/bsb/2024-25/div1/teams/southwesttennesseecommunitycollege,njcaastats.prestosports.com,southwest tennessee community,false,false,true,0,0,0,0,0,0,0,0,NEEDS_REVIEW,NEEDS_REVIEW,2026-05-08T14:57:01.945Z,2026-05-08T14:57:01.945Z
cmox23aeu00c9qtfkozc5m18v,Southwest Virginia,southwest-virginia,,IA,,,cmox23afh00cbqtfk0atvylh5,NJCAA_D2,Region 10,https://njcaastats.prestosports.com/sports/bsb/2024-25/div2/teams/southwestvirginia,njcaastats.prestosports.com,southwest virginia,false,false,true,0,0,0,0,0,0,0,0,NEEDS_REVIEW,NEEDS_REVIEW,2026-05-08T15:14:42.678Z,2026-05-08T15:14:42.678Z
cmox0698600brqtgczygal4sl,Southwestern,southwestern,,KS,,,cmox0698w00btqtgc1htl07a9,NAIA,Kansas Collegiate Athletic Conference,https://naiastats.prestosports.com/sports/bsb/2024-25/teams/southwestern,naiastats.prestosports.com,southwestern,false,false,true,0,0,0,0,0,0,0,0,NEEDS_REVIEW,NEEDS_REVIEW,2026-05-08T14:21:01.878Z,2026-05-08T14:21:01.878Z
cmox1gjze00auqtsgrix61vxy,Southwestern Community College,southwestern-community-college,,IA,,,cmox1gk0500awqtsg7qpi3xuf,NJCAA_D1,Region 11,https://njcaastats.prestosports.com/sports/bsb/2024-25/div1/teams/southwesterncommunitycollege,njcaastats.prestosports.com,southwestern community,false,false,true,0,0,0,0,0,0,0,0,NEEDS_REVIEW,NEEDS_REVIEW,2026-05-08T14:57:01.994Z,2026-05-08T14:57:01.994Z
cmox1gk0u00axqtsgndbuoigc,Southwestern Illinois College,southwestern-illinois-college,,IL,,,cmox1gk1i00azqtsgmyn7jtu8,NJCAA_D1,Region 24,https://njcaastats.prestosports.com/sports/bsb/2024-25/div1/teams/southwesternillinoiscollege,njcaastats.prestosports.com,southwestern illinois,false,false,true,0,0,0,0,0,0,0,0,NEEDS_REVIEW,NEEDS_REVIEW,2026-05-08T14:57:02.046Z,2026-05-08T14:57:02.046Z
cmovlhza200guqt208f94o6s9,Southwestern Oklahoma State,southwestern-oklahoma-state,Weatherford,Oklahoma,,,cmovlhzaq00gwqt20van93rsp,NCAA_D2,GAC,,,southwestern oklahoma state,false,false,false,0,0,0,0,0,0,0,0,NEEDS_REVIEW,NEEDS_REVIEW,2026-05-07T14:42:28.442Z,2026-05-07T15:06:33.917Z
cmovorwm800lrqt7gf5gd6k9i,Southwestern University (Texas),southwestern-university-texas,,TX,,,cmovorwmz00ltqt7gsannf6c4,NCAA_D3,Southern Athletic Association,https://www.southwesternpirates.com,southwesternpirates.com,southwestern texas,false,false,true,0,0,0,0,0,0,0,0,NEEDS_REVIEW,NEEDS_REVIEW,2026-05-07T16:14:10.401Z,2026-05-07T16:14:10.401Z
cmovorwnp00luqt7gs61cw06r,Spalding University,spalding-university,,KY,,,cmovorwog00lwqt7gw11hgjio,NCAA_D3,St. Louis Intercollegiate Athletic Conference,https://www.spaldingathletics.com,spaldingathletics.com,spalding,false,false,true,0,0,0,0,0,0,0,0,NEEDS_REVIEW,NEEDS_REVIEW,2026-05-07T16:14:10.453Z,2026-05-07T16:14:10.453Z
cmox0699k00buqtgcpx2iqyzz,Spartanburg Methodist,spartanburg-methodist,,SC,,,cmox069a900bwqtgcvzp0sse7,NAIA,Continental Athletic Conference,https://naiastats.prestosports.com/sports/bsb/2024-25/teams/spartanburgmethodist,naiastats.prestosports.com,spartanburg methodist,false,false,true,0,0,0,0,0,0,0,0,NEEDS_REVIEW,NEEDS_REVIEW,2026-05-08T14:21:01.929Z,2026-05-08T14:21:01.929Z
cmox23ag600ccqtfkmccgt2nb,Spoon River College,spoon-river-college,,IL,,,cmox23agv00ceqtfkil9k9vfh,NJCAA_D2,Region 24,https://njcaastats.prestosports.com/sports/bsb/2024-25/div2/teams/spoonrivercollege,njcaastats.prestosports.com,spoon river,false,false,true,0,0,0,0,0,0,0,0,NEEDS_REVIEW,NEEDS_REVIEW,2026-05-08T15:14:42.726Z,2026-05-08T15:14:42.726Z
cmowzs204006iqt4wpgwrqfh7,Spring Arbor,spring-arbor,,MICH.,,,cmowzs20u006kqt4wpz9h7cyh,NAIA,Crossroads League,https://naiastats.prestosports.com/sports/bsb/2024-25/teams/springarbormi,naiastats.prestosports.com,spring arbor,false,false,true,0,0,0,0,0,0,0,0,NEEDS_REVIEW,NEEDS_REVIEW,2026-05-08T14:09:59.332Z,2026-05-08T14:21:01.977Z
cmovlhzbg00gxqt202oacshob,Spring Hill,spring-hill,Mobile,Alabama,,,cmovlhzc600gzqt2017carh60,NCAA_D2,SIAC,,,spring hill,false,false,false,0,0,0,0,0,0,0,0,NEEDS_REVIEW,NEEDS_REVIEW,2026-05-07T14:42:28.492Z,2026-05-07T15:06:33.969Z
cmowzs21j006lqt4wffal58bl,St. Ambrose,st-ambrose,,IA,,,cmowzs229006nqt4w7on28728,NAIA,Chicagoland Collegiate Athletic Conference,https://naiastats.prestosports.com/sports/bsb/2024-25/teams/stambroseia,naiastats.prestosports.com,saint ambrose,false,false,true,0,0,0,0,0,0,0,0,NEEDS_REVIEW,NEEDS_REVIEW,2026-05-08T14:09:59.383Z,2026-05-08T14:21:02.026Z
cmowzs230006oqt4wqumb05n0,St. Andrews,st-andrews,,NC,,,cmowzs23s006qqt4wutg7bj5o,NAIA,Appalachian Athletic Conference,https://naiastats.prestosports.com/sports/bsb/2024-25/teams/standrewsnc,naiastats.prestosports.com,saint andrews,false,false,true,0,0,0,0,0,0,0,0,NEEDS_REVIEW,NEEDS_REVIEW,2026-05-08T14:09:59.436Z,2026-05-08T14:21:02.076Z
cmrxrdwsw001mqtx01t1dechs,St. Bonaventure University,st-bonaventure-university,St. Bonaventure,NY,NCAA_D1,,cmrxrdwsw001nqtx08hnau9es,NCAA_D1,,https://gobonnies.com/sports/baseball,gobonnies.com,saint bonaventure,true,true,true,0,0,0,0,0,0,0,0,NEEDS_REVIEW,NEEDS_REVIEW,2026-07-23T17:01:55.665Z,2026-07-23T19:55:50.499Z
cmox1gk2700b0qtsginc3y1s2,St. Charles Community College,st-charles-community-college,,MO,,,cmox1gk2w00b2qtsg94pwpilq,NJCAA_D1,Region 16,https://njcaastats.prestosports.com/sports/bsb/2024-25/div1/teams/stcharlescommunitycollege,njcaastats.prestosports.com,saint charles community,false,false,true,0,0,0,0,0,0,0,0,NEEDS_REVIEW,NEEDS_REVIEW,2026-05-08T14:57:02.096Z,2026-05-08T14:57:02.096Z
cmox23ahj00cfqtfkvbh8e2u7,St. Clair County Community College,st-clair-county-community-college,,MI,,,cmox23ai700chqtfkl564qgw5,NJCAA_D2,Region 12,https://njcaastats.prestosports.com/sports/bsb/2024-25/div2/teams/stclaircountycommunitycollege,njcaastats.prestosports.com,saint clair county community,false,false,true,0,0,0,0,0,0,0,0,NEEDS_REVIEW,NEEDS_REVIEW,2026-05-08T15:14:42.776Z,2026-05-08T15:14:42.776Z
cmox2o3gd0063qtbkj69yetsq,St. Cloud Technical & Community College,st-cloud-technical-and-community-college,,MN,,,cmox2o3h50065qtbkd7kvrq4s,NJCAA_D3,Region 13,https://njcaastats.prestosports.com/sports/bsb/2024-25/div3/teams/stcloudtechnicalcommunitycollege,njcaastats.prestosports.com,saint cloud technical and community,false,false,true,0,0,0,0,0,0,0,0,NEEDS_REVIEW,NEEDS_REVIEW,2026-05-08T15:30:53.437Z,2026-05-08T15:30:53.437Z
cmowzs24h006rqt4wfge0sbob,St. Francis,st-francis,,IL,,,cmowzs256006tqt4wpfjtc5gd,NAIA,Chicagoland Collegiate Athletic Conference,https://naiastats.prestosports.com/sports/bsb/2024-25/teams/stfrancisil,naiastats.prestosports.com,saint francis,false,false,true,0,0,0,0,0,0,0,0,NEEDS_REVIEW,NEEDS_REVIEW,2026-05-08T14:09:59.489Z,2026-05-08T14:21:02.123Z
cmovorwp600lxqt7g3xbtdq9r,St. John Fisher University,st-john-fisher-university,,NY,,,cmovorwpw00lzqt7gs9pqnuwi,NCAA_D3,Empire 8,https://www.sjfathletics.com,sjfathletics.com,saint john fisher,false,false,true,0,0,0,0,0,0,0,0,NEEDS_REVIEW,NEEDS_REVIEW,2026-05-07T16:14:10.506Z,2026-05-07T16:14:10.506Z
cmou6ba9d00auqtichfm9m8f7,St. John's University,st-johns-university,Queens,NY,,,cmou6baa000awqticynlwrngm,NCAA_D1,,https://redstormsports.com/sports/baseball,redstormsports.com,saint john s,false,true,true,4,0,0,0,0,0,0,0,NEEDS_REVIEW,NEEDS_REVIEW,2026-05-06T14:49:35.665Z,2026-07-23T19:46:13.454Z
cmox23aiw00ciqtfk1p7zdgqr,St. Johns River State College,st-johns-river-state-college,,FL,,,cmox23ajk00ckqtfkk91zlk4h,NJCAA_D2,Region 8,https://njcaastats.prestosports.com/sports/bsb/2024-25/div2/teams/stjohnsriverstatecollege,njcaastats.prestosports.com,saint johns river state,false,false,true,0,0,0,0,0,0,0,0,NEEDS_REVIEW,NEEDS_REVIEW,2026-05-08T15:14:42.824Z,2026-05-08T15:14:42.824Z
cmovorwql00m0qt7gj9w4kqe4,St. Joseph's University NY (Brooklyn),st-joseph-s-university-ny-brooklyn,,NY,,,cmovorwrc00m2qt7gnwq2i8tm,NCAA_D3,Skyline Conference,https://sjbkathletics.com/landing/index,sjbkathletics.com,saint joseph s ny brooklyn,false,false,true,0,0,0,0,0,0,0,0,NEEDS_REVIEW,NEEDS_REVIEW,2026-05-07T16:14:10.558Z,2026-05-07T16:14:10.558Z
cmovorws300m3qt7gif4zrh16,"St. Joseph's University, New York L.I.",st-joseph-s-university-new-york-l-i,,NY,,,cmovorwsy00m5qt7g8xo59sw9,NCAA_D3,Skyline Conference,https://www.sjliathletics.com,sjliathletics.com,saint joseph s new york l i,false,false,true,0,0,0,0,0,0,0,0,NEEDS_REVIEW,NEEDS_REVIEW,2026-05-07T16:14:10.611Z,2026-05-07T16:14:10.611Z
cmovorwtr00m6qt7glavl0bf4,St. Lawrence University,st-lawrence-university,,NY,,,cmovorwui00m8qt7grcnngsn9,NCAA_D3,Liberty League,https://www.saintsathletics.com,saintsathletics.com,saint lawrence,false,false,true,0,0,0,0,0,0,0,0,NEEDS_REVIEW,NEEDS_REVIEW,2026-05-07T16:14:10.671Z,2026-05-07T16:14:10.671Z
cmox1gk3k00b3qtsgdrzhpr94,St. Louis Community College,st-louis-community-college,,MO,,,cmox1gk4800b5qtsgdfk0jy20,NJCAA_D1,Region 16,https://njcaastats.prestosports.com/sports/bsb/2024-25/div1/teams/stlouiscommunitycollege,njcaastats.prestosports.com,saint louis community,false,false,true,0,0,0,0,0,0,0,0,NEEDS_REVIEW,NEEDS_REVIEW,2026-05-08T14:57:02.144Z,2026-05-08T14:57:02.144Z
cmovorwvz00m9qt7gqhk26msg,St. Mary's College of Maryland,st-mary-s-college-of-maryland,,MD,,,cmovorwws00mbqt7gf35bvdd3,NCAA_D3,United East Conference,https://www.smcmathletics.com,smcmathletics.com,saint mary s maryland,false,false,true,0,0,0,0,0,0,0,0,NEEDS_REVIEW,NEEDS_REVIEW,2026-05-07T16:14:10.725Z,2026-05-07T16:14:10.725Z
cmovorwxh00mcqt7gwn8meujb,St. Norbert College,st-norbert-college,,WI,,,cmovorwy800meqt7gu2apbbym,NCAA_D3,Northern Athletics Collegiate Conference,https://athletics.snc.edu,athletics.snc.edu,saint norbert,false,false,true,0,0,0,0,0,0,0,0,NEEDS_REVIEW,NEEDS_REVIEW,2026-05-07T16:14:10.806Z,2026-05-07T16:14:10.806Z
cmovorwz300mfqt7gqvxzunrr,St. Olaf College,st-olaf-college,,MN,,,cmovorwzt00mhqt7gn1feag90,NCAA_D3,Minnesota Intercollegiate Athletic Conference,https://athletics.stolaf.edu,athletics.stolaf.edu,saint olaf,false,false,true,0,0,0,0,0,0,0,0,NEEDS_REVIEW,NEEDS_REVIEW,2026-05-07T16:14:10.863Z,2026-05-07T16:14:10.863Z
cmox1gk4y00b6qtsgf99c4o57,St. Petersburg College,st-petersburg-college,,FL,,,cmox1gk5p00b8qtsgjp8cgcdn,NJCAA_D1,Region 8,https://njcaastats.prestosports.com/sports/bsb/2024-25/div1/teams/stpetersburgcollege,njcaastats.prestosports.com,saint petersburg,false,false,true,0,0,0,0,0,0,0,0,NEEDS_REVIEW,NEEDS_REVIEW,2026-05-08T14:57:02.194Z,2026-05-08T14:57:02.194Z
cmowzs25w006uqt4w8e2l0xp7,St. Thomas,st-thomas,,FLA.,,,cmowzs26n006wqt4ww0ftc7cs,NAIA,The Sun Conference,https://naiastats.prestosports.com/sports/bsb/2024-25/teams/stthomas,naiastats.prestosports.com,saint thomas,false,false,true,0,0,0,0,0,0,0,0,NEEDS_REVIEW,NEEDS_REVIEW,2026-05-08T14:09:59.540Z,2026-05-08T14:21:02.173Z
cmosowo0s0010qtuovb31mcy3,Stanford University,stanford-university,Stanford,CA,,,cmosowo1h0012qtuoqpb2b897,NCAA_D1,,https://gostanford.com/sports/baseball,gostanford.com,stanford,false,true,true,4,0,0,0,0,0,0,0,NEEDS_REVIEW,NEEDS_REVIEW,2026-05-05T13:54:34.012Z,2026-07-23T19:46:08.433Z
cmox1gk6g00b9qtsgxzcajkcw,"State College of Florida, Manatee-Sarasota",state-college-of-florida-manatee-sarasota,,FL,,,cmox1gk7700bbqtsgcfw5a6ib,NJCAA_D1,Region 8,https://njcaastats.prestosports.com/sports/bsb/2024-25/div1/teams/statecollegeoffloridamanateesaraso,njcaastats.prestosports.com,state florida manatee sarasota,false,false,true,0,0,0,0,0,0,0,0,NEEDS_REVIEW,NEEDS_REVIEW,2026-05-08T14:57:02.248Z,2026-05-08T14:57:02.248Z
cmox1gk7w00bcqtsg1nmdrsu7,State Fair Community College,state-fair-community-college,,MO,,,cmox1gk8l00beqtsg81n3ize1,NJCAA_D1,Region 16,https://njcaastats.prestosports.com/sports/bsb/2024-25/div1/teams/statefaircommunitycollege,njcaastats.prestosports.com,state fair community,false,false,true,0,0,0,0,0,0,0,0,NEEDS_REVIEW,NEEDS_REVIEW,2026-05-08T14:57:02.300Z,2026-05-08T14:57:02.300Z
cmovorxeh00n9qt7ga0yia3j3,State University of New York Maritime College,state-university-of-new-york-maritime-college,,NY,,,cmovorxfk00nbqt7gt3aohjzm,NCAA_D3,Skyline Conference,https://www.maritimeathletics.com,maritimeathletics.com,state new york maritime,false,false,true,0,0,0,0,0,0,0,0,NEEDS_REVIEW,NEEDS_REVIEW,2026-05-07T16:14:11.417Z,2026-05-07T16:14:11.417Z
cmovorx0l00miqt7g18xtqm92,State University of New York at Brockport,state-university-of-new-york-at-brockport,,NY,,,cmovorx1c00mkqt7gy0ugwg0l,NCAA_D3,Empire 8,https://gobrockport.com,gobrockport.com,state new york brockport,false,false,true,0,0,0,0,0,0,0,0,NEEDS_REVIEW,NEEDS_REVIEW,2026-05-07T16:14:10.917Z,2026-05-07T16:14:10.917Z
cmovorx2200mlqt7gxslfx0m0,State University of New York at Canton,state-university-of-new-york-at-canton,,NY,,,cmovorx2t00mnqt7gfm2119ku,NCAA_D3,State University of New York Athletic Conference,https://www.rooathletics.com,rooathletics.com,state new york canton,false,false,true,0,0,0,0,0,0,0,0,NEEDS_REVIEW,NEEDS_REVIEW,2026-05-07T16:14:10.970Z,2026-05-07T16:14:10.970Z
cmovorx3j00moqt7gs0bo2kob,State University of New York at Cobleskill,state-university-of-new-york-at-cobleskill,,NY,,,cmovorx4b00mqqt7g604ik3nu,NCAA_D3,North Atlantic Conference,https://fightingtigers.cobleskill.edu/,fightingtigers.cobleskill.edu,state new york cobleskill,false,false,true,0,0,0,0,0,0,0,0,NEEDS_REVIEW,NEEDS_REVIEW,2026-05-07T16:14:11.023Z,2026-05-07T16:14:11.023Z
cmovorx5200mrqt7ghsja9u59,State University of New York at Cortland,state-university-of-new-york-at-cortland,,NY,,,cmovorx5s00mtqt7gsr6bsp0p,NCAA_D3,State University of New York Athletic Conference,https://www.cortland.edu/athletics,cortland.edu,state new york cortland,false,false,true,0,0,0,0,0,0,0,0,NEEDS_REVIEW,NEEDS_REVIEW,2026-05-07T16:14:11.078Z,2026-05-07T16:14:11.078Z
cmovorx6j00muqt7gdm93qvyu,State University of New York at New Paltz,state-university-of-new-york-at-new-paltz,,NY,,,cmovorx7c00mwqt7g7tqpe9uk,NCAA_D3,State University of New York Athletic Conference,https://www.nphawks.com,nphawks.com,state new york new paltz,false,false,true,0,0,0,0,0,0,0,0,NEEDS_REVIEW,NEEDS_REVIEW,2026-05-07T16:14:11.131Z,2026-05-07T16:14:11.131Z
cmovorx8200mxqt7gymbyrwdf,State University of New York at Old Westbury,state-university-of-new-york-at-old-westbury,,NY,,,cmovorx9500mzqt7gvxhl8r14,NCAA_D3,Skyline Conference,https://www.oldwestburypanthers.com,oldwestburypanthers.com,state new york old westbury,false,false,true,0,0,0,0,0,0,0,0,NEEDS_REVIEW,NEEDS_REVIEW,2026-05-07T16:14:11.186Z,2026-05-07T16:14:11.186Z
cmovorxa100n0qt7g0hhzwwrx,State University of New York at Oneonta,state-university-of-new-york-at-oneonta,,NY,,,cmovorxaq00n2qt7g3q7n6vza,NCAA_D3,State University of New York Athletic Conference,https://www.oneontaathletics.com,oneontaathletics.com,state new york oneonta,false,false,true,0,0,0,0,0,0,0,0,NEEDS_REVIEW,NEEDS_REVIEW,2026-05-07T16:14:11.257Z,2026-05-07T16:14:11.257Z
cmovorxbh00n3qt7go3l884ov,State University of New York at Oswego,state-university-of-new-york-at-oswego,,NY,,,cmovorxc800n5qt7gom6vstpr,NCAA_D3,State University of New York Athletic Conference,https://oswegolakers.com,oswegolakers.com,state new york oswego,false,false,true,0,0,0,0,0,0,0,0,NEEDS_REVIEW,NEEDS_REVIEW,2026-05-07T16:14:11.309Z,2026-05-07T16:14:11.309Z
cmovorxcz00n6qt7gufy2kuv3,State University of New York at Potsdam,state-university-of-new-york-at-potsdam,,NY,,,cmovorxdr00n8qt7g7qy6v6yz,NCAA_D3,State University of New York Athletic Conference,https://www.potsdambears.com,potsdambears.com,state new york potsdam,false,false,true,0,0,0,0,0,0,0,0,NEEDS_REVIEW,NEEDS_REVIEW,2026-05-07T16:14:11.363Z,2026-05-07T16:14:11.363Z
cmovlhzcv00h0qt20rf9d9j4d,Staten Island,staten-island,Staten Island,New York,,,cmovlhzdk00h2qt20zw3xup26,NCAA_D2,ECC,,,staten island,false,false,false,0,0,0,0,0,0,0,0,NEEDS_REVIEW,NEEDS_REVIEW,2026-05-07T14:42:28.543Z,2026-05-07T15:06:34.021Z
cmou87sfe00mcqt8omjooodxl,Stephen F. Austin State University,stephen-f-austin-state-university,Nacogdoches,TX,,,cmou87sg500meqt8o07o9mbvb,NCAA_D1,Southland,https://sfajacks.com/sports/baseball,sfajacks.com,stephen f austin state,false,true,true,4,0,0,0,0,0,0,0,NEEDS_REVIEW,UNVERIFIED,2026-05-06T15:42:51.818Z,2026-05-06T17:26:19.791Z
cmox069ho00ccqtgc42y9kmfr,Sterling,sterling,,KS,,,cmox069ic00ceqtgcdf68glfw,NAIA,Kansas Collegiate Athletic Conference,https://naiastats.prestosports.com/sports/bsb/2024-25/teams/sterling,naiastats.prestosports.com,sterling,false,false,true,0,0,0,0,0,0,0,0,NEEDS_REVIEW,NEEDS_REVIEW,2026-05-08T14:21:02.221Z,2026-05-08T14:21:02.221Z
cmou692i900a3qt1ge0op0qbf,Stetson University,stetson-university,DeLand,FL,,,cmou692j100a5qt1gjzdz1gj8,NCAA_D1,,https://gohatters.com/sports/baseball,gohatters.com,stetson,false,true,true,4,0,0,0,0,0,0,0,NEEDS_REVIEW,NEEDS_REVIEW,2026-05-06T14:47:52.304Z,2026-07-23T19:46:10.455Z
cmovorxgd00ncqt7g6psz5unh,Stevens Institute of Technology,stevens-institute-of-technology,,NJ,,,cmovorxh200neqt7gn1r5qxc9,NCAA_D3,Middle Atlantic Conferences,https://www.stevensducks.com,stevensducks.com,stevens institute technology,false,false,true,0,0,0,0,0,0,0,0,NEEDS_REVIEW,NEEDS_REVIEW,2026-05-07T16:14:11.485Z,2026-05-07T16:14:11.485Z
cmovorxhw00nfqt7gfqsi0wa3,Stevenson University,stevenson-university,,MD,,,cmovorxin00nhqt7gggi4odyw,NCAA_D3,Middle Atlantic Conferences,https://www.gomustangsports.com,gomustangsports.com,stevenson,false,false,true,0,0,0,0,0,0,0,0,NEEDS_REVIEW,NEEDS_REVIEW,2026-05-07T16:14:11.540Z,2026-05-07T16:14:11.540Z
cmox069iz00cfqtgc6ijvh9gn,Stillman,stillman,,AL,,,cmox069jn00chqtgcwwpupmtc,NAIA,HBCU Athletic Conference,https://naiastats.prestosports.com/sports/bsb/2024-25/teams/stillman,naiastats.prestosports.com,stillman,false,false,true,0,0,0,0,0,0,0,0,NEEDS_REVIEW,NEEDS_REVIEW,2026-05-08T14:21:02.267Z,2026-05-08T14:21:02.267Z
cmovorxjh00niqt7gecxe3888,Stockton University,stockton-university,,NJ,,,cmovorxk800nkqt7gju2y624l,NCAA_D3,New Jersey Athletic Conference,https://www.stocktonathletics.com,stocktonathletics.com,stockton,false,false,true,0,0,0,0,0,0,0,0,NEEDS_REVIEW,NEEDS_REVIEW,2026-05-07T16:14:11.597Z,2026-05-07T16:14:11.597Z
cmou7zwgq00jfqt18075d1yrp,Stonehill College,stonehill-college,Easton,MA,,,cmou7zwhg00jhqt18u4dg2q1l,NCAA_D1,Northeast Conference,https://stonehillskyhawks.com/sports/baseball,stonehillskyhawks.com,stonehill,false,true,true,4,0,0,0,0,0,0,0,NEEDS_REVIEW,UNVERIFIED,2026-05-06T15:36:43.802Z,2026-05-06T17:26:18.026Z
cmou72rj700cfqtt8j1fo71oa,Stony Brook University,stony-brook-university,Stony Brook,NY,,,cmou72rjw00chqtt8k4ykpna3,NCAA_D1,,https://stonybrookathletics.com/sports/baseball,stonybrookathletics.com,stony brook,false,true,true,3,0,0,0,0,0,0,0,NEEDS_REVIEW,NEEDS_REVIEW,2026-05-06T15:10:57.763Z,2026-07-23T19:46:16.552Z
cmox2o3hx0066qtbk7jqqixi1,Suffolk Community College,suffolk-community-college,,NY,,,cmox2o3im0068qtbkg5i6fjzc,NJCAA_D3,Region 15,https://njcaastats.prestosports.com/sports/bsb/2024-25/div3/teams/suffolkcc,njcaastats.prestosports.com,suffolk community,false,false,true,0,0,0,0,0,0,0,0,NEEDS_REVIEW,NEEDS_REVIEW,2026-05-08T15:30:53.493Z,2026-05-08T15:30:53.493Z
cmovorxkx00nlqt7g5g29f4bz,Suffolk University,suffolk-university,,MA,,,cmovorxlm00nnqt7g5yfc0cpd,NCAA_D3,Conference of New England,https://www.gosuffolkrams.com,gosuffolkrams.com,suffolk,false,false,true,0,0,0,0,0,0,0,0,NEEDS_REVIEW,NEEDS_REVIEW,2026-05-07T16:14:11.650Z,2026-05-07T16:14:11.650Z
cmovlhze900h3qt20rprhdg7t,Sul Ross State,sul-ross-state,Alpine,Texas,,,cmovlhzex00h5qt20txs4kxrj,NCAA_D2,Lone Star Conference,https://www.srlobos.com,srlobos.com,sul ross state,false,false,true,0,0,0,0,0,0,0,0,NEEDS_REVIEW,NEEDS_REVIEW,2026-05-07T14:42:28.593Z,2026-05-07T15:06:34.075Z
cmox23aka00clqtfkny2mgqp7,Sullivan County Community College,sullivan-county-community-college,,NY,,,cmox23al000cnqtfkpaix4bsi,NJCAA_D2,Region 15,https://njcaastats.prestosports.com/sports/bsb/2024-25/div2/teams/sullivancountycommunitycollege,njcaastats.prestosports.com,sullivan county community,false,false,true,0,0,0,0,0,0,0,0,NEEDS_REVIEW,NEEDS_REVIEW,2026-05-08T15:14:42.874Z,2026-05-08T15:14:42.874Z
cmox2o3ns006iqtbkf41vg0jo,Surry Community College,surry-community-college,,NC,,,cmox2o3oj006kqtbkdmy07agv,NJCAA_D3,Region 10,https://njcaastats.prestosports.com/sports/bsb/2024-25/div3/teams/surrycommunitycollege,njcaastats.prestosports.com,surry community,false,false,true,0,0,0,0,0,0,0,0,NEEDS_REVIEW,NEEDS_REVIEW,2026-05-08T15:30:53.704Z,2026-05-08T15:30:53.704Z
cmox23alx00coqtfkwwa6kfhm,Sussex County Community College,sussex-county-community-college,,NJ,,,cmox23aml00cqqtfkm5gw88x3,NJCAA_D2,Region 19,https://njcaastats.prestosports.com/sports/bsb/2024-25/div2/teams/sussexcountycommunitycollege,njcaastats.prestosports.com,sussex county community,false,false,true,0,0,0,0,0,0,0,0,NEEDS_REVIEW,NEEDS_REVIEW,2026-05-08T15:14:42.934Z,2026-05-08T15:14:42.934Z
cmovorxnt00nrqt7gwbfswmte,Swarthmore College,swarthmore-college,,PA,,,cmovorxoh00ntqt7gzv2s77hf,NCAA_D3,Centennial Conference,https://swarthmoreathletics.com/,swarthmoreathletics.com,swarthmore,false,false,true,0,0,0,0,0,0,0,0,NEEDS_REVIEW,NEEDS_REVIEW,2026-05-07T16:14:11.753Z,2026-05-07T16:14:11.753Z
cmossgres0013qti43q75sz9x,Syracuse University,syracuse-university,Syracuse,NY,,,,,,,syracuse.edu,syracuse,false,false,false,0,0,0,0,0,0,0,0,NEEDS_REVIEW,,2026-05-05T15:34:10.373Z,2026-05-06T17:26:06.652Z
cmosun08u0050qtlg3k28eb5j,TCU,tcu,Fort Worth,TX,,,cmosun09h0052qtlg5joyoy43,NCAA_D1,,https://gofrogs.com/sports/baseball,gofrogs.com,tcu,false,true,true,4,0,0,0,0,0,0,0,NEEDS_REVIEW,NEEDS_REVIEW,2026-05-05T16:35:00.990Z,2026-07-23T19:46:12.304Z
cmo2weddu0000ld04vi5vzrqm,TEST,test,,,,ACC,cmpwv5guf0001kz04awlnmbdf,,,https://gastondayathletics.com/main/teamschedule/id/3823307/seasonid/4953776,gastondayathletics.com,test,false,false,true,0,1,0,0,1,0,0,14,VERIFIED,VERIFIED,2026-04-17T12:42:16.770Z,2026-07-24T14:19:48.594Z
cmox069kd00ciqtgcfmpgoiet,Tabor,tabor,,KS,,,cmox069l200ckqtgctpak8c8c,NAIA,Kansas Collegiate Athletic Conference,https://naiastats.prestosports.com/sports/bsb/2024-25/teams/tabor,naiastats.prestosports.com,tabor,false,false,true,0,0,0,0,0,0,0,0,NEEDS_REVIEW,NEEDS_REVIEW,2026-05-08T14:21:02.317Z,2026-05-08T14:21:02.317Z
cmowzs27g006xqt4wpaqxe1jx,Talladega,talladega,,AL,,,cmowzs287006zqt4w4eidxuh3,NAIA,HBCU Athletic Conference,https://naiastats.prestosports.com/sports/bsb/2024-25/teams/talladegaal,naiastats.prestosports.com,talladega,false,false,true,0,0,0,0,0,0,0,0,NEEDS_REVIEW,NEEDS_REVIEW,2026-05-08T14:09:59.596Z,2026-05-08T14:21:02.368Z
cmox1gk9a00bfqtsgxqoctl3d,Tallahassee State College,tallahassee-state-college,,FL,,,cmox1gka000bhqtsgfawf67c8,NJCAA_D1,Region 8,https://njcaastats.prestosports.com/sports/bsb/2024-25/div1/teams/tallahasseestatecollege,njcaastats.prestosports.com,tallahassee state,false,false,true,0,0,0,0,0,0,0,0,NEEDS_REVIEW,NEEDS_REVIEW,2026-05-08T14:57:02.350Z,2026-05-08T14:57:02.350Z
cmovlhzfn00h6qt208j4bodyc,Tampa,tampa,Tampa,Florida,,,cmovlhzgd00h8qt20bblpfdr0,NCAA_D2,SSC,,,tampa,false,false,false,0,0,0,0,0,0,0,0,NEEDS_REVIEW,NEEDS_REVIEW,2026-05-07T14:42:28.643Z,2026-05-07T15:06:34.129Z
cmou8ctnz00nxqtlo1naql28v,Tarleton State University,tarleton-state-university,Stephenville,TX,,,cmou8ctoo00nzqtlov4b045g8,NCAA_D1,WAC,https://tarletonsports.com/sports/baseball,tarletonsports.com,tarleton state,false,true,true,4,0,0,0,0,0,0,0,NEEDS_REVIEW,UNVERIFIED,2026-05-06T15:46:46.703Z,2026-05-06T17:26:21.359Z
cmowzs28y0070qt4wel8w9307,Taylor,taylor,,IN,,,cmowzs29o0072qt4we5nkbniu,NAIA,Crossroads League,https://naiastats.prestosports.com/sports/bsb/2024-25/teams/taylorin,naiastats.prestosports.com,taylor,false,false,true,0,0,0,0,0,0,0,0,NEEDS_REVIEW,NEEDS_REVIEW,2026-05-08T14:09:59.650Z,2026-05-08T14:21:02.417Z
cmox1gkap00biqtsgb8q7r863,Temple College,temple-college,,TX,,,cmox1gkbd00bkqtsgdwywffg5,NJCAA_D1,Region 5,https://njcaastats.prestosports.com/sports/bsb/2024-25/div1/teams/templecollege,njcaastats.prestosports.com,temple,false,false,true,0,0,0,0,0,0,0,0,NEEDS_REVIEW,NEEDS_REVIEW,2026-05-08T14:57:02.401Z,2026-05-08T14:57:02.401Z
cmou57egv0083qtdw0yqps6gp,Temple University,temple-university,Philadelphia,PA,,,,,,,temple.edu,temple,false,false,false,0,0,0,0,0,0,0,0,NEEDS_REVIEW,,2026-05-06T14:18:34.879Z,2026-07-23T19:46:06.474Z
cmox069oi00crqtgc031n7wau,Tennessee Southern,tennessee-southern,,TN,,,cmox069p800ctqtgctx8gnsad,NAIA,Southern States Athletic Conference,https://naiastats.prestosports.com/sports/bsb/2024-25/teams/tennesseesouthern,naiastats.prestosports.com,tennessee southern,false,false,true,0,0,0,0,0,0,0,0,NEEDS_REVIEW,NEEDS_REVIEW,2026-05-08T14:21:02.466Z,2026-05-08T14:21:02.466Z
cmou825av00k9qtfo6o2sfjmf,Tennessee Technological University,tennessee-technological-university,Cookeville,TN,,,cmou825bk00kbqtfopplc3k9d,NCAA_D1,Ohio Valley,https://www.ttusports.com/sports/bsb,ttusports.com,tennessee technological,false,true,true,0,0,0,0,0,0,0,0,NEEDS_REVIEW,UNVERIFIED,2026-05-06T15:38:28.567Z,2026-05-06T17:26:18.542Z
cmorj0hbg003lqtio2flk2ko3,Tennessee Wesleyan University,tennessee-wesleyan-university,Athens,TN,,,cmorj0hc5003nqtioipyn2utb,NAIA,Appalachian Athletic Conference,https://twbulldogs.com/sports/baseball,twbulldogs.com,tennessee wesleyan,false,false,true,0,0,0,0,0,0,0,0,UNVERIFIED,UNVERIFIED,2026-05-04T18:21:48.076Z,2026-05-04T18:29:49.129Z
cmox2o3pb006lqtbkfaynpac8,Terra State,terra-state,,OH,,,cmox2o3q3006nqtbkej5h2w05,NJCAA_D3,Region 12,https://njcaastats.prestosports.com/sports/bsb/2024-25/div3/teams/terrastate,njcaastats.prestosports.com,terra state,false,false,true,0,0,0,0,0,0,0,0,NEEDS_REVIEW,NEEDS_REVIEW,2026-05-08T15:30:53.760Z,2026-05-08T15:30:53.760Z
cmox069rb00cxqtgc4ygzwzwx,Texas A&M  Texarkana,texas-a-and-m-texarkana,,TX,,,cmox069s000czqtgclertoc9x,NAIA,Red River Athletic Conference,https://naiastats.prestosports.com/sports/bsb/2024-25/teams/texasamtexarkana,naiastats.prestosports.com,texas a and m texarkana,false,false,true,0,0,0,0,0,0,0,0,NEEDS_REVIEW,NEEDS_REVIEW,2026-05-08T14:21:02.567Z,2026-05-08T14:21:02.567Z
cmovlhzh300h9qt20jeslwwd6,Texas A&M International,texas-a-and-m-international,Laredo,Texas,,,cmovlhzhs00hbqt202n45r28m,NCAA_D2,Lone Star,,,texas a and m international,false,false,false,0,0,0,0,0,0,0,0,NEEDS_REVIEW,NEEDS_REVIEW,2026-05-07T14:42:28.695Z,2026-05-07T15:06:34.181Z
cmosp9qux002iqtygai7kj7ix,Texas A&M University,texas-am-university,College Station,TX,,,cmosp9qvm002kqtygv15p8g51,NCAA_D1,SEC,https://12thman.com/sports/baseball,12thman.com,texas a and m,false,true,true,4,0,0,0,0,0,0,0,NEEDS_REVIEW,UNVERIFIED,2026-05-05T14:04:44.217Z,2026-05-06T17:26:07.738Z
cmou87sgu00mfqt8otiseblwa,Texas A&M University Corpus Christi,texas-am-university-corpus-christi,Corpus Christi,TX,,,cmou87shj00mhqt8on876f8eo,NCAA_D1,Southland,https://goislanders.com/sports/baseball,goislanders.com,texas a and m corpus christi,false,true,true,4,0,0,0,0,0,0,0,NEEDS_REVIEW,UNVERIFIED,2026-05-06T15:42:51.870Z,2026-05-06T17:26:19.842Z
cmox069sn00d0qtgcjtotjzzk,Texas College,texas-college,,TX,,,cmox069ta00d2qtgce5kg87su,NAIA,Red River Athletic Conference,https://naiastats.prestosports.com/sports/bsb/2024-25/teams/texascollege,naiastats.prestosports.com,texas,false,false,true,0,0,0,0,0,0,0,0,NEEDS_REVIEW,NEEDS_REVIEW,2026-05-08T14:21:02.615Z,2026-05-08T14:21:02.615Z
cmovorxp800nuqt7g4uae2hny,Texas Lutheran University,texas-lutheran-university,,TX,,,cmovorxpz00nwqt7gq2v965v5,NCAA_D3,Southern Collegiate Athletic Conference,https://tlubulldogs.com,tlubulldogs.com,texas lutheran,false,false,true,0,0,0,0,0,0,0,0,NEEDS_REVIEW,NEEDS_REVIEW,2026-05-07T16:14:11.804Z,2026-05-07T16:14:11.804Z
cmou8bkkf00ncqtuwvmtkd81f,Texas Southern University,texas-southern-university,Houston,TX,,,cmou8bkl600neqtuw09os8sjj,NCAA_D1,SWAC,https://tsusports.com/sports/baseball,tsusports.com,texas southern,false,true,true,2,0,0,0,0,0,0,0,NEEDS_REVIEW,UNVERIFIED,2026-05-06T15:45:48.255Z,2026-05-06T17:26:21.019Z
cmou3bzmd006iqtvo520iedb5,Texas State University,texas-state-university,San Marcos,TX,,,cmou3bzn4006kqtvov57tocaz,NCAA_D1,Pac-12,https://txst.com/sports/baseball,txst.com,texas state,false,true,true,4,0,0,0,0,0,0,0,NEEDS_REVIEW,UNVERIFIED,2026-05-06T13:26:09.686Z,2026-05-06T17:26:10.027Z
cmosun0a30053qtlgwqx8pc03,Texas Tech University,texas-tech-university,Lubbock,TX,,,cmosun0ar0055qtlg6xlvphkd,NCAA_D1,,https://texastech.com/sports/baseball,texastech.com,texas tech,false,true,true,4,0,0,0,0,0,0,0,NEEDS_REVIEW,NEEDS_REVIEW,2026-05-05T16:35:01.035Z,2026-07-23T19:46:12.393Z
cmou869si00kxqtjk4hq2v3uw,The Citadel,the-citadel,Charleston,SC,,,cmou869t600kzqtjkn5cr70vq,NCAA_D1,SoCon,https://citadelsports.com/sports/baseball,citadelsports.com,citadel,false,true,true,4,0,1,0,0,0,0,0,NEEDS_REVIEW,UNVERIFIED,2026-05-06T15:41:41.011Z,2026-05-06T17:26:18.939Z
cmovorxqp00nxqt7gak5d6wlt,The City College of New York,the-city-college-of-new-york,,NY,,,cmovorxrf00nzqt7gh241fwsc,NCAA_D3,City University of New York Athletic Conference,https://www.ccnyathletics.com,ccnyathletics.com,city new york,false,false,true,0,0,0,0,0,0,0,0,NEEDS_REVIEW,NEEDS_REVIEW,2026-05-07T16:14:11.857Z,2026-05-07T16:14:11.857Z
cmovorxs700o0qt7gx7sa4v2r,The College of New Jersey,the-college-of-new-jersey,,NJ,,,cmovorxsw00o2qt7gvwkwa088,NCAA_D3,New Jersey Athletic Conference,https://www.tcnjathletics.com,tcnjathletics.com,new jersey,false,false,true,0,0,0,0,0,0,0,0,NEEDS_REVIEW,NEEDS_REVIEW,2026-05-07T16:14:11.911Z,2026-05-07T16:14:11.911Z
cmovorxtm00o3qt7goo70devu,The College of St. Scholastica,the-college-of-st-scholastica,,MN,,,cmovorxuc00o5qt7giehqt5ey,NCAA_D3,Minnesota Intercollegiate Athletic Conference,https://www.csssaints.com,csssaints.com,saint scholastica,false,false,true,0,0,0,0,0,0,0,0,NEEDS_REVIEW,NEEDS_REVIEW,2026-05-07T16:14:11.962Z,2026-05-07T16:14:11.962Z
cmovorxv300o6qt7glc351mdx,The College of Wooster,the-college-of-wooster,,OH,,,cmovorxvt00o8qt7gug2wv8wy,NCAA_D3,North Coast Athletic Conference,https://www.woosterathletics.com,woosterathletics.com,wooster,false,false,true,0,0,0,0,0,0,0,0,NEEDS_REVIEW,NEEDS_REVIEW,2026-05-07T16:14:12.015Z,2026-05-07T16:14:12.015Z
cmowzs2af0073qt4wn3t65h57,The Master's,the-master-s,,CALIF.,,,cmowzs2b80075qt4w42rn3r24,NAIA,Great Southwest Athletic Conference,https://naiastats.prestosports.com/sports/bsb/2024-25/teams/themasters,naiastats.prestosports.com,master s,false,false,true,0,0,0,0,0,0,0,0,NEEDS_REVIEW,NEEDS_REVIEW,2026-05-08T14:09:59.703Z,2026-05-08T14:21:02.663Z
cmovorxwj00o9qt7g1xn6u07t,The State University of New York at Fredonia,the-state-university-of-new-york-at-fredonia,,NY,,,cmovorxxa00obqt7g1tlikwcn,NCAA_D3,State University of New York Athletic Conference,https://www.fredoniabluedevils.com,fredoniabluedevils.com,state new york fredonia,false,false,true,0,0,0,0,0,0,0,0,NEEDS_REVIEW,NEEDS_REVIEW,2026-05-07T16:14:12.068Z,2026-05-07T16:14:12.068Z
cmovorxy200ocqt7gygeszkzf,The University of Olivet,the-university-of-olivet,,MI,,,cmovorxys00oeqt7guk5m1b0k,NCAA_D3,Michigan Intercollegiate Athletic Association,https://www.olivetcomets.com,olivetcomets.com,olivet,false,false,true,0,0,0,0,0,0,0,0,NEEDS_REVIEW,NEEDS_REVIEW,2026-05-07T16:14:12.122Z,2026-05-07T16:14:12.122Z
cmovorxzk00ofqt7g36au1dgn,Thiel College,thiel-college,,PA,,,cmovory0b00ohqt7g9s2a7f2k,NCAA_D3,Presidents' Athletic Conference,https://www.thielathletics.com,thielathletics.com,thiel,false,false,true,0,0,0,0,0,0,0,0,NEEDS_REVIEW,NEEDS_REVIEW,2026-05-07T16:14:12.176Z,2026-05-07T16:14:12.176Z
cmox069va00d6qtgcn0ndzzas,Thomas,thomas,,GA,,,cmox069w000d8qtgc3rhehrz6,NAIA,Southern States Athletic Conference,https://naiastats.prestosports.com/sports/bsb/2024-25/teams/thomas,naiastats.prestosports.com,thomas,false,false,true,0,0,0,0,0,0,0,0,NEEDS_REVIEW,NEEDS_REVIEW,2026-05-08T14:21:02.710Z,2026-05-08T14:21:02.710Z
cmovory1600oiqt7g6g310flh,Thomas College,thomas-college,,ME,,,cmovory1w00okqt7gyxpmt79g,NCAA_D3,North Atlantic Conference,https://www.thomasathletics.com,thomasathletics.com,thomas,false,false,true,0,0,0,0,0,0,0,0,NEEDS_REVIEW,NEEDS_REVIEW,2026-05-07T16:14:12.234Z,2026-05-07T16:14:12.234Z
cmovlhzig00hcqt20nt6ruwxn,Thomas More,thomas-more,Crestview Hills,Kentucky,,,cmovlhzj600heqt20ibjxaosf,NCAA_D2,G-MAC,,,thomas more,false,false,false,0,0,0,0,0,0,0,0,NEEDS_REVIEW,NEEDS_REVIEW,2026-05-07T14:42:28.745Z,2026-05-07T15:06:34.233Z
cmox1gkc000blqtsg0cpjkqpx,Three Rivers Community College - MO,three-rivers-community-college-mo,,MO,,,cmox1gkcu00bnqtsgs10u1poa,NJCAA_D1,Region 16,https://njcaastats.prestosports.com/sports/bsb/2024-25/div1/teams/threeriverscommunitycollegemo,njcaastats.prestosports.com,three rivers community mo,false,false,true,0,0,0,0,0,0,0,0,NEEDS_REVIEW,NEEDS_REVIEW,2026-05-08T14:57:02.449Z,2026-05-08T14:57:02.449Z
cmovlhzjx00hfqt20rh69vt99,Tiffin,tiffin,Tiffin,Ohio,,,cmovlhzkl00hhqt202g082fth,NCAA_D2,G-MAC,,,tiffin,false,false,false,0,0,0,0,0,0,0,0,NEEDS_REVIEW,NEEDS_REVIEW,2026-05-07T14:42:28.797Z,2026-05-07T15:06:34.287Z
cmox2o3qt006oqtbkhak9bo7b,Tompkins Cortland Community College,tompkins-cortland-community-college,,NY,,,cmox2o3rk006qqtbktri6mmss,NJCAA_D3,Region 3,https://njcaastats.prestosports.com/sports/bsb/2024-25/div3/teams/tompkinscortlandcommunitycollege,njcaastats.prestosports.com,tompkins cortland community,false,false,true,0,0,0,0,0,0,0,0,NEEDS_REVIEW,NEEDS_REVIEW,2026-05-08T15:30:53.814Z,2026-05-08T15:30:53.814Z
cmowzs2c00076qt4wck5u0njl,Tougaloo,tougaloo,,MISS.,,,cmowzs2cu0078qt4wfkoltfoo,NAIA,HBCU Athletic Conference,https://naiastats.prestosports.com/sports/bsb/2024-25/teams/tougalooms,naiastats.prestosports.com,tougaloo,false,false,true,0,0,0,0,0,0,0,0,NEEDS_REVIEW,NEEDS_REVIEW,2026-05-08T14:09:59.760Z,2026-05-08T14:21:02.765Z
cmou72rkm00ciqtt8z62e367q,Towson University,towson-university,Towson,MD,,,cmou72rlc00ckqtt8h1zgkmzj,NCAA_D1,,https://towsontigers.com/sports/baseball,towsontigers.com,towson,false,true,true,4,0,0,0,0,0,0,0,NEEDS_REVIEW,NEEDS_REVIEW,2026-05-06T15:10:57.814Z,2026-07-23T19:46:16.638Z
cmovory2o00olqt7gz00gydjb,Transylvania University,transylvania-university,,KY,,,cmovory3f00onqt7gc1dua78r,NCAA_D3,Heartland Collegiate Athletic Conference,https://www.transysports.com,transysports.com,transylvania,false,false,true,0,0,0,0,0,0,0,0,NEEDS_REVIEW,NEEDS_REVIEW,2026-05-07T16:14:12.288Z,2026-05-07T16:14:12.288Z
cmovlhzl900hiqt2017r2gcxq,Trevecca Nazarene,trevecca-nazarene,Nashville,Tennessee,,,cmovlhzly00hkqt200dgh09l8,NCAA_D2,Gulf South,,,trevecca nazarene,false,false,false,0,0,0,0,0,0,0,0,NEEDS_REVIEW,NEEDS_REVIEW,2026-05-07T14:42:28.845Z,2026-05-07T15:06:34.338Z
cmovory4500ooqt7glchffp1u,Trine University,trine-university,,IN,,,cmovory4u00oqqt7gdifomwlr,NCAA_D3,Michigan Intercollegiate Athletic Association,https://www.trinethunder.com,trinethunder.com,trine,false,false,true,0,0,0,0,0,0,0,0,NEEDS_REVIEW,NEEDS_REVIEW,2026-05-07T16:14:12.341Z,2026-05-07T16:14:12.341Z
cmox1gkdi00boqtsgvoj3d2eq,Trinidad State College,trinidad-state-college,,CO,,,cmox1gke600bqqtsgg5ri45lj,NJCAA_D1,Region 9,https://njcaastats.prestosports.com/sports/bsb/2024-25/div1/teams/trinidadstatecollege,njcaastats.prestosports.com,trinidad state,false,false,true,0,0,0,0,0,0,0,0,NEEDS_REVIEW,NEEDS_REVIEW,2026-05-08T14:57:02.502Z,2026-05-08T14:57:02.502Z
cmowzs2dj0079qt4w9wire00s,Trinity Christian,trinity-christian,,IL,,,cmowzs2ea007bqt4wggve5lyd,NAIA,Chicagoland Collegiate Athletic Conference,https://naiastats.prestosports.com/sports/bsb/2024-25/teams/trinitychristianil,naiastats.prestosports.com,trinity christian,false,false,true,0,0,0,0,0,0,0,0,NEEDS_REVIEW,NEEDS_REVIEW,2026-05-08T14:09:59.815Z,2026-05-08T14:21:02.812Z
cmovory5l00orqt7gb3nwx481,Trinity College (Connecticut),trinity-college-connecticut,,CT,,,cmovory6b00otqt7gjc3214rk,NCAA_D3,New England Small College Athletic Conference,https://www.bantamsports.com,bantamsports.com,trinity connecticut,false,false,true,0,0,0,0,0,0,0,0,NEEDS_REVIEW,NEEDS_REVIEW,2026-05-07T16:14:12.393Z,2026-05-07T16:14:12.393Z
cmovory7300ouqt7gy4693ua5,Trinity University (Texas),trinity-university-texas,,TX,,,cmovory7u00owqt7gvjntay4j,NCAA_D3,Southern Athletic Association,https://www.trinitytigers.com,trinitytigers.com,trinity texas,false,false,true,0,0,0,0,0,0,0,0,NEEDS_REVIEW,NEEDS_REVIEW,2026-05-07T16:14:12.447Z,2026-05-07T16:14:12.447Z
cmox1gkev00brqtsgxithpel1,Triton College,triton-college,,IL,,,cmox1gkfl00btqtsgpl7lg2g3,NJCAA_D1,Region 4,https://tritonathletics.com/sports/baseball,tritonathletics.com,triton,false,false,true,0,0,0,0,0,0,0,0,NEEDS_REVIEW,NEEDS_REVIEW,2026-05-08T14:57:02.551Z,2026-05-08T14:57:02.551Z
cmou3bznt006lqtvom504k4vr,Troy University,troy-university,Troy,AL,,,cmou3bzoj006nqtvow6hywsy4,NCAA_D1,Sun Belt,https://troytrojans.com/sports/baseball,troytrojans.com,troy,false,true,true,4,0,0,0,0,0,0,0,NEEDS_REVIEW,UNVERIFIED,2026-05-06T13:26:09.737Z,2026-05-06T17:26:20.433Z
cmox069zr00dfqtgcntxrsrbb,Truett McConnell,truett-mcconnell,,GA,,,cmox06a0f00dhqtgcqw2s1nih,NAIA,Appalachian Athletic Conference,https://naiastats.prestosports.com/sports/bsb/2024-25/teams/truettmcconnell,naiastats.prestosports.com,truett mcconnell,false,false,true,0,0,0,0,0,0,0,0,NEEDS_REVIEW,NEEDS_REVIEW,2026-05-08T14:21:02.871Z,2026-05-08T14:21:02.871Z
cmovlhzmn00hlqt2083yrmuwr,Truman,truman,Kirksville,Missouri,,,cmovlhznc00hnqt207ybbycjj,NCAA_D2,GLVC,,,truman,false,false,false,0,0,0,0,0,0,0,0,NEEDS_REVIEW,NEEDS_REVIEW,2026-05-07T14:42:28.895Z,2026-05-07T15:06:34.391Z
cmovory8q00oxqt7g5777fg65,Tufts University,tufts-university,,MA,,,cmovory9g00ozqt7gtlru6nxz,NCAA_D3,New England Small College Athletic Conference,https://www.gotuftsjumbos.com/landing/index,gotuftsjumbos.com,tufts,false,false,true,0,0,0,0,0,0,0,0,NEEDS_REVIEW,NEEDS_REVIEW,2026-05-07T16:14:12.506Z,2026-05-07T16:14:12.506Z
cmou57ejn0086qtdwaxqor803,Tulane University,tulane-university,New Orleans,LA,,,cmou57ekc0088qtdwzjnvgm0x,NCAA_D1,,https://tulanegreenwave.com/sports/baseball,tulanegreenwave.com,tulane,false,true,true,4,0,0,0,0,0,0,0,NEEDS_REVIEW,NEEDS_REVIEW,2026-05-06T14:18:34.979Z,2026-07-23T19:46:06.561Z
cmorjat4k0050qt4wuinkw7vf,Tusculum University,tusculum-university,Greeneville,TN,,,cmorjat560052qt4wdppglume,NCAA_D2,South Atlantic Conference,https://tusculumpioneers.com/sports/baseball,tusculumpioneers.com,tusculum,false,false,true,0,0,0,0,0,0,0,0,UNVERIFIED,UNVERIFIED,2026-05-04T18:29:49.940Z,2026-05-04T18:29:49.940Z
cmovlhzpc00hrqt20uz124foq,Tuskegee,tuskegee,Tuskegee,Alabama,,,cmovlhzq400htqt20nwz1e29s,NCAA_D2,SIAC,,,tuskegee,false,false,false,0,0,0,0,0,0,0,0,NEEDS_REVIEW,NEEDS_REVIEW,2026-05-07T14:42:28.992Z,2026-05-07T15:06:34.498Z
cmox1gkg900buqtsgnrq48ujw,Tyler Junior College,tyler-junior-college,,TX,,,cmox1gkgy00bwqtsgvz21fibl,NJCAA_D1,Region 14,https://njcaastats.prestosports.com/sports/bsb/2024-25/div1/teams/tylerjuniorcollege,njcaastats.prestosports.com,tyler junior,false,false,true,0,0,0,0,0,0,0,0,NEEDS_REVIEW,NEEDS_REVIEW,2026-05-08T14:57:02.602Z,2026-05-08T14:57:02.602Z
cmovorya900p0qt7gjl80gqj9,U.S. Merchant Marine Academy,u-s-merchant-marine-academy,,NY,,,cmovoryb100p2qt7g7etpip37,NCAA_D3,Skyline Conference,https://usmmasports.com,usmmasports.com,u s merchant marine academy,false,false,true,0,0,0,0,0,0,0,0,NEEDS_REVIEW,NEEDS_REVIEW,2026-05-07T16:14:12.560Z,2026-05-07T16:14:12.560Z
cmox23ana00crqtfkrw1vnvi0,UA Rich Mountain,ua-rich-mountain,,IN,,,cmox23ao200ctqtfk51x06us6,NJCAA_D2,Region 2,https://njcaastats.prestosports.com/sports/bsb/2024-25/div2/teams/uarichmountain,njcaastats.prestosports.com,ua rich mountain,false,false,true,0,0,0,0,0,0,0,0,NEEDS_REVIEW,NEEDS_REVIEW,2026-05-08T15:14:42.982Z,2026-05-08T15:14:42.982Z
cmovlhzqs00huqt204srrz83h,UCCS,uccs,Colorado Springs,Colorado,,,cmovlhzrh00hwqt2020zabvv3,NCAA_D2,RMAC,,,uccs,false,false,false,0,0,0,0,0,0,0,0,NEEDS_REVIEW,NEEDS_REVIEW,2026-05-07T14:42:29.045Z,2026-05-07T15:06:34.550Z
cmosun0bd0056qtlg87u13vxx,UCF,ucf,Orlando,FL,,,cmosun0c10058qtlgn2wdysws,NCAA_D1,,https://ucfknights.com/sports/baseball,ucfknights.com,ucf,false,true,true,4,0,1,0,0,0,0,0,NEEDS_REVIEW,NEEDS_REVIEW,2026-05-05T16:35:01.081Z,2026-07-23T19:46:12.485Z
cmossumq5003xqtpgz2376dpb,UCLA,ucla,Los Angeles,CA,,,cmossumqt003zqtpgyjdtn02c,NCAA_D1,,https://uclabruins.com/sports/baseball,uclabruins.com,ucla,false,true,true,4,0,0,0,0,0,0,0,NEEDS_REVIEW,NEEDS_REVIEW,2026-05-05T15:44:57.486Z,2026-07-23T19:46:15.159Z
cmox2o3sa006rqtbkc43ldcq1,UCNJ,ucnj,,NJ,,,cmox2o3t1006tqtbk1vx0735f,NJCAA_D3,Region 19,https://njcaastats.prestosports.com/sports/bsb/2024-25/div3/teams/ucnj,njcaastats.prestosports.com,ucnj,false,false,true,0,0,0,0,0,0,0,0,NEEDS_REVIEW,NEEDS_REVIEW,2026-05-08T15:30:53.866Z,2026-05-08T15:30:53.866Z
cmox06a1200diqtgc2xj3i2cg,UHSP,uhsp,,MO,,,cmox06a1v00dkqtgc0ies32dk,NAIA,American Midwest Conference,https://naiastats.prestosports.com/sports/bsb/2024-25/teams/uhsp,naiastats.prestosports.com,uhsp,false,false,true,0,0,0,0,0,0,0,0,NEEDS_REVIEW,NEEDS_REVIEW,2026-05-08T14:21:02.919Z,2026-05-08T14:21:02.919Z
cmovlhzs600hxqt20h9vfhr4u,UIS,uis,Springfield,Illinois,,,cmovlhzsw00hzqt20tg277mdo,NCAA_D2,GLVC,,,uis,false,false,false,0,0,0,0,0,0,0,0,NEEDS_REVIEW,NEEDS_REVIEW,2026-05-07T14:42:29.094Z,2026-05-07T15:06:34.601Z
cmou6tv8i00boqti0vjvm8aer,UNC Asheville,unc-asheville,Asheville,NC,,,cmou6tv9900bqqti0wabo0574,NCAA_D1,,https://uncabulldogs.com/sports/baseball,uncabulldogs.com,unc asheville,false,true,true,2,0,0,0,0,0,0,0,NEEDS_REVIEW,NEEDS_REVIEW,2026-05-06T15:04:02.658Z,2026-07-23T19:46:14.245Z
cmorjaswk004iqt4wj0tze6tj,UNC Pembroke,unc-pembroke,Pembroke,North Carolina,,,cmorjasxa004kqt4w19gmfnpe,NCAA_D2,Carolinas,https://uncpbraves.com/sports/baseball,uncpbraves.com,unc pembroke,false,false,true,0,0,1,0,0,0,0,0,NEEDS_REVIEW,NEEDS_REVIEW,2026-05-04T18:29:49.652Z,2026-05-29T16:24:15.079Z
cmou72rm100clqtt8q8b00o3c,UNC Wilmington,unc-wilmington,Wilmington,NC,,,cmou72rmr00cnqtt8dj51725x,NCAA_D1,CAA,https://uncwsports.com/sports/baseball,uncwsports.com,unc wilmington,false,true,true,4,0,0,0,0,0,0,0,NEEDS_REVIEW,UNVERIFIED,2026-05-06T15:10:57.865Z,2026-05-06T17:26:13.722Z
cmovlhzxu00i9qt20j0epyeh0,USC Aiken,usc-aiken,Aiken,South Carolina,,,cmovlhzyh00ibqt20ugefp28c,NCAA_D2,Peach Belt,,,usc aiken,false,false,false,0,0,0,0,0,0,0,0,NEEDS_REVIEW,NEEDS_REVIEW,2026-05-07T14:42:29.298Z,2026-05-07T15:06:34.809Z
cmovlhzz700icqt20buljpr44,USC Beaufort,usc-beaufort,Bluffton,South Carolina,,,cmovlhzzy00ieqt20fffouze7,NCAA_D2,Peach Belt,,,usc beaufort,false,false,false,0,0,0,0,0,0,0,0,NEEDS_REVIEW,NEEDS_REVIEW,2026-05-07T14:42:29.347Z,2026-05-07T15:06:34.861Z
cmox1gkhm00bxqtsglgq2idhq,USC Lancaster,usc-lancaster,,SC,,,cmox1gkic00bzqtsgb2qaby9r,NJCAA_D1,Region 10,https://njcaastats.prestosports.com/sports/bsb/2024-25/div1/teams/usclancaster,njcaastats.prestosports.com,usc lancaster,false,false,true,0,0,0,0,0,0,0,0,NEEDS_REVIEW,NEEDS_REVIEW,2026-05-08T14:57:02.650Z,2026-05-08T14:57:02.650Z
cmox1gkj000c0qtsgx1eij6lh,USC Salkehatchie,usc-salkehatchie,,SC,,,cmox1gkjp00c2qtsg252xcwx7,NJCAA_D1,Region 10,https://njcaastats.prestosports.com/sports/bsb/2024-25/div1/teams/uscsalkehatchie,njcaastats.prestosports.com,usc salkehatchie,false,false,true,0,0,0,0,0,0,0,0,NEEDS_REVIEW,NEEDS_REVIEW,2026-05-08T14:57:02.700Z,2026-05-08T14:57:02.700Z
cmox1gkkd00c3qtsgold75ly9,USC Sumter,usc-sumter,,SC,,,cmox1gkl200c5qtsgrpd48ek9,NJCAA_D1,Region 10,https://njcaastats.prestosports.com/sports/bsb/2024-25/div1/teams/uscsumter,njcaastats.prestosports.com,usc sumter,false,false,true,0,0,0,0,0,0,0,0,NEEDS_REVIEW,NEEDS_REVIEW,2026-05-08T14:57:02.750Z,2026-05-08T14:57:02.750Z
cmox1gklr00c6qtsg8qezbdpk,USC Union,usc-union,,SC,,,cmox1gkme00c8qtsg5stut2fv,NJCAA_D1,Region 10,https://njcaastats.prestosports.com/sports/bsb/2024-25/div1/teams/uscunion,njcaastats.prestosports.com,usc union,false,false,true,0,0,0,0,0,0,0,0,NEEDS_REVIEW,NEEDS_REVIEW,2026-05-08T14:57:02.799Z,2026-05-08T14:57:02.799Z
cmou6tv9y00brqti0h1og2mt7,USC Upstate,usc-upstate,Spartanburg,SC,,,cmou6tvap00btqti0249q1z1i,NCAA_D1,,https://upstatespartans.com/sports/baseball,upstatespartans.com,usc upstate,false,true,true,4,0,1,0,0,0,0,0,NEEDS_REVIEW,NEEDS_REVIEW,2026-05-06T15:04:02.710Z,2026-07-23T19:46:14.336Z
cmovli00o00ifqt203ot9wl06,UT Dallas,ut-dallas,Richardson,Texas,,,cmovli01c00ihqt202frgs279,NCAA_D2,Lone Star,,,ut dallas,false,false,false,0,0,0,0,0,0,0,0,NEEDS_REVIEW,NEEDS_REVIEW,2026-05-07T14:42:29.399Z,2026-05-07T15:06:34.915Z
cmovli02200iiqt20ippkyoyf,UT Permian Basin,ut-permian-basin,Odessa,Texas,,,cmovli02p00ikqt20vfjjv02v,NCAA_D2,Lone Star,,,ut permian basin,false,false,false,0,0,0,0,0,0,0,0,NEEDS_REVIEW,NEEDS_REVIEW,2026-05-07T14:42:29.450Z,2026-05-07T15:06:34.966Z
cmovli03e00ilqt209z7vjlxj,UT Tyler,ut-tyler,Tyler,Texas,,,cmovli04100inqt20o13io3vv,NCAA_D2,Lone Star,,,ut tyler,false,false,false,0,0,0,0,0,0,0,0,NEEDS_REVIEW,NEEDS_REVIEW,2026-05-07T14:42:29.498Z,2026-05-07T15:06:35.017Z
cmorjat5v0053qt4wzd7t66h5,UVA Wise,uva-wise,Wise,Virginia,,,cmorjat6i0055qt4wlo0hkkdf,NCAA_D2,SAC,https://uvawisecavs.com/sports/baseball,uvawisecavs.com,uva wise,false,false,true,0,0,0,0,0,0,0,0,NEEDS_REVIEW,NEEDS_REVIEW,2026-05-04T18:29:49.987Z,2026-05-29T16:24:16.053Z
cmox23aos00cuqtfktpuiswsq,Ulster County Community College,ulster-county-community-college,,NY,,,cmox23aph00cwqtfk6whrj8y7,NJCAA_D2,Region 15,https://njcaastats.prestosports.com/sports/bsb/2024-25/div2/teams/ulstercountycommunitycollege,njcaastats.prestosports.com,ulster county community,false,false,true,0,0,0,0,0,0,0,0,NEEDS_REVIEW,NEEDS_REVIEW,2026-05-08T15:14:43.036Z,2026-05-08T15:14:43.036Z
cmovlhzv200i3qt20d3hew93t,Union,union,Jackson,Tennessee,,,cmovlhzvq00i5qt20dz69ixu2,NCAA_D2,Gulf South,,,union,false,false,false,0,0,0,0,0,0,0,0,NEEDS_REVIEW,NEEDS_REVIEW,2026-05-07T14:42:29.199Z,2026-05-07T15:06:34.705Z
cmovorybu00p3qt7g1xvbtz80,Union College (New York),union-college-new-york,,NY,,,cmovoryck00p5qt7gfphbj3f2,NCAA_D3,Liberty League,https://www.unionathletics.com/,unionathletics.com,union new york,false,false,true,0,0,0,0,0,0,0,0,NEEDS_REVIEW,NEEDS_REVIEW,2026-05-07T16:14:12.618Z,2026-05-07T16:14:12.618Z
cmox06a2l00dlqtgcos7i4rt9,Union Commonwealth,union-commonwealth,,KY,,,cmox06a3800dnqtgcivxehje8,NAIA,Appalachian Athletic Conference,https://naiastats.prestosports.com/sports/bsb/2024-25/teams/unioncommonwealth,naiastats.prestosports.com,union commonwealth,false,false,true,0,0,0,0,0,0,0,0,NEEDS_REVIEW,NEEDS_REVIEW,2026-05-08T14:21:02.972Z,2026-05-08T14:21:02.972Z
cmrxrdwnt001iqtx0cgzv8q00,"University at Albany, SUNY",university-at-albany-suny,Albany,NY,NCAA_D1,,cmrxrdwnt001jqtx0jpkx0ldj,NCAA_D1,,https://ualbanysports.com/sports/baseball,ualbanysports.com,albany suny,true,true,true,0,0,0,0,0,0,0,0,NEEDS_REVIEW,NEEDS_REVIEW,2026-07-23T17:01:55.482Z,2026-07-23T19:55:50.607Z
cmou7skcx00foqtagxk69btib,University of Akron,university-of-akron,Akron,OH,,,cmou7skdr00fqqtagocs6xuw4,NCAA_D1,MAC,https://gozips.com/sports/baseball,gozips.com,akron,false,true,true,3,0,0,0,0,0,0,0,NEEDS_REVIEW,UNVERIFIED,2026-05-06T15:31:01.521Z,2026-05-06T17:26:15.701Z
cmosp9qb0001cqtyg3bj9jezt,University of Alabama,university-of-alabama,Tuscaloosa,AL,,,cmosp9qbp001eqtygsx3wqo39,NCAA_D1,SEC,https://rolltide.com/sports/baseball,rolltide.com,alabama,false,true,true,5,0,0,0,0,0,0,0,NEEDS_REVIEW,UNVERIFIED,2026-05-05T14:04:43.501Z,2026-05-06T17:26:06.918Z
cmou57e5s007iqtdwb3g795nq,University of Alabama at Birmingham,university-of-alabama-at-birmingham,Birmingham,AL,,,cmou57e6p007kqtdwt7q4s4pg,NCAA_D1,,https://uabsports.com/sports/baseball,uabsports.com,alabama birmingham,false,true,true,5,0,0,0,0,0,0,0,NEEDS_REVIEW,NEEDS_REVIEW,2026-05-06T14:18:34.480Z,2026-07-23T19:46:06.657Z
cmosp9qcd001fqtygqtxktpzw,University of Arkansas,university-of-arkansas,Fayetteville,AR,,,cmosp9qd4001hqtyggghrj9on,NCAA_D1,SEC,https://arkansasrazorbacks.com/sport/m-basebl,arkansasrazorbacks.com,arkansas,false,true,true,0,0,0,0,0,0,0,0,NEEDS_REVIEW,UNVERIFIED,2026-05-05T14:04:43.549Z,2026-05-06T17:26:06.984Z
cmou8253h00juqtfoheeskxep,University of Arkansas at Little Rock,university-of-arkansas-at-little-rock,Little Rock,AR,,,cmou8254800jwqtfo93hx3i10,NCAA_D1,Ohio Valley,https://lrtrojans.com/sports/baseball,lrtrojans.com,arkansas little rock,false,true,true,4,0,0,0,0,0,0,0,NEEDS_REVIEW,UNVERIFIED,2026-05-06T15:38:28.301Z,2026-05-06T17:26:18.277Z
cmou8bklv00nfqtuwyjlpx889,University of Arkansas at Pine Bluff,university-of-arkansas-at-pine-bluff,Pine Bluff,AR,,,cmou8bkmo00nhqtuwbp7p9ixn,NCAA_D1,SWAC,https://uapblionsroar.com/sports/baseball,uapblionsroar.com,arkansas pine bluff,false,true,true,3,0,0,0,0,0,0,0,NEEDS_REVIEW,UNVERIFIED,2026-05-06T15:45:48.307Z,2026-05-06T17:26:21.065Z
cmosownko0003qtuom8wxpo9s,University of California Berkeley,university-of-california-berkeley,Berkeley,CA,,,cmosownle0005qtuo0gwfge3i,NCAA_D1,,https://calbears.com/sports/baseball,calbears.com,california berkeley,false,true,true,4,0,0,0,0,0,0,0,NEEDS_REVIEW,NEEDS_REVIEW,2026-05-05T13:54:33.432Z,2026-07-23T19:46:08.578Z
cmrxrdvk9000mqtx0itzsdx5v,"University of California, Davis",university-of-california-davis,Davis,CA,NCAA_D1,,cmrxrdvk9000nqtx0lx6defy3,NCAA_D1,,https://ucdavisaggies.com/sports/baseball,ucdavisaggies.com,california davis,true,true,true,0,0,0,0,0,0,0,0,NEEDS_REVIEW,NEEDS_REVIEW,2026-07-23T17:01:54.058Z,2026-07-23T19:55:50.715Z
cmrxrdvai000eqtx0kzqf0czs,"University of California, Irvine",university-of-california-irvine,Irvine,CA,NCAA_D1,,cmrxrdvai000fqtx0tjvyddkn,NCAA_D1,,https://ucirvinesports.com/sports/baseball,ucirvinesports.com,california irvine,true,true,true,0,0,0,0,0,0,0,0,NEEDS_REVIEW,NEEDS_REVIEW,2026-07-23T17:01:53.706Z,2026-07-23T19:55:50.824Z
cmrxrdwle001gqtx0bpmkw79z,"University of California, Riverside",university-of-california-riverside,Riverside,CA,NCAA_D1,,cmrxrdwle001hqtx0ihflj3q4,NCAA_D1,,https://gohighlanders.com/sports/baseball,gohighlanders.com,california riverside,true,true,true,0,0,0,0,0,0,0,0,NEEDS_REVIEW,NEEDS_REVIEW,2026-07-23T17:01:55.394Z,2026-07-23T19:55:50.938Z
cmrxrduyd0004qtx0vghj2x0t,"University of California, San Diego",university-of-california-san-diego,La Jolla,CA,NCAA_D1,,cmrxrduyd0005qtx0u3n2kvu5,NCAA_D1,,https://ucsdtritons.com/sports/baseball,ucsdtritons.com,california san diego,true,true,true,0,0,0,0,0,0,0,0,NEEDS_REVIEW,NEEDS_REVIEW,2026-07-23T17:01:53.269Z,2026-07-23T19:55:51.051Z
cmrxrduq20000qtx012s2s5yk,"University of California, Santa Barbara",university-of-california-santa-barbara,Santa Barbara,CA,NCAA_D1,,cmrxrduq30001qtx0txnjqhcr,NCAA_D1,,https://ucsbgauchos.com/sports/baseball,ucsbgauchos.com,california santa barbara,true,true,true,0,0,0,0,0,0,0,0,NEEDS_REVIEW,NEEDS_REVIEW,2026-07-23T17:01:52.966Z,2026-07-23T19:55:51.161Z
cmovorydb00p6qt7gfhgt906u,"University of California, Santa Cruz",university-of-california-santa-cruz,,CA,,,cmovorye000p8qt7g9wm173r5,NCAA_D3,Coast-To-Coast Athletic Conference,https://www.goslugs.com/,goslugs.com,california santa cruz,false,false,true,0,0,0,0,0,0,0,0,NEEDS_REVIEW,NEEDS_REVIEW,2026-05-07T16:14:12.672Z,2026-05-07T16:14:12.672Z
cmou69282009iqt1gxj2iub11,University of Central Arkansas,university-of-central-arkansas,Conway,AR,,,cmou6928r009kqt1gue4f9xf1,NCAA_D1,,https://ucasports.com/sports/baseball,ucasports.com,central arkansas,false,true,true,4,0,0,0,0,0,0,0,NEEDS_REVIEW,NEEDS_REVIEW,2026-05-06T14:47:51.938Z,2026-07-23T19:46:10.545Z
cmovoryeq00p9qt7g282zwgyx,University of Chicago,university-of-chicago,,IL,,,cmovoryfg00pbqt7gdq5je096,NCAA_D3,University Athletic Association,https://athletics.uchicago.edu/landing/index,athletics.uchicago.edu,chicago,false,false,true,0,0,0,0,0,0,0,0,NEEDS_REVIEW,NEEDS_REVIEW,2026-05-07T16:14:12.722Z,2026-05-07T16:14:12.722Z
cmosun02f004lqtlg6en5evwj,University of Cincinnati,university-of-cincinnati,Cincinnati,OH,,,cmosun032004nqtlg3uum11pe,NCAA_D1,,https://gobearcats.com/sports/baseball,gobearcats.com,cincinnati,false,true,true,4,0,0,0,0,0,0,0,NEEDS_REVIEW,NEEDS_REVIEW,2026-05-05T16:35:00.760Z,2026-07-23T19:46:12.577Z
cmosun0fb005fqtlg6yhcnwdm,University of Colorado Boulder,university-of-colorado-boulder,Boulder,CO,,,,,,,colorado.edu,colorado boulder,false,false,false,0,0,0,0,0,0,0,0,NEEDS_REVIEW,,2026-05-05T16:35:01.223Z,2026-05-06T17:26:09.596Z
cmou6ba1700acqtict3598yzg,University of Connecticut,university-of-connecticut,Storrs,CT,,,cmou6ba1v00aeqticcud1v7g6,NCAA_D1,,https://uconnhuskies.com/sports/baseball,uconnhuskies.com,connecticut,false,true,true,4,0,0,0,0,0,0,0,NEEDS_REVIEW,NEEDS_REVIEW,2026-05-06T14:49:35.372Z,2026-07-23T19:46:13.541Z
cmox23aq600cxqtfkyjhp3w70,University of Connecticut at Avery Point,university-of-connecticut-at-avery-point,,CT,,,cmox23aqv00czqtfka9drpcx8,NJCAA_D2,Region 21,https://njcaastats.prestosports.com/sports/bsb/2024-25/div2/teams/universityofconnecticutataverypoint,njcaastats.prestosports.com,connecticut avery point,false,false,true,0,0,0,0,0,0,0,0,NEEDS_REVIEW,NEEDS_REVIEW,2026-05-08T15:14:43.087Z,2026-05-08T15:14:43.087Z
cmovoryg800pcqt7gz5j3vr2e,University of Dallas,university-of-dallas,,TX,,,cmovorygy00peqt7g0nvdh750,NCAA_D3,Southern Collegiate Athletic Conference,https://www.udallasathletics.com,udallasathletics.com,dallas,false,false,true,0,0,0,0,0,0,0,0,NEEDS_REVIEW,NEEDS_REVIEW,2026-05-07T16:14:12.776Z,2026-05-07T16:14:12.776Z
cmou65q73008iqt1o6zbgwgae,University of Dayton,university-of-dayton,Dayton,OH,,,cmou65q7u008kqt1ooxam21og,NCAA_D1,,https://daytonflyers.com/sports/baseball,daytonflyers.com,dayton,false,true,true,4,0,0,0,0,0,0,0,NEEDS_REVIEW,NEEDS_REVIEW,2026-05-06T14:45:16.382Z,2026-07-23T19:46:11.424Z
cmrxrdw900016qtx0r0fuipbh,University of Delaware,university-of-delaware,Newark,DE,NCAA_D1,,cmrxrdw900017qtx0ewpnxj0f,NCAA_D1,,https://bluehens.com/sports/baseball,bluehens.com,delaware,true,true,true,0,0,0,0,0,0,0,0,NEEDS_REVIEW,NEEDS_REVIEW,2026-07-23T17:01:54.949Z,2026-07-23T19:55:51.274Z
cmovoryhq00pfqt7gy3uj0x9o,University of Dubuque,university-of-dubuque,,IA,,,cmovoryig00phqt7g26yfxwxs,NCAA_D3,American Rivers Conference,https://www.dbq.edu/Athletics/,dbq.edu,dubuque,false,false,true,0,0,0,0,0,0,0,0,NEEDS_REVIEW,NEEDS_REVIEW,2026-05-07T16:14:12.830Z,2026-05-29T16:24:18.000Z
cmou7wkb700h6qt5s0alseljc,University of Evansville,university-of-evansville,Evansville,IN,,,cmou7wkbx00h8qt5sokuzgsz0,NCAA_D1,Missouri Valley,https://gopurpleaces.com/sports/baseball,gopurpleaces.com,evansville,false,true,true,4,0,0,0,0,0,0,0,NEEDS_REVIEW,UNVERIFIED,2026-05-06T15:34:08.083Z,2026-05-06T17:26:16.632Z
cmosp9qf2001lqtyghnsfqgxe,University of Florida,university-of-florida,Gainesville,FL,,,cmosp9qfq001nqtygmt8vlvxj,NCAA_D1,SEC,https://floridagators.com/sports/baseball,floridagators.com,florida,false,true,true,4,0,0,0,0,0,0,0,NEEDS_REVIEW,UNVERIFIED,2026-05-05T14:04:43.646Z,2026-05-06T17:26:07.103Z
cmorirv7r0016qtm0u7tt6h9b,University of Georgia,university-of-georgia,Athens,GA,,,cmorirv8g0018qtm0yypjywu7,NCAA_D1,SEC,https://georgiadogs.com/sports/baseball,georgiadogs.com,georgia,false,true,true,4,0,0,0,0,0,0,0,NEEDS_REVIEW,UNVERIFIED,2026-05-04T18:15:06.183Z,2026-05-06T17:26:07.177Z
cmovoryj700piqt7gnv1snat4,University of Hartford,university-of-hartford,,CT,,,cmovoryjx00pkqt7g3d4pd9ib,NCAA_D3,Conference of New England,https://hartfordhawks.com,hartfordhawks.com,hartford,false,false,true,0,0,0,0,0,0,0,0,NEEDS_REVIEW,NEEDS_REVIEW,2026-05-07T16:14:12.884Z,2026-05-07T16:14:12.884Z
cmrxrdvd1000gqtx02c298jt4,University of Hawaii at Manoa,university-of-hawaii-at-manoa,Honolulu,HI,NCAA_D1,,cmrxrdvd1000hqtx0ujdpix6y,NCAA_D1,,https://hawaiiathletics.com/sports/baseball,hawaiiathletics.com,hawaii manoa,true,true,true,0,0,0,0,0,0,0,0,NEEDS_REVIEW,NEEDS_REVIEW,2026-07-23T17:01:53.797Z,2026-07-23T19:55:51.389Z
cmosun03o004oqtlgjeqvedtg,University of Houston,university-of-houston,Houston,TX,,,cmosun04b004qqtlg5tbn4tad,NCAA_D1,,https://uhcougars.com/sports/baseball,uhcougars.com,houston,false,true,true,4,0,0,0,0,0,0,0,NEEDS_REVIEW,NEEDS_REVIEW,2026-05-05T16:35:00.805Z,2026-07-23T19:46:12.680Z
cmoss3uby002oqtao54kmml5m,University of Illinois,university-of-illinois,Champaign,IL,,,cmoss3ucp002qqtaoodp62vry,NCAA_D1,,https://fightingillini.com/sports/baseball,fightingillini.com,illinois,false,true,true,4,0,0,0,0,0,0,0,NEEDS_REVIEW,NEEDS_REVIEW,2026-05-05T15:24:07.631Z,2026-07-23T19:46:15.309Z
cmou7wkcm00h9qt5s8asylqbg,University of Illinois Chicago,university-of-illinois-chicago,Chicago,IL,,,cmou7wkdb00hbqt5sq7ok85hd,NCAA_D1,Missouri Valley,https://uicflames.com/sports/baseball,uicflames.com,illinois chicago,false,true,true,3,0,0,0,0,0,0,0,NEEDS_REVIEW,UNVERIFIED,2026-05-06T15:34:08.134Z,2026-05-06T17:26:16.686Z
cmoss3uew002uqtao33d0b37y,University of Iowa,university-of-iowa,Iowa City,IA,,,cmoss3ufl002wqtaoqkam7j3s,NCAA_D1,,https://hawkeyesports.com/sports/baseball,hawkeyesports.com,iowa,false,true,true,4,0,0,0,0,0,0,0,NEEDS_REVIEW,NEEDS_REVIEW,2026-05-05T15:24:07.736Z,2026-07-23T19:46:15.399Z
cmosun04x004rqtlgmuopyesz,University of Kansas,university-of-kansas,Lawrence,KS,,,cmosun05l004tqtlgtp5puhg6,NCAA_D1,,https://kuathletics.com/sports/baseball,kuathletics.com,kansas,false,true,true,4,0,0,0,0,0,0,0,NEEDS_REVIEW,NEEDS_REVIEW,2026-05-05T16:35:00.849Z,2026-07-23T19:46:12.767Z
cmosp9qho001rqtyg0963f2ul,University of Kentucky,university-of-kentucky,Lexington,KY,,,cmosp9qib001tqtygp6ddtgbs,NCAA_D1,SEC,https://ukathletics.com/sports/baseball,ukathletics.com,kentucky,false,true,true,4,0,0,0,0,0,0,0,NEEDS_REVIEW,UNVERIFIED,2026-05-05T14:04:43.740Z,2026-05-06T17:26:07.230Z
cmovorykp00plqt7gqrijirdr,University of La Verne,university-of-la-verne,,CA,,,cmovorylh00pnqt7gwll11aqo,NCAA_D3,Southern California Intercollegiate Athletic Conf.,https://www.leopardathletics.com,leopardathletics.com,la verne,false,false,true,0,0,0,0,0,0,0,0,NEEDS_REVIEW,NEEDS_REVIEW,2026-05-07T16:14:12.937Z,2026-05-07T16:14:12.937Z
cmou3bzp7006oqtvos9t9rqg2,University of Louisiana Monroe,university-of-louisiana-monroe,Monroe,LA,,,cmou3bzpy006qqtvoaa8o1moc,NCAA_D1,Sun Belt,https://ulmwarhawks.com/sports/baseball,ulmwarhawks.com,louisiana monroe,false,true,true,4,0,0,0,0,0,0,0,NEEDS_REVIEW,UNVERIFIED,2026-05-06T13:26:09.788Z,2026-05-06T17:26:20.480Z
cmou3bzf30063qtvo9lhvxev8,University of Louisiana at Lafayette,university-of-louisiana-at-lafayette,Lafayette,LA,,,cmou3bzfu0065qtvodm01sdij,NCAA_D1,Sun Belt,https://ragincajuns.com/sports/baseball,ragincajuns.com,louisiana lafayette,false,true,true,4,0,0,0,0,0,0,0,NEEDS_REVIEW,UNVERIFIED,2026-05-06T13:26:09.423Z,2026-05-06T17:26:20.192Z
cmosownru000iqtuo4o7sl6mq,University of Louisville,university-of-louisville,Louisville,KY,,,cmosownsl000kqtuo6bkrgo88,NCAA_D1,,https://gocards.com/sports/baseball,gocards.com,louisville,false,true,true,4,0,0,0,0,0,0,0,NEEDS_REVIEW,NEEDS_REVIEW,2026-05-05T13:54:33.690Z,2026-07-23T19:46:08.708Z
cmovorym800poqt7g78ia0o4y,University of Lynchburg,university-of-lynchburg,,VA,,,cmovorymz00pqqt7gmxqndfdt,NCAA_D3,Old Dominion Athletic Conf.,https://www.lynchburgsports.com/landing/index,lynchburgsports.com,lynchburg,false,false,true,0,0,0,0,0,0,0,0,NEEDS_REVIEW,NEEDS_REVIEW,2026-05-07T16:14:12.993Z,2026-05-07T16:14:12.993Z
cmrxrdvhu000kqtx0gujfqrs7,University of Maine,university-of-maine,Orono,ME,NCAA_D1,,cmrxrdvhu000lqtx0973fnlz5,NCAA_D1,,https://goblackbears.com/sports/baseball,goblackbears.com,maine,true,true,true,0,0,0,0,0,0,0,0,NEEDS_REVIEW,NEEDS_REVIEW,2026-07-23T17:01:53.970Z,2026-07-23T19:55:51.495Z
cmovorynp00prqt7gg8fqar0u,University of Maine at Presque Isle,university-of-maine-at-presque-isle,,ME,,,cmovoryoe00ptqt7g47a95cnl,NCAA_D3,North Atlantic Conference,https://owls.umpi.edu/landing/index,owls.umpi.edu,maine presque isle,false,false,true,0,0,0,0,0,0,0,0,NEEDS_REVIEW,NEEDS_REVIEW,2026-05-07T16:14:13.045Z,2026-05-07T16:14:13.045Z
cmovoryp700puqt7ga0pecw84,"University of Maine, Farmington",university-of-maine-farmington,,ME,,,cmovorypy00pwqt7ghptgzmbp,NCAA_D3,North Atlantic Conference,https://www.goUMFbeavers.com,goumfbeavers.com,maine farmington,false,false,true,0,0,0,0,0,0,0,0,NEEDS_REVIEW,NEEDS_REVIEW,2026-05-07T16:14:13.099Z,2026-05-07T16:14:13.099Z
cmovoryqo00pxqt7gfzt3cug3,University of Mary Hardin-Baylor,university-of-mary-hardin-baylor,,TX,,,cmovoryre00pzqt7g6midrd5g,NCAA_D3,American Southwest Conference,https://www.umhb.edu/athletics,umhb.edu,mary hardin baylor,false,false,true,0,0,0,0,0,0,0,0,NEEDS_REVIEW,NEEDS_REVIEW,2026-05-07T16:14:13.152Z,2026-05-29T16:24:18.469Z
cmovorys400q0qt7g3mcw8v2h,University of Mary Washington,university-of-mary-washington,,VA,,,cmovoryss00q2qt7gzb3dsnmz,NCAA_D3,Coast-To-Coast Athletic Conference,https://www.umweagles.com,umweagles.com,mary washington,false,false,true,0,0,0,0,0,0,0,0,NEEDS_REVIEW,NEEDS_REVIEW,2026-05-07T16:14:13.204Z,2026-05-07T16:14:13.204Z
cmoss3uga002xqtaoeu7linqc,University of Maryland,university-of-maryland,College Park,MD,,,cmoss3ugz002zqtao0glr6o9h,NCAA_D1,,https://umterps.com/sports/baseball,umterps.com,maryland,false,true,true,4,0,0,0,0,0,0,0,NEEDS_REVIEW,NEEDS_REVIEW,2026-05-05T15:24:07.786Z,2026-07-23T19:46:15.486Z
cmou7v14r00grqtfgqko66ld4,University of Maryland Eastern Shore,university-of-maryland-eastern-shore,Princess Anne,MD,,,cmou7v15f00gtqtfghnimbfbt,NCAA_D1,MEAC,https://umeshawksports.com/sports/baseball,umeshawksports.com,maryland eastern shore,false,true,true,3,0,0,0,0,0,0,0,NEEDS_REVIEW,UNVERIFIED,2026-05-06T15:32:56.571Z,2026-05-06T17:26:16.381Z
cmrxrdvz1000yqtx0u8if793l,"University of Maryland, Baltimore County",university-of-maryland-baltimore-county,Baltimore,MD,NCAA_D1,,cmrxrdvz1000zqtx0yzrzqat7,NCAA_D1,,https://umbcretrievers.com/sports/baseball,umbcretrievers.com,maryland baltimore county,true,true,true,0,0,0,0,0,0,0,0,NEEDS_REVIEW,NEEDS_REVIEW,2026-07-23T17:01:54.589Z,2026-07-23T19:55:51.602Z
cmou65qcx008uqt1ofivi6ige,University of Massachusetts Amherst,university-of-massachusetts-amherst,Amherst,MA,,,cmou65qdo008wqt1opj95aftn,NCAA_D1,MAC,https://umassathletics.com/sports/baseball,umassathletics.com,massachusetts amherst,false,true,true,3,0,0,0,0,0,0,0,NEEDS_REVIEW,UNVERIFIED,2026-05-06T14:45:16.593Z,2026-05-06T17:26:16.019Z
cmovoryti00q3qt7gbfimy7pd,University of Massachusetts Boston,university-of-massachusetts-boston,,MA,,,cmovoryu700q5qt7g8v9qk0eq,NCAA_D3,Little East Conference,https://www.beaconsathletics.com,beaconsathletics.com,massachusetts boston,false,false,true,0,0,0,0,0,0,0,0,NEEDS_REVIEW,NEEDS_REVIEW,2026-05-07T16:14:13.254Z,2026-05-07T16:14:13.254Z
cmrxrdw1m0010qtx0bwgx0h84,University of Massachusetts Lowell,university-of-massachusetts-lowell,Lowell,MA,NCAA_D1,,cmrxrdw1m0011qtx0h775gxd1,NCAA_D1,,https://goriverhawks.com/sports/baseball,goriverhawks.com,massachusetts lowell,true,true,true,0,0,0,0,0,0,0,0,NEEDS_REVIEW,NEEDS_REVIEW,2026-07-23T17:01:54.683Z,2026-07-23T19:55:51.710Z
cmovoryux00q6qt7gmc9p0lvn,"University of Massachusetts, Dartmouth",university-of-massachusetts-dartmouth,,MA,,,cmovoryvl00q8qt7g6u0o2z1v,NCAA_D3,Little East Conference,https://www.corsairathletics.com,corsairathletics.com,massachusetts dartmouth,false,false,true,0,0,0,0,0,0,0,0,NEEDS_REVIEW,NEEDS_REVIEW,2026-05-07T16:14:13.305Z,2026-05-07T16:14:13.305Z
cmou57ece007uqtdws2374kvt,University of Memphis,university-of-memphis,Memphis,TN,,,cmou57ed3007wqtdwo9u0rnod,NCAA_D1,,https://gotigersgo.com/sports/baseball,gotigersgo.com,memphis,false,true,true,4,0,0,0,0,0,0,0,NEEDS_REVIEW,NEEDS_REVIEW,2026-05-06T14:18:34.718Z,2026-07-23T19:46:06.751Z
cmosowntd000lqtuoyvr4xd0q,University of Miami,university-of-miami,Coral Gables,FL,,,cmosownu4000nqtuowsumxl0o,NCAA_D1,,https://miamihurricanes.com/sports/baseball,miamihurricanes.com,miami,false,true,true,4,0,0,0,0,0,0,0,NEEDS_REVIEW,NEEDS_REVIEW,2026-05-05T13:54:33.745Z,2026-07-23T19:46:08.839Z
cmoss3uhm0030qtaobbllk1g1,University of Michigan,university-of-michigan,Ann Arbor,MI,,,cmoss3uib0032qtaobpuy0tpv,NCAA_D1,,https://mgoblue.com/sports/2017/6/28/baseball-coaches,mgoblue.com,michigan,false,true,true,4,0,0,0,0,0,0,0,NEEDS_REVIEW,NEEDS_REVIEW,2026-05-05T15:24:07.834Z,2026-07-23T19:46:15.575Z
cmoss3ukd0036qtao5inxhdyw,University of Minnesota,university-of-minnesota,Minneapolis,MN,,,cmoss3ul10038qtao9tzgk83e,NCAA_D1,,https://gophersports.com/sports/baseball,gophersports.com,minnesota,false,true,true,4,0,0,0,0,0,0,0,NEEDS_REVIEW,NEEDS_REVIEW,2026-05-05T15:24:07.933Z,2026-07-23T19:46:15.663Z
cmovorywb00q9qt7gd5kpttoy,"University of Minnesota, Morris",university-of-minnesota-morris,,MN,,,cmovoryx100qbqt7g9ya5afk9,NCAA_D3,Upper Midwest Athletic Conference,https://www.morriscougars.com,morriscougars.com,minnesota morris,false,false,true,0,0,0,0,0,0,0,0,NEEDS_REVIEW,NEEDS_REVIEW,2026-05-07T16:14:13.356Z,2026-05-07T16:14:13.356Z
cmosp9qk8001xqtygdf9x52ry,University of Mississippi,university-of-mississippi,Oxford,MS,,,cmosp9qkw001zqtygt4z58ipw,NCAA_D1,SEC,https://olemisssports.com/sports/baseball,olemisssports.com,mississippi,false,true,true,4,0,0,0,0,0,0,0,NEEDS_REVIEW,UNVERIFIED,2026-05-05T14:04:43.833Z,2026-05-06T17:26:07.354Z
cmosp9qmw0023qtygkzxzqlg0,University of Missouri,university-of-missouri,Columbia,MO,,,cmosp9qo10025qtyg45ywi4vo,NCAA_D1,SEC,https://mutigers.com/sports/baseball,mutigers.com,missouri,false,true,true,5,0,0,0,0,0,0,0,NEEDS_REVIEW,UNVERIFIED,2026-05-05T14:04:43.929Z,2026-05-06T17:26:07.458Z
cmovoryxr00qcqt7g9j1oq8b5,University of Mount Saint Vincent,university-of-mount-saint-vincent,,NY,,,cmovoryyg00qeqt7gys33nqdx,NCAA_D3,Skyline Conference,https://umsvathletics.com/,umsvathletics.com,mount saint vincent,false,false,true,0,0,0,0,0,0,0,0,NEEDS_REVIEW,NEEDS_REVIEW,2026-05-07T16:14:13.407Z,2026-05-07T16:14:13.407Z
cmovoryz500qfqt7g81q67yhb,University of Mount Union,university-of-mount-union,,OH,,,cmovoryzu00qhqt7gmshzzve0,NCAA_D3,Ohio Athletic Conference,https://athletics.mountunion.edu,athletics.mountunion.edu,mount union,false,false,true,0,0,0,0,0,0,0,0,NEEDS_REVIEW,NEEDS_REVIEW,2026-05-07T16:14:13.457Z,2026-05-07T16:14:13.457Z
cmoss3ulp0039qtaosklsgdir,University of Nebraska,university-of-nebraska,Lincoln,NE,,,cmoss3ume003bqtaosl7ef19d,NCAA_D1,,https://huskers.com/sports/baseball,huskers.com,nebraska,false,true,true,4,0,0,0,0,0,0,0,NEEDS_REVIEW,NEEDS_REVIEW,2026-05-05T15:24:07.982Z,2026-07-23T19:46:15.753Z
cmrxrdwe2001aqtx05nvcgm7m,University of Nebraska Omaha,university-of-nebraska-omaha,Omaha,NE,NCAA_D1,,cmrxrdwe3001bqtx0wvam2rmc,NCAA_D1,,https://omavs.com/sports/baseball,omavs.com,nebraska omaha,true,true,true,0,0,0,0,0,0,0,0,NEEDS_REVIEW,NEEDS_REVIEW,2026-07-23T17:01:55.131Z,2026-07-23T19:55:51.819Z
cmou7y6mp00i3qtoc5mm3t20o,University of Nevada Las Vegas,university-of-nevada-las-vegas,Las Vegas,NV,,,cmou7y6nf00i5qtoctswm2lrk,NCAA_D1,Mountain West,https://unlvrebels.com/sports/baseball,unlvrebels.com,nevada las vegas,false,true,true,3,0,0,0,0,0,0,0,NEEDS_REVIEW,UNVERIFIED,2026-05-06T15:35:23.665Z,2026-05-06T17:26:17.234Z
cmou7y6o400i6qtocedeswv8d,University of Nevada Reno,university-of-nevada-reno,Reno,NV,,,cmou7y6ov00i8qtoc0x1u0gup,NCAA_D1,Mountain West,https://nevadawolfpack.com/sports/baseball,nevadawolfpack.com,nevada reno,false,true,true,4,0,0,0,0,0,0,0,NEEDS_REVIEW,UNVERIFIED,2026-05-06T15:35:23.716Z,2026-05-06T17:26:17.285Z
cmovorz0j00qiqt7gwfqzh5oi,University of New England,university-of-new-england,,ME,,,cmovorz1800qkqt7gpk2bux2h,NCAA_D3,Conference of New England,https://athletics.une.edu,athletics.une.edu,new england,false,false,true,0,0,0,0,0,0,0,0,NEEDS_REVIEW,NEEDS_REVIEW,2026-05-07T16:14:13.508Z,2026-05-07T16:14:13.508Z
cmrxrdx57001wqtx0mcgkvth1,University of New Haven,university-of-new-haven,West Haven,CT,NCAA_D1,,cmrxrdx57001xqtx0ghdsnofv,NCAA_D1,,https://newhavenchargers.com/sports/baseball,newhavenchargers.com,new haven,true,true,true,0,0,0,0,0,0,0,0,NEEDS_REVIEW,NEEDS_REVIEW,2026-07-23T17:01:56.107Z,2026-07-23T19:55:51.934Z
cmou7y6pk00i9qtoc6no7wm9t,University of New Mexico,university-of-new-mexico,Albuquerque,NM,,,cmou7y6q900ibqtocgzh3fww5,NCAA_D1,Mountain West,https://golobos.com/sports/baseball,golobos.com,new mexico,false,true,true,4,0,0,0,0,0,0,0,NEEDS_REVIEW,UNVERIFIED,2026-05-06T15:35:23.768Z,2026-05-06T17:26:17.335Z
cmou87s9700m0qt8obe825qvw,University of New Orleans,university-of-new-orleans,New Orleans,LA,,,cmou87s9y00m2qt8o4rzp43p6,NCAA_D1,Southland,https://unoprivateers.com/sports/baseball,unoprivateers.com,new orleans,false,true,true,4,0,0,0,0,0,0,0,NEEDS_REVIEW,UNVERIFIED,2026-05-06T15:42:51.595Z,2026-05-06T17:26:19.589Z
cmou692dm009uqt1gk17ovy4y,University of North Alabama,university-of-north-alabama,Florence,AL,,,cmou692eh009wqt1gg1l67qtd,NCAA_D1,,https://roarlions.com/sports/baseball,roarlions.com,north alabama,false,true,true,4,0,0,0,0,0,0,0,NEEDS_REVIEW,NEEDS_REVIEW,2026-05-06T14:47:52.138Z,2026-07-23T19:46:10.635Z
cmorihv4u000fqth8xhav3tg9,University of North Carolina at Chapel Hill,university-of-north-carolina-at-chapel-hill,Chapel Hill,NC,,,cmorihv5i000hqth8642hp9ga,NCAA_D1,,https://goheels.com/sports/baseball,goheels.com,north carolina chapel hill,false,true,true,4,0,0,0,0,0,0,0,NEEDS_REVIEW,NEEDS_REVIEW,2026-05-04T18:07:19.518Z,2026-07-23T19:46:08.977Z
cmou57e7n007lqtdw6grlj0yo,University of North Carolina at Charlotte,university-of-north-carolina-at-charlotte,Charlotte,NC,,,cmou57e8c007nqtdwb5t9ewz1,NCAA_D1,,https://charlotte49ers.com/sports/baseball,charlotte49ers.com,north carolina charlotte,false,true,true,3,0,1,0,0,0,0,0,NEEDS_REVIEW,NEEDS_REVIEW,2026-05-06T14:18:34.547Z,2026-07-23T19:46:06.839Z
cmou869wi00l6qtjk6ypp1qk6,University of North Carolina at Greensboro,university-of-north-carolina-at-greensboro,Greensboro,NC,,,cmou869xa00l8qtjkn3v1meqz,NCAA_D1,SoCon,https://uncgspartans.com/sports/baseball,uncgspartans.com,north carolina greensboro,false,true,true,4,0,0,0,0,0,0,0,NEEDS_REVIEW,UNVERIFIED,2026-05-06T15:41:41.154Z,2026-05-06T17:26:19.089Z
cmou692f9009xqt1gxdgwjsm8,University of North Florida,university-of-north-florida,Jacksonville,FL,,,cmou692fz009zqt1goeu3cfla,NCAA_D1,,https://unfospreys.com/sports/baseball,unfospreys.com,north florida,false,true,true,4,0,0,0,0,0,0,0,NEEDS_REVIEW,NEEDS_REVIEW,2026-05-06T14:47:52.197Z,2026-07-23T19:46:10.720Z
cmrxrdx0d001sqtx0fsejcz96,University of Northern Colorado,university-of-northern-colorado,Greeley,CO,NCAA_D1,,cmrxrdx0d001tqtx0klndcy97,NCAA_D1,,https://uncbears.com/sports/baseball,uncbears.com,northern colorado,true,true,true,0,0,0,0,0,0,0,0,NEEDS_REVIEW,NEEDS_REVIEW,2026-07-23T17:01:55.934Z,2026-07-23T19:55:52.044Z
cmou7wkjz00hoqt5slulm7vp1,University of Northern Iowa,university-of-northern-iowa,Cedar Falls,IA,,,,,,,uni.edu,northern iowa,false,false,false,0,0,0,0,0,0,0,0,NEEDS_REVIEW,,2026-05-06T15:34:08.399Z,2026-05-06T17:26:16.930Z
cmovorz1x00qlqt7gj1rmn3wo,University of Northwestern-St. Paul,university-of-northwestern-st-paul,,MN,,,cmovorz2m00qnqt7gl9r4b1oi,NCAA_D3,Upper Midwest Athletic Conference,https://unweagles.com,unweagles.com,northwestern saint paul,false,false,true,0,0,0,0,0,0,0,0,NEEDS_REVIEW,NEEDS_REVIEW,2026-05-07T16:14:13.557Z,2026-05-07T16:14:13.557Z
cmosownxt000uqtuozt3yykq9,University of Notre Dame,university-of-notre-dame,Notre Dame,IN,,,cmosownyi000wqtuo71ef7lg9,NCAA_D1,,https://fightingirish.com/sports/baseball,fightingirish.com,notre dame,false,true,true,4,0,0,0,0,0,0,0,NEEDS_REVIEW,NEEDS_REVIEW,2026-05-05T13:54:33.906Z,2026-07-23T19:46:09.065Z
cmosp9qpg0026qtygji5bwcu3,University of Oklahoma,university-of-oklahoma,Norman,OK,,,cmosp9qq40028qtygnw3o8bf6,NCAA_D1,SEC,https://soonersports.com/sports/baseball,soonersports.com,oklahoma,false,true,true,3,0,0,0,0,0,0,0,NEEDS_REVIEW,UNVERIFIED,2026-05-05T14:04:44.021Z,2026-05-06T17:26:07.511Z
cmossumsw0043qtpgqq3re2qg,University of Oregon,university-of-oregon,Eugene,OR,,,cmossumtm0045qtpg75518v32,NCAA_D1,,https://goducks.com/sports/baseball,goducks.com,oregon,false,true,true,4,0,0,0,0,0,0,0,NEEDS_REVIEW,NEEDS_REVIEW,2026-05-05T15:44:57.584Z,2026-07-23T19:46:15.843Z
cmou7ektw00eiqtx8aqk8pgdt,University of Pennsylvania,university-of-pennsylvania,Philadelphia,PA,,,cmou7ekum00ekqtx8zgid0z1w,NCAA_D1,Ivy League,https://pennathletics.com/sports/baseball,pennathletics.com,pennsylvania,false,true,true,4,0,0,0,0,0,0,0,NEEDS_REVIEW,NEEDS_REVIEW,2026-05-06T15:20:08.948Z,2026-05-29T16:24:13.250Z
cmosownzc000xqtuoxng8rral,University of Pittsburgh,university-of-pittsburgh,Pittsburgh,PA,,,cmosowo02000zqtuorrxcus33,NCAA_D1,,https://pittsburghpanthers.com/sports/baseball,pittsburghpanthers.com,pittsburgh,false,true,true,3,0,0,0,0,0,0,0,NEEDS_REVIEW,NEEDS_REVIEW,2026-05-05T13:54:33.960Z,2026-07-23T19:46:09.218Z
cmovorz3i00qoqt7ghg1tnbu2,"University of Pittsburgh, Bradford",university-of-pittsburgh-bradford,,PA,,,cmovorz4800qqqt7gg3bp1hfp,NCAA_D3,Allegheny Mountain Collegiate Conference,https://athletics.pittbradford.org/landing/index,athletics.pittbradford.org,pittsburgh bradford,false,false,true,0,0,0,0,0,0,0,0,NEEDS_REVIEW,NEEDS_REVIEW,2026-05-07T16:14:13.614Z,2026-05-29T16:24:17.257Z
cmovorz4z00qrqt7g8ee5eav0,"University of Pittsburgh, Greensburg",university-of-pittsburgh-greensburg,,PA,,,cmovorz5o00qtqt7g3afdeld6,NCAA_D3,Allegheny Mountain Collegiate Conference,https://pittgreensburgathletics.com/,pittgreensburgathletics.com,pittsburgh greensburg,false,false,true,0,0,0,0,0,0,0,0,NEEDS_REVIEW,NEEDS_REVIEW,2026-05-07T16:14:13.667Z,2026-05-29T16:24:17.350Z
cmou8eaal00olqt6ssp9uycb0,University of Portland,university-of-portland,Portland,OR,,,cmou8eab900onqt6sr81s9tjj,NCAA_D1,West Coast Conference,https://portlandpilots.com/sports/baseball,portlandpilots.com,portland,false,true,true,4,0,0,0,0,0,0,0,NEEDS_REVIEW,UNVERIFIED,2026-05-06T15:47:54.909Z,2026-05-06T17:26:21.806Z
cmovorz6f00quqt7gsbvzi3if,University of Puget Sound,university-of-puget-sound,,WA,,,cmovorz7600qwqt7gvbui9gnf,NCAA_D3,Northwest Conference,https://www.loggerathletics.com,loggerathletics.com,puget sound,false,false,true,0,0,0,0,0,0,0,0,NEEDS_REVIEW,NEEDS_REVIEW,2026-05-07T16:14:13.719Z,2026-05-07T16:14:13.719Z
cmovorz7w00qxqt7g5mub8cth,University of Redlands,university-of-redlands,,CA,,,cmovorz8l00qzqt7g1ibjkxwe,NCAA_D3,Southern California Intercollegiate Athletic Conf.,https://www.goredlands.com,goredlands.com,redlands,false,false,true,0,0,0,0,0,0,0,0,NEEDS_REVIEW,NEEDS_REVIEW,2026-05-07T16:14:13.772Z,2026-05-07T16:14:13.772Z
cmou65qee008xqt1o7ljwn00l,University of Rhode Island,university-of-rhode-island,Kingston,RI,,,cmou65qf4008zqt1oaxiecdfx,NCAA_D1,,https://gorhody.com/sports/baseball,gorhody.com,rhode island,false,true,true,4,0,0,0,0,0,0,0,NEEDS_REVIEW,NEEDS_REVIEW,2026-05-06T14:45:16.646Z,2026-07-23T19:46:11.512Z
cmou65qft0090qt1oyy3qt0xa,University of Richmond,university-of-richmond,Richmond,VA,,,cmou65qgi0092qt1ovyrn305w,NCAA_D1,,https://richmondspiders.com/sports/baseball,richmondspiders.com,richmond,false,true,true,4,0,0,0,0,0,0,0,NEEDS_REVIEW,NEEDS_REVIEW,2026-05-06T14:45:16.697Z,2026-07-23T19:46:11.599Z
cmovorz9c00r0qt7g90rq735s,University of Rochester,university-of-rochester,,NY,,,cmovorza100r2qt7graev16ln,NCAA_D3,University Athletic Association,https://www.rochester.edu/athletics,rochester.edu,rochester,false,false,true,0,0,0,0,0,0,0,0,NEEDS_REVIEW,NEEDS_REVIEW,2026-05-07T16:14:13.824Z,2026-05-07T16:14:13.824Z
cmovorzar00r3qt7gjgasvnrx,University of Saint Joseph (Connecticut),university-of-saint-joseph-connecticut,,CT,,,cmovorzbh00r5qt7gd9cn52l5,NCAA_D3,Great Northeast Athletic Conference,https://www.usjbluejays.com,usjbluejays.com,saint joseph connecticut,false,false,true,0,0,0,0,0,0,0,0,NEEDS_REVIEW,NEEDS_REVIEW,2026-05-07T16:14:13.876Z,2026-05-07T16:14:13.876Z
cmou8eade00orqt6s9lh8sk91,University of San Diego,university-of-san-diego,San Diego,CA,,,cmou8eae900otqt6skjewu9yf,NCAA_D1,West Coast Conference,https://usdtoreros.com/sports/baseball,usdtoreros.com,san diego,false,true,true,4,0,0,0,0,0,0,0,NEEDS_REVIEW,UNVERIFIED,2026-05-06T15:47:55.010Z,2026-05-06T17:26:21.925Z
cmou8eaey00ouqt6s4q4bojoc,University of San Francisco,university-of-san-francisco,San Francisco,CA,,,cmou8eafm00owqt6sg2fvjz1g,NCAA_D1,West Coast Conference,https://usfdons.com/sports/baseball,usfdons.com,san francisco,false,true,true,5,0,0,0,0,0,0,0,NEEDS_REVIEW,UNVERIFIED,2026-05-06T15:47:55.066Z,2026-05-06T17:26:21.981Z
cmovorzc800r6qt7gcu2nioza,University of Scranton,university-of-scranton,,PA,,,cmovorzd300r8qt7gt6ovs6i4,NCAA_D3,Landmark Conference,https://athletics.scranton.edu,athletics.scranton.edu,scranton,false,false,true,0,0,0,0,0,0,0,0,NEEDS_REVIEW,NEEDS_REVIEW,2026-05-07T16:14:13.928Z,2026-05-07T16:14:13.928Z
cmou3bzjh006cqtvo0kcr1a9o,University of South Alabama,university-of-south-alabama,Mobile,AL,,,cmou3bzk7006eqtvoq0vt640m,NCAA_D1,Sun Belt,https://usajaguars.com/sports/baseball,usajaguars.com,south alabama,false,true,true,4,0,0,0,0,0,0,0,NEEDS_REVIEW,UNVERIFIED,2026-05-06T13:26:09.582Z,2026-05-06T17:26:20.335Z
cmoeilurm0000qtiga2s54ybq,University of South Carolina,university-of-south-carolina,Columbia,SC,,,cmoeiluu40002qtig2x8132f9,NCAA_D1,SEC,https://gamecocksonline.com/sports/baseball/,gamecocksonline.com,south carolina,false,true,true,6,0,1,0,0,0,0,0,NEEDS_REVIEW,UNVERIFIED,2026-04-25T15:49:25.373Z,2026-05-06T17:26:07.561Z
cmou57eff0080qtdwllt5e1ya,University of South Florida,university-of-south-florida,Tampa,FL,,,cmou57eg60082qtdwkr4v7bz1,NCAA_D1,,https://gousfbulls.com/sports/baseball,gousfbulls.com,south florida,false,true,true,5,0,0,0,0,0,0,0,NEEDS_REVIEW,NEEDS_REVIEW,2026-05-06T14:18:34.827Z,2026-07-23T19:46:06.982Z
cmossumrj0040qtpg5nfsfxij,University of Southern California,university-of-southern-california,Los Angeles,CA,,,cmossums80042qtpg69u7kaqh,NCAA_D1,,https://usctrojans.com/sports/baseball,usctrojans.com,southern california,false,true,true,4,0,0,0,0,0,0,0,NEEDS_REVIEW,NEEDS_REVIEW,2026-05-05T15:44:57.535Z,2026-07-23T19:46:15.930Z
cmou8252500jrqtfovp5vseq1,University of Southern Indiana,university-of-southern-indiana,Evansville,IN,,,cmou8252s00jtqtfo33pxo0o8,NCAA_D1,Ohio Valley,https://usiscreamingeagles.com/sports/baseball,usiscreamingeagles.com,southern indiana,false,true,true,5,0,0,0,0,0,0,0,NEEDS_REVIEW,UNVERIFIED,2026-05-06T15:38:28.253Z,2026-05-06T17:26:18.223Z
cmovorzdu00r9qt7g2t1nrqsw,University of Southern Maine,university-of-southern-maine,,ME,,,cmovorzem00rbqt7gkewx9dsm,NCAA_D3,Little East Conference,https://www.southernmainehuskies.com,southernmainehuskies.com,southern maine,false,false,true,0,0,0,0,0,0,0,0,NEEDS_REVIEW,NEEDS_REVIEW,2026-05-07T16:14:13.986Z,2026-05-07T16:14:13.986Z
cmou3bzky006fqtvotlln2j4q,University of Southern Mississippi,university-of-southern-mississippi,Hattiesburg,MS,,,cmou3bzln006hqtvobpo9krgl,NCAA_D1,Sun Belt,https://southernmiss.com/sports/baseball,southernmiss.com,southern mississippi,false,true,true,5,0,0,0,0,0,0,0,NEEDS_REVIEW,UNVERIFIED,2026-05-06T13:26:09.635Z,2026-05-06T17:26:20.383Z
cmrxrdwxt001qqtx0a2ko0tgd,University of St. Thomas,university-of-st-thomas-minnesota,St. Paul,MN,NCAA_D1,,cmrxrdwxt001rqtx0d6a23mph,NCAA_D1,,https://tommiesports.com/sports/baseball,tommiesports.com,saint thomas,true,true,true,0,0,0,0,0,0,0,0,NEEDS_REVIEW,NEEDS_REVIEW,2026-07-23T17:01:55.842Z,2026-07-23T19:55:52.152Z
cmovorzfk00rcqt7g4rr2fadw,University of St. Thomas (Texas),university-of-st-thomas-texas,,TX,,,cmovorzgc00reqt7gfcw4x57b,NCAA_D3,Southern Collegiate Athletic Conference,https://www.ustcelts.com,ustcelts.com,saint thomas texas,false,false,true,0,0,0,0,0,0,0,0,NEEDS_REVIEW,NEEDS_REVIEW,2026-05-07T16:14:14.048Z,2026-05-07T16:14:14.048Z
cmorirveq001iqtm00tv78mb7,University of Tennessee,university-of-tennessee,Knoxville,TN,,,cmorirvfj001kqtm0id88nle9,NCAA_D1,SEC,https://utsports.com/sports/baseball,utsports.com,tennessee,false,true,true,5,0,0,0,0,0,0,0,NEEDS_REVIEW,UNVERIFIED,2026-05-04T18:15:06.435Z,2026-05-06T17:26:07.614Z
cmou8259h00k6qtfouj8clleo,University of Tennessee at Martin,university-of-tennessee-at-martin,Martin,TN,,,cmou825a600k8qtfoffoh32u6,NCAA_D1,Ohio Valley,https://utmsports.com/sports/baseball,utmsports.com,tennessee martin,false,true,true,4,0,0,0,0,0,0,0,NEEDS_REVIEW,UNVERIFIED,2026-05-06T15:38:28.516Z,2026-05-06T17:26:18.490Z
cmosp9qth002fqtyg9zds0e99,University of Texas,university-of-texas,Austin,TX,,,cmosp9qu7002hqtygj0un0afw,NCAA_D1,SEC,https://texaslonghorns.com/sports/baseball,texaslonghorns.com,texas,false,true,true,4,0,0,0,0,0,0,0,NEEDS_REVIEW,UNVERIFIED,2026-05-05T14:04:44.166Z,2026-05-06T17:26:07.663Z
cmou8ctml00nuqtloo0hli517,University of Texas Arlington,university-of-texas-arlington,Arlington,TX,,,cmou8ctnb00nwqtlox4zfn4op,NCAA_D1,WAC,https://utamavs.com/sports/baseball,utamavs.com,texas arlington,false,true,true,3,0,0,0,0,0,0,0,NEEDS_REVIEW,UNVERIFIED,2026-05-06T15:46:46.653Z,2026-05-06T17:26:21.310Z
cmou8ctl700nrqtlo4ao723bv,University of Texas Rio Grande Valley,university-of-texas-rio-grande-valley,Edinburg,TX,,,cmou8ctlw00ntqtlo9w0luybv,NCAA_D1,WAC,https://goutrgv.com/sports/baseball,goutrgv.com,texas rio grande valley,false,true,true,4,0,0,0,0,0,0,0,NEEDS_REVIEW,UNVERIFIED,2026-05-06T15:46:46.603Z,2026-05-06T17:26:21.261Z
cmovorzh300rfqt7gmsvcadrw,University of Texas at Dallas,university-of-texas-at-dallas,,TX,,,cmovorzht00rhqt7gmeb7ul02,NCAA_D3,Lone Star Conference,https://utdcomets.com,utdcomets.com,texas dallas,false,false,true,0,0,0,0,0,0,0,0,NEEDS_REVIEW,NEEDS_REVIEW,2026-05-07T16:14:14.103Z,2026-05-07T16:14:14.103Z
cmou74gen00diqtbopd0cv1gz,University of Texas at El Paso,university-of-texas-at-el-paso,El Paso,TX,,,,,,,utep.edu,texas el paso,false,false,false,0,0,0,0,0,0,0,0,NEEDS_REVIEW,,2026-05-06T15:12:16.655Z,2026-05-29T16:24:12.036Z
cmou57el20089qtdwofatlmue,University of Texas at San Antonio,university-of-texas-at-san-antonio,San Antonio,TX,,,cmou57elp008bqtdw5g9tglmv,NCAA_D1,,https://goutsa.com/sports/baseball,goutsa.com,texas san antonio,false,true,true,5,0,0,0,0,0,0,0,NEEDS_REVIEW,NEEDS_REVIEW,2026-05-06T14:18:35.030Z,2026-07-23T19:46:07.117Z
cmou7skrx00giqtag4g0n7mer,University of Toledo,university-of-toledo,Toledo,OH,,,cmou7sksm00gkqtag0c0v789p,NCAA_D1,MAC,https://utrockets.com/sports/baseball,utrockets.com,toledo,false,true,true,4,0,0,0,0,0,0,0,NEEDS_REVIEW,UNVERIFIED,2026-05-06T15:31:02.062Z,2026-05-06T17:26:16.229Z
cmosun0cp0059qtlgmyvx6gz3,University of Utah,university-of-utah,Salt Lake City,UT,,,cmosun0dd005bqtlgtpmduubv,NCAA_D1,,https://utahutes.com/sports/baseball,utahutes.com,utah,false,true,true,4,0,0,0,0,0,0,0,NEEDS_REVIEW,NEEDS_REVIEW,2026-05-05T16:35:01.129Z,2026-07-23T19:46:12.854Z
cmovorzlq00roqt7g02lnw2eu,University of Valley Forge,university-of-valley-forge,,PA,,,cmovorzmg00rqqt7g5z0nui9u,NCAA_D3,United East Conference,https://uvfpatriots.com,uvfpatriots.com,valley forge,false,false,true,0,0,0,0,0,0,0,0,NEEDS_REVIEW,NEEDS_REVIEW,2026-05-07T16:14:14.271Z,2026-05-07T16:14:14.271Z
cmorirvj4001rqtm0u610tmnb,University of Virginia,university-of-virginia,Charlottesville,VA,,,cmorirvju001tqtm0jenypf9l,NCAA_D1,,https://virginiasports.com/sports/baseball,virginiasports.com,virginia,false,true,true,5,0,0,0,0,0,0,0,NEEDS_REVIEW,NEEDS_REVIEW,2026-05-04T18:15:06.592Z,2026-07-23T19:46:09.330Z
cmossumua0046qtpg7kokmi2a,University of Washington,university-of-washington,Seattle,WA,,,cmossumuy0048qtpgu11ho5mb,NCAA_D1,,https://gohuskies.com/sports/baseball,gohuskies.com,washington,false,true,true,5,0,0,0,0,0,0,0,NEEDS_REVIEW,NEEDS_REVIEW,2026-05-05T15:44:57.634Z,2026-07-23T19:46:16.019Z
cmou692js00a6qt1g8npxqitj,University of West Georgia,university-of-west-georgia,Carrollton,GA,,,cmou692kj00a8qt1gh5k57wkp,NCAA_D1,,https://uwgathletics.com/sports/baseball,uwgathletics.com,west georgia,false,true,true,3,0,0,0,0,0,0,0,NEEDS_REVIEW,NEEDS_REVIEW,2026-05-06T14:47:52.360Z,2026-07-23T19:46:10.806Z
cmoss3uty003rqtao20hszq6b,University of Wisconsin,wisconsin,Madison,WI,,,,,,,wisc.edu,wisconsin,false,false,false,0,0,0,0,0,0,0,0,NEEDS_REVIEW,,2026-05-05T15:24:08.278Z,2026-05-06T17:26:08.548Z
cmou7aqlg00drqt444d9q0hb5,University of Wisconsin Milwaukee,university-of-wisconsin-milwaukee,Milwaukee,WI,,,cmou7aqm700dtqt44ajyx2t5y,NCAA_D1,Horizon League,https://mkepanthers.com/sports/baseball,mkepanthers.com,wisconsin milwaukee,false,true,true,5,0,0,0,0,0,0,0,NEEDS_REVIEW,NEEDS_REVIEW,2026-05-06T15:17:09.796Z,2026-05-29T16:24:12.412Z
cmovorzn700rrqt7gy7u7yq7z,University of Wisconsin-Eau Claire,university-of-wisconsin-eau-claire,,WI,,,cmovorzny00rtqt7guc1jzsb9,NCAA_D3,Wisconsin Intercollegiate Athletic Conference,https://www.blugolds.com,blugolds.com,wisconsin eau claire,false,false,true,0,0,0,0,0,0,0,0,NEEDS_REVIEW,NEEDS_REVIEW,2026-05-07T16:14:14.323Z,2026-05-07T16:14:14.323Z
cmovorzop00ruqt7gxbgmosgd,University of Wisconsin-La Crosse,university-of-wisconsin-la-crosse,,WI,,,cmovorzpf00rwqt7gk1s5q4vv,NCAA_D3,Wisconsin Intercollegiate Athletic Conference,https://www.uwlathletics.com,uwlathletics.com,wisconsin la crosse,false,false,true,0,0,0,0,0,0,0,0,NEEDS_REVIEW,NEEDS_REVIEW,2026-05-07T16:14:14.378Z,2026-05-07T16:14:14.378Z
cmovorzq700rxqt7gg0is4b07,University of Wisconsin-Oshkosh,university-of-wisconsin-oshkosh,,WI,,,cmovorzqy00rzqt7gpuhu3nh7,NCAA_D3,Wisconsin Intercollegiate Athletic Conference,https://uwoshkoshtitans.com/,uwoshkoshtitans.com,wisconsin oshkosh,false,false,true,0,0,0,0,0,0,0,0,NEEDS_REVIEW,NEEDS_REVIEW,2026-05-07T16:14:14.431Z,2026-05-07T16:14:14.431Z
cmovorzrn00s0qt7guqys92b2,University of Wisconsin-Platteville,university-of-wisconsin-platteville,,WI,,,cmovorzsb00s2qt7gb94u773r,NCAA_D3,Wisconsin Intercollegiate Athletic Conference,https://www.letsgopioneers.com,letsgopioneers.com,wisconsin platteville,false,false,true,0,0,0,0,0,0,0,0,NEEDS_REVIEW,NEEDS_REVIEW,2026-05-07T16:14:14.483Z,2026-05-07T16:14:14.483Z
cmovorzt100s3qt7gm9csmj1v,University of Wisconsin-River Falls,university-of-wisconsin-river-falls,,WI,,,cmovorztp00s5qt7gswewt2hq,NCAA_D3,Wisconsin Intercollegiate Athletic Conference,https://www.uwrfsports.com,uwrfsports.com,wisconsin river falls,false,false,true,0,0,0,0,0,0,0,0,NEEDS_REVIEW,NEEDS_REVIEW,2026-05-07T16:14:14.533Z,2026-05-07T16:14:14.533Z
cmovorzuf00s6qt7g6nnuw7aw,University of Wisconsin-Stevens Point,university-of-wisconsin-stevens-point,,WI,,,cmovorzv500s8qt7gkvcvfmd1,NCAA_D3,Wisconsin Intercollegiate Athletic Conference,https://athletics.uwsp.edu,athletics.uwsp.edu,wisconsin stevens point,false,false,true,0,0,0,0,0,0,0,0,NEEDS_REVIEW,NEEDS_REVIEW,2026-05-07T16:14:14.583Z,2026-05-07T16:14:14.583Z
cmovorzvv00s9qt7gyf1a4f34,University of Wisconsin-Stout,university-of-wisconsin-stout,,WI,,,cmovorzwk00sbqt7gqxacrywi,NCAA_D3,Wisconsin Intercollegiate Athletic Conference,https://stoutbluedevils.com,stoutbluedevils.com,wisconsin stout,false,false,true,0,0,0,0,0,0,0,0,NEEDS_REVIEW,NEEDS_REVIEW,2026-05-07T16:14:14.635Z,2026-05-07T16:14:14.635Z
cmovorzxb00scqt7gmgz1schd,University of Wisconsin-Superior,university-of-wisconsin-superior,,WI,,,cmovorzy200seqt7g77dgqesn,NCAA_D3,Upper Midwest Athletic Conference,https://www.uwsyellowjackets.com,uwsyellowjackets.com,wisconsin superior,false,false,true,0,0,0,0,0,0,0,0,NEEDS_REVIEW,NEEDS_REVIEW,2026-05-07T16:14:14.688Z,2026-05-07T16:14:14.688Z
cmovorzys00sfqt7gurowuj9o,University of Wisconsin-Whitewater,university-of-wisconsin-whitewater,,WI,,,cmovorzzh00shqt7g8j99tg7n,NCAA_D3,Wisconsin Intercollegiate Athletic Conference,https://www.uwwsports.com,uwwsports.com,wisconsin whitewater,false,false,true,0,0,0,0,0,0,0,0,NEEDS_REVIEW,NEEDS_REVIEW,2026-05-07T16:14:14.740Z,2026-05-07T16:14:14.740Z
cmou7y70i00ixqtocvqf5dc9l,University of Wyoming,university-of-wyoming,Laramie,WY,,,,,,,uwyo.edu,wyoming,false,false,false,0,0,0,0,0,0,0,0,NEEDS_REVIEW,,2026-05-06T15:35:24.162Z,2026-05-06T17:26:17.725Z
cmou87s3r00lrqt8ol2e0mlz0,University of the Incarnate Word,university-of-the-incarnate-word,San Antonio,TX,,,cmou87s4q00ltqt8ol7kpdfod,NCAA_D1,Southland,https://uiwcardinals.com/sports/baseball,uiwcardinals.com,incarnate word,false,true,true,3,0,0,0,0,0,0,0,NEEDS_REVIEW,UNVERIFIED,2026-05-06T15:42:51.399Z,2026-05-06T17:26:19.444Z
cmovorzik00riqt7g7d3mpw6l,University of the Ozarks (Arkansas),university-of-the-ozarks-arkansas,,AR,,,cmovorzjc00rkqt7gxfl60h40,NCAA_D3,Southern Collegiate Athletic Conference,https://www.uofoathletics.com/landing/index,uofoathletics.com,ozarks arkansas,false,false,true,0,0,0,0,0,0,0,0,NEEDS_REVIEW,NEEDS_REVIEW,2026-05-07T16:14:14.156Z,2026-05-07T16:14:14.156Z
cmou8eaho00p0qt6sjg4451ea,University of the Pacific,university-of-the-pacific,Stockton,CA,,,cmou8eaid00p2qt6s4lh0kz0w,NCAA_D1,West Coast Conference,https://pacifictigers.com/sports/baseball,pacifictigers.com,pacific,false,true,true,4,0,0,0,0,0,0,0,NEEDS_REVIEW,UNVERIFIED,2026-05-06T15:47:55.164Z,2026-05-06T17:26:22.080Z
cmovorzk400rlqt7g5ka9z03i,University of the South,university-of-the-south,,TN,,,cmovorzkz00rnqt7gu3ovnunj,NCAA_D3,Southern Athletic Association,https://sewaneetigers.com/,sewaneetigers.com,south,false,false,true,0,0,0,0,0,0,0,0,NEEDS_REVIEW,NEEDS_REVIEW,2026-05-07T16:14:14.212Z,2026-05-07T16:14:14.212Z
cmovlhzwg00i6qt20px13br32,Upper Iowa,upper-iowa,Fayette,Iowa,,,cmovlhzx500i8qt20nk7mwfwz,NCAA_D2,GLVC,,,upper iowa,false,false,false,0,0,0,0,0,0,0,0,NEEDS_REVIEW,NEEDS_REVIEW,2026-05-07T14:42:29.248Z,2026-05-07T15:06:34.756Z
cmovos00700siqt7g76rxqhur,Ursinus College,ursinus-college,,PA,,,cmovos00x00skqt7g2riznsvq,NCAA_D3,Centennial Conference,https://www.ursinusathletics.com,ursinusathletics.com,ursinus,false,false,true,0,0,0,0,0,0,0,0,NEEDS_REVIEW,NEEDS_REVIEW,2026-05-07T16:14:14.791Z,2026-05-07T16:14:14.791Z
cmox1gkn200c9qtsgf9pf8wry,Utah State Eastern,utah-state-eastern,,UT,,,cmox1gknq00cbqtsgywmfzwd6,NJCAA_D1,Region 18,https://njcaastats.prestosports.com/sports/bsb/2024-25/div1/teams/utahstateeastern,njcaastats.prestosports.com,utah state eastern,false,false,true,0,0,0,0,0,0,0,0,NEEDS_REVIEW,NEEDS_REVIEW,2026-05-08T14:57:02.846Z,2026-05-08T14:57:02.846Z
cmou3xrmc0079qt5sgo4w6bdl,Utah State University,utah-state-university,Logan,UT,,,,,,,usu.edu,utah state,false,false,false,0,0,0,0,0,0,0,0,NEEDS_REVIEW,,2026-05-06T13:43:05.749Z,2026-05-06T17:26:17.581Z
cmou8cttf00o9qtlojvw16fv0,Utah Tech University,utah-tech-university,St. George,UT,,,cmou8ctup00obqtlocox98axm,NCAA_D1,WAC,https://utahtechtrailblazers.com/sports/baseball,utahtechtrailblazers.com,utah tech,false,true,true,4,0,0,0,0,0,0,0,NEEDS_REVIEW,UNVERIFIED,2026-05-06T15:46:46.899Z,2026-05-06T17:26:21.558Z
cmou8ctqr00o3qtlo8m1mrgsb,Utah Valley University,utah-valley-university,Orem,UT,,,cmou8ctrg00o5qtlotwjluukr,NCAA_D1,WAC,https://gouvu.com/sports/baseball,gouvu.com,utah valley,false,true,true,4,0,0,0,0,0,0,0,NEEDS_REVIEW,UNVERIFIED,2026-05-06T15:46:46.803Z,2026-05-06T17:26:21.458Z
cmovos01m00slqt7gcagjpesr,Utica University,utica-university,,NY,,,cmovos02b00snqt7gui074x2w,NCAA_D3,Empire 8,https://www.uticapioneers.com,uticapioneers.com,utica,false,false,true,0,0,0,0,0,0,0,0,NEEDS_REVIEW,NEEDS_REVIEW,2026-05-07T16:14:14.842Z,2026-05-07T16:14:14.842Z
cmovli06400irqt205wmnl9o0,Valdosta State,valdosta-state,Valdosta,Georgia,,,cmovli06t00itqt20a2pwvi47,NCAA_D2,Gulf South,,,valdosta state,false,false,false,0,0,0,0,0,0,0,0,NEEDS_REVIEW,NEEDS_REVIEW,2026-05-07T14:42:29.597Z,2026-05-07T15:06:35.121Z
cmox06a3v00doqtgcld51s5r9,Valley City State,valley-city-state,,ND,,,cmox06a4l00dqqtgcvoggwqr1,NAIA,North Star Athletic Association,https://naiastats.prestosports.com/sports/bsb/2024-25/teams/valleycitystate,naiastats.prestosports.com,valley city state,false,false,true,0,0,0,0,0,0,0,0,NEEDS_REVIEW,NEEDS_REVIEW,2026-05-08T14:21:03.019Z,2026-05-08T14:21:03.019Z
cmou7wkn100huqt5sh5w0xwo6,Valparaiso University,valparaiso-university,Valparaiso,IN,,,cmou7wknu00hwqt5s4p8s9zzz,NCAA_D1,Missouri Valley,https://valpoathletics.com/sports/baseball,valpoathletics.com,valparaiso,false,true,true,3,0,0,0,0,0,0,0,NEEDS_REVIEW,UNVERIFIED,2026-05-06T15:34:08.510Z,2026-05-06T17:26:17.052Z
cmorirvg7001lqtm0c5s97k3m,Vanderbilt University,vanderbilt-university,Nashville,TN,,,cmorirvgy001nqtm003uf21dj,NCAA_D1,SEC,https://vucommodores.com/sports/baseball,vucommodores.com,vanderbilt,false,true,true,5,0,0,0,0,0,0,0,NEEDS_REVIEW,UNVERIFIED,2026-05-04T18:15:06.488Z,2026-05-06T17:26:07.795Z
cmovli07j00iuqt2070qwaiz2,Vanguard,vanguard,Costa Mesa,California,,,cmovli08800iwqt20xakev54p,NCAA_D2,PacWest,,,vanguard,false,false,false,0,0,0,0,0,0,0,0,NEEDS_REVIEW,NEEDS_REVIEW,2026-05-07T14:42:29.647Z,2026-05-07T15:06:35.176Z
cmovos03000soqt7grrp4h8bq,Vassar College,vassar-college,,NY,,,cmovos03q00sqqt7g7mj6ngty,NCAA_D3,Liberty League,https://www.vassarathletics.com/,vassarathletics.com,vassar,false,false,true,0,0,0,0,0,0,0,0,NEEDS_REVIEW,NEEDS_REVIEW,2026-05-07T16:14:14.892Z,2026-05-07T16:14:14.892Z
cmovos04g00srqt7gzz3fi34o,Vermont State University Castleton,vermont-state-university-castleton,,VT,,,cmovos05600stqt7gfyanso3u,NCAA_D3,Little East Conference,https://www.castletonsports.com/landing/index,castletonsports.com,vermont state castleton,false,false,true,0,0,0,0,0,0,0,0,NEEDS_REVIEW,NEEDS_REVIEW,2026-05-07T16:14:14.944Z,2026-05-07T16:14:14.944Z
cmovos05v00suqt7gsask77tf,Vermont State University Lyndon,vermont-state-university-lyndon,,VT,,,cmovos06o00swqt7gquarjeww,NCAA_D3,North Atlantic Conference,https://www.lyndonhornets.com,lyndonhornets.com,vermont state lyndon,false,false,true,0,0,0,0,0,0,0,0,NEEDS_REVIEW,NEEDS_REVIEW,2026-05-07T16:14:14.996Z,2026-05-07T16:14:14.996Z
cmox1gkog00ccqtsga0ref81z,Vernon College,vernon-college,,TX,,,cmox1gkp300ceqtsg7fr372cu,NJCAA_D1,Region 5,https://njcaastats.prestosports.com/sports/bsb/2024-25/div1/teams/vernoncollege,njcaastats.prestosports.com,vernon,false,false,true,0,0,0,0,0,0,0,0,NEEDS_REVIEW,NEEDS_REVIEW,2026-05-08T14:57:02.896Z,2026-05-08T14:57:02.896Z
cmou6bacb00b0qtickdtwuqln,Villanova University,villanova-university,Villanova,PA,,,cmou6bacz00b2qtic8lqoxe2q,NCAA_D1,,https://villanova.com/sports/baseball,villanova.com,villanova,false,true,true,4,0,0,0,0,0,0,0,NEEDS_REVIEW,NEEDS_REVIEW,2026-05-06T14:49:35.771Z,2026-07-23T19:46:13.632Z
cmox23ark00d0qtfkteanoym0,Vincennes University,vincennes-university,,IN,,,cmox23asa00d2qtfkynicra8i,NJCAA_D2,Region 24,https://njcaastats.prestosports.com/sports/bsb/2024-25/div2/teams/vincennesuniversity,njcaastats.prestosports.com,vincennes,false,false,true,0,0,0,0,0,0,0,0,NEEDS_REVIEW,NEEDS_REVIEW,2026-05-08T15:14:43.136Z,2026-05-08T15:14:43.136Z
cmou65qk50099qt1olu75tu27,Virginia Commonwealth University,virginia-commonwealth-university,Richmond,VA,,,cmou65qkx009bqt1o72evz4o4,NCAA_D1,,https://vcuathletics.com/sports/baseball,vcuathletics.com,virginia commonwealth,false,true,true,4,0,0,0,0,0,0,0,NEEDS_REVIEW,NEEDS_REVIEW,2026-05-06T14:45:16.853Z,2026-07-23T19:46:11.689Z
cmou869zc00lcqtjkf80ewntk,Virginia Military Institute,virginia-military-institute,Lexington,VA,,,cmou86a0000leqtjkppsxjgb6,NCAA_D1,SoCon,https://vmikeydets.com/sports/baseball,vmikeydets.com,virginia military institute,false,true,true,4,0,0,0,0,0,0,0,NEEDS_REVIEW,UNVERIFIED,2026-05-06T15:41:41.256Z,2026-05-06T17:26:19.191Z
cmox2o3tr006uqtbkrhov0y39,Virginia Peninsula Community College,virginia-peninsula-community-college,,VA,,,cmox2o3uj006wqtbkyv26469z,NJCAA_D3,Region 10,https://njcaastats.prestosports.com/sports/bsb/2024-25/div3/teams/virginiapeninsulacc,njcaastats.prestosports.com,virginia peninsula community,false,false,true,0,0,0,0,0,0,0,0,NEEDS_REVIEW,NEEDS_REVIEW,2026-05-08T15:30:53.919Z,2026-05-08T15:30:53.919Z
cmovli08x00ixqt207g9vsoxx,Virginia State,virginia-state,Ettrick,Virginia,,,cmovli09m00izqt20po5l2n7p,NCAA_D2,Independent,,,virginia state,false,false,false,0,0,0,0,0,0,0,0,NEEDS_REVIEW,NEEDS_REVIEW,2026-05-07T14:42:29.697Z,2026-05-07T15:06:35.231Z
cmorirvkj001uqtm0xddfcy1n,Virginia Tech,virginia-tech,Blacksburg,VA,,,cmorirvl8001wqtm0fnifyxse,NCAA_D1,,https://hokiesports.com/sports/baseball,hokiesports.com,virginia tech,false,true,true,4,0,0,0,0,0,0,0,NEEDS_REVIEW,NEEDS_REVIEW,2026-05-04T18:15:06.644Z,2026-07-23T19:46:09.458Z
cmovos07e00sxqt7g1mgh1xx5,Virginia Wesleyan University,virginia-wesleyan-university,,VA,,,cmovos08300szqt7gebz59i1t,NCAA_D3,Old Dominion Athletic Conf.,https://vwuathletics.com,vwuathletics.com,virginia wesleyan,false,false,true,0,0,0,0,0,0,0,0,NEEDS_REVIEW,NEEDS_REVIEW,2026-05-07T16:14:15.050Z,2026-05-07T16:14:15.050Z
cmox06a5900drqtgcpbq8mglc,Viterbo,viterbo,,WI,,,cmox06a5y00dtqtgcmh4agtar,NAIA,Chicagoland Collegiate Athletic Conference,https://naiastats.prestosports.com/sports/bsb/2024-25/teams/viterbo,naiastats.prestosports.com,viterbo,false,false,true,0,0,0,0,0,0,0,0,NEEDS_REVIEW,NEEDS_REVIEW,2026-05-08T14:21:03.069Z,2026-05-08T14:21:03.069Z
cmox1gkpr00cfqtsgwc2yi7pi,Volunteer State Community College,volunteer-state-community-college,,TN,,,cmox1gkqg00chqtsgfs81dalj,NJCAA_D1,Region 7,https://njcaastats.prestosports.com/sports/bsb/2024-25/div1/teams/volunteerstatecommunitycollege,njcaastats.prestosports.com,volunteer state community,false,false,true,0,0,0,0,0,0,0,0,NEEDS_REVIEW,NEEDS_REVIEW,2026-05-08T14:57:02.943Z,2026-05-08T14:57:02.943Z
cmox06a6m00duqtgchsc3tg7p,Voorhees University,voorhees-university,,SC,,,cmox06a7b00dwqtgch8sp1gzy,NAIA,HBCU Athletic Conference,https://naiastats.prestosports.com/sports/bsb/2024-25/teams/voorheesuniversity,naiastats.prestosports.com,voorhees,false,false,true,0,0,0,0,0,0,0,0,NEEDS_REVIEW,NEEDS_REVIEW,2026-05-08T14:21:03.119Z,2026-05-08T14:21:03.119Z
cmox1gl0t00d3qtsg0vj6iryt,WVU Potomac State College,wvu-potomac-state-college,,WV,,,cmox1gl1i00d5qtsg21xti2nx,NJCAA_D1,Region 20,https://njcaastats.prestosports.com/sports/bsb/2024-25/div1/teams/wvupotomacstatecollege,njcaastats.prestosports.com,wvu potomac state,false,false,true,0,0,0,0,0,0,0,0,NEEDS_REVIEW,NEEDS_REVIEW,2026-05-08T14:57:03.341Z,2026-05-08T14:57:03.341Z
cmowzs2sk0083qt4w86xf1nts,WVU Tech,wvu-tech,,WV,,,cmowzs2tb0085qt4wljtb247g,NAIA,River States Conference,https://naiastats.prestosports.com/sports/bsb/2024-25/teams/wvutechwv,naiastats.prestosports.com,wvu tech,false,false,true,0,0,0,0,0,0,0,0,NEEDS_REVIEW,NEEDS_REVIEW,2026-05-08T14:10:00.357Z,2026-05-08T14:21:03.660Z
cmovos08t00t0qt7gqv4qsfw3,Wabash College,wabash-college,,IN,,,cmovos09k00t2qt7gbq648y9p,NCAA_D3,North Coast Athletic Conference,https://sports.wabash.edu,sports.wabash.edu,wabash,false,false,true,0,0,0,0,0,0,0,0,NEEDS_REVIEW,NEEDS_REVIEW,2026-05-07T16:14:15.102Z,2026-05-07T16:14:15.102Z
cmox1gkr300ciqtsgmhl2k7f2,Wabash Valley College,wabash-valley-college,,IL,,,cmox1gkrs00ckqtsgu8a0j3va,NJCAA_D1,Region 24,https://njcaastats.prestosports.com/sports/bsb/2024-25/div1/teams/wabashvalleycollege,njcaastats.prestosports.com,wabash valley,false,false,true,0,0,0,0,0,0,0,0,NEEDS_REVIEW,NEEDS_REVIEW,2026-05-08T14:57:02.991Z,2026-05-08T14:57:02.991Z
cmou7zwjn00jlqt18mlkrxann,Wagner College,wagner-college,Staten Island,NY,,,cmou7zwke00jnqt184bufb4dq,NCAA_D1,Northeast Conference,https://wagnerathletics.com/sports/baseball,wagnerathletics.com,wagner,false,true,true,4,0,0,0,0,0,0,0,NEEDS_REVIEW,UNVERIFIED,2026-05-06T15:36:43.908Z,2026-05-06T17:26:18.122Z
cmorirv2b000uqtm0d0xcn8m3,Wake Forest University,wake-forest-university,Winston-Salem,NC,,,cmorirv2z000wqtm0syj9sq1f,NCAA_D1,,https://godeacs.com/sports/baseball,godeacs.com,wake forest,false,true,true,4,0,1,0,0,0,0,0,NEEDS_REVIEW,NEEDS_REVIEW,2026-05-04T18:15:05.987Z,2026-07-23T19:46:09.623Z
cmox23asy00d3qtfk5a7q4bqy,Wake Technical Community College,wake-technical-community-college,,NC,,,cmox23atn00d5qtfk2bwwxvoc,NJCAA_D2,Region 10,https://njcaastats.prestosports.com/sports/bsb/2024-25/div2/teams/waketechnicalcommunitycollege,njcaastats.prestosports.com,wake technical community,false,false,true,0,0,0,0,0,0,0,0,NEEDS_REVIEW,NEEDS_REVIEW,2026-05-08T15:14:43.186Z,2026-05-08T15:14:43.186Z
cmox06a7z00dxqtgcs2lyeo4e,Waldorf,waldorf,,IA,,,cmox06a8n00dzqtgcigsavox2,NAIA,Great Plains Athletic Conference,https://naiastats.prestosports.com/sports/bsb/2024-25/teams/waldorf,naiastats.prestosports.com,waldorf,false,false,true,0,0,0,0,0,0,0,0,NEEDS_REVIEW,NEEDS_REVIEW,2026-05-08T14:21:03.167Z,2026-05-08T14:21:03.167Z
cmox23aub00d6qtfkuqdpvvbi,Wallace Community College-Dothan,wallace-community-college-dothan,,AL,,,cmox23auy00d8qtfkjzlz7hlj,NJCAA_D2,Region 22,https://njcaastats.prestosports.com/sports/bsb/2024-25/div2/teams/wallacecommunitycollegedothan,njcaastats.prestosports.com,wallace community dothan,false,false,true,0,0,0,0,0,0,0,0,NEEDS_REVIEW,NEEDS_REVIEW,2026-05-08T15:14:43.235Z,2026-05-08T15:14:43.235Z
cmox23avm00d9qtfkzb7lv6gr,Wallace Community College-Selma,wallace-community-college-selma,,MA,,,cmox23awb00dbqtfknkbumzi8,NJCAA_D2,Region 22,https://njcaastats.prestosports.com/sports/bsb/2024-25/div2/teams/wallacecommunitycollegeselma,njcaastats.prestosports.com,wallace community selma,false,false,true,0,0,0,0,0,0,0,0,NEEDS_REVIEW,NEEDS_REVIEW,2026-05-08T15:14:43.282Z,2026-05-08T15:14:43.282Z
cmox1gksg00clqtsgbvxep6gl,Wallace State Community College-Hanceville,wallace-state-community-college-hanceville,,IL,,,cmox1gkt600cnqtsgv7edcuop,NJCAA_D1,Region 22,https://njcaastats.prestosports.com/sports/bsb/2024-25/div1/teams/wallacestatecommunitycollegehancevil,njcaastats.prestosports.com,wallace state community hanceville,false,false,true,0,0,0,0,0,0,0,0,NEEDS_REVIEW,NEEDS_REVIEW,2026-05-08T14:57:03.040Z,2026-05-08T14:57:03.040Z
cmovli0ab00j0qt20zg1zizhm,Walsh,walsh,North Canton,Ohio,,,cmovli0b300j2qt209k7f7g4i,NCAA_D2,G-MAC,,,walsh,false,false,false,0,0,0,0,0,0,0,0,NEEDS_REVIEW,NEEDS_REVIEW,2026-05-07T14:42:29.747Z,2026-05-07T15:06:35.282Z
cmox1gktv00coqtsgc6v2fzzt,Walters State Community College,walters-state-community-college,,TN,,,cmox1gkuj00cqqtsg20d3h233,NJCAA_D1,Region 7,https://njcaastats.prestosports.com/sports/bsb/2024-25/div1/teams/waltersstatecommunitycollege,njcaastats.prestosports.com,walters state community,false,false,true,0,0,0,0,0,0,0,0,NEEDS_REVIEW,NEEDS_REVIEW,2026-05-08T14:57:03.091Z,2026-05-08T14:57:03.091Z
cmowzs2f3007cqt4wlgcn8jot,Warner,warner,,FL,,,cmowzs2fy007eqt4wporcz9db,NAIA,The Sun Conference,https://naiastats.prestosports.com/sports/bsb/2024-25/teams/warnerfl,naiastats.prestosports.com,warner,false,false,true,0,0,0,0,0,0,0,0,NEEDS_REVIEW,NEEDS_REVIEW,2026-05-08T14:09:59.871Z,2026-05-08T14:21:03.216Z
cmovos0a900t3qt7gdptpx2v0,Wartburg College,wartburg-college,,IA,,,cmovos0ay00t5qt7g5hwtjkiu,NCAA_D3,American Rivers Conference,https://www.go-knights.net,go-knights.net,wartburg,false,false,true,0,0,0,0,0,0,0,0,NEEDS_REVIEW,NEEDS_REVIEW,2026-05-07T16:14:15.154Z,2026-05-29T16:24:18.093Z
cmovli0bt00j3qt20ctp83r4g,Washburn,washburn,Topeka,Kansas,,,cmovli0cj00j5qt20d63ioi01,NCAA_D2,MIAA,,,washburn,false,false,false,0,0,0,0,0,0,0,0,NEEDS_REVIEW,NEEDS_REVIEW,2026-05-07T14:42:29.802Z,2026-05-07T15:06:35.334Z
cmovos0en00tcqt7gtnt5we69,Washington College (Maryland),washington-college-maryland,,MD,,,cmovos0fd00teqt7gph7ddntz,NCAA_D3,Centennial Conference,https://www.WashingtonCollegeSports.com,washingtoncollegesports.com,washington maryland,false,false,true,0,0,0,0,0,0,0,0,NEEDS_REVIEW,NEEDS_REVIEW,2026-05-07T16:14:15.312Z,2026-05-07T16:14:15.312Z
cmou3xrnk007cqt5s6uwa48hy,Washington State University,washington-state-university,Pullman,WA,,,cmou3xro6007eqt5s92zz2kml,NCAA_D1,Pac-12,https://wsucougars.com/sports/baseball,wsucougars.com,washington state,false,true,true,1,0,0,0,0,0,0,0,NEEDS_REVIEW,UNVERIFIED,2026-05-06T13:43:05.792Z,2026-05-06T17:26:10.131Z
cmovos0g400tfqt7gjgtzrzae,Washington University in St. Louis,washington-university-in-st-louis,,MO,,,cmovos0gv00thqt7g2zmt1p6g,NCAA_D3,University Athletic Association,https://washubears.com,washubears.com,washington in saint louis,false,false,true,0,0,0,0,0,0,0,0,NEEDS_REVIEW,NEEDS_REVIEW,2026-05-07T16:14:15.364Z,2026-05-07T16:14:15.364Z
cmovos0bo00t6qt7g8sy863sh,Washington and Jefferson College,washington-and-jefferson-college,,PA,,,cmovos0cg00t8qt7gor26u6ee,NCAA_D3,Presidents' Athletic Conference,https://www.gopresidents.com,gopresidents.com,washington and jefferson,false,false,true,0,0,0,0,0,0,0,0,NEEDS_REVIEW,NEEDS_REVIEW,2026-05-07T16:14:15.204Z,2026-05-07T16:14:15.204Z
cmovos0d600t9qt7gmmllgsme,Washington and Lee University,washington-and-lee-university,,VA,,,cmovos0dx00tbqt7g9hffpzzi,NCAA_D3,Old Dominion Athletic Conf.,https://generalssports.com,generalssports.com,washington and lee,false,false,true,0,0,0,0,0,0,0,0,NEEDS_REVIEW,NEEDS_REVIEW,2026-05-07T16:14:15.259Z,2026-05-07T16:14:15.259Z
cmox2o3v8006xqtbk0p0dpqt7,Waubonsee Community College,waubonsee-community-college,,IL,,,cmox2o3vy006zqtbkuge73stj,NJCAA_D3,Region 4,https://njcaastats.prestosports.com/sports/bsb/2024-25/div3/teams/waubonseecommunitycollege,njcaastats.prestosports.com,waubonsee community,false,false,true,0,0,0,0,0,0,0,0,NEEDS_REVIEW,NEEDS_REVIEW,2026-05-08T15:30:53.973Z,2026-05-08T15:30:53.973Z
cmowzs2gq007fqt4wgjsjkut7,Wayland Baptist,wayland-baptist,,TX,,,cmowzs2hf007hqt4wiboc02ai,NAIA,Sooner Athletic Conference,https://naiastats.prestosports.com/sports/bsb/2024-25/teams/waylandbaptisttx,naiastats.prestosports.com,wayland baptist,false,false,true,0,0,0,0,0,0,0,0,NEEDS_REVIEW,NEEDS_REVIEW,2026-05-08T14:09:59.930Z,2026-05-08T14:09:59.930Z
cmovli0d800j6qt20503j547n,Wayne State (MI),wayne-state-mi,Detroit,Michigan,,,cmovli0dx00j8qt20o145hp7k,NCAA_D2,GLIAC,,,wayne state mi,false,false,false,0,0,0,0,0,0,0,0,NEEDS_REVIEW,NEEDS_REVIEW,2026-05-07T14:42:29.852Z,2026-05-07T15:06:35.384Z
cmovli0el00j9qt20yqrtga3o,Wayne State (NE),wayne-state-ne,Wayne,Nebraska,,,cmovli0fa00jbqt204ly1eq3d,NCAA_D2,NSIC,,,wayne state ne,false,false,false,0,0,0,0,0,0,0,0,NEEDS_REVIEW,NEEDS_REVIEW,2026-05-07T14:42:29.902Z,2026-05-07T15:06:35.439Z
cmovos0hl00tiqt7gnpyyf9j1,Waynesburg University,waynesburg-university,,PA,,,cmovos0ib00tkqt7gts0q2clg,NCAA_D3,Presidents' Athletic Conference,https://www.waynesburgsports.com,waynesburgsports.com,waynesburg,false,false,true,0,0,0,0,0,0,0,0,NEEDS_REVIEW,NEEDS_REVIEW,2026-05-07T16:14:15.417Z,2026-05-07T16:14:15.417Z
cmox1gkv800crqtsgb7ei8hlo,Weatherford College,weatherford-college,,TX,,,cmox1gkvw00ctqtsgsrnj5irn,NJCAA_D1,Region 5,https://njcaastats.prestosports.com/sports/bsb/2024-25/div1/teams/weatherfordcollege,njcaastats.prestosports.com,weatherford,false,false,true,0,0,0,0,0,0,0,0,NEEDS_REVIEW,NEEDS_REVIEW,2026-05-08T14:57:03.140Z,2026-05-08T14:57:03.140Z
cmowzs2i6007iqt4w14hrvqae,Webber International,webber-international,,FL,,,cmowzs2iy007kqt4wynurq5n1,NAIA,The Sun Conference,https://naiastats.prestosports.com/sports/bsb/2024-25/teams/webberinternationalfl,naiastats.prestosports.com,webber international,false,false,true,0,0,0,0,0,0,0,0,NEEDS_REVIEW,NEEDS_REVIEW,2026-05-08T14:09:59.983Z,2026-05-08T14:21:03.269Z
cmovos0j000tlqt7glqtorsyg,Webster University,webster-university,,MO,,,cmovos0jq00tnqt7g1n6a9uf2,NCAA_D3,St. Louis Intercollegiate Athletic Conference,https://websterathletics.com,websterathletics.com,webster,false,false,true,0,0,0,0,0,0,0,0,NEEDS_REVIEW,NEEDS_REVIEW,2026-05-07T16:14:15.468Z,2026-05-07T16:14:15.468Z
cmovos0ki00toqt7ght2o90yo,Wentworth Institute of Technology,wentworth-institute-of-technology,,MA,,,cmovos0l900tqqt7gjkzk7ex5,NCAA_D3,Conference of New England,https://www.wentworthathletics.com,wentworthathletics.com,wentworth institute technology,false,false,true,0,0,0,0,0,0,0,0,NEEDS_REVIEW,NEEDS_REVIEW,2026-05-07T16:14:15.522Z,2026-05-07T16:14:15.522Z
cmovos0m100trqt7g0e769xvp,Wesleyan College (Georgia),wesleyan-college-georgia,,GA,,,cmovos0mq00ttqt7glr311m4w,NCAA_D3,Collegiate Conference of the South,https://www.wesleyanathletics.com,wesleyanathletics.com,wesleyan georgia,false,false,true,0,0,0,0,0,0,0,0,NEEDS_REVIEW,NEEDS_REVIEW,2026-05-07T16:14:15.577Z,2026-05-07T16:14:15.577Z
cmovos0ni00tuqt7gpjh5jzih,Wesleyan University (Connecticut),wesleyan-university-connecticut,,CT,,,cmovos0o900twqt7gx15qpbiu,NCAA_D3,New England Small College Athletic Conference,https://www.wesleyan.edu/athletics,wesleyan.edu,wesleyan connecticut,false,false,true,0,0,0,0,0,0,0,0,NEEDS_REVIEW,NEEDS_REVIEW,2026-05-07T16:14:15.629Z,2026-05-07T16:14:15.629Z
cmovli0fz00jcqt20mzazjyyd,West Alabama,west-alabama,Livingston,Alabama,,,cmovli0gn00jeqt20qmncs05a,NCAA_D2,Gulf South,,,west alabama,false,false,false,0,0,0,0,0,0,0,0,NEEDS_REVIEW,NEEDS_REVIEW,2026-05-07T14:42:29.951Z,2026-05-07T15:06:35.489Z
cmovli0hb00jfqt206l8mp8l3,West Chester,west-chester,West Chester,Pennsylvania,,,cmovli0hy00jhqt20020l2nz7,NCAA_D2,PSAC,,,west chester,false,false,false,0,0,0,0,0,0,0,0,NEEDS_REVIEW,NEEDS_REVIEW,2026-05-07T14:42:29.999Z,2026-05-07T15:06:35.545Z
cmovli0im00jiqt205a1ymel3,West Florida,west-florida,Pensacola,Florida,,,cmovli0jc00jkqt20pwbw9ax3,NCAA_D2,Gulf South,,,west florida,false,false,false,0,0,0,0,0,0,0,0,NEEDS_REVIEW,NEEDS_REVIEW,2026-05-07T14:42:30.046Z,2026-05-07T15:06:35.598Z
cmovli0k000jlqt20oes3jlv9,West Liberty,west-liberty,West Liberty,West Virginia,,,cmovli0kq00jnqt20i136jjkd,NCAA_D2,MEC,,,west liberty,false,false,false,0,0,0,0,0,0,0,0,NEEDS_REVIEW,NEEDS_REVIEW,2026-05-07T14:42:30.097Z,2026-05-07T15:06:35.656Z
cmovli0le00joqt204kai4wce,West Texas A&M,west-texas-a-and-m,Canyon,Texas,,,cmovli0m200jqqt20dhl5yiwa,NCAA_D2,Lone Star,,,west texas a and m,false,false,false,0,0,0,0,0,0,0,0,NEEDS_REVIEW,NEEDS_REVIEW,2026-05-07T14:42:30.146Z,2026-05-07T15:06:35.708Z
cmovli0mr00jrqt20m11i5phl,West Virginia State,west-virginia-state,Institute,West Virginia,,,cmovli0ng00jtqt205sf65uk8,NCAA_D2,MEC,,,west virginia state,false,false,false,0,0,0,0,0,0,0,0,NEEDS_REVIEW,NEEDS_REVIEW,2026-05-07T14:42:30.196Z,2026-05-07T15:06:35.768Z
cmosun0e0005cqtlgaq1vqq45,West Virginia University,west-virginia-university,Morgantown,WV,,,cmosun0eo005eqtlg60tq9pxa,NCAA_D1,,https://wvusports.com/sports/baseball,wvusports.com,west virginia,false,true,true,4,0,0,0,0,0,0,0,NEEDS_REVIEW,NEEDS_REVIEW,2026-05-05T16:35:01.176Z,2026-07-23T19:46:12.939Z
cmovli0o500juqt20kyysfxez,West Virginia Wesleyan,west-virginia-wesleyan,Buckhannon,West Virginia,,,cmovli0ou00jwqt20u48yi0z1,NCAA_D2,MEC,,,west virginia wesleyan,false,false,false,0,0,0,0,0,0,0,0,NEEDS_REVIEW,NEEDS_REVIEW,2026-05-07T14:42:30.246Z,2026-05-07T15:06:35.819Z
cmox23ax100dcqtfkixn0o5r0,Westchester Community College,westchester-community-college,,NY,,,cmox23axr00deqtfkq4pck2k7,NJCAA_D2,Region 15,https://njcaastats.prestosports.com/sports/bsb/2024-25/div2/teams/westchestercommunitycollege,njcaastats.prestosports.com,westchester community,false,false,true,0,0,0,0,0,0,0,0,NEEDS_REVIEW,NEEDS_REVIEW,2026-05-08T15:14:43.333Z,2026-05-08T15:14:43.333Z
cmowzs2jp007lqt4wmxd5vtd8,Westcliff,westcliff,,CALIF.,,,cmowzs2kf007nqt4wyiw47c68,NAIA,North Star Athletic Association,https://naiastats.prestosports.com/sports/bsb/2024-25/teams/westcliffca,naiastats.prestosports.com,westcliff,false,false,true,0,0,0,0,0,0,0,0,NEEDS_REVIEW,NEEDS_REVIEW,2026-05-08T14:10:00.037Z,2026-05-08T14:21:03.317Z
cmou86a0n00lfqtjkf6uhpkzy,Western Carolina University,western-carolina-university,Cullowhee,NC,,,cmou86a1d00lhqtjk2lctf0xy,NCAA_D1,SoCon,https://catamountsports.com/sports/baseball,catamountsports.com,western carolina,false,true,true,4,0,0,0,0,0,0,0,NEEDS_REVIEW,UNVERIFIED,2026-05-06T15:41:41.304Z,2026-05-06T17:26:19.240Z
cmovos0oz00txqt7g8lkyohq2,Western Connecticut State University,western-connecticut-state-university,,CT,,,cmovos0pq00tzqt7gj4w2244p,NCAA_D3,Little East Conference,https://www.westconnathletics.com,westconnathletics.com,western connecticut state,false,false,true,0,0,0,0,0,0,0,0,NEEDS_REVIEW,NEEDS_REVIEW,2026-05-07T16:14:15.683Z,2026-05-07T16:14:15.683Z
cmou825c800kcqtfoov9rimot,Western Illinois University,western-illinois-university,Macomb,IL,,,cmou825cy00keqtfoh1a7v0yi,NCAA_D1,Ohio Valley,https://goleathernecks.com/sports/baseball,goleathernecks.com,western illinois,false,true,true,3,0,0,0,0,0,0,0,NEEDS_REVIEW,UNVERIFIED,2026-05-06T15:38:28.617Z,2026-05-06T17:26:18.593Z
cmou74gg300dlqtboxjrli6hd,Western Kentucky University,western-kentucky-university,Bowling Green,KY,,,cmou74ggv00dnqtbo8qnjt772,NCAA_D1,Conference USA,https://wkusports.com/sports/baseball,wkusports.com,western kentucky,false,true,true,3,0,0,0,0,0,0,0,NEEDS_REVIEW,NEEDS_REVIEW,2026-05-06T15:12:16.708Z,2026-05-29T16:24:12.135Z
cmou7sktc00glqtag4fw8487m,Western Michigan University,western-michigan-university,Kalamazoo,MI,,,cmou7sku100gnqtagdyo59rxn,NCAA_D1,MAC,https://wmubroncos.com/sports/baseball,wmubroncos.com,western michigan,false,true,true,4,0,0,0,0,0,0,0,NEEDS_REVIEW,UNVERIFIED,2026-05-06T15:31:02.112Z,2026-05-06T17:26:16.278Z
cmox1gkwn00cuqtsgahiksw3o,Western Nebraska Community College,western-nebraska-community-college,,NE,,,cmox1gkxb00cwqtsgq6whiyt7,NJCAA_D1,Region 9,https://njcaastats.prestosports.com/sports/bsb/2024-25/div1/teams/westernnebraskacommunitycollege,njcaastats.prestosports.com,western nebraska community,false,false,true,0,0,0,0,0,0,0,0,NEEDS_REVIEW,NEEDS_REVIEW,2026-05-08T14:57:03.191Z,2026-05-08T14:57:03.191Z
cmovos0qg00u0qt7gvmklzcoj,Western New England University,western-new-england-university,,MA,,,cmovos0r600u2qt7g0mjrd8kc,NCAA_D3,Conference of New England,https://www.wnegoldenbears.com,wnegoldenbears.com,western new england,false,false,true,0,0,0,0,0,0,0,0,NEEDS_REVIEW,NEEDS_REVIEW,2026-05-07T16:14:15.736Z,2026-05-07T16:14:15.736Z
cmox23ayg00dfqtfk1u7ly64f,Western Oklahoma State College,western-oklahoma-state-college,,OK,,,cmox23az500dhqtfkhav56xf2,NJCAA_D2,Region 2,https://njcaastats.prestosports.com/sports/bsb/2024-25/div2/teams/westernoklahomastatecollege,njcaastats.prestosports.com,western oklahoma state,false,false,true,0,0,0,0,0,0,0,0,NEEDS_REVIEW,NEEDS_REVIEW,2026-05-08T15:14:43.385Z,2026-05-08T15:14:43.385Z
cmovli0pi00jxqt20pjhyw40l,Western Oregon,western-oregon,Monmouth,Oregon,,,cmovli0q700jzqt20ucmtv13s,NCAA_D2,GNAC,,,western oregon,false,false,false,0,0,0,0,0,0,0,0,NEEDS_REVIEW,NEEDS_REVIEW,2026-05-07T14:42:30.295Z,2026-05-07T15:06:35.875Z
cmox2o3wp0070qtbkiluu4rwj,Western Technical College,western-technical-college,,WI,,,cmox2o3xe0072qtbknma7e261,NJCAA_D3,Region 13,https://njcaastats.prestosports.com/sports/bsb/2024-25/div3/teams/westerntechnicalcollege,njcaastats.prestosports.com,western technical,false,false,true,0,0,0,0,0,0,0,0,NEEDS_REVIEW,NEEDS_REVIEW,2026-05-08T15:30:54.025Z,2026-05-08T15:30:54.025Z
cmox1gky300cxqtsgcg0ex03r,Western Texas College,western-texas-college,,TX,,,cmox1gkyq00czqtsgijdtd275,NJCAA_D1,Region 5,https://njcaastats.prestosports.com/sports/bsb/2024-25/div1/teams/westerntexascollege,njcaastats.prestosports.com,western texas,false,false,true,0,0,0,0,0,0,0,0,NEEDS_REVIEW,NEEDS_REVIEW,2026-05-08T14:57:03.243Z,2026-05-08T14:57:03.243Z
cmovos0rz00u3qt7gy7aqlabq,Westfield State University,westfield-state-university,,MA,,,cmovos0sp00u5qt7gs3oe5myb,NCAA_D3,Massachusetts State Collegiate Athletic Conference,https://www.WestfieldStateOwls.com,westfieldstateowls.com,westfield state,false,false,true,0,0,0,0,0,0,0,0,NEEDS_REVIEW,NEEDS_REVIEW,2026-05-07T16:14:15.791Z,2026-05-07T16:14:15.791Z
cmovos0tg00u6qt7g1uyblfiu,Westminster College (Missouri),westminster-college-missouri,,MO,,,cmovos0u600u8qt7geceyjbui,NCAA_D3,St. Louis Intercollegiate Athletic Conference,https://www.wcbluejays.com/landing/index,wcbluejays.com,westminster missouri,false,false,true,0,0,0,0,0,0,0,0,NEEDS_REVIEW,NEEDS_REVIEW,2026-05-07T16:14:15.844Z,2026-05-07T16:14:15.844Z
cmovos0uy00u9qt7g8klzavto,Westminster College (Pennsylvania),westminster-college-pennsylvania,,PA,,,cmovos0vt00ubqt7gtevx40dv,NCAA_D3,Presidents' Athletic Conference,https://www.westminster.edu/athletics/,westminster.edu,westminster pennsylvania,false,false,true,0,0,0,0,0,0,0,0,NEEDS_REVIEW,NEEDS_REVIEW,2026-05-07T16:14:15.898Z,2026-05-07T16:14:15.898Z
cmovli0qu00k0qt205zth5689,Westmont,westmont,Santa Barbara,California,,,cmovli0rk00k2qt20ae4is7g0,NCAA_D2,PacWest,,,westmont,false,false,false,0,0,0,0,0,0,0,0,NEEDS_REVIEW,NEEDS_REVIEW,2026-05-07T14:42:30.343Z,2026-05-07T15:06:35.927Z
cmox23azu00diqtfkp5kot3nj,Westmoreland County Community College,westmoreland-county-community-college,,PA,,,cmox23b0l00dkqtfkyiserx1e,NJCAA_D2,Region 20,https://njcaastats.prestosports.com/sports/bsb/2024-25/div2/teams/westmorelandcountycc,njcaastats.prestosports.com,westmoreland county community,false,false,true,0,0,0,0,0,0,0,0,NEEDS_REVIEW,NEEDS_REVIEW,2026-05-08T15:14:43.435Z,2026-05-08T15:14:43.435Z
cmox1gkzf00d0qtsgnq4fvfir,Wharton County Junior College,wharton-county-junior-college,,TX,,,cmox1gl0500d2qtsg1smirwwh,NJCAA_D1,Region 14,https://njcaastats.prestosports.com/sports/bsb/2024-25/div1/teams/whartoncountyjuniorcollege,njcaastats.prestosports.com,wharton county junior,false,false,true,0,0,0,0,0,0,0,0,NEEDS_REVIEW,NEEDS_REVIEW,2026-05-08T14:57:03.291Z,2026-05-08T14:57:03.291Z
cmovos0wm00ucqt7gxtoc3odo,Wheaton College (Illinois),wheaton-college-illinois,,IL,,,cmovos0xe00ueqt7g1sx111re,NCAA_D3,College Conference of Illinois & Wisconsin,https://athletics.wheaton.edu,athletics.wheaton.edu,wheaton illinois,false,false,true,0,0,0,0,0,0,0,0,NEEDS_REVIEW,NEEDS_REVIEW,2026-05-07T16:14:15.958Z,2026-05-07T16:14:15.958Z
cmovli0s900k3qt201h86buip,Wheeling,wheeling,Wheeling,West Virginia,,,cmovli0sw00k5qt20w4hzf6uq,NCAA_D2,MEC,,,wheeling,false,false,false,0,0,0,0,0,0,0,0,NEEDS_REVIEW,NEEDS_REVIEW,2026-05-07T14:42:30.393Z,2026-05-07T15:06:35.980Z
cmovos0y800ufqt7ggbfuxkf3,Whittier College,whittier-college,,CA,,,cmovos0z200uhqt7gn4gcj8jn,NCAA_D3,Southern California Intercollegiate Athletic Conf.,https://www.wcpoets.com,wcpoets.com,whittier,false,false,true,0,0,0,0,0,0,0,0,NEEDS_REVIEW,NEEDS_REVIEW,2026-05-07T16:14:16.016Z,2026-05-07T16:14:16.016Z
cmovos0zu00uiqt7gr5vts5sm,Whitworth University,whitworth-university,,WA,,,cmovos10l00ukqt7gqnj7vdwt,NCAA_D3,Northwest Conference,https://www.whitworthpirates.com,whitworthpirates.com,whitworth,false,false,true,0,0,0,0,0,0,0,0,NEEDS_REVIEW,NEEDS_REVIEW,2026-05-07T16:14:16.074Z,2026-05-07T16:14:16.074Z
cmou57emf008cqtdwbx84cqra,Wichita State University,wichita-state-university,Wichita,KS,,,cmou57en3008eqtdwv2nmtif8,NCAA_D1,,https://goshockers.com/sports/baseball,goshockers.com,wichita state,false,true,true,4,0,0,0,0,0,0,0,NEEDS_REVIEW,NEEDS_REVIEW,2026-05-06T14:18:35.079Z,2026-07-23T19:46:07.317Z
cmovos11b00ulqt7glv2bi76x,Widener University,widener-university,,PA,,,cmovos12000unqt7ga5u45vls,NCAA_D3,Middle Atlantic Conferences,https://www.widenerpride.com,widenerpride.com,widener,false,false,true,0,0,0,0,0,0,0,0,NEEDS_REVIEW,NEEDS_REVIEW,2026-05-07T16:14:16.128Z,2026-05-07T16:14:16.128Z
cmowzs2l5007oqt4wmemu4ojg,Wilberforce,wilberforce,,OH,,,cmowzs2lw007qqt4wl0ygs241,NAIA,HBCU Athletic Conference,https://naiastats.prestosports.com/sports/bsb/2024-25/teams/wilberforceoh,naiastats.prestosports.com,wilberforce,false,false,true,0,0,0,0,0,0,0,0,NEEDS_REVIEW,NEEDS_REVIEW,2026-05-08T14:10:00.090Z,2026-05-08T14:21:03.371Z
cmowzs2ml007rqt4wz5m3qzym,Wiley,wiley,,TX,,,cmowzs2nb007tqt4wgg7kxjii,NAIA,HBCU Athletic Conference,https://naiastats.prestosports.com/sports/bsb/2024-25/teams/wileytx,naiastats.prestosports.com,wiley,false,false,true,0,0,0,0,0,0,0,0,NEEDS_REVIEW,NEEDS_REVIEW,2026-05-08T14:10:00.142Z,2026-05-08T14:21:03.419Z
cmovos12s00uoqt7ge93t8l4q,Wilkes University,wilkes-university,,PA,,,cmovos13m00uqqt7gcx0celj7,NCAA_D3,Landmark Conference,https://www.gowilkesu.com,gowilkesu.com,wilkes,false,false,true,0,0,0,0,0,0,0,0,NEEDS_REVIEW,NEEDS_REVIEW,2026-05-07T16:14:16.180Z,2026-05-07T16:14:16.180Z
cmou72rni00coqtt8wk6kqq0s,William & Mary,william-and-mary,Williamsburg,VA,,,cmou72ro800cqqtt8a63rkwmi,NCAA_D1,CAA,https://tribeathletics.com/sports/baseball,tribeathletics.com,william and mary,false,true,true,3,0,0,0,0,0,0,0,NEEDS_REVIEW,NEEDS_REVIEW,2026-05-06T15:10:57.918Z,2026-05-29T16:24:11.374Z
cmowzs2o1007uqt4wvnc6ovj3,William Carey,william-carey,,MISS.,,,cmowzs2ot007wqt4wcbfrmtnj,NAIA,Southern States Athletic Conference,https://naiastats.prestosports.com/sports/bsb/2024-25/teams/williamcareyms,naiastats.prestosports.com,william carey,false,false,true,0,0,0,0,0,0,0,0,NEEDS_REVIEW,NEEDS_REVIEW,2026-05-08T14:10:00.193Z,2026-05-08T14:21:03.468Z
cmovli0tl00k6qt20yilw6lil,William Jewell,william-jewell,Liberty,Missouri,,,cmovli0ua00k8qt2060pi2tn7,NCAA_D2,GLVC,,,william jewell,false,false,false,0,0,0,0,0,0,0,0,NEEDS_REVIEW,NEEDS_REVIEW,2026-05-07T14:42:30.441Z,2026-05-07T15:06:36.029Z
cmovos14b00urqt7g7rk1vz6q,William Paterson University of New Jersey,william-paterson-university-of-new-jersey,,NJ,,,cmovos15000utqt7g464hlcpw,NCAA_D3,New Jersey Athletic Conference,https://www.wpupioneers.com,wpupioneers.com,william paterson new jersey,false,false,true,0,0,0,0,0,0,0,0,NEEDS_REVIEW,NEEDS_REVIEW,2026-05-07T16:14:16.236Z,2026-05-07T16:14:16.236Z
cmovos15q00uuqt7gp86j3s82,William Peace University,william-peace-university,,NC,,,cmovos16h00uwqt7gj2kezzbl,NCAA_D3,USA South Athletic Conference,https://www.gopeacepacers.com,gopeacepacers.com,william peace,false,false,true,0,0,0,0,0,0,0,0,NEEDS_REVIEW,NEEDS_REVIEW,2026-05-07T16:14:16.286Z,2026-05-07T16:14:16.286Z
cmowzs2pm007xqt4w66z0cj3f,William Penn,william-penn,,IA,,,cmowzs2qc007zqt4w6rioofpa,NAIA,Heart of America Athletic Conference,https://naiastats.prestosports.com/sports/bsb/2024-25/teams/williampennia,naiastats.prestosports.com,william penn,false,false,true,0,0,0,0,0,0,0,0,NEEDS_REVIEW,NEEDS_REVIEW,2026-05-08T14:10:00.250Z,2026-05-08T14:21:03.516Z
cmox06aiz00elqtgcfku2eu2a,William Woods,william-woods,,MO,,,cmox06ajn00enqtgcq6ujzhg8,NAIA,American Midwest Conference,https://naiastats.prestosports.com/sports/bsb/2024-25/teams/williamwoodsmo,naiastats.prestosports.com,william woods,false,false,true,0,0,0,0,0,0,0,0,NEEDS_REVIEW,NEEDS_REVIEW,2026-05-08T14:21:03.563Z,2026-05-08T14:21:03.563Z
cmowzs2r40080qt4w48qaj7mu,Williams Baptist,williams-baptist,,AR,,,cmowzs2ru0082qt4wastg3u95,NAIA,American Midwest Conference,https://naiastats.prestosports.com/sports/bsb/2024-25/teams/williamsbaptistar,naiastats.prestosports.com,williams baptist,false,false,true,0,0,0,0,0,0,0,0,NEEDS_REVIEW,NEEDS_REVIEW,2026-05-08T14:10:00.304Z,2026-05-08T14:21:03.611Z
cmovos17600uxqt7gfovoyt2l,Williams College,williams-college,,MA,,,cmovos17y00uzqt7gcifpaxka,NCAA_D3,New England Small College Athletic Conference,https://ephsports.williams.edu/,ephsports.williams.edu,williams,false,false,true,0,0,0,0,0,0,0,0,NEEDS_REVIEW,NEEDS_REVIEW,2026-05-07T16:14:16.338Z,2026-05-07T16:14:16.338Z
cmox23b1a00dlqtfkj3zj56u5,Williston State College,williston-state-college,,ND,,,cmox23b1z00dnqtfkm75g2u5j,NJCAA_D2,Region 13,https://njcaastats.prestosports.com/sports/bsb/2024-25/div2/teams/willistonstatecollege,njcaastats.prestosports.com,williston state,false,false,true,0,0,0,0,0,0,0,0,NEEDS_REVIEW,NEEDS_REVIEW,2026-05-08T15:14:43.487Z,2026-05-08T15:14:43.487Z
cmovli0v100k9qt20e0hyqhf7,Wilmington,wilmington,New Castle,Delaware,,,cmovli0vp00kbqt20priw8ub5,NCAA_D2,CACC,,,wilmington,false,false,false,0,0,0,0,0,0,0,0,NEEDS_REVIEW,NEEDS_REVIEW,2026-05-07T14:42:30.493Z,2026-05-07T15:06:36.079Z
cmovos18n00v0qt7glvl1aki9,Wilmington College (Ohio),wilmington-college-ohio,,OH,,,cmovos19d00v2qt7gwxxfoo3y,NCAA_D3,Ohio Athletic Conference,https://www.wilmington.edu/athletics,wilmington.edu,wilmington ohio,false,false,true,0,0,0,0,0,0,0,0,NEEDS_REVIEW,NEEDS_REVIEW,2026-05-07T16:14:16.392Z,2026-05-07T16:14:16.392Z
cmovos1a300v3qt7g482wpj5y,Wilson College,wilson-college,,PA,,,cmovos1at00v5qt7go4rido1q,NCAA_D3,United East Conference,https://www.wilsonphoenix.com,wilsonphoenix.com,wilson,false,false,true,0,0,0,0,0,0,0,0,NEEDS_REVIEW,NEEDS_REVIEW,2026-05-07T16:14:16.443Z,2026-05-07T16:14:16.443Z
cmorj0gva002oqtiogdc4aysl,Wingate University,wingate-university,Wingate,NC,,,cmorj0gw0002qqtio340sbbm4,NCAA_D2,South Atlantic Conference,https://wingatebulldogs.com/sports/baseball,wingatebulldogs.com,wingate,false,false,true,0,0,1,0,0,0,0,0,UNVERIFIED,NEEDS_REVIEW,2026-05-04T18:21:47.495Z,2026-05-29T16:24:16.517Z
cmovli0xt00kfqt207z7wr2bc,Winona State,winona-state,Winona,Minnesota,,,cmovli0yj00khqt201m60yo1n,NCAA_D2,NSIC,,,winona state,false,false,false,0,0,0,0,0,0,0,0,NEEDS_REVIEW,NEEDS_REVIEW,2026-05-07T14:42:30.593Z,2026-05-07T15:06:36.181Z
cmorihv3g000cqth80t0ywnkz,Winthrop University,winthrop-university,Rock Hill,SC,,,cmorihv44000eqth8uy202g1u,NCAA_D1,,https://winthropeagles.com/sports/baseball,winthropeagles.com,winthrop,false,true,true,4,0,0,0,0,0,0,0,NEEDS_REVIEW,NEEDS_REVIEW,2026-05-04T18:07:19.468Z,2026-07-23T19:46:14.433Z
cmovos1bj00v6qt7gyf5vy3b4,Wisconsin Lutheran College,wisconsin-lutheran-college,,WI,,,cmovos1cb00v8qt7gkdpwvghs,NCAA_D3,Northern Athletics Collegiate Conference,https://www.wlcsports.com/landing/index,wlcsports.com,wisconsin lutheran,false,false,true,0,0,0,0,0,0,0,0,NEEDS_REVIEW,NEEDS_REVIEW,2026-05-07T16:14:16.495Z,2026-05-07T16:14:16.495Z
cmovos1d100v9qt7gpwb7olke,Wittenberg University,wittenberg-university,,OH,,,cmovos1dr00vbqt7g73pmg4dx,NCAA_D3,North Coast Athletic Conference,https://www.wittenbergtigers.com,wittenbergtigers.com,wittenberg,false,false,true,0,0,0,0,0,0,0,0,NEEDS_REVIEW,NEEDS_REVIEW,2026-05-07T16:14:16.549Z,2026-05-07T16:14:16.549Z
cmorihv200009qth8tpbw4u9n,Wofford College,wofford-college,Spartanburg,SC,,,cmorihv2r000bqth8jevenygj,NCAA_D1,SoCon,https://woffordterriers.com/sports/baseball,woffordterriers.com,wofford,false,true,true,4,0,0,0,0,0,0,0,NEEDS_REVIEW,UNVERIFIED,2026-05-04T18:07:19.416Z,2026-05-06T17:26:19.292Z
cmovos1ei00vcqt7gubr6jf4p,Worcester State University,worcester-state-university,,MA,,,cmovos1f800veqt7g1liezmh8,NCAA_D3,Massachusetts State Collegiate Athletic Conference,https://www.wsulancers.com,wsulancers.com,worcester state,false,false,true,0,0,0,0,0,0,0,0,NEEDS_REVIEW,NEEDS_REVIEW,2026-05-07T16:14:16.602Z,2026-05-07T16:14:16.602Z
cmou7aqjy00doqt44d0xwv16o,Wright State University,wright-state-university,Dayton,OH,,,cmou7aqkp00dqqt444juv136m,NCAA_D1,Horizon League,https://wsuraiders.com/sports/baseball,wsuraiders.com,wright state,false,true,true,4,0,0,0,0,0,0,0,NEEDS_REVIEW,NEEDS_REVIEW,2026-05-06T15:17:09.742Z,2026-05-29T16:24:12.504Z
cmowzs2u20086qt4w33qae7md,Xavier,xavier,,LA.,,,cmowzs2ut0088qt4wx9sruh8g,NAIA,Red River Athletic Conference,https://naiastats.prestosports.com/sports/bsb/2024-25/teams/xavierla,naiastats.prestosports.com,xavier,false,false,true,0,0,0,0,0,0,0,0,NEEDS_REVIEW,NEEDS_REVIEW,2026-05-08T14:10:00.411Z,2026-05-08T14:21:03.709Z
cmou6bado00b3qticrimagx0v,Xavier University,xavier-university,Cincinnati,OH,,,cmou6baee00b5qtic8uzfufb4,NCAA_D1,,https://goxavier.com/sports/baseball,goxavier.com,xavier,false,true,true,4,0,0,0,0,0,0,0,NEEDS_REVIEW,NEEDS_REVIEW,2026-05-06T14:49:35.820Z,2026-07-23T19:46:13.723Z
cmou7ekwq00eoqtx8hjslnjkg,Yale University,yale-university,New Haven,CT,,,cmou7ekxf00eqqtx8xz654fgj,NCAA_D1,Ivy League,https://yalebulldogs.com/sports/baseball,yalebulldogs.com,yale,false,true,true,2,0,0,0,0,0,0,0,NEEDS_REVIEW,NEEDS_REVIEW,2026-05-06T15:20:09.050Z,2026-05-29T16:24:13.344Z
cmox1gl2700d6qtsg49sd4h9t,Yavapai College,yavapai-college,,AZ,,,cmox1gl2x00d8qtsgypoa48aa,NJCAA_D1,Region 1,https://njcaastats.prestosports.com/sports/bsb/2024-25/div1/teams/yavapaicollege,njcaastats.prestosports.com,yavapai,false,false,true,0,0,0,0,0,0,0,0,NEEDS_REVIEW,NEEDS_REVIEW,2026-05-08T14:57:03.391Z,2026-05-08T14:57:03.391Z
cmovos1fx00vfqt7gfknwcqrx,Yeshiva University,yeshiva-university,,NY,,,cmovos1gr00vhqt7g0htlz60a,NCAA_D3,Skyline Conference,https://www.yumacs.com,yumacs.com,yeshiva,false,false,true,0,0,0,0,0,0,0,0,NEEDS_REVIEW,NEEDS_REVIEW,2026-05-07T16:14:16.653Z,2026-05-07T16:14:16.653Z
cmowzs2vl0089qt4wbu7rzs9n,York,york,,NE,,,cmowzs2wd008bqt4w074vk659,NAIA,Kansas Collegiate Athletic Conference,https://naiastats.prestosports.com/sports/bsb/2024-25/teams/yorkne,naiastats.prestosports.com,york,false,false,true,0,0,0,0,0,0,0,0,NEEDS_REVIEW,NEEDS_REVIEW,2026-05-08T14:10:00.465Z,2026-05-08T14:21:03.755Z
cmovos1hn00viqt7gz9as766s,York College (New York),york-college-new-york,,NY,,,cmovos1ic00vkqt7glfdzwb1x,NCAA_D3,City University of New York Athletic Conference,https://www.yorkathletics.com,yorkathletics.com,york new york,false,false,true,0,0,0,0,0,0,0,0,NEEDS_REVIEW,NEEDS_REVIEW,2026-05-07T16:14:16.715Z,2026-05-07T16:14:16.715Z
cmovos1j100vlqt7gabpeac3f,York College (Pennsylvania),york-college-pennsylvania,,PA,,,cmovos1jq00vnqt7g6x3k7mdp,NCAA_D3,Middle Atlantic Conferences,https://www.ycpspartans.com,ycpspartans.com,york pennsylvania,false,false,true,0,0,0,0,0,0,0,0,NEEDS_REVIEW,NEEDS_REVIEW,2026-05-07T16:14:16.765Z,2026-05-07T16:14:16.765Z
cmovli0zb00kiqt20sqouegsj,Young Harris,young-harris,Young Harris,Georgia,,,cmovli10000kkqt20zq2jglho,NCAA_D2,Carolinas,,,young harris,false,false,false,0,0,0,0,0,0,0,0,NEEDS_REVIEW,NEEDS_REVIEW,2026-05-07T14:42:30.647Z,2026-05-07T15:06:36.233Z
cmou7aqoh00dxqt44fbtxgn7d,Youngstown State University,youngstown-state-university,Youngstown,OH,,,cmou7aqp900dzqt44qrllpw9b,NCAA_D1,Horizon League,https://ysusports.com/sports/baseball,ysusports.com,youngstown state,false,true,true,2,0,0,0,0,0,0,0,NEEDS_REVIEW,NEEDS_REVIEW,2026-05-06T15:17:09.905Z,2026-05-29T16:24:12.598Z
