athleticsHostname,groupSize,collegeId,collegeName,slug,city,state,canonicalDivision,baseballWebsiteUrl,importedCoachCount
njcaastats.prestosports.com,404,cmox2o0dw0000qtbkh1ptknlj,Alexandria Technical & Community College,alexandria-technical-and-community-college,,MN,NJCAA_D3,https://njcaastats.prestosports.com/sports/bsb/2024-25/div3/teams/alexandriatechnicalcommunitycollege,0
njcaastats.prestosports.com,404,cmox234et0000qtfk8px55yy1,Allegany College of Maryland,allegany-college-of-maryland,,ND,NJCAA_D2,https://njcaastats.prestosports.com/sports/bsb/2024-25/div2/teams/alleganycollegeofmaryland,0
njcaastats.prestosports.com,404,cmox1gesh0000qtsgs8vvl5m1,Allen County Community College,allen-county-community-college,,KS,NJCAA_D1,https://njcaastats.prestosports.com/sports/bsb/2024-25/div1/teams/allencountycommunitycollege,0
njcaastats.prestosports.com,404,cmox234m30003qtfkct75nb3j,Alpena Community College,alpena-community-college,,MI,NJCAA_D2,https://njcaastats.prestosports.com/sports/bsb/2024-25/div2/teams/alpenacommunitycollege,0
njcaastats.prestosports.com,404,cmox1geyb0003qtsgpr2889g6,Alvin Community College,alvin-community-college,,TX,NJCAA_D1,https://njcaastats.prestosports.com/sports/bsb/2024-25/div1/teams/alvincommunitycollege,0
njcaastats.prestosports.com,404,cmox1gezp0006qtsgkj63ex7n,Amarillo College,amarillo-college,,TX,NJCAA_D1,https://njcaastats.prestosports.com/sports/bsb/2024-25/div1/teams/amarillocollege,0
njcaastats.prestosports.com,404,cmox1gf130009qtsg5t8u03t9,Andrew College,andrew-college,,GA,NJCAA_D1,https://njcaastats.prestosports.com/sports/bsb/2024-25/div1/teams/andrewcollege,0
njcaastats.prestosports.com,404,cmox1gf2i000cqtsgqvk0bc2b,Angelina College,angelina-college,,TX,NJCAA_D1,https://njcaastats.prestosports.com/sports/bsb/2024-25/div1/teams/angelinacollege,0
njcaastats.prestosports.com,404,cmox234nk0006qtfk9kcfd0gh,Anne Arundel Community College,anne-arundel-community-college,,MD,NJCAA_D2,https://njcaastats.prestosports.com/sports/bsb/2024-25/div2/teams/annearundelcommunitycollege,0
njcaastats.prestosports.com,404,cmox2o0i10003qtbkbuwc3e6d,Anoka-Ramsey Community College,anoka-ramsey-community-college,,MN,NJCAA_D3,https://njcaastats.prestosports.com/sports/bsb/2024-25/div3/teams/anokaramseycommunitycollege,0
njcaastats.prestosports.com,404,cmox1gf3v000fqtsgrot5pubs,Arizona Western College,arizona-western-college,,AZ,NJCAA_D1,https://njcaastats.prestosports.com/sports/bsb/2024-25/div1/teams/arizonawesterncollege,0
njcaastats.prestosports.com,404,cmox234oz0009qtfk9gtz21k6,Arkansas State Mid-South,arkansas-state-mid-south,,AR,NJCAA_D2,https://njcaastats.prestosports.com/sports/bsb/2024-25/div2/teams/arkansasstatemidsouth,0
njcaastats.prestosports.com,404,cmox234qg000cqtfkuqal77s4,Arkansas State University - Three Rivers,arkansas-state-university-three-rivers,,AR,NJCAA_D2,https://njcaastats.prestosports.com/sports/bsb/2024-25/div2/teams/arkansasstateuniversitythreerivers,0
njcaastats.prestosports.com,404,cmox234rv000fqtfkmqhap0bm,Arkansas State University Mountain Home,arkansas-state-university-mountain-home,,AR,NJCAA_D2,https://njcaastats.prestosports.com/sports/bsb/2024-25/div2/teams/arkansasstateuniversitymountainhome,0
njcaastats.prestosports.com,404,cmox2o0ji0006qtbkzyj3c0ai,Atlantic Cape Community College,atlantic-cape-community-college,,NJ,NJCAA_D3,https://njcaastats.prestosports.com/sports/bsb/2024-25/div3/teams/atlanticcapecommunitycollege,0
njcaastats.prestosports.com,404,cmox1gf59000iqtsgg23jyda0,Barton Community College,barton-community-college,,KS,NJCAA_D1,https://njcaastats.prestosports.com/sports/bsb/2024-25/div1/teams/bartoncommunitycollege,0
njcaastats.prestosports.com,404,cmox1gf6p000lqtsgw810db4k,Baton Rouge Community College,baton-rouge-community-college,,LA,NJCAA_D1,https://njcaastats.prestosports.com/sports/bsb/2024-25/div1/teams/batonrougecommunitycollege,0
njcaastats.prestosports.com,404,cmox234tb000iqtfkko7tsa34,Bay College,bay-college,,MI,NJCAA_D2,https://njcaastats.prestosports.com/sports/bsb/2024-25/div2/teams/baycollege,0
njcaastats.prestosports.com,404,cmox2o0kz0009qtbk8078yso5,Bergen Community College,bergen-community-college,,NJ,NJCAA_D3,https://njcaastats.prestosports.com/sports/bsb/2024-25/div3/teams/bergencommunitycollege,0
njcaastats.prestosports.com,404,cmox234ut000lqtfk4oz8sdut,Bevill State Community College,bevill-state-community-college,,AL,NJCAA_D2,https://njcaastats.prestosports.com/sports/bsb/2024-25/div2/teams/bevillstatecommunitycollege,0
njcaastats.prestosports.com,404,cmox234w7000oqtfk8hdllep8,Bishop State Community College,bishop-state-community-college,,AL,NJCAA_D2,https://njcaastats.prestosports.com/sports/bsb/2024-25/div2/teams/bishopstatecommunitycollege,0
njcaastats.prestosports.com,404,cmox234xk000rqtfk5uh31vu3,Bismarck State College,bismarck-state-college,,ND,NJCAA_D2,https://njcaastats.prestosports.com/sports/bsb/2024-25/div2/teams/bismarckstatecollege,0
njcaastats.prestosports.com,404,cmox234yy000uqtfkmj04pqiz,Black Hawk College,black-hawk-college,,IL,NJCAA_D2,https://njcaastats.prestosports.com/sports/bsb/2024-25/div2/teams/blackhawkcollege,0
njcaastats.prestosports.com,404,cmox1gf86000oqtsgug004uy2,Blinn College,blinn-college,,TX,NJCAA_D1,https://njcaastats.prestosports.com/sports/bsb/2024-25/div1/teams/blinncollege,0
njcaastats.prestosports.com,404,cmox2o0mg000cqtbk6xnygyvm,Borough of Manhattan Community College,borough-of-manhattan-community-college,,NY,NJCAA_D3,https://njcaastats.prestosports.com/sports/bsb/2024-25/div3/teams/boroughofmanhattancommunitycollege,0
njcaastats.prestosports.com,404,cmox1gf9h000rqtsg5p7im7p5,Bossier Parish Community College,bossier-parish-community-college,,LA,NJCAA_D1,https://njcaastats.prestosports.com/sports/bsb/2024-25/div1/teams/bossierparishcommunitycollege,0
njcaastats.prestosports.com,404,cmox2o0ny000fqtbkdjwm6sfi,Bronx Community College,bronx-community-college,,NY,NJCAA_D3,https://njcaastats.prestosports.com/sports/bsb/2024-25/div3/teams/bronxcommunitycollege,0
njcaastats.prestosports.com,404,cmox2o0pe000iqtbk5zpv57jm,Brookdale Community College,brookdale-community-college,,NJ,NJCAA_D3,https://njcaastats.prestosports.com/sports/bsb/2024-25/div3/teams/brookdalecommunitycollege,0
njcaastats.prestosports.com,404,cmox2350b000xqtfk7ry7jc8q,Brunswick Community College,brunswick-community-college,,NC,NJCAA_D2,https://njcaastats.prestosports.com/sports/bsb/2024-25/div2/teams/brunswickcommunitycollege,0
njcaastats.prestosports.com,404,cmox2351r0010qtfki4exm5ci,Bryant & Stratton,bryant-and-stratton,,OH,NJCAA_D2,https://njcaastats.prestosports.com/sports/bsb/2024-25/div2/teams/bryantstrattonohio,0
njcaastats.prestosports.com,404,cmox235370013qtfk8y2sxj30,Bryant & Stratton College,bryant-and-stratton-college,,WI,NJCAA_D2,https://njcaastats.prestosports.com/sports/bsb/2024-25/div2/teams/bryantstrattoncollegewi,0
njcaastats.prestosports.com,404,cmox2o0qy000lqtbkb5hvpuw9,Bunker Hill Community College,bunker-hill-community-college,,MA,NJCAA_D3,https://njcaastats.prestosports.com/sports/bsb/2024-25/div3/teams/bunkerhillcommunitycollege,0
njcaastats.prestosports.com,404,cmox1gfaz000uqtsg2kizpb3y,Butler Community College - KS,butler-community-college-ks,,KS,NJCAA_D1,https://njcaastats.prestosports.com/sports/bsb/2024-25/div1/teams/butlercommunitycollegeks,0
njcaastats.prestosports.com,404,cmox2359d001fqtfkt0k7hmwr,CC of Allegheny County,cc-of-allegheny-county,,PA,NJCAA_D2,https://njcaastats.prestosports.com/sports/bsb/2024-25/div2/teams/ccofalleghenycounty,0
njcaastats.prestosports.com,404,cmox235ap001iqtfkim5jqg9p,CCBC Catonsville,ccbc-catonsville,,MD,NJCAA_D2,https://njcaastats.prestosports.com/sports/bsb/2024-25/div2/teams/ccbccatonsville,0
njcaastats.prestosports.com,404,cmox235c3001lqtfkwf51n64p,CCBC Dundalk,ccbc-dundalk,,MD,NJCAA_D2,https://njcaastats.prestosports.com/sports/bsb/2024-25/div2/teams/ccbcdundalk,0
njcaastats.prestosports.com,404,cmox235di001oqtfk48ov0qw8,CCBC Essex,ccbc-essex,,MD,NJCAA_D2,https://njcaastats.prestosports.com/sports/bsb/2024-25/div2/teams/ccbcessex,0
njcaastats.prestosports.com,404,cmox2o0se000oqtbk5p23woms,Caldwell Community College & Technical Institute,caldwell-community-college-and-technical-institute,,NC,NJCAA_D3,https://njcaastats.prestosports.com/sports/bsb/2024-25/div3/teams/caldwellcommunitycollegetechnicali,0
njcaastats.prestosports.com,404,cmox1gfce000xqtsgvavjcgow,Calhoun Community College,calhoun-community-college,,AL,NJCAA_D1,https://njcaastats.prestosports.com/sports/bsb/2024-25/div1/teams/calhouncommunitycollege,0
njcaastats.prestosports.com,404,cmox2o0tx000rqtbkzs7n60v2,Camden County College,camden-county-college,,NJ,NJCAA_D3,https://njcaastats.prestosports.com/sports/bsb/2024-25/div3/teams/camdencountycollege,0
njcaastats.prestosports.com,404,cmox2o0vd000uqtbkyhkbt6ij,Camp Community College,camp-community-college,,VA,NJCAA_D3,https://njcaastats.prestosports.com/sports/bsb/2024-25/div3/teams/campcommunitycollege,0
njcaastats.prestosports.com,404,cmox2354r0016qtfkakmcyf2u,Carl Albert State College,carl-albert-state-college,,OK,NJCAA_D2,https://njcaastats.prestosports.com/sports/bsb/2024-25/div2/teams/carlalbertstatecollege,0
njcaastats.prestosports.com,404,cmox235690019qtfkbqjl2dwv,Carl Sandburg College,carl-sandburg-college,,IL,NJCAA_D2,https://njcaastats.prestosports.com/sports/bsb/2024-25/div2/teams/carlsandburgcollege,0
njcaastats.prestosports.com,404,cmox2357y001cqtfkolbve8a8,Catawba Valley Community College,catawba-valley-community-college,,NC,NJCAA_D2,https://njcaastats.prestosports.com/sports/bsb/2024-25/div2/teams/catawbavalleycommunitycollege,0
njcaastats.prestosports.com,404,cmox2o0wt000xqtbk9plqcdqd,Cayuga Community College,cayuga-community-college,,NY,NJCAA_D3,https://njcaastats.prestosports.com/sports/bsb/2024-25/div3/teams/cayugacommunitycollege,0
njcaastats.prestosports.com,404,cmox235ew001rqtfk7hveubl8,Cecil College,cecil-college,,MD,NJCAA_D2,https://njcaastats.prestosports.com/sports/bsb/2024-25/div2/teams/cecilcollege,0
njcaastats.prestosports.com,404,cmox235gc001uqtfklqh3okg2,Central Alabama Community College,central-alabama-community-college,,AL,NJCAA_D2,https://njcaastats.prestosports.com/sports/bsb/2024-25/div2/teams/centralalabamacommunitycollege,0
njcaastats.prestosports.com,404,cmox1gfdw0010qtsgqhkf3e53,Central Arizona College,central-arizona-college,,AZ,NJCAA_D1,https://njcaastats.prestosports.com/sports/bsb/2024-25/div1/teams/centralarizonacollege,0
njcaastats.prestosports.com,404,cmox2o0y90010qtbkd2383oke,Central Lakes College-Brainerd,central-lakes-college-brainerd,,MN,NJCAA_D3,https://njcaastats.prestosports.com/sports/bsb/2024-25/div3/teams/centrallakescollegebrainerd,0
njcaastats.prestosports.com,404,cmox2o0zq0013qtbkuh4wv7ct,Century College,century-college,,MN,NJCAA_D3,https://njcaastats.prestosports.com/sports/bsb/2024-25/div3/teams/centurycollege,0
njcaastats.prestosports.com,404,cmox235hr001xqtfk8edzbigb,Chandler-Gilbert Community College,chandler-gilbert-community-college,,AZ,NJCAA_D2,https://njcaastats.prestosports.com/sports/bsb/2024-25/div2/teams/chandlergilbertcommunitycollege,0
njcaastats.prestosports.com,404,cmox1gffa0013qtsgti41kyix,Chattahoochee Valley Community College,chattahoochee-valley-community-college,,AL,NJCAA_D1,https://njcaastats.prestosports.com/sports/bsb/2024-25/div1/teams/chattahoocheevalleycommunitycollege,0
njcaastats.prestosports.com,404,cmox1gfgo0016qtsgs9ugt5nt,Chattanooga State Community College,chattanooga-state-community-college,,TN,NJCAA_D1,https://njcaastats.prestosports.com/sports/bsb/2024-25/div1/teams/chattanoogastatecommunitycollege,0
njcaastats.prestosports.com,404,cmox235j70020qtfkl3uukpn3,Chesapeake College,chesapeake-college,,MD,NJCAA_D2,https://njcaastats.prestosports.com/sports/bsb/2024-25/div2/teams/chesapeakecollege,0
njcaastats.prestosports.com,404,cmox1gfi80019qtsgps2z311s,Chipola  College,chipola-college,,FL,NJCAA_D1,https://njcaastats.prestosports.com/sports/bsb/2024-25/div1/teams/chipolacollege,0
njcaastats.prestosports.com,404,cmox1gfjl001cqtsggloi1bif,Cisco College,cisco-college,,TX,NJCAA_D1,https://njcaastats.prestosports.com/sports/bsb/2024-25/div1/teams/ciscocollege,0
njcaastats.prestosports.com,404,cmox1gfl0001fqtsgrzw6ofzz,Clarendon College,clarendon-college,,TX,NJCAA_D1,https://njcaastats.prestosports.com/sports/bsb/2024-25/div1/teams/clarendoncollege,0
njcaastats.prestosports.com,404,cmox235km0023qtfkno6e1o10,Clark State College,clark-state-college,,OH,NJCAA_D2,https://njcaastats.prestosports.com/sports/bsb/2024-25/div2/teams/clarkstatecollege,0
njcaastats.prestosports.com,404,cmorjat750056qt4wgah72i8t,Cleveland Community College,cleveland-community-college,Shelby,NC,NJCAA_D2,https://njcaastats.prestosports.com/sports/bsb/2024-25/div2/teams/clevelandcommunitycollege,0
njcaastats.prestosports.com,404,cmox1gfme001iqtsg23nqcgwc,Cleveland State Community College,cleveland-state-community-college,,TN,NJCAA_D1,https://njcaastats.prestosports.com/sports/bsb/2024-25/div1/teams/clevelandstatecommunitycollege,0
njcaastats.prestosports.com,404,cmox1gfnw001lqtsg7fvs7z66,Cloud County Community College,cloud-county-community-college,,KS,NJCAA_D1,https://njcaastats.prestosports.com/sports/bsb/2024-25/div1/teams/cloudcountycommunitycollege,0
njcaastats.prestosports.com,404,cmox235nt0029qtfkhy9cb6k7,Coahoma Community College,coahoma-community-college,,MS,NJCAA_D2,https://njcaastats.prestosports.com/sports/bsb/2024-25/div2/teams/coahomacommunitycollege,0
njcaastats.prestosports.com,404,cmox235p7002cqtfkantrt3ir,Coastal Alabama - North,coastal-alabama-north,,AL,NJCAA_D2,https://njcaastats.prestosports.com/sports/bsb/2024-25/div2/teams/coastalalabamanorth,0
njcaastats.prestosports.com,404,cmox1gfp7001oqtsgbphrk1lp,Coastal Alabama - South,coastal-alabama-south,,AL,NJCAA_D1,https://njcaastats.prestosports.com/sports/bsb/2024-25/div1/teams/coastalalabamasouth,0
njcaastats.prestosports.com,404,cmox1gfqj001rqtsgskc12egd,Coastal Bend College,coastal-bend-college,,TX,NJCAA_D1,https://njcaastats.prestosports.com/sports/bsb/2024-25/div1/teams/coastalbendcollege,0
njcaastats.prestosports.com,404,cmox1gfrx001uqtsgjm4zjbds,Cochise College,cochise-college,,AZ,NJCAA_D1,https://njcaastats.prestosports.com/sports/bsb/2024-25/div1/teams/cochisecollege,0
njcaastats.prestosports.com,404,cmox1gft9001xqtsg5fezijcy,Coffeyville Community College,coffeyville-community-college,,KS,NJCAA_D1,https://njcaastats.prestosports.com/sports/bsb/2024-25/div1/teams/coffeyvillecommunitycollege,0
njcaastats.prestosports.com,404,cmox1gfum0020qtsgezoyy7fd,Colby Community College,colby-community-college,,KS,NJCAA_D1,https://njcaastats.prestosports.com/sports/bsb/2024-25/div1/teams/colbycommunitycollege,0
njcaastats.prestosports.com,404,cmox1gfvz0023qtsggc70ytsw,College of Central Florida,college-of-central-florida,,FL,NJCAA_D1,https://njcaastats.prestosports.com/sports/bsb/2024-25/div1/teams/collegeofcentralflorida,0
njcaastats.prestosports.com,404,cmox2o1170016qtbkgk4vxtdy,College of DuPage,college-of-dupage,,IL,NJCAA_D3,https://njcaastats.prestosports.com/sports/bsb/2024-25/div3/teams/collegeofdupage,0
njcaastats.prestosports.com,404,cmox235qm002fqtfkuqtlw0fr,College of Lake County,college-of-lake-county,,IL,NJCAA_D2,https://njcaastats.prestosports.com/sports/bsb/2024-25/div2/teams/collegeoflakecounty,0
njcaastats.prestosports.com,404,cmox1gfxe0026qtsgf9u98eeg,College of Southern Idaho,college-of-southern-idaho,,ID,NJCAA_D1,https://njcaastats.prestosports.com/sports/bsb/2024-25/div1/teams/collegeofsouthernidaho,0
njcaastats.prestosports.com,404,cmox235rz002iqtfkwm4d9287,College of Southern Maryland,college-of-southern-maryland,,ND,NJCAA_D2,https://njcaastats.prestosports.com/sports/bsb/2024-25/div2/teams/collegeofsouthernmaryland,0
njcaastats.prestosports.com,404,cmox1gfyv0029qtsgyyiotlq4,College of Southern Nevada,college-of-southern-nevada,,NV,NJCAA_D1,https://njcaastats.prestosports.com/sports/bsb/2024-25/div1/teams/collegeofsouthernnevada,0
njcaastats.prestosports.com,404,cmox1gg09002cqtsgt5n277or,Colorado Northwestern Community College,colorado-northwestern-community-college,,CO,NJCAA_D1,https://njcaastats.prestosports.com/sports/bsb/2024-25/div1/teams/coloradonorthwesterncommunitycollege,0
njcaastats.prestosports.com,404,cmox1gg1n002fqtsgwq02qnch,Columbia State Community College,columbia-state-community-college,,TN,NJCAA_D1,https://njcaastats.prestosports.com/sports/bsb/2024-25/div1/teams/columbiastatecommunitycollege,0
njcaastats.prestosports.com,404,cmox2o12r0019qtbkypzghh8j,Columbia-Greene Community College,columbia-greene-community-college,,NY,NJCAA_D3,https://njcaastats.prestosports.com/sports/bsb/2024-25/div3/teams/columbiagreenecommunitycollege,0
njcaastats.prestosports.com,404,cmox235tc002lqtfk1sxcqpye,Community Christian,community-christian,,MI,NJCAA_D2,https://njcaastats.prestosports.com/sports/bsb/2024-25/div2/teams/communitychristianmich,0
njcaastats.prestosports.com,404,cmox1gg33002iqtsgotxbo0qh,Community Christian College,community-christian-college,,CA,NJCAA_D1,https://njcaastats.prestosports.com/sports/bsb/2024-25/div1/teams/communitychristiancollege,0
njcaastats.prestosports.com,404,cmox2o14a001cqtbkkjdwv4pc,Community College of Rhode Island,community-college-of-rhode-island,,ND,NJCAA_D3,https://njcaastats.prestosports.com/sports/bsb/2024-25/div3/teams/communitycollegeofrhodeisland,0
njcaastats.prestosports.com,404,cmox1gg4l002lqtsgyq0efnp8,Connors State College,connors-state-college,,OK,NJCAA_D1,https://njcaastats.prestosports.com/sports/bsb/2024-25/div1/teams/connorsstatecollege,0
njcaastats.prestosports.com,404,cmox235us002oqtfk09b6cpem,Copiah-Lincoln Community College,copiah-lincoln-community-college,,MS,NJCAA_D2,https://njcaastats.prestosports.com/sports/bsb/2024-25/div2/teams/copiahlincolncommunitycollege,0
njcaastats.prestosports.com,404,cmox2o15r001fqtbkhc2n30hc,Corning Community College,corning-community-college,,NY,NJCAA_D3,https://njcaastats.prestosports.com/sports/bsb/2024-25/div3/teams/corningcommunitycollege,0
njcaastats.prestosports.com,404,cmox235w7002rqtfkd8q4an8m,County College of Morris,county-college-of-morris,,NJ,NJCAA_D2,https://njcaastats.prestosports.com/sports/bsb/2024-25/div2/teams/countycollegeofmorris,0
njcaastats.prestosports.com,404,cmox1gg5y002oqtsgw42c54te,Cowley County Community College,cowley-county-community-college,,KS,NJCAA_D1,https://njcaastats.prestosports.com/sports/bsb/2024-25/div1/teams/cowleycountycommunitycollege,0
njcaastats.prestosports.com,404,cmox235xm002uqtfk3u1hzfav,Cuyahoga Community College,cuyahoga-community-college,,OH,NJCAA_D2,https://njcaastats.prestosports.com/sports/bsb/2024-25/div2/teams/cuyahogacommunitycollege,0
njcaastats.prestosports.com,404,cmox235z0002xqtfki3pn4ocq,Dakota College at Bottineau,dakota-college-at-bottineau,,ND,NJCAA_D2,https://njcaastats.prestosports.com/sports/bsb/2024-25/div2/teams/dakotacollegeatbottineau,0
njcaastats.prestosports.com,404,cmox2360h0030qtfkmgkq6t1s,Dakota County Technical College,dakota-county-technical-college,,MN,NJCAA_D2,https://njcaastats.prestosports.com/sports/bsb/2024-25/div2/teams/dakotacountytechnicalcollege,0
njcaastats.prestosports.com,404,cmox2o178001iqtbkmn51skku,Dallas College Brookhaven,dallas-college-brookhaven,,TX,NJCAA_D3,https://njcaastats.prestosports.com/sports/bsb/2024-25/div3/teams/dallascollegebrookhaven,0
njcaastats.prestosports.com,404,cmox2o18n001lqtbkdqz5y4sf,Dallas College Cedar Valley,dallas-college-cedar-valley,,TX,NJCAA_D3,https://njcaastats.prestosports.com/sports/bsb/2024-25/div3/teams/dallascollegecedarvalley,0
njcaastats.prestosports.com,404,cmox2o1a4001oqtbkboswlf6h,Dallas College Eastfield,dallas-college-eastfield,,TX,NJCAA_D3,https://njcaastats.prestosports.com/sports/bsb/2024-25/div3/teams/dallascollegeeastfield,0
njcaastats.prestosports.com,404,cmox2o1bi001rqtbkyxbhum73,Dallas College Mountain View,dallas-college-mountain-view,,TX,NJCAA_D3,https://njcaastats.prestosports.com/sports/bsb/2024-25/div3/teams/dallascollegemountainview,0
njcaastats.prestosports.com,404,cmox2o1cx001uqtbkqil4dnpw,Dallas College North Lake,dallas-college-north-lake,,TX,NJCAA_D3,https://njcaastats.prestosports.com/sports/bsb/2024-25/div3/teams/dallascollegenorthlake,0
njcaastats.prestosports.com,404,cmox2o1ec001xqtbkg5cf6frm,Dallas College Richland,dallas-college-richland,,ND,NJCAA_D3,https://njcaastats.prestosports.com/sports/bsb/2024-25/div3/teams/dallascollegerichland,0
njcaastats.prestosports.com,404,cmox2362f0033qtfkvssb61xl,Danville Area Community College,danville-area-community-college,,IL,NJCAA_D2,https://njcaastats.prestosports.com/sports/bsb/2024-25/div2/teams/danvilleareacommunitycollege,0
njcaastats.prestosports.com,404,cmox2363r0036qtfkaf6r4wsy,Dawson Community College,dawson-community-college,,MT,NJCAA_D2,https://njcaastats.prestosports.com/sports/bsb/2024-25/div2/teams/dawsoncommunitycollege,0
njcaastats.prestosports.com,404,cmox1gg8t002uqtsgyoabv9e7,Daytona State College,daytona-state-college,,FL,NJCAA_D1,https://njcaastats.prestosports.com/sports/bsb/2024-25/div1/teams/daytonastatecollege,0
njcaastats.prestosports.com,404,cmox2o1ft0020qtbkwgvp79gu,Delaware County Community College,delaware-county-community-college,,PA,NJCAA_D3,https://njcaastats.prestosports.com/sports/bsb/2024-25/div3/teams/delawarecountycommunitycollege,0
njcaastats.prestosports.com,404,cmox236580039qtfk79pauoa6,Delaware Technical Community College,delaware-technical-community-college,,DE,NJCAA_D2,https://njcaastats.prestosports.com/sports/bsb/2024-25/div2/teams/delawaretechnicalcommunitycollege,0
njcaastats.prestosports.com,404,cmox1gga3002xqtsgnsdkdx19,Delgado Community College,delgado-community-college,,LA,NJCAA_D1,https://njcaastats.prestosports.com/sports/bsb/2024-25/div1/teams/delgadocommunitycollege,0
njcaastats.prestosports.com,404,cmox2o1h80023qtbkgkrhwidh,Delta College,delta-college,,MI,NJCAA_D3,https://njcaastats.prestosports.com/sports/bsb/2024-25/div3/teams/deltacollege,0
njcaastats.prestosports.com,404,cmox2366l003cqtfklwsmq2cv,Des Moines Area Community College,des-moines-area-community-college,,IA,NJCAA_D2,https://njcaastats.prestosports.com/sports/bsb/2024-25/div2/teams/desmoinesareacommunitycollege,0
njcaastats.prestosports.com,404,cmox1ggbg0030qtsgkd44qs0p,Dodge City Community College,dodge-city-community-college,,KS,NJCAA_D1,https://njcaastats.prestosports.com/sports/bsb/2024-25/div1/teams/dodgecitycommunitycollege,0
njcaastats.prestosports.com,404,cmox2o1iv0026qtbk20oox5ke,Dutchess Community College,dutchess-community-college,,NY,NJCAA_D3,https://njcaastats.prestosports.com/sports/bsb/2024-25/div3/teams/dutchesscommunitycollege,0
njcaastats.prestosports.com,404,cmox1ggcw0033qtsgry6iilxh,Dyersburg State Community College,dyersburg-state-community-college,,TN,NJCAA_D1,https://njcaastats.prestosports.com/sports/bsb/2024-25/div1/teams/dyersburgstatecommunitycollege,0
njcaastats.prestosports.com,404,cmox23683003fqtfkyhppeagg,East Central College,east-central-college,,MO,NJCAA_D2,https://njcaastats.prestosports.com/sports/bsb/2024-25/div2/teams/eastcentralcollege,0
njcaastats.prestosports.com,404,cmox2369i003iqtfki4kmid3s,East Central Community College,east-central-community-college,,MS,NJCAA_D2,https://njcaastats.prestosports.com/sports/bsb/2024-25/div2/teams/eastcentralcommunitycollege,0
njcaastats.prestosports.com,404,cmox1ggec0036qtsgc1zh6eat,East Georgia College,east-georgia-college,,GA,NJCAA_D1,https://njcaastats.prestosports.com/sports/bsb/2024-25/div1/teams/eastgeorgiacollege,0
njcaastats.prestosports.com,404,cmox236bb003lqtfk4mbc0epk,East Mississippi Community College,east-mississippi-community-college,,MS,NJCAA_D2,https://njcaastats.prestosports.com/sports/bsb/2024-25/div2/teams/eastmississippicommunitycollege,0
njcaastats.prestosports.com,404,cmox1ggfq0039qtsg3gztbswe,Eastern Arizona College,eastern-arizona-college,,AZ,NJCAA_D1,https://njcaastats.prestosports.com/sports/bsb/2024-25/div1/teams/easternarizonacollege,0
njcaastats.prestosports.com,404,cmox1ggh4003cqtsg8arxhmsm,Eastern Florida State College,eastern-florida-state-college,,FL,NJCAA_D1,https://njcaastats.prestosports.com/sports/bsb/2024-25/div1/teams/easternfloridastatecollege,0
njcaastats.prestosports.com,404,cmox1ggii003fqtsgde85zy4y,Eastern Oklahoma State College,eastern-oklahoma-state-college,,OK,NJCAA_D1,https://njcaastats.prestosports.com/sports/bsb/2024-25/div1/teams/easternoklahomastatecollege,0
njcaastats.prestosports.com,404,cmox236cq003oqtfk1m5g3msi,Edison State,edison-state,,OH,NJCAA_D2,https://njcaastats.prestosports.com/sports/bsb/2024-25/div2/teams/edisonstate,0
njcaastats.prestosports.com,404,cmox1ggjv003iqtsgin1vp932,El Paso Community College,el-paso-community-college,,TX,NJCAA_D1,https://njcaastats.prestosports.com/sports/bsb/2024-25/div1/teams/elpasocommunitycollege,0
njcaastats.prestosports.com,404,cmox236e6003rqtfkqnofz1qu,Elgin Community College,elgin-community-college,,IL,NJCAA_D2,https://njcaastats.prestosports.com/sports/bsb/2024-25/div2/teams/elgincommunitycollege,0
njcaastats.prestosports.com,404,cmox236fj003uqtfkrdfeu43v,Ellsworth Community College,ellsworth-community-college,,IA,NJCAA_D2,https://njcaastats.prestosports.com/sports/bsb/2024-25/div2/teams/ellsworthcommunitycollege,0
njcaastats.prestosports.com,404,cmox236gw003xqtfk0srlmsdg,Enterprise State Community College,enterprise-state-community-college,,AL,NJCAA_D2,https://njcaastats.prestosports.com/sports/bsb/2024-25/div2/teams/enterprisestatecommunitycollege,0
njcaastats.prestosports.com,404,cmox2o1ki0029qtbkqo99ycm8,Erie Community College,erie-community-college,,NY,NJCAA_D3,https://njcaastats.prestosports.com/sports/bsb/2024-25/div3/teams/eriecommunitycollege,0
njcaastats.prestosports.com,404,cmox236id0040qtfktpk0ftv4,Fayetteville Technical Community College,fayetteville-technical-community-college,,NC,NJCAA_D2,https://njcaastats.prestosports.com/sports/bsb/2024-25/div2/teams/fayettevilletechnicalcommunitycollege,0
njcaastats.prestosports.com,404,cmox2o1ly002cqtbko7xbptx3,Finger Lakes Community College,finger-lakes-community-college,,NY,NJCAA_D3,https://njcaastats.prestosports.com/sports/bsb/2024-25/div3/teams/fingerlakescommunitycollege,0
njcaastats.prestosports.com,404,cmorj0hif0040qtio7bope0o8,Florence-Darlington Technical College,florence-darlington-technical-college,Florence,SC,NJCAA_D1,https://njcaastats.prestosports.com/sports/bsb/2024-25/div1/teams/florencedarlingtontechnicalcollege,0
njcaastats.prestosports.com,404,cmox1ggmr003oqtsg3cn8o7i8,Florida Southwestern State College,florida-southwestern-state-college,,FL,NJCAA_D1,https://njcaastats.prestosports.com/sports/bsb/2024-25/div1/teams/floridasouthwesternstatecollege,0
njcaastats.prestosports.com,404,cmox236jq0043qtfko5qccn8c,Florida State College at Jacksonville,florida-state-college-at-jacksonville,,FL,NJCAA_D2,https://njcaastats.prestosports.com/sports/bsb/2024-25/div2/teams/floridastatecollegeatjacksonville,0
njcaastats.prestosports.com,404,cmox1ggo4003rqtsg418l5apx,Fort Scott Community College,fort-scott-community-college,,KS,NJCAA_D1,https://njcaastats.prestosports.com/sports/bsb/2024-25/div1/teams/fortscottcommunitycollege,0
njcaastats.prestosports.com,404,cmox1ggpi003uqtsgy8kfqmqq,Frank Phillips College,frank-phillips-college,,TX,NJCAA_D1,https://njcaastats.prestosports.com/sports/bsb/2024-25/div1/teams/frankphillipscollege,0
njcaastats.prestosports.com,404,cmox236l30046qtfk8xqh107a,Frederick Community College,frederick-community-college,,MD,NJCAA_D2,https://njcaastats.prestosports.com/sports/bsb/2024-25/div2/teams/frederickcommunitycollege,0
njcaastats.prestosports.com,404,cmox1ggqw003xqtsgkvi3h0qp,Frontier Community College,frontier-community-college,,IL,NJCAA_D1,https://njcaastats.prestosports.com/sports/bsb/2024-25/div1/teams/frontiercommunitycollege,0
njcaastats.prestosports.com,404,cmox2o1ne002fqtbkjdq0ry1a,Fulton-Montgomery Community College,fulton-montgomery-community-college,,NY,NJCAA_D3,https://njcaastats.prestosports.com/sports/bsb/2024-25/div3/teams/fultonmontgomerycommunitycollege,0
njcaastats.prestosports.com,404,cmox1ggs80040qtsgq3b315gk,Gadsden State Community College,gadsden-state-community-college,,AL,NJCAA_D1,https://njcaastats.prestosports.com/sports/bsb/2024-25/div1/teams/gadsdenstatecommunitycollege,0
njcaastats.prestosports.com,404,cmox1ggu50043qtsgg2ijv30h,Galveston College,galveston-college,,TX,NJCAA_D1,https://njcaastats.prestosports.com/sports/bsb/2024-25/div1/teams/galvestoncollege,0
njcaastats.prestosports.com,404,cmox1ggvg0046qtsgg6sclzdp,Garden City Community College,garden-city-community-college,,KS,NJCAA_D1,https://njcaastats.prestosports.com/sports/bsb/2024-25/div1/teams/gardencitycommunitycollege,0
njcaastats.prestosports.com,404,cmox236mg0049qtfkd4dhqzk6,Garrett College,garrett-college,,MD,NJCAA_D2,https://njcaastats.prestosports.com/sports/bsb/2024-25/div2/teams/garrettcollege,0
njcaastats.prestosports.com,404,cmox236nw004cqtfkxex1lctm,GateWay Community College - AZ,gateway-community-college-az,,AZ,NJCAA_D2,https://njcaastats.prestosports.com/sports/bsb/2024-25/div2/teams/gatewaycommunitycollegeaz,0
njcaastats.prestosports.com,404,cmox2o1ou002iqtbkuljo3neq,Genesee Community College,genesee-community-college,,NY,NJCAA_D3,https://njcaastats.prestosports.com/sports/bsb/2024-25/div3/teams/geneseecommunitycollege,0
njcaastats.prestosports.com,404,cmox1ggy2004cqtsgm31b5u32,Georgia Highlands College,georgia-highlands-college,,GA,NJCAA_D1,https://njcaastats.prestosports.com/sports/bsb/2024-25/div1/teams/georgiahighlandscollege,0
njcaastats.prestosports.com,404,cmox236p8004fqtfkadp9pq5g,Glen Oaks Community College,glen-oaks-community-college,,MI,NJCAA_D2,https://njcaastats.prestosports.com/sports/bsb/2024-25/div2/teams/glenoakscommunitycollege,0
njcaastats.prestosports.com,404,cmox236qo004iqtfkel4gr7m2,Glendale Community College,glendale-community-college,,AZ,NJCAA_D2,https://njcaastats.prestosports.com/sports/bsb/2024-25/div2/teams/glendalecommunitycollege,0
njcaastats.prestosports.com,404,cmox1ggzh004fqtsg10bvwc95,Gordon State College,gordon-state-college,,GA,NJCAA_D1,https://njcaastats.prestosports.com/sports/bsb/2024-25/div1/teams/gordonstatecollege,0
njcaastats.prestosports.com,404,cmox236s9004lqtfkn6j77qyp,Grand Rapids Community College,grand-rapids-community-college,,MI,NJCAA_D2,https://njcaastats.prestosports.com/sports/bsb/2024-25/div2/teams/grandrapidscommunitycollege,0
njcaastats.prestosports.com,404,cmox1gh15004iqtsg9a2lit5i,Grayson College,grayson-college,,TX,NJCAA_D1,https://njcaastats.prestosports.com/sports/bsb/2024-25/div1/teams/graysoncollege,0
njcaastats.prestosports.com,404,cmox236tl004oqtfky6972w7q,Guilford Technical Community College,guilford-technical-community-college,,NC,NJCAA_D2,https://njcaastats.prestosports.com/sports/bsb/2024-25/div2/teams/guilfordtechnicalcommunitycollege,0
njcaastats.prestosports.com,404,cmox1gh2k004lqtsgkrig1zq0,Gulf Coast State College,gulf-coast-state-college,,FL,NJCAA_D1,https://njcaastats.prestosports.com/sports/bsb/2024-25/div1/teams/gulfcoaststatecollege,0
njcaastats.prestosports.com,404,cmox236v0004rqtfko4nnuwkc,Hagerstown Community College,hagerstown-community-college,,MD,NJCAA_D2,https://njcaastats.prestosports.com/sports/bsb/2024-25/div2/teams/hagerstowncommunitycollege,0
njcaastats.prestosports.com,404,cmox1gh3z004oqtsgej58d6pv,Harford Community College,harford-community-college,,MD,NJCAA_D1,https://njcaastats.prestosports.com/sports/bsb/2024-25/div1/teams/harfordcommunitycollege,0
njcaastats.prestosports.com,404,cmox236wf004uqtfkq9k0imgp,Harper College,harper-college,,IL,NJCAA_D3,https://njcaastats.prestosports.com/sports/bsb/2024-25/div3/teams/harpercollege,0
njcaastats.prestosports.com,404,cmox236xw004xqtfku67i1gyl,Heartland Community College,heartland-community-college,,IL,NJCAA_D2,https://njcaastats.prestosports.com/sports/bsb/2024-25/div2/teams/heartlandcommunitycollege,0
njcaastats.prestosports.com,404,cmox236za0050qtfkjjvoiyms,Henry Ford College,henry-ford-college,,MI,NJCAA_D2,https://njcaastats.prestosports.com/sports/bsb/2024-25/div2/teams/henryfordcollege,0
njcaastats.prestosports.com,404,cmox2o1rv002oqtbk1wv23lsb,Herkimer College,herkimer-college,,NY,NJCAA_D3,https://njcaastats.prestosports.com/sports/bsb/2024-25/div3/teams/herkimercollege,0
njcaastats.prestosports.com,404,cmox2370n0053qtfkut9hq09h,Hesston College,hesston-college,,KS,NJCAA_D2,https://njcaastats.prestosports.com/sports/bsb/2024-25/div2/teams/hesstoncollege,0
njcaastats.prestosports.com,404,cmox237220056qtfk1l2bot9e,Highland Community College - Illinois,highland-community-college-illinois,,IL,NJCAA_D2,https://njcaastats.prestosports.com/sports/bsb/2024-25/div2/teams/highlandcommunitycollegeillinois,0
njcaastats.prestosports.com,404,cmox1gh5c004rqtsg3jrv94hg,Highland Community College - Kansas,highland-community-college-kansas,,KS,NJCAA_D1,https://njcaastats.prestosports.com/sports/bsb/2024-25/div1/teams/highlandcommunitycollegekansas,0
njcaastats.prestosports.com,404,cmox1gh6p004uqtsgbv70qatf,Hill College,hill-college,,TX,NJCAA_D1,https://njcaastats.prestosports.com/sports/bsb/2024-25/div1/teams/hillcollege,0
njcaastats.prestosports.com,404,cmox1gh83004xqtsg5nnzsgrv,Hillsborough Community College,hillsborough-community-college,,FL,NJCAA_D1,https://njcaastats.prestosports.com/sports/bsb/2024-25/div1/teams/hillsboroughcommunitycollege,0
njcaastats.prestosports.com,404,cmox2373g0059qtfkvko4dcah,Hinds Community College,hinds-community-college,,MS,NJCAA_D2,https://njcaastats.prestosports.com/sports/bsb/2024-25/div2/teams/hindscommunitycollege,0
njcaastats.prestosports.com,404,cmox2374u005cqtfk4dijqisw,Hocking,hocking,,OH,NJCAA_D2,https://njcaastats.prestosports.com/sports/bsb/2024-25/div2/teams/hocking,0
njcaastats.prestosports.com,404,cmox23764005fqtfky74wzucz,Holmes Community College,holmes-community-college,,MS,NJCAA_D2,https://njcaastats.prestosports.com/sports/bsb/2024-25/div2/teams/holmescommunitycollege,0
njcaastats.prestosports.com,404,cmox2o1t9002rqtbkfpw7ptr0,Holyoke Community College,holyoke-community-college,,MA,NJCAA_D3,https://njcaastats.prestosports.com/sports/bsb/2024-25/div3/teams/holyokecommunitycollege,0
njcaastats.prestosports.com,404,cmox1gh9i0050qtsgegkjp2od,Howard College,howard-college,,TX,NJCAA_D1,https://njcaastats.prestosports.com/sports/bsb/2024-25/div1/teams/howardcollege,0
njcaastats.prestosports.com,404,cmox2o1ur002uqtbk6f6pwr6h,Hudson Valley Community College,hudson-valley-community-college,,NY,NJCAA_D3,https://njcaastats.prestosports.com/sports/bsb/2024-25/div3/teams/hudsonvalleycommunitycollege,0
njcaastats.prestosports.com,404,cmox1ghax0053qtsgc3bt8rz4,Hutchinson Community College,hutchinson-community-college,,KS,NJCAA_D1,https://njcaastats.prestosports.com/sports/bsb/2024-25/div1/teams/hutchinsoncommunitycollege,0
njcaastats.prestosports.com,404,cmox2377j005iqtfklxcbxnrb,Illinois Central College,illinois-central-college,,IL,NJCAA_D2,https://njcaastats.prestosports.com/sports/bsb/2024-25/div2/teams/illinoiscentralcollege,0
njcaastats.prestosports.com,404,cmox2378w005lqtfkywoaesrx,Illinois Valley Community College,illinois-valley-community-college,,IL,NJCAA_D2,https://njcaastats.prestosports.com/sports/bsb/2024-25/div2/teams/illinoisvalleycommunitycollege,0
njcaastats.prestosports.com,404,cmox1ghcd0056qtsgvfgyb4k7,Indian Hills Community College,indian-hills-community-college,,IA,NJCAA_D1,https://njcaastats.prestosports.com/sports/bsb/2024-25/div1/teams/indianhillscommunitycollege,0
njcaastats.prestosports.com,404,cmox1ghdt0059qtsg1nv7poph,Indian River State College,indian-river-state-college,,FL,NJCAA_D1,https://njcaastats.prestosports.com/sports/bsb/2024-25/div1/teams/indianriverstatecollege,0
njcaastats.prestosports.com,404,cmox237ad005oqtfkd0s85n5f,Iowa Central Community College,iowa-central-community-college,,IA,NJCAA_D2,https://njcaastats.prestosports.com/sports/bsb/2024-25/div2/teams/iowacentralcommunitycollege,0
njcaastats.prestosports.com,404,cmox237bs005rqtfkm2tjatrt,Iowa Lakes Community College,iowa-lakes-community-college,,IA,NJCAA_D2,https://njcaastats.prestosports.com/sports/bsb/2024-25/div2/teams/iowalakescommunitycollege,0
njcaastats.prestosports.com,404,cmox1ghf7005cqtsgi7e8tk0s,Iowa Western Community College,iowa-western-community-college,,IA,NJCAA_D1,https://njcaastats.prestosports.com/sports/bsb/2024-25/div1/teams/iowawesterncommunitycollege,0
njcaastats.prestosports.com,404,cmox237d8005uqtfkbxa00o4x,Itawamba Community College,itawamba-community-college,,MS,NJCAA_D2,https://njcaastats.prestosports.com/sports/bsb/2024-25/div2/teams/itawambacommunitycollege,0
njcaastats.prestosports.com,404,cmox237em005xqtfkv4mpr20b,Jackson College,jackson-college,,MI,NJCAA_D2,https://njcaastats.prestosports.com/sports/bsb/2024-25/div2/teams/jacksoncollege,0
njcaastats.prestosports.com,404,cmox1ghgl005fqtsgtp091ny4,Jackson State Community College,jackson-state-community-college,,TN,NJCAA_D1,https://njcaastats.prestosports.com/sports/bsb/2024-25/div1/teams/jacksonstatecommunitycollege,0
njcaastats.prestosports.com,404,cmox2o1w7002xqtbk8uk911g1,Jamestown Community College,jamestown-community-college,,NY,NJCAA_D3,https://njcaastats.prestosports.com/sports/bsb/2024-25/div3/teams/jamestowncommunitycollege,0
njcaastats.prestosports.com,404,cmox1ghhz005iqtsg6n46ykur,Jefferson College,jefferson-college,,MO,NJCAA_D1,https://njcaastats.prestosports.com/sports/bsb/2024-25/div1/teams/jeffersoncollege,0
njcaastats.prestosports.com,404,cmox2o1xq0030qtbk6hyoayko,Jefferson Community College,jefferson-community-college,,NY,NJCAA_D3,https://njcaastats.prestosports.com/sports/bsb/2024-25/div3/teams/jeffersoncommunitycollege,0
njcaastats.prestosports.com,404,cmox1ghje005lqtsg4nodsmwp,John A. Logan College,john-a-logan-college,,IL,NJCAA_D1,https://njcaastats.prestosports.com/sports/bsb/2024-25/div1/teams/johnalogancollege,0
njcaastats.prestosports.com,404,cmox237g00060qtfk2jqa1z49,John Wood Community College,john-wood-community-college,,IL,NJCAA_D2,https://njcaastats.prestosports.com/sports/bsb/2024-25/div2/teams/johnwoodcommunitycollege,0
njcaastats.prestosports.com,404,cmox1ghkq005oqtsgk5vbmhcv,Johnson County Community College,johnson-county-community-college,,KS,NJCAA_D1,https://njcaastats.prestosports.com/sports/bsb/2024-25/div1/teams/johnsoncountycommunitycollege,0
njcaastats.prestosports.com,404,cmox2o1z70033qtbkgqy78515,Joliet Junior College,joliet-junior-college,,IL,NJCAA_D3,https://njcaastats.prestosports.com/sports/bsb/2024-25/div3/teams/jolietjuniorcollege,0
njcaastats.prestosports.com,404,cmox237hc0063qtfk9scdv1l9,Jones College,jones-college,,MS,NJCAA_D2,https://njcaastats.prestosports.com/sports/bsb/2024-25/div2/teams/jonescollege,0
njcaastats.prestosports.com,404,cmox237it0066qtfk4cdsi2u8,Kalamazoo Valley Community College,kalamazoo-valley-community-college,,MI,NJCAA_D2,https://njcaastats.prestosports.com/sports/bsb/2024-25/div2/teams/kalamazoovalleycommunitycollege,0
njcaastats.prestosports.com,404,cmox237k80069qtfkne4wbkhy,Kankakee Community College,kankakee-community-college,,IL,NJCAA_D2,https://njcaastats.prestosports.com/sports/bsb/2024-25/div2/teams/kankakeecommunitycollege,0
njcaastats.prestosports.com,404,cmox1ghma005rqtsgx03ukllp,Kansas City Kansas Community College,kansas-city-kansas-community-college,,KS,NJCAA_D1,https://njcaastats.prestosports.com/sports/bsb/2024-25/div1/teams/kansascitykansascommunitycollege,0
njcaastats.prestosports.com,404,cmox1ghnl005uqtsgfdpl5rhv,Kaskaskia College,kaskaskia-college,,IL,NJCAA_D1,https://njcaastats.prestosports.com/sports/bsb/2024-25/div1/teams/kaskaskiacollege,0
njcaastats.prestosports.com,404,cmox237ln006cqtfk96h84b7x,Kellogg Community College,kellogg-community-college,,MI,NJCAA_D2,https://njcaastats.prestosports.com/sports/bsb/2024-25/div2/teams/kelloggcommunitycollege,0
njcaastats.prestosports.com,404,cmox1ghox005xqtsgv7iad95e,Kennedy-King College,kennedy-king-college,,IL,NJCAA_D1,https://njcaastats.prestosports.com/sports/bsb/2024-25/div1/teams/kennedykingcollege,0
njcaastats.prestosports.com,404,cmox2o20l0036qtbktb8b86z7,Kingsborough Community College,kingsborough-community-college,,NY,NJCAA_D3,https://njcaastats.prestosports.com/sports/bsb/2024-25/div3/teams/kingsboroughcommunitycollege,0
njcaastats.prestosports.com,404,cmox237n2006fqtfkgzdykizj,Kirkwood Community College,kirkwood-community-college,,IA,NJCAA_D2,https://njcaastats.prestosports.com/sports/bsb/2024-25/div2/teams/kirkwoodcommunitycollege,0
njcaastats.prestosports.com,404,cmox1ghqc0060qtsggpuqzmtv,Kishwaukee College,kishwaukee-college,,IL,NJCAA_D1,https://njcaastats.prestosports.com/sports/bsb/2024-25/div1/teams/kishwaukeecollege,0
njcaastats.prestosports.com,404,cmox1ghrq0063qtsgu5jtnvsk,Labette Community College,labette-community-college,,KS,NJCAA_D1,https://njcaastats.prestosports.com/sports/bsb/2024-25/div1/teams/labettecommunitycollege,0
njcaastats.prestosports.com,404,cmox237oi006iqtfkgxp6lx4g,Lackawanna College,lackawanna-college,,PA,NJCAA_D2,https://njcaastats.prestosports.com/sports/bsb/2024-25/div2/teams/lackawannacollege,0
njcaastats.prestosports.com,404,cmox1ght20066qtsgtbl23of9,Lake Land College,lake-land-college,,IL,NJCAA_D1,https://njcaastats.prestosports.com/sports/bsb/2024-25/div1/teams/lakelandcollege,0
njcaastats.prestosports.com,404,cmox237pv006lqtfkxsbv2dzz,Lake Michigan College,lake-michigan-college,,MI,NJCAA_D2,https://njcaastats.prestosports.com/sports/bsb/2024-25/div2/teams/lakemichigancollege,0
njcaastats.prestosports.com,404,cmox237rc006oqtfkpq5els60,Lake Region State College - ND,lake-region-state-college-nd,,ND,NJCAA_D2,https://njcaastats.prestosports.com/sports/bsb/2024-25/div2/teams/lakeregionstatecollegend,0
njcaastats.prestosports.com,404,cmox237st006rqtfkrsyytyif,Lake-Sumter State College,lake-sumter-state-college,,FL,NJCAA_D2,https://njcaastats.prestosports.com/sports/bsb/2024-25/div2/teams/lakesumterstatecollege,0
njcaastats.prestosports.com,404,cmox237u9006uqtfkmz4ptqzv,Lakeland Community College,lakeland-community-college,,OH,NJCAA_D2,https://njcaastats.prestosports.com/sports/bsb/2024-25/div2/teams/lakelandcommunitycollege,0
njcaastats.prestosports.com,404,cmox1ghue0069qtsgeslr90uj,Lamar Community College,lamar-community-college,,CO,NJCAA_D1,https://njcaastats.prestosports.com/sports/bsb/2024-25/div1/teams/lamarcommunitycollege,0
njcaastats.prestosports.com,404,cmox237vn006xqtfkm7btexra,Lansing Community College,lansing-community-college,,MI,NJCAA_D2,https://njcaastats.prestosports.com/sports/bsb/2024-25/div2/teams/lansingcommunitycollege,0
njcaastats.prestosports.com,404,cmox1ghvv006cqtsglb9vjv65,Lawson State Community College,lawson-state-community-college,,AL,NJCAA_D1,https://njcaastats.prestosports.com/sports/bsb/2024-25/div1/teams/lawsonstatecommunitycollege,0
njcaastats.prestosports.com,404,cmox237x00070qtfkegjy06th,Lenoir Community College,lenoir-community-college,,NC,NJCAA_D2,https://njcaastats.prestosports.com/sports/bsb/2024-25/div2/teams/lenoircommunitycollege,0
njcaastats.prestosports.com,404,cmox237ye0073qtfkashksyoi,Lewis & Clark Community College,lewis-and-clark-community-college,,IL,NJCAA_D2,https://njcaastats.prestosports.com/sports/bsb/2024-25/div2/teams/lewisclarkcommunitycollege,0
njcaastats.prestosports.com,404,cmox237zs0076qtfkf1v7ckpt,Lincoln Land Community College,lincoln-land-community-college,,IL,NJCAA_D2,https://njcaastats.prestosports.com/sports/bsb/2024-25/div2/teams/lincolnlandcommunitycollege,0
njcaastats.prestosports.com,404,cmox1ghxb006fqtsgu5re7f4u,Lincoln Trail College,lincoln-trail-college,,IL,NJCAA_D1,https://njcaastats.prestosports.com/sports/bsb/2024-25/div1/teams/lincolntrailcollege,0
njcaastats.prestosports.com,404,cmox2o2210039qtbkozottt6r,Lorain County Community College,lorain-county-community-college,,OH,NJCAA_D3,https://njcaastats.prestosports.com/sports/bsb/2024-25/div3/teams/loraincountycommunitycollege,0
njcaastats.prestosports.com,404,cmorjat8g0059qt4wzrxhvygw,Louisburg College,louisburg-college,Louisburg,NC,NJCAA_D2,https://njcaastats.prestosports.com/sports/bsb/2024-25/div2/teams/louisburgcollege,0
njcaastats.prestosports.com,404,cmox1ghyn006iqtsgfgt4f361,Louisiana State University Eunice,louisiana-state-university-eunice,,LA,NJCAA_D1,https://njcaastats.prestosports.com/sports/bsb/2024-25/div1/teams/louisianastateuniversityeunice,0
njcaastats.prestosports.com,404,cmox1gi05006lqtsg25vd4spg,Luna Community College,luna-community-college,,NM,NJCAA_D1,https://njcaastats.prestosports.com/sports/bsb/2024-25/div1/teams/lunacommunitycollege,0
njcaastats.prestosports.com,404,cmox2382k007cqtfk7mq3prfd,Lurleen B. Wallace Community College,lurleen-b-wallace-community-college,,AL,NJCAA_D2,https://njcaastats.prestosports.com/sports/bsb/2024-25/div2/teams/lurleenbwallacecommunitycollege,0
njcaastats.prestosports.com,404,cmox2o23h003cqtbklgs7jrdo,Luzerne County Community College,luzerne-county-community-college,,PA,NJCAA_D3,https://njcaastats.prestosports.com/sports/bsb/2024-25/div3/teams/luzernecountycommunitycollege,0
njcaastats.prestosports.com,404,cmox2383x007fqtfkyj1orrdd,Macomb Community College,macomb-community-college,,MI,NJCAA_D2,https://njcaastats.prestosports.com/sports/bsb/2024-25/div2/teams/macombcommunitycollege,0
njcaastats.prestosports.com,404,cmox2385c007iqtfk85vi4mbf,Madison College,madison-college,,WI,NJCAA_D2,https://njcaastats.prestosports.com/sports/bsb/2024-25/div2/teams/madisoncollege,0
njcaastats.prestosports.com,404,cmox2386r007lqtfk7psukvb3,Marian University Ancilla,marian-university-ancilla,,LA,NJCAA_D2,https://njcaastats.prestosports.com/sports/bsb/2024-25/div2/teams/marianuniversityancilla,0
njcaastats.prestosports.com,404,cmox23886007oqtfkr7tnljl8,Marion Military Institute,marion-military-institute,,AL,NJCAA_D2,https://njcaastats.prestosports.com/sports/bsb/2024-25/div2/teams/marionmilitaryinstitute,0
njcaastats.prestosports.com,404,cmox2389p007rqtfkqd5ig5iy,Marshalltown Community College,marshalltown-community-college,,IA,NJCAA_D2,https://njcaastats.prestosports.com/sports/bsb/2024-25/div2/teams/marshalltowncc,0
njcaastats.prestosports.com,404,cmox2o24w003fqtbkeclocvya,Massasoit Community College,massasoit-community-college,,MA,NJCAA_D3,https://njcaastats.prestosports.com/sports/bsb/2024-25/div3/teams/massasoitcommunitycollege,0
njcaastats.prestosports.com,404,cmox1gi1h006oqtsggh1qc891,McCook Community College,mccook-community-college,,NE,NJCAA_D1,https://njcaastats.prestosports.com/sports/bsb/2024-25/div1/teams/mccookcommunitycollege,0
njcaastats.prestosports.com,404,cmox1gi2w006rqtsgdxnmr2io,McHenry County College,mchenry-county-college,,IL,NJCAA_D1,https://njcaastats.prestosports.com/sports/bsb/2024-25/div1/teams/mchenrycountycollege,0
njcaastats.prestosports.com,404,cmox1gi48006uqtsgbop2r9x2,McLennan Community College,mclennan-community-college,,TX,NJCAA_D1,https://njcaastats.prestosports.com/sports/bsb/2024-25/div1/teams/mclennancommunitycollege,0
njcaastats.prestosports.com,404,cmox238b4007uqtfk9cdvx3p4,Mercer County Community College,mercer-county-community-college,,NJ,NJCAA_D2,https://njcaastats.prestosports.com/sports/bsb/2024-25/div2/teams/mercercountycommunitycollege,0
njcaastats.prestosports.com,404,cmox238ch007xqtfk12h0a9cz,Meridian Community College,meridian-community-college,,MS,NJCAA_D2,https://njcaastats.prestosports.com/sports/bsb/2024-25/div2/teams/meridiancommunitycollege,0
njcaastats.prestosports.com,404,cmox238du0080qtfkpv9458cx,Mesa Community College,mesa-community-college,,AZ,NJCAA_D2,https://njcaastats.prestosports.com/sports/bsb/2024-25/div2/teams/mesacommunitycollege,0
njcaastats.prestosports.com,404,cmox1gi5m006xqtsg3weazvjx,Metropolitan Community College,metropolitan-community-college,,NE,NJCAA_D1,https://njcaastats.prestosports.com/sports/bsb/2024-25/div1/teams/metropolitancommunitycollege,0
njcaastats.prestosports.com,404,cmox1gi6z0070qtsgi1r423i9,Miami Dade College,miami-dade-college,,FL,NJCAA_D1,https://njcaastats.prestosports.com/sports/bsb/2024-25/div1/teams/miamidadecollege,0
njcaastats.prestosports.com,404,cmox238f90083qtfk6bq6fly3,Mid Michigan College,mid-michigan-college,,MI,NJCAA_D2,https://njcaastats.prestosports.com/sports/bsb/2024-25/div2/teams/midmichigancollege,0
njcaastats.prestosports.com,404,cmox2o26f003iqtbky03hkkhv,Middlesex College,middlesex-college,,NJ,NJCAA_D3,https://njcaastats.prestosports.com/sports/bsb/2024-25/div3/teams/middlesexcollege,0
njcaastats.prestosports.com,404,cmox1gi8a0073qtsg01m46kpe,Midland College,midland-college,,TX,NJCAA_D1,https://njcaastats.prestosports.com/sports/bsb/2024-25/div1/teams/midlandcollege,0
njcaastats.prestosports.com,404,cmox238go0086qtfkciy0ffja,Miles Community College,miles-community-college,,MT,NJCAA_D2,https://njcaastats.prestosports.com/sports/bsb/2024-25/div2/teams/milescommunitycollege,0
njcaastats.prestosports.com,404,cmox238i20089qtfk7c9u50mt,Milwaukee Area Technical College,milwaukee-area-technical-college,,WI,NJCAA_D2,https://njcaastats.prestosports.com/sports/bsb/2024-25/div2/teams/milwaukeeareatechnicalcollege,0
njcaastats.prestosports.com,404,cmox1gi9n0076qtsgml9pgwm3,Mineral Area College,mineral-area-college,,MO,NJCAA_D1,https://njcaastats.prestosports.com/sports/bsb/2024-25/div1/teams/mineralareacollege,0
njcaastats.prestosports.com,404,cmox2o27u003lqtbk6qb0dj7q,Minnesota North College-Hibbing,minnesota-north-college-hibbing,,MN,NJCAA_D3,https://njcaastats.prestosports.com/sports/bsb/2024-25/div3/teams/minnesotanorthcollegehibbing,0
njcaastats.prestosports.com,404,cmox2o29b003oqtbkoza2ug5s,Minnesota North College-Itasca,minnesota-north-college-itasca,,CA,NJCAA_D3,https://njcaastats.prestosports.com/sports/bsb/2024-25/div3/teams/minnesotanorthcollegeitasca,0
njcaastats.prestosports.com,404,cmox2o2ax003rqtbkqd0pa7ch,Minnesota North College-Mesabi Range,minnesota-north-college-mesabi-range,,MN,NJCAA_D3,https://njcaastats.prestosports.com/sports/bsb/2024-25/div3/teams/minnesotanorthcollegemesabirange,0
njcaastats.prestosports.com,404,cmox2o2cd003uqtbkjfkizfxt,Minnesota North College-Rainy River,minnesota-north-college-rainy-river,,MN,NJCAA_D3,https://njcaastats.prestosports.com/sports/bsb/2024-25/div3/teams/minnesotanorthcollegerainyriver,0
njcaastats.prestosports.com,404,cmox2o2dt003xqtbk0on6g6b3,Minnesota North College-Vermilion,minnesota-north-college-vermilion,,MN,NJCAA_D3,https://njcaastats.prestosports.com/sports/bsb/2024-25/div3/teams/minnesotanorthcollegevermilion,0
njcaastats.prestosports.com,404,cmox2o2fa0040qtbktxmsy47g,Minnesota State Community and Technical College,minnesota-state-community-and-technical-college,,AL,NJCAA_D3,https://njcaastats.prestosports.com/sports/bsb/2024-25/div3/teams/minnesotastatecommunityandtechnical,0
njcaastats.prestosports.com,404,cmox2o2gq0043qtbko8zjx2vu,Minnesota West Community & Technical College,minnesota-west-community-and-technical-college,,MN,NJCAA_D3,https://njcaastats.prestosports.com/sports/bsb/2024-25/div3/teams/minnesotawestcommunitytechnicalcol,0
njcaastats.prestosports.com,404,cmox238ji008cqtfkmb2gsed8,Mississippi Delta Community College,mississippi-delta-community-college,,MS,NJCAA_D2,https://njcaastats.prestosports.com/sports/bsb/2024-25/div2/teams/mississippideltacommunitycollege,0
njcaastats.prestosports.com,404,cmox238kv008fqtfku7mj60jc,Mississippi Gulf Coast Community College,mississippi-gulf-coast-community-college,,MS,NJCAA_D2,https://njcaastats.prestosports.com/sports/bsb/2024-25/div2/teams/mississippigulfcoastcommunitycollege,0
njcaastats.prestosports.com,404,cmox1gib20079qtsg33nf3wq3,Missouri State University - West Plains,missouri-state-university-west-plains,,MO,NJCAA_D1,https://njcaastats.prestosports.com/sports/bsb/2024-25/div1/teams/missouristateuniversitywestplains,0
njcaastats.prestosports.com,404,cmox238m8008iqtfk66enpn89,Moberly Area Community College,moberly-area-community-college,,MO,NJCAA_D2,https://njcaastats.prestosports.com/sports/bsb/2024-25/div2/teams/moberlyareacommunitycollege,0
njcaastats.prestosports.com,404,cmox2o2i50046qtbkuagcawhd,Mohawk Valley Community College,mohawk-valley-community-college,,NY,NJCAA_D3,https://njcaastats.prestosports.com/sports/bsb/2024-25/div3/teams/mohawkvalleycommunitycollege,0
njcaastats.prestosports.com,404,cmox238nk008lqtfkckzbvcng,Monroe Community College,monroe-community-college,,NY,NJCAA_D2,https://njcaastats.prestosports.com/sports/bsb/2024-25/div2/teams/monroecommunitycollege,0
njcaastats.prestosports.com,404,cmox1gicg007cqtsg99jv080v,Monroe University,monroe-university,,NY,NJCAA_D1,https://njcaastats.prestosports.com/sports/bsb/2024-25/div1/teams/monroeuniversity,0
njcaastats.prestosports.com,404,cmox2o2jl0049qtbkdr59b165,Monroe University - Bronx,monroe-university-bronx,,NY,NJCAA_D3,https://njcaastats.prestosports.com/sports/bsb/2024-25/div3/teams/monroeuniversitybronx,0
njcaastats.prestosports.com,404,cmox238p1008oqtfk4xl2uiev,Montgomery College,montgomery-college,,MD,NJCAA_D2,https://njcaastats.prestosports.com/sports/bsb/2024-25/div2/teams/montgomerycollegemd,0
njcaastats.prestosports.com,404,cmox2o2l1004cqtbksgxg6x7x,Montgomery County Community College,montgomery-county-community-college,,PA,NJCAA_D3,https://njcaastats.prestosports.com/sports/bsb/2024-25/div3/teams/montgomerycountycommunitycollegepa,0
njcaastats.prestosports.com,404,cmox238qg008rqtfka1sjmmka,Moraine Valley Community College,moraine-valley-community-college,,IL,NJCAA_D2,https://njcaastats.prestosports.com/sports/bsb/2024-25/div2/teams/morainevalleycommunitycollege,0
njcaastats.prestosports.com,404,cmox238ry008uqtfkz9z6kizk,Morton College,morton-college,,IL,NJCAA_D2,https://njcaastats.prestosports.com/sports/bsb/2024-25/div2/teams/mortoncollege,0
njcaastats.prestosports.com,404,cmox1gidu007fqtsg6zpx3re1,Motlow State Community College,motlow-state-community-college,,TN,NJCAA_D1,https://njcaastats.prestosports.com/sports/bsb/2024-25/div1/teams/motlowstatecommunitycollege,0
njcaastats.prestosports.com,404,cmox238te008xqtfkag0dpvhy,Mott Community College,mott-community-college,,MI,NJCAA_D2,https://njcaastats.prestosports.com/sports/bsb/2024-25/div2/teams/mottcommunitycollege,0
njcaastats.prestosports.com,404,cmox238ux0090qtfk9uava4eq,Murray State College,murray-state-college,,OK,NJCAA_D2,https://njcaastats.prestosports.com/sports/bsb/2024-25/div2/teams/murraystatecollege,0
njcaastats.prestosports.com,404,cmox238w90093qtfk1xg0k5sl,Muskegon Community College,muskegon-community-college,,MI,NJCAA_D2,https://njcaastats.prestosports.com/sports/bsb/2024-25/div2/teams/muskegoncommunitycollege,0
njcaastats.prestosports.com,404,cmox2o2mj004fqtbko757r4pr,Nassau Community College,nassau-community-college,,NY,NJCAA_D3,https://njcaastats.prestosports.com/sports/bsb/2024-25/div3/teams/nassaucommunitycollege,0
njcaastats.prestosports.com,404,cmox238xn0096qtfkj0anhwpb,National Park College,national-park-college,,AR,NJCAA_D2,https://njcaastats.prestosports.com/sports/bsb/2024-25/div2/teams/nationalparkcollege,0
njcaastats.prestosports.com,404,cmox1gif7007iqtsgefaj25w8,Navarro College,navarro-college,,TX,NJCAA_D1,https://njcaastats.prestosports.com/sports/bsb/2024-25/div1/teams/navarrocollege,0
njcaastats.prestosports.com,404,cmox1gigo007lqtsg36v9z5kk,Neosho County Community College,neosho-county-community-college,,KS,NJCAA_D1,https://njcaastats.prestosports.com/sports/bsb/2024-25/div1/teams/neoshocountycommunitycollege,0
njcaastats.prestosports.com,404,cmox1gii7007oqtsgbihc8nfe,New Mexico Junior College,new-mexico-junior-college,,NM,NJCAA_D1,https://njcaastats.prestosports.com/sports/bsb/2024-25/div1/teams/newmexicojuniorcollege,0
njcaastats.prestosports.com,404,cmox1gijj007rqtsg2fppew7h,New Mexico Military Institute,new-mexico-military-institute,,NM,NJCAA_D1,https://njcaastats.prestosports.com/sports/bsb/2024-25/div1/teams/newmexicomilitaryinstitute,0
njcaastats.prestosports.com,404,cmox2o2nz004iqtbkbxx2wnfk,North Arkansas College,north-arkansas-college,,AR,NJCAA_D3,https://njcaastats.prestosports.com/sports/bsb/2024-25/div3/teams/northarkansascollege,0
njcaastats.prestosports.com,404,cmox238z30099qtfkes4ze3ts,North Central Missouri College,north-central-missouri-college,,MO,NJCAA_D2,https://njcaastats.prestosports.com/sports/bsb/2024-25/div2/teams/northcentralmissouricollege,0
njcaastats.prestosports.com,404,cmox1gikw007uqtsggme75zyn,North Central Texas College,north-central-texas-college,,TX,NJCAA_D1,https://njcaastats.prestosports.com/sports/bsb/2024-25/div1/teams/northcentraltexascollege,0
njcaastats.prestosports.com,404,cmox2o2pe004lqtbkhb09qqb1,North Dakota State College of Science,north-dakota-state-college-of-science,,ND,NJCAA_D3,https://njcaastats.prestosports.com/sports/bsb/2024-25/div3/teams/northdakotastatecollegeofscience,0
njcaastats.prestosports.com,404,cmox2390f009cqtfk7yqu7f8q,North Iowa Area Community College,north-iowa-area-community-college,,IA,NJCAA_D2,https://njcaastats.prestosports.com/sports/bsb/2024-25/div2/teams/northiowaareacommunitycollege,0
njcaastats.prestosports.com,404,cmox2o2qw004oqtbkl22srla5,Northampton Community College,northampton-community-college,,PA,NJCAA_D3,https://njcaastats.prestosports.com/sports/bsb/2024-25/div3/teams/northamptoncommunitycollege,0
njcaastats.prestosports.com,404,cmox2391w009fqtfkwzoiiu73,Northeast Community College,northeast-community-college,,NE,NJCAA_D2,https://njcaastats.prestosports.com/sports/bsb/2024-25/div2/teams/northeastcommunitycollege,0
njcaastats.prestosports.com,404,cmox2393c009iqtfks278qq4p,Northeast Mississippi Community College,northeast-mississippi-community-college,,MS,NJCAA_D2,https://njcaastats.prestosports.com/sports/bsb/2024-25/div2/teams/northeastmississippicommunitycollege,0
njcaastats.prestosports.com,404,cmox1gimb007xqtsg8a3f3q0v,Northeast Texas Community College,northeast-texas-community-college,,TX,NJCAA_D1,https://njcaastats.prestosports.com/sports/bsb/2024-25/div1/teams/northeasttexascommunitycollege,0
njcaastats.prestosports.com,404,cmox1ginu0080qtsgss3h6zzz,Northeastern Junior College,northeastern-junior-college,,CO,NJCAA_D1,https://njcaastats.prestosports.com/sports/bsb/2024-25/div1/teams/northeasternjuniorcollege,0
njcaastats.prestosports.com,404,cmox1gip70083qtsgqexr65bo,Northeastern Oklahoma AM College,northeastern-oklahoma-am-college,,OK,NJCAA_D1,https://njcaastats.prestosports.com/sports/bsb/2024-25/div1/teams/northeasternoklahomaamcollege,0
njcaastats.prestosports.com,404,cmox2o2sd004rqtbk0mjj3lrs,Northern Essex Community College,northern-essex-community-college,,MA,NJCAA_D3,https://njcaastats.prestosports.com/sports/bsb/2024-25/div3/teams/northernessexcommunitycollege,0
njcaastats.prestosports.com,404,cmox2394q009lqtfkzsswuqop,Northern Oklahoma College-Enid,northern-oklahoma-college-enid,,ID,NJCAA_D2,https://njcaastats.prestosports.com/sports/bsb/2024-25/div2/teams/northernoklahomacollegeenid,0
njcaastats.prestosports.com,404,cmox23969009oqtfklqdhm5d3,Northern Oklahoma College-Tonkawa,northern-oklahoma-college-tonkawa,,WA,NJCAA_D2,https://njcaastats.prestosports.com/sports/bsb/2024-25/div2/teams/northernoklahomacollegetonkawa,0
njcaastats.prestosports.com,404,cmox2o2tt004uqtbkuh5a9l9i,Northland Community & Technical College,northland-community-and-technical-college,,MN,NJCAA_D3,https://njcaastats.prestosports.com/sports/bsb/2024-25/div3/teams/northlandcommunitytechnicalcollege,0
njcaastats.prestosports.com,404,cmox1giqk0086qtsgmzqum4zj,Northwest Florida State College,northwest-florida-state-college,,FL,NJCAA_D1,https://njcaastats.prestosports.com/sports/bsb/2024-25/div1/teams/northwestfloridastatecollege,0
njcaastats.prestosports.com,404,cmox2397r009rqtfkmtp9eot3,Northwest Mississippi Community College,northwest-mississippi-community-college,,MS,NJCAA_D2,https://njcaastats.prestosports.com/sports/bsb/2024-25/div2/teams/northwestmississippicommunitycollege,0
njcaastats.prestosports.com,404,cmox1gis00089qtsgi4923klc,Northwest-Shoals Community College,northwest-shoals-community-college,,AL,NJCAA_D1,https://njcaastats.prestosports.com/sports/bsb/2024-25/div1/teams/northwestshoalscommunitycollege,0
njcaastats.prestosports.com,404,cmox1gitd008cqtsg6n5t643k,Nunez Community College,nunez-community-college,,LA,NJCAA_D1,https://njcaastats.prestosports.com/sports/bsb/2024-25/div1/teams/nunezcommunitycollege,0
njcaastats.prestosports.com,404,cmox2o2va004xqtbk1jhuxnfl,Oakton Community College,oakton-community-college,,IL,NJCAA_D3,https://njcaastats.prestosports.com/sports/bsb/2024-25/div3/teams/oaktoncommunitycollege,0
njcaastats.prestosports.com,404,cmox2o2wy0050qtbkugl6cji9,Ocean County College,ocean-county-college,,NJ,NJCAA_D3,https://njcaastats.prestosports.com/sports/bsb/2024-25/div3/teams/oceancountycollege,0
njcaastats.prestosports.com,404,cmox1gius008fqtsga7j8hcz0,Odessa College,odessa-college,,TX,NJCAA_D1,https://njcaastats.prestosports.com/sports/bsb/2024-25/div1/teams/odessacollege,0
njcaastats.prestosports.com,404,cmox1giw4008iqtsgh7hy8lxx,Olive-Harvey College,olive-harvey-college,,IL,NJCAA_D1,https://njcaastats.prestosports.com/sports/bsb/2024-25/div1/teams/oliveharveycollege,0
njcaastats.prestosports.com,404,cmox1gixk008lqtsg7kg6hwsx,Olney Central College,olney-central-college,,IL,NJCAA_D1,https://njcaastats.prestosports.com/sports/bsb/2024-25/div1/teams/olneycentralcollege,0
njcaastats.prestosports.com,404,cmox2o2ye0053qtbkw0avx34g,Onondaga Community College,onondaga-community-college,,NY,NJCAA_D3,https://njcaastats.prestosports.com/sports/bsb/2024-25/div3/teams/onondagacommunitycollege,0
njcaastats.prestosports.com,404,cmox23996009uqtfksoglfby5,Orange County Community College,orange-county-community-college,,NY,NJCAA_D2,https://njcaastats.prestosports.com/sports/bsb/2024-25/div2/teams/orangecountycommunitycollege,0
njcaastats.prestosports.com,404,cmox1giz5008oqtsgjmt7hhrw,Otero College,otero-college,,CO,NJCAA_D1,https://njcaastats.prestosports.com/sports/bsb/2024-25/div1/teams/oterocollege,0
njcaastats.prestosports.com,404,cmox2o2zv0056qtbkvkq7qjv5,Owens Community College,owens-community-college,,OH,NJCAA_D3,https://njcaastats.prestosports.com/sports/bsb/2024-25/div3/teams/owenscommunitycollege,0
njcaastats.prestosports.com,404,cmox239al009xqtfkvic9q7xx,Palm Beach State College,palm-beach-state-college,,FL,NJCAA_D2,https://njcaastats.prestosports.com/sports/bsb/2024-25/div2/teams/palmbeachstatecollege,0
njcaastats.prestosports.com,404,cmox1gj0k008rqtsgfv1kv1h6,Panola College,panola-college,,TX,NJCAA_D1,https://njcaastats.prestosports.com/sports/bsb/2024-25/div1/teams/panolacollege,0
njcaastats.prestosports.com,404,cmox239ch00a0qtfkz09j6rwl,Paradise Valley Community College,paradise-valley-community-college,,AZ,NJCAA_D2,https://njcaastats.prestosports.com/sports/bsb/2024-25/div2/teams/paradisevalleycommunitycollege,0
njcaastats.prestosports.com,404,cmox1gj22008uqtsgx2lb472o,Paris Junior College,paris-junior-college,,TX,NJCAA_D1,https://njcaastats.prestosports.com/sports/bsb/2024-25/div1/teams/parisjuniorcollege,0
njcaastats.prestosports.com,404,cmox239dx00a3qtfkg1liwy4c,Parkland College,parkland-college,,IL,NJCAA_D2,https://njcaastats.prestosports.com/sports/bsb/2024-25/div2/teams/parklandcollege,0
njcaastats.prestosports.com,404,cmox239fc00a6qtfkm421us4p,Pasco-Hernando State College,pasco-hernando-state-college,,FL,NJCAA_D2,https://njcaastats.prestosports.com/sports/bsb/2024-25/div2/teams/pascohernandostatecollege,0
njcaastats.prestosports.com,404,cmorj0hfm003uqtiog7x8nfgh,Patrick & Henry Community College,patrick-and-henry-community-college,Martinsville,VA,NJCAA_D2,https://njcaastats.prestosports.com/sports/bsb/2024-25/div2/teams/patrickhenrycommunitycollege,0
njcaastats.prestosports.com,404,cmox239i500acqtfkgxl4im62,Pearl River Community College,pearl-river-community-college,,MS,NJCAA_D2,https://njcaastats.prestosports.com/sports/bsb/2024-25/div2/teams/pearlrivercommunitycollege,0
njcaastats.prestosports.com,404,cmox1gj3e008xqtsgrl4frpin,Pellissippi State Community College,pellissippi-state-community-college,,TN,NJCAA_D1,https://njcaastats.prestosports.com/sports/bsb/2024-25/div1/teams/pellissippistatecommunitycollege,0
njcaastats.prestosports.com,404,cmox1gj4r0090qtsgw4rlbl51,Pensacola State College,pensacola-state-college,,FL,NJCAA_D1,https://njcaastats.prestosports.com/sports/bsb/2024-25/div1/teams/pensacolastatecollege,0
njcaastats.prestosports.com,404,cmox239jn00afqtfkb1zwh43e,Phoenix College,phoenix-college,,AZ,NJCAA_D2,https://njcaastats.prestosports.com/sports/bsb/2024-25/div2/teams/phoenixcollege,0
njcaastats.prestosports.com,404,cmox239l100aiqtfkz09l1rha,Pima Community College,pima-community-college,,AZ,NJCAA_D2,https://njcaastats.prestosports.com/sports/bsb/2024-25/div2/teams/pimacommunitycollege,0
njcaastats.prestosports.com,404,cmox239mf00alqtfk3vrs42cg,Pitt Community College,pitt-community-college,,NC,NJCAA_D2,https://njcaastats.prestosports.com/sports/bsb/2024-25/div2/teams/pittcommunitycollege,0
njcaastats.prestosports.com,404,cmox1gj670093qtsgua774c0h,Polk State College,polk-state-college,,FL,NJCAA_D1,https://njcaastats.prestosports.com/sports/bsb/2024-25/div1/teams/polkstatecollege,0
njcaastats.prestosports.com,404,cmox239nt00aoqtfkxs8kf48a,Prairie State College,prairie-state-college,,IL,NJCAA_D2,https://njcaastats.prestosports.com/sports/bsb/2024-25/div2/teams/prairiestatecollege,0
njcaastats.prestosports.com,404,cmox1gj7j0096qtsgexvr10ot,Pratt Community College,pratt-community-college,,KS,NJCAA_D1,https://njcaastats.prestosports.com/sports/bsb/2024-25/div1/teams/prattcommunitycollege,0
njcaastats.prestosports.com,404,cmox239p700arqtfk23k3vtri,Prince George's Community College,prince-george-s-community-college,,MD,NJCAA_D2,https://njcaastats.prestosports.com/sports/bsb/2024-25/div2/teams/princegeorgescommunitycollege,0
njcaastats.prestosports.com,404,cmox2o31b0059qtbkrd1etcak,Queensborough Community College,queensborough-community-college,,NY,NJCAA_D3,https://njcaastats.prestosports.com/sports/bsb/2024-25/div3/teams/queensboroughcommunitycollege,0
njcaastats.prestosports.com,404,cmox2o32u005cqtbknbu9hei2,Quinsigamond Community College,quinsigamond-community-college,,MA,NJCAA_D3,https://njcaastats.prestosports.com/sports/bsb/2024-25/div3/teams/quinsigamondcommunitycollege,0
njcaastats.prestosports.com,404,cmox1gj8y0099qtsgrquvasi8,Ranger College,ranger-college,,TX,NJCAA_D1,https://njcaastats.prestosports.com/sports/bsb/2024-25/div1/teams/rangercollege,0
njcaastats.prestosports.com,404,cmox239qo00auqtfk68f66upa,Raritan Valley Community College,raritan-valley-community-college,,NJ,NJCAA_D2,https://njcaastats.prestosports.com/sports/bsb/2024-25/div2/teams/raritanvalleycommunitycollege,0
njcaastats.prestosports.com,404,cmox239s200axqtfk2tfn9rnd,Redlands Community College,redlands-community-college,,OK,NJCAA_D2,https://njcaastats.prestosports.com/sports/bsb/2024-25/div2/teams/redlandscommunitycollege,0
njcaastats.prestosports.com,404,cmox239tf00b0qtfkd5vmnymk,Reid State Technical College,reid-state-technical-college,,AL,NJCAA_D2,https://njcaastats.prestosports.com/sports/bsb/2024-25/div2/teams/reidstatetechnicalcollege,0
njcaastats.prestosports.com,404,cmox1gjab009cqtsgimtjx4gp,Rend Lake College,rend-lake-college,,IL,NJCAA_D1,https://njcaastats.prestosports.com/sports/bsb/2024-25/div1/teams/rendlakecollege,0
njcaastats.prestosports.com,404,cmox239ut00b3qtfkxg3e034j,Richard Bland College,richard-bland-college,,VA,NJCAA_D2,https://njcaastats.prestosports.com/sports/bsb/2024-25/div2/teams/richardblandcollege,0
njcaastats.prestosports.com,404,cmox2o349005fqtbkgb3bbdnw,Ridgewater College,ridgewater-college,,MN,NJCAA_D3,https://njcaastats.prestosports.com/sports/bsb/2024-25/div3/teams/ridgewatercollege,0
njcaastats.prestosports.com,404,cmox2o35r005iqtbkzwaj9v87,Riverland Community College,riverland-community-college,,MN,NJCAA_D3,https://njcaastats.prestosports.com/sports/bsb/2024-25/div3/teams/riverlandcommunitycollege,0
njcaastats.prestosports.com,404,cmox1gjbq009fqtsgv8e9aih2,Roane State Community College,roane-state-community-college,,TN,NJCAA_D1,https://njcaastats.prestosports.com/sports/bsb/2024-25/div1/teams/roanestatecommunitycollege,0
njcaastats.prestosports.com,404,cmox2o378005lqtbk8ffxza60,Rochester Community and Technical College,rochester-community-and-technical-college,,MN,NJCAA_D3,https://njcaastats.prestosports.com/sports/bsb/2024-25/div3/teams/rochestercommunityandtechnicalcolleg,0
njcaastats.prestosports.com,404,cmox239w500b6qtfk3p4wbg4k,Rock Valley College,rock-valley-college,,IL,NJCAA_D2,https://njcaastats.prestosports.com/sports/bsb/2024-25/div2/teams/rockvalleycollege,0
njcaastats.prestosports.com,404,cmox2o38t005oqtbk7kvql8mr,Rockingham Community College,rockingham-community-college,,NC,NJCAA_D3,https://njcaastats.prestosports.com/sports/bsb/2024-25/div3/teams/rockinghamcommunitycollege,0
njcaastats.prestosports.com,404,cmox239xj00b9qtfk9csffm3a,Rockland Community College,rockland-community-college,,NY,NJCAA_D2,https://njcaastats.prestosports.com/sports/bsb/2024-25/div2/teams/rocklandcommunitycollege,0
njcaastats.prestosports.com,404,cmox1gjd4009iqtsg9rv924hr,Rose State College,rose-state-college,,OK,NJCAA_D1,https://njcaastats.prestosports.com/sports/bsb/2024-25/div1/teams/rosestatecollege,0
njcaastats.prestosports.com,404,cmox2o3bw005uqtbkuzqvpco4,Rowan College South Jersey - Gloucester,rowan-college-south-jersey-gloucester,,NJ,NJCAA_D3,https://njcaastats.prestosports.com/sports/bsb/2024-25/div3/teams/rowancollegesouthjerseygloucester,0
njcaastats.prestosports.com,404,cmox2o3ab005rqtbktwn2g470,Rowan College of South Jersey-Cumberland,rowan-college-of-south-jersey-cumberland,,ND,NJCAA_D3,https://njcaastats.prestosports.com/sports/bsb/2024-25/div3/teams/rowancollegeofsouthjerseycumberland,0
njcaastats.prestosports.com,404,cmox2o3dd005xqtbkfawub6w0,Roxbury Community College,roxbury-community-college,,MA,NJCAA_D3,https://njcaastats.prestosports.com/sports/bsb/2024-25/div3/teams/roxburycommunitycollege,0
njcaastats.prestosports.com,404,cmox2o3jc0069qtbkr283774r,SUNY Adirondack,suny-adirondack,,NY,NJCAA_D3,https://njcaastats.prestosports.com/sports/bsb/2024-25/div3/teams/sunyadirondack,0
njcaastats.prestosports.com,404,cmox2o3kv006cqtbkssc0iyts,SUNY Broome Community College,suny-broome-community-college,,NY,NJCAA_D3,https://njcaastats.prestosports.com/sports/bsb/2024-25/div3/teams/sunybroomecommunitycollege,0
njcaastats.prestosports.com,404,cmox2o3mb006fqtbk9iqfpioj,SUNY Niagara,suny-niagara,,NY,NJCAA_D3,https://njcaastats.prestosports.com/sports/bsb/2024-25/div3/teams/sunyniagara,0
njcaastats.prestosports.com,404,cmox2o3eu0060qtbkzteg6b9a,Salem Community College,salem-community-college,,NJ,NJCAA_D3,https://njcaastats.prestosports.com/sports/bsb/2024-25/div3/teams/salemcommunitycollege,0
njcaastats.prestosports.com,404,cmox1gjen009lqtsgixb3jop3,Salt Lake Community College,salt-lake-community-college,,UT,NJCAA_D1,https://njcaastats.prestosports.com/sports/bsb/2024-25/div1/teams/saltlakecommunitycollege,0
njcaastats.prestosports.com,404,cmox1gjg2009oqtsg8cc00u2y,San Jacinto College-North,san-jacinto-college-north,,TX,NJCAA_D1,https://njcaastats.prestosports.com/sports/bsb/2024-25/div1/teams/sanjacintocollegenorth,0
njcaastats.prestosports.com,404,cmox1gjhc009rqtsgss0xcbu0,Santa Fe College,santa-fe-college,,FL,NJCAA_D1,https://njcaastats.prestosports.com/sports/bsb/2024-25/div1/teams/santafecollege,0
njcaastats.prestosports.com,404,cmox239yx00bcqtfkn5vpdmq0,Sauk Valley Community College,sauk-valley-community-college,,IL,NJCAA_D2,https://njcaastats.prestosports.com/sports/bsb/2024-25/div2/teams/saukvalleycommunitycollege,0
njcaastats.prestosports.com,404,cmox23a0q00bfqtfk4uc0f3os,Schoolcraft College,schoolcraft-college,,MI,NJCAA_D2,https://njcaastats.prestosports.com/sports/bsb/2024-25/div2/teams/schoolcraftcollege,0
njcaastats.prestosports.com,404,cmox23a2400biqtfknqf9i88p,Scottsdale Community College,scottsdale-community-college,,AZ,NJCAA_D2,https://njcaastats.prestosports.com/sports/bsb/2024-25/div2/teams/scottsdalecommunitycollege,0
njcaastats.prestosports.com,404,cmox1gjio009uqtsghi76jial,Seminole State College,seminole-state-college,,OK,NJCAA_D1,https://njcaastats.prestosports.com/sports/bsb/2024-25/div1/teams/seminolestatecollegeok,0
njcaastats.prestosports.com,404,cmox1gjk0009xqtsggvw0lnmp,Seminole State College of Florida,seminole-state-college-of-florida,,FL,NJCAA_D1,https://njcaastats.prestosports.com/sports/bsb/2024-25/div1/teams/seminolestatecollegeofflorida,0
njcaastats.prestosports.com,404,cmox1gjlf00a0qtsg4iqboy07,Seward County Community College,seward-county-community-college,,KS,NJCAA_D1,https://njcaastats.prestosports.com/sports/bsb/2024-25/div1/teams/sewardcountycommunitycollege,0
njcaastats.prestosports.com,404,cmox1gjmt00a3qtsg03uu1u52,Shawnee Community College,shawnee-community-college,,IL,NJCAA_D1,https://njcaastats.prestosports.com/sports/bsb/2024-25/div1/teams/shawneecommunitycollege,0
njcaastats.prestosports.com,404,cmox1gjo900a6qtsgt5mpdty1,Shelton State Community College,shelton-state-community-college,,AL,NJCAA_D1,https://njcaastats.prestosports.com/sports/bsb/2024-25/div1/teams/sheltonstatecommunitycollege,0
njcaastats.prestosports.com,404,cmox1gjpu00a9qtsgbl9vr26a,Snead State Community College,snead-state-community-college,,AL,NJCAA_D1,https://njcaastats.prestosports.com/sports/bsb/2024-25/div1/teams/sneadstatecommunitycollege,0
njcaastats.prestosports.com,404,cmox23a3j00blqtfk5wkn3bpa,South Arkansas College,south-arkansas-college,,AR,NJCAA_D2,https://njcaastats.prestosports.com/sports/bsb/2024-25/div2/teams/southarkansascollege,0
njcaastats.prestosports.com,404,cmox23a4v00boqtfkj75nusd7,South Florida State College,south-florida-state-college,,FL,NJCAA_D2,https://njcaastats.prestosports.com/sports/bsb/2024-25/div2/teams/southfloridastatecollege,0
njcaastats.prestosports.com,404,cmox1gjr900acqtsgk91radq6,South Georgia State College,south-georgia-state-college,,GA,NJCAA_D1,https://njcaastats.prestosports.com/sports/bsb/2024-25/div1/teams/southgeorgiastatecollege,0
njcaastats.prestosports.com,404,cmox23a6a00brqtfky43m0ojy,South Mountain Community College,south-mountain-community-college,,AZ,NJCAA_D2,https://njcaastats.prestosports.com/sports/bsb/2024-25/div2/teams/southmountaincommunitycollege,0
njcaastats.prestosports.com,404,cmox1gjsn00afqtsgo0ngyrn5,South Suburban College,south-suburban-college,,IL,NJCAA_D1,https://njcaastats.prestosports.com/sports/bsb/2024-25/div1/teams/southsuburbancollege,0
njcaastats.prestosports.com,404,cmox23a7r00buqtfkxxof53xc,Southeast Arkansas College,southeast-arkansas-college,,AR,NJCAA_D2,https://njcaastats.prestosports.com/sports/bsb/2024-25/div2/teams/southeastarkansascollege,0
njcaastats.prestosports.com,404,cmox1gju100aiqtsg9mi5d8p9,Southeast Community College,southeast-community-college,,NE,NJCAA_D1,https://njcaastats.prestosports.com/sports/bsb/2024-25/div1/teams/southeastcommunitycollege,0
njcaastats.prestosports.com,404,cmox23a9600bxqtfkpqj9pkip,Southeastern Community College,southeastern-community-college,,IA,NJCAA_D2,https://njcaastats.prestosports.com/sports/bsb/2024-25/div2/teams/southeasterncommunitycollege,0
njcaastats.prestosports.com,404,cmox23aao00c0qtfkyqilmey3,Southeastern Community College-Whiteville,southeastern-community-college-whiteville,,NC,NJCAA_D2,https://njcaastats.prestosports.com/sports/bsb/2024-25/div2/teams/southeasterncommunitycollegewhitevill,0
njcaastats.prestosports.com,404,cmox1gjvc00alqtsgicz8usug,Southeastern Illinois College,southeastern-illinois-college,,IL,NJCAA_D1,https://njcaastats.prestosports.com/sports/bsb/2024-25/div1/teams/southeasternillinoiscollege,0
njcaastats.prestosports.com,404,cmox23ac300c3qtfkd6t3snop,Southern Arkansas University Tech,southern-arkansas-university-tech,,AR,NJCAA_D2,https://njcaastats.prestosports.com/sports/bsb/2024-25/div2/teams/southernarkansasuniversitytech,0
njcaastats.prestosports.com,404,cmox1gjwp00aoqtsgrn8xk6pf,Southern Union State Community College,southern-union-state-community-college,,AL,NJCAA_D1,https://njcaastats.prestosports.com/sports/bsb/2024-25/div1/teams/southernunionstatecommunitycollege,0
njcaastats.prestosports.com,404,cmox23adg00c6qtfknv2ydsft,Southwest Mississippi Community College,southwest-mississippi-community-college,,MS,NJCAA_D2,https://njcaastats.prestosports.com/sports/bsb/2024-25/div2/teams/southwestmississippicommunitycollege,0
njcaastats.prestosports.com,404,cmox1gjy000arqtsgip3syqp7,Southwest Tennessee Community College,southwest-tennessee-community-college,,TN,NJCAA_D1,https://njcaastats.prestosports.com/sports/bsb/2024-25/div1/teams/southwesttennesseecommunitycollege,0
njcaastats.prestosports.com,404,cmox23aeu00c9qtfkozc5m18v,Southwest Virginia,southwest-virginia,,IA,NJCAA_D2,https://njcaastats.prestosports.com/sports/bsb/2024-25/div2/teams/southwestvirginia,0
njcaastats.prestosports.com,404,cmox1gjze00auqtsgrix61vxy,Southwestern Community College,southwestern-community-college,,IA,NJCAA_D1,https://njcaastats.prestosports.com/sports/bsb/2024-25/div1/teams/southwesterncommunitycollege,0
njcaastats.prestosports.com,404,cmox1gk0u00axqtsgndbuoigc,Southwestern Illinois College,southwestern-illinois-college,,IL,NJCAA_D1,https://njcaastats.prestosports.com/sports/bsb/2024-25/div1/teams/southwesternillinoiscollege,0
njcaastats.prestosports.com,404,cmox23ag600ccqtfkmccgt2nb,Spoon River College,spoon-river-college,,IL,NJCAA_D2,https://njcaastats.prestosports.com/sports/bsb/2024-25/div2/teams/spoonrivercollege,0
njcaastats.prestosports.com,404,cmox1gk2700b0qtsginc3y1s2,St. Charles Community College,st-charles-community-college,,MO,NJCAA_D1,https://njcaastats.prestosports.com/sports/bsb/2024-25/div1/teams/stcharlescommunitycollege,0
njcaastats.prestosports.com,404,cmox23ahj00cfqtfkvbh8e2u7,St. Clair County Community College,st-clair-county-community-college,,MI,NJCAA_D2,https://njcaastats.prestosports.com/sports/bsb/2024-25/div2/teams/stclaircountycommunitycollege,0
njcaastats.prestosports.com,404,cmox2o3gd0063qtbkj69yetsq,St. Cloud Technical & Community College,st-cloud-technical-and-community-college,,MN,NJCAA_D3,https://njcaastats.prestosports.com/sports/bsb/2024-25/div3/teams/stcloudtechnicalcommunitycollege,0
njcaastats.prestosports.com,404,cmox23aiw00ciqtfk1p7zdgqr,St. Johns River State College,st-johns-river-state-college,,FL,NJCAA_D2,https://njcaastats.prestosports.com/sports/bsb/2024-25/div2/teams/stjohnsriverstatecollege,0
njcaastats.prestosports.com,404,cmox1gk3k00b3qtsgdrzhpr94,St. Louis Community College,st-louis-community-college,,MO,NJCAA_D1,https://njcaastats.prestosports.com/sports/bsb/2024-25/div1/teams/stlouiscommunitycollege,0
njcaastats.prestosports.com,404,cmox1gk4y00b6qtsgf99c4o57,St. Petersburg College,st-petersburg-college,,FL,NJCAA_D1,https://njcaastats.prestosports.com/sports/bsb/2024-25/div1/teams/stpetersburgcollege,0
njcaastats.prestosports.com,404,cmox1gk6g00b9qtsgxzcajkcw,"State College of Florida, Manatee-Sarasota",state-college-of-florida-manatee-sarasota,,FL,NJCAA_D1,https://njcaastats.prestosports.com/sports/bsb/2024-25/div1/teams/statecollegeoffloridamanateesaraso,0
njcaastats.prestosports.com,404,cmox1gk7w00bcqtsg1nmdrsu7,State Fair Community College,state-fair-community-college,,MO,NJCAA_D1,https://njcaastats.prestosports.com/sports/bsb/2024-25/div1/teams/statefaircommunitycollege,0
njcaastats.prestosports.com,404,cmox2o3hx0066qtbk7jqqixi1,Suffolk Community College,suffolk-community-college,,NY,NJCAA_D3,https://njcaastats.prestosports.com/sports/bsb/2024-25/div3/teams/suffolkcc,0
njcaastats.prestosports.com,404,cmox23aka00clqtfkny2mgqp7,Sullivan County Community College,sullivan-county-community-college,,NY,NJCAA_D2,https://njcaastats.prestosports.com/sports/bsb/2024-25/div2/teams/sullivancountycommunitycollege,0
njcaastats.prestosports.com,404,cmox2o3ns006iqtbkf41vg0jo,Surry Community College,surry-community-college,,NC,NJCAA_D3,https://njcaastats.prestosports.com/sports/bsb/2024-25/div3/teams/surrycommunitycollege,0
njcaastats.prestosports.com,404,cmox23alx00coqtfkwwa6kfhm,Sussex County Community College,sussex-county-community-college,,NJ,NJCAA_D2,https://njcaastats.prestosports.com/sports/bsb/2024-25/div2/teams/sussexcountycommunitycollege,0
njcaastats.prestosports.com,404,cmox1gk9a00bfqtsgxqoctl3d,Tallahassee State College,tallahassee-state-college,,FL,NJCAA_D1,https://njcaastats.prestosports.com/sports/bsb/2024-25/div1/teams/tallahasseestatecollege,0
njcaastats.prestosports.com,404,cmox1gkap00biqtsgb8q7r863,Temple College,temple-college,,TX,NJCAA_D1,https://njcaastats.prestosports.com/sports/bsb/2024-25/div1/teams/templecollege,0
njcaastats.prestosports.com,404,cmox2o3pb006lqtbkfaynpac8,Terra State,terra-state,,OH,NJCAA_D3,https://njcaastats.prestosports.com/sports/bsb/2024-25/div3/teams/terrastate,0
njcaastats.prestosports.com,404,cmox1gkc000blqtsg0cpjkqpx,Three Rivers Community College - MO,three-rivers-community-college-mo,,MO,NJCAA_D1,https://njcaastats.prestosports.com/sports/bsb/2024-25/div1/teams/threeriverscommunitycollegemo,0
njcaastats.prestosports.com,404,cmox2o3qt006oqtbkhak9bo7b,Tompkins Cortland Community College,tompkins-cortland-community-college,,NY,NJCAA_D3,https://njcaastats.prestosports.com/sports/bsb/2024-25/div3/teams/tompkinscortlandcommunitycollege,0
njcaastats.prestosports.com,404,cmox1gkdi00boqtsgvoj3d2eq,Trinidad State College,trinidad-state-college,,CO,NJCAA_D1,https://njcaastats.prestosports.com/sports/bsb/2024-25/div1/teams/trinidadstatecollege,0
njcaastats.prestosports.com,404,cmox1gkg900buqtsgnrq48ujw,Tyler Junior College,tyler-junior-college,,TX,NJCAA_D1,https://njcaastats.prestosports.com/sports/bsb/2024-25/div1/teams/tylerjuniorcollege,0
njcaastats.prestosports.com,404,cmox23ana00crqtfkrw1vnvi0,UA Rich Mountain,ua-rich-mountain,,IN,NJCAA_D2,https://njcaastats.prestosports.com/sports/bsb/2024-25/div2/teams/uarichmountain,0
njcaastats.prestosports.com,404,cmox2o3sa006rqtbkc43ldcq1,UCNJ,ucnj,,NJ,NJCAA_D3,https://njcaastats.prestosports.com/sports/bsb/2024-25/div3/teams/ucnj,0
njcaastats.prestosports.com,404,cmox1gkhm00bxqtsglgq2idhq,USC Lancaster,usc-lancaster,,SC,NJCAA_D1,https://njcaastats.prestosports.com/sports/bsb/2024-25/div1/teams/usclancaster,0
njcaastats.prestosports.com,404,cmox1gkj000c0qtsgx1eij6lh,USC Salkehatchie,usc-salkehatchie,,SC,NJCAA_D1,https://njcaastats.prestosports.com/sports/bsb/2024-25/div1/teams/uscsalkehatchie,0
njcaastats.prestosports.com,404,cmox1gkkd00c3qtsgold75ly9,USC Sumter,usc-sumter,,SC,NJCAA_D1,https://njcaastats.prestosports.com/sports/bsb/2024-25/div1/teams/uscsumter,0
njcaastats.prestosports.com,404,cmox1gklr00c6qtsg8qezbdpk,USC Union,usc-union,,SC,NJCAA_D1,https://njcaastats.prestosports.com/sports/bsb/2024-25/div1/teams/uscunion,0
njcaastats.prestosports.com,404,cmox23aos00cuqtfktpuiswsq,Ulster County Community College,ulster-county-community-college,,NY,NJCAA_D2,https://njcaastats.prestosports.com/sports/bsb/2024-25/div2/teams/ulstercountycommunitycollege,0
njcaastats.prestosports.com,404,cmox23aq600cxqtfkyjhp3w70,University of Connecticut at Avery Point,university-of-connecticut-at-avery-point,,CT,NJCAA_D2,https://njcaastats.prestosports.com/sports/bsb/2024-25/div2/teams/universityofconnecticutataverypoint,0
njcaastats.prestosports.com,404,cmox1gkn200c9qtsgf9pf8wry,Utah State Eastern,utah-state-eastern,,UT,NJCAA_D1,https://njcaastats.prestosports.com/sports/bsb/2024-25/div1/teams/utahstateeastern,0
njcaastats.prestosports.com,404,cmox1gkog00ccqtsga0ref81z,Vernon College,vernon-college,,TX,NJCAA_D1,https://njcaastats.prestosports.com/sports/bsb/2024-25/div1/teams/vernoncollege,0
njcaastats.prestosports.com,404,cmox23ark00d0qtfkteanoym0,Vincennes University,vincennes-university,,IN,NJCAA_D2,https://njcaastats.prestosports.com/sports/bsb/2024-25/div2/teams/vincennesuniversity,0
njcaastats.prestosports.com,404,cmox2o3tr006uqtbkrhov0y39,Virginia Peninsula Community College,virginia-peninsula-community-college,,VA,NJCAA_D3,https://njcaastats.prestosports.com/sports/bsb/2024-25/div3/teams/virginiapeninsulacc,0
njcaastats.prestosports.com,404,cmox1gkpr00cfqtsgwc2yi7pi,Volunteer State Community College,volunteer-state-community-college,,TN,NJCAA_D1,https://njcaastats.prestosports.com/sports/bsb/2024-25/div1/teams/volunteerstatecommunitycollege,0
njcaastats.prestosports.com,404,cmox1gl0t00d3qtsg0vj6iryt,WVU Potomac State College,wvu-potomac-state-college,,WV,NJCAA_D1,https://njcaastats.prestosports.com/sports/bsb/2024-25/div1/teams/wvupotomacstatecollege,0
njcaastats.prestosports.com,404,cmox1gkr300ciqtsgmhl2k7f2,Wabash Valley College,wabash-valley-college,,IL,NJCAA_D1,https://njcaastats.prestosports.com/sports/bsb/2024-25/div1/teams/wabashvalleycollege,0
njcaastats.prestosports.com,404,cmox23asy00d3qtfk5a7q4bqy,Wake Technical Community College,wake-technical-community-college,,NC,NJCAA_D2,https://njcaastats.prestosports.com/sports/bsb/2024-25/div2/teams/waketechnicalcommunitycollege,0
njcaastats.prestosports.com,404,cmox23aub00d6qtfkuqdpvvbi,Wallace Community College-Dothan,wallace-community-college-dothan,,AL,NJCAA_D2,https://njcaastats.prestosports.com/sports/bsb/2024-25/div2/teams/wallacecommunitycollegedothan,0
njcaastats.prestosports.com,404,cmox23avm00d9qtfkzb7lv6gr,Wallace Community College-Selma,wallace-community-college-selma,,MA,NJCAA_D2,https://njcaastats.prestosports.com/sports/bsb/2024-25/div2/teams/wallacecommunitycollegeselma,0
njcaastats.prestosports.com,404,cmox1gksg00clqtsgbvxep6gl,Wallace State Community College-Hanceville,wallace-state-community-college-hanceville,,IL,NJCAA_D1,https://njcaastats.prestosports.com/sports/bsb/2024-25/div1/teams/wallacestatecommunitycollegehancevil,0
njcaastats.prestosports.com,404,cmox1gktv00coqtsgc6v2fzzt,Walters State Community College,walters-state-community-college,,TN,NJCAA_D1,https://njcaastats.prestosports.com/sports/bsb/2024-25/div1/teams/waltersstatecommunitycollege,0
njcaastats.prestosports.com,404,cmox2o3v8006xqtbk0p0dpqt7,Waubonsee Community College,waubonsee-community-college,,IL,NJCAA_D3,https://njcaastats.prestosports.com/sports/bsb/2024-25/div3/teams/waubonseecommunitycollege,0
njcaastats.prestosports.com,404,cmox1gkv800crqtsgb7ei8hlo,Weatherford College,weatherford-college,,TX,NJCAA_D1,https://njcaastats.prestosports.com/sports/bsb/2024-25/div1/teams/weatherfordcollege,0
njcaastats.prestosports.com,404,cmox23ax100dcqtfkixn0o5r0,Westchester Community College,westchester-community-college,,NY,NJCAA_D2,https://njcaastats.prestosports.com/sports/bsb/2024-25/div2/teams/westchestercommunitycollege,0
njcaastats.prestosports.com,404,cmox1gkwn00cuqtsgahiksw3o,Western Nebraska Community College,western-nebraska-community-college,,NE,NJCAA_D1,https://njcaastats.prestosports.com/sports/bsb/2024-25/div1/teams/westernnebraskacommunitycollege,0
njcaastats.prestosports.com,404,cmox23ayg00dfqtfk1u7ly64f,Western Oklahoma State College,western-oklahoma-state-college,,OK,NJCAA_D2,https://njcaastats.prestosports.com/sports/bsb/2024-25/div2/teams/westernoklahomastatecollege,0
njcaastats.prestosports.com,404,cmox2o3wp0070qtbkiluu4rwj,Western Technical College,western-technical-college,,WI,NJCAA_D3,https://njcaastats.prestosports.com/sports/bsb/2024-25/div3/teams/westerntechnicalcollege,0
njcaastats.prestosports.com,404,cmox1gky300cxqtsgcg0ex03r,Western Texas College,western-texas-college,,TX,NJCAA_D1,https://njcaastats.prestosports.com/sports/bsb/2024-25/div1/teams/westerntexascollege,0
njcaastats.prestosports.com,404,cmox23azu00diqtfkp5kot3nj,Westmoreland County Community College,westmoreland-county-community-college,,PA,NJCAA_D2,https://njcaastats.prestosports.com/sports/bsb/2024-25/div2/teams/westmorelandcountycc,0
njcaastats.prestosports.com,404,cmox1gkzf00d0qtsgnq4fvfir,Wharton County Junior College,wharton-county-junior-college,,TX,NJCAA_D1,https://njcaastats.prestosports.com/sports/bsb/2024-25/div1/teams/whartoncountyjuniorcollege,0
njcaastats.prestosports.com,404,cmox23b1a00dlqtfkj3zj56u5,Williston State College,williston-state-college,,ND,NJCAA_D2,https://njcaastats.prestosports.com/sports/bsb/2024-25/div2/teams/willistonstatecollege,0
njcaastats.prestosports.com,404,cmox1gl2700d6qtsg49sd4h9t,Yavapai College,yavapai-college,,AZ,NJCAA_D1,https://njcaastats.prestosports.com/sports/bsb/2024-25/div1/teams/yavapaicollege,0
naiastats.prestosports.com,177,cmowzryn20000qt4wsg538yat,Abraham Baldwin,abraham-baldwin,,GA.,NAIA,https://naiastats.prestosports.com/sports/bsb/2024-25/teams/abrahambaldwinga,0
naiastats.prestosports.com,177,cmowzrysg0003qt4wbdg2f2jr,Aquinas,aquinas,,MICH.,NAIA,https://naiastats.prestosports.com/sports/bsb/2024-25/teams/aquinasmi,0
naiastats.prestosports.com,177,cmox063zr0006qtgch1gd613b,Arizona Christian,arizona-christian,,AZ,NAIA,https://naiastats.prestosports.com/sports/bsb/2024-25/teams/arizonachristianaz,0
naiastats.prestosports.com,177,cmox0641a0009qtgc0iweu1f4,Arkansas Baptist,arkansas-baptist,,AR,NAIA,https://naiastats.prestosports.com/sports/bsb/2024-25/teams/arkansasbaptist,0
naiastats.prestosports.com,177,cmox0642r000cqtgch0h1atsx,Ave Maria,ave-maria,,FL,NAIA,https://naiastats.prestosports.com/sports/bsb/2024-25/teams/avemariafl,0
naiastats.prestosports.com,177,cmowzrytw0006qt4wacqwr2gf,Avila,avila,,MO,NAIA,https://naiastats.prestosports.com/sports/bsb/2024-25/teams/avilamo,0
naiastats.prestosports.com,177,cmox0645g000iqtgc55oneldh,Baker,baker,,KS,NAIA,https://naiastats.prestosports.com/sports/bsb/2024-25/teams/bakerks,0
naiastats.prestosports.com,177,cmowzryve0009qt4w4wlg04nk,Bellevue,bellevue,,NE,NAIA,https://naiastats.prestosports.com/sports/bsb/2024-25/teams/bellevuene,0
naiastats.prestosports.com,177,cmowzrywy000cqt4wzskexlt2,Benedictine,benedictine,,KS,NAIA,https://naiastats.prestosports.com/sports/bsb/2024-25/teams/benedictineks,0
naiastats.prestosports.com,177,cmox0649h000rqtgcaps3f0qu,Benedictine Mesa,benedictine-mesa,,AZ,NAIA,https://naiastats.prestosports.com/sports/bsb/2024-25/teams/benedictinemesaaz,0
naiastats.prestosports.com,177,cmowzryyd000fqt4w75l1pt86,Bethany,bethany,,KS,NAIA,https://naiastats.prestosports.com/sports/bsb/2024-25/teams/bethanyks,0
naiastats.prestosports.com,177,cmowzryzu000iqt4wi8kavbkx,Bethel,bethel,,TN,NAIA,https://naiastats.prestosports.com/sports/bsb/2024-25/teams/betheltn,0
naiastats.prestosports.com,177,cmowzrz19000lqt4w1y1r6d6b,Blue Mountain Christian,blue-mountain-christian,,MS,NAIA,https://naiastats.prestosports.com/sports/bsb/2024-25/teams/bluemountainchristianms,0
naiastats.prestosports.com,177,cmowzrz2p000oqt4wud5eghaw,Bluefield,bluefield,,VA,NAIA,https://naiastats.prestosports.com/sports/bsb/2024-25/teams/bluefieldva,0
naiastats.prestosports.com,177,cmowzrz46000rqt4wrxx7o7a9,Brescia,brescia,,KY,NAIA,https://naiastats.prestosports.com/sports/bsb/2024-25/teams/bresciaky,0
naiastats.prestosports.com,177,cmowzrz5k000uqt4wc3s1vgx6,Brewton-Parker,brewton-parker,,GA,NAIA,https://naiastats.prestosports.com/sports/bsb/2024-25/teams/brewtonparkerga,0
naiastats.prestosports.com,177,cmowzrz74000xqt4wdm59y6gz,Briar Cliff,briar-cliff,,IA,NAIA,https://naiastats.prestosports.com/sports/bsb/2024-25/teams/briarcliffia,0
naiastats.prestosports.com,177,cmox064lo001iqtgcjv8mnkmc,British Columbia,british-columbia,,BC,NAIA,https://naiastats.prestosports.com/sports/bsb/2024-25/teams/britishcolumbia,0
naiastats.prestosports.com,177,cmowzrz9y0013qt4w9muhmjp3,Bushnell,bushnell,,OR,NAIA,https://naiastats.prestosports.com/sports/bsb/2024-25/teams/bushnellor,0
naiastats.prestosports.com,177,cmowzrzhj001iqt4wu3gf43ii,CIU,ciu,,SC,NAIA,https://naiastats.prestosports.com/sports/bsb/2024-25/teams/ciusc,0
naiastats.prestosports.com,177,cmowzrzbf0016qt4wfhlncr35,Calumet,calumet,,IN,NAIA,https://naiastats.prestosports.com/sports/bsb/2024-25/teams/calumetin,0
naiastats.prestosports.com,177,cmox064r0001uqtgcyhmfa4ad,Campbellsville,campbellsville,,KY,NAIA,https://naiastats.prestosports.com/sports/bsb/2024-25/teams/campbellsvilleky,0
naiastats.prestosports.com,177,cmowzrzct0019qt4wgwahltd6,Carolina,carolina,,N.C.,NAIA,https://naiastats.prestosports.com/sports/bsb/2024-25/teams/carolinanc,0
naiastats.prestosports.com,177,cmowzrzeb001cqt4wjs0rswex,Central Baptist,central-baptist,,ARK.,NAIA,https://naiastats.prestosports.com/sports/bsb/2024-25/teams/centralbaptistar,0
naiastats.prestosports.com,177,cmowzrzfr001fqt4wjyk1e88l,Central Christian,central-christian,,KS,NAIA,https://naiastats.prestosports.com/sports/bsb/2024-25/teams/centralchristianks,0
naiastats.prestosports.com,177,cmox064v10023qtgczbgq56zf,Central Methodist,central-methodist,,MO,NAIA,https://naiastats.prestosports.com/sports/bsb/2024-25/teams/centralmethodistmo,0
naiastats.prestosports.com,177,cmowzrzj0001lqt4wws226tj0,Clarke,clarke,,IA,NAIA,https://naiastats.prestosports.com/sports/bsb/2024-25/teams/clarkeia,0
naiastats.prestosports.com,177,cmowzrzkk001oqt4wwekf7ggs,Cleary,cleary,,MI,NAIA,https://naiastats.prestosports.com/sports/bsb/2024-25/teams/clearymi,0
naiastats.prestosports.com,177,cmox06509002fqtgcjaki8slx,College of Idaho,college-of-idaho,,ID,NAIA,https://naiastats.prestosports.com/sports/bsb/2024-25/teams/collegeofidaho,0
naiastats.prestosports.com,177,cmowzrzm0001rqt4wm5n56kzt,Columbia,columbia,,MO,NAIA,https://naiastats.prestosports.com/sports/bsb/2024-25/teams/columbiamo,0
naiastats.prestosports.com,177,cmowzrzng001uqt4wid2g788z,Concordia,concordia,,NEB.,NAIA,https://naiastats.prestosports.com/sports/bsb/2024-25/teams/concordiane,0
naiastats.prestosports.com,177,cmox06561002rqtgc733yszez,Corban,corban,,OR,NAIA,https://naiastats.prestosports.com/sports/bsb/2024-25/teams/corbanor,0
naiastats.prestosports.com,177,cmox0657g002uqtgcg017dzgh,Cornerstone,cornerstone,,MI,NAIA,https://naiastats.prestosports.com/sports/bsb/2024-25/teams/cornerstonemi,0
naiastats.prestosports.com,177,cmowzrzqf0020qt4w2rmdzd30,Crowley's Ridge,crowley-s-ridge,,AR,NAIA,https://naiastats.prestosports.com/sports/bsb/2024-25/teams/crowleysridgear,0
naiastats.prestosports.com,177,cmowzrzrv0023qt4wrvj7v2vn,Culver-Stockton,culver-stockton,,MO,NAIA,https://naiastats.prestosports.com/sports/bsb/2024-25/teams/culverstocktonmo,0
naiastats.prestosports.com,177,cmox065bi0033qtgcf3sg14rd,Cumberland,cumberland,,TENN.,NAIA,https://naiastats.prestosports.com/sports/bsb/2024-25/teams/cumberlandtn,0
naiastats.prestosports.com,177,cmox065cu0036qtgcta2s6lf3,Cumberlands,cumberlands,,KY.,NAIA,https://naiastats.prestosports.com/sports/bsb/2024-25/teams/cumberlandsky,0
naiastats.prestosports.com,177,cmowzrztc0026qt4w837yizhj,Dakota State,dakota-state,,SD,NAIA,https://naiastats.prestosports.com/sports/bsb/2024-25/teams/dakotastatesd,0
naiastats.prestosports.com,177,cmowzrzus0029qt4w9fs1lx8o,Dakota Wesleyan,dakota-wesleyan,,SD,NAIA,https://naiastats.prestosports.com/sports/bsb/2024-25/teams/dakotawesleyansd,0
naiastats.prestosports.com,177,cmowzrzw9002cqt4wnsx4sgpq,Defiance College,defiance-college,,OH,NAIA,https://naiastats.prestosports.com/sports/bsb/2024-25/teams/defiancecollegeoh,0
naiastats.prestosports.com,177,cmowzrzxr002fqt4wstnzqq2z,Dickinson State,dickinson-state,,ND,NAIA,https://naiastats.prestosports.com/sports/bsb/2024-25/teams/dickinsonstatend,0
naiastats.prestosports.com,177,cmowzrzzj002iqt4wjp7qml4q,Dillard,dillard,,LA.,NAIA,https://naiastats.prestosports.com/sports/bsb/2024-25/teams/dillardla,0
naiastats.prestosports.com,177,cmowzs014002lqt4wj1mlkru4,Doane,doane,,NE,NAIA,https://naiastats.prestosports.com/sports/bsb/2024-25/teams/doanene,0
naiastats.prestosports.com,177,cmowzs02p002oqt4w5u5siqo9,Dordt,dordt,,IA,NAIA,https://naiastats.prestosports.com/sports/bsb/2024-25/teams/dordtia,0
naiastats.prestosports.com,177,cmox065nf003uqtgc8c0fmcjy,Eastern Oregon,eastern-oregon,,OR,NAIA,https://naiastats.prestosports.com/sports/bsb/2024-25/teams/easternoregon,0
naiastats.prestosports.com,177,cmovlhu2n0060qt200npnptgr,Embry-Riddle,embry-riddle,Daytona Beach,AZ,NAIA,https://naiastats.prestosports.com/sports/bsb/2024-25/teams/embryriddleaz,0
naiastats.prestosports.com,177,cmowzs065002uqt4wwjq3lvoj,Evangel,evangel,,MO.,NAIA,https://naiastats.prestosports.com/sports/bsb/2024-25/teams/evangelmo,0
naiastats.prestosports.com,177,cmowzs07m002xqt4wawsr2z9y,Faulkner,faulkner,,AL,NAIA,https://naiastats.prestosports.com/sports/bsb/2024-25/teams/faulkneral,0
naiastats.prestosports.com,177,cmowzs0970030qt4wk3t17vg1,Fisher,fisher,,MA,NAIA,https://naiastats.prestosports.com/sports/bsb/2024-25/teams/fisherma,0
naiastats.prestosports.com,177,cmox065u60049qtgczm8bph8k,Florida Memorial,florida-memorial,,FL,NAIA,https://naiastats.prestosports.com/sports/bsb/2024-25/teams/floridamemorialfl,0
naiastats.prestosports.com,177,cmox065vh004cqtgcp9njea3d,Florida National,florida-national,,FL,NAIA,https://naiastats.prestosports.com/sports/bsb/2024-25/teams/floridanationalfl,0
naiastats.prestosports.com,177,cmox065wv004fqtgct0gzr6xf,Freed-Hardeman,freed-hardeman,,TENN.,NAIA,https://naiastats.prestosports.com/sports/bsb/2024-25/teams/freedhardemantn,0
naiastats.prestosports.com,177,cmowzs0an0033qt4whk11ikps,Friends,friends,,KS,NAIA,https://naiastats.prestosports.com/sports/bsb/2024-25/teams/friendsks,0
naiastats.prestosports.com,177,cmox065zl004lqtgckt3to19k,Georgetown,georgetown,,KY.,NAIA,https://naiastats.prestosports.com/sports/bsb/2024-25/teams/georgetown,0
naiastats.prestosports.com,177,cmowzs0c60036qt4w3zl8yw6w,Goshen,goshen,,IN,NAIA,https://naiastats.prestosports.com/sports/bsb/2024-25/teams/goshenin,0
naiastats.prestosports.com,177,cmowzs0dp0039qt4wx5ce1gbn,Grace,grace,,IND.,NAIA,https://naiastats.prestosports.com/sports/bsb/2024-25/teams/gracein,0
naiastats.prestosports.com,177,cmox06652004xqtgcdt0tmpi9,Graceland,graceland,,IA,NAIA,https://naiastats.prestosports.com/sports/bsb/2024-25/teams/graceland,0
naiastats.prestosports.com,177,cmox0666f0050qtgcpy1opj6v,Grand View,grand-view,,IA,NAIA,https://naiastats.prestosports.com/sports/bsb/2024-25/teams/grandview,0
naiastats.prestosports.com,177,cmowzs0f8003cqt4w2i4hkdh1,Hannibal-LaGrange,hannibal-lagrange,,MO,NAIA,https://naiastats.prestosports.com/sports/bsb/2024-25/teams/hanniballagrangemo,0
naiastats.prestosports.com,177,cmowzs0gt003fqt4wrycagik9,Harris-Stowe,harris-stowe,,MO,NAIA,https://naiastats.prestosports.com/sports/bsb/2024-25/teams/harrisstowemo,0
naiastats.prestosports.com,177,cmox066af0059qtgc98qcsc7y,Hastings,hastings,,NE,NAIA,https://naiastats.prestosports.com/sports/bsb/2024-25/teams/hastings,0
naiastats.prestosports.com,177,cmox066bq005cqtgcwroasbo1,Hope International,hope-international,,CA,NAIA,https://naiastats.prestosports.com/sports/bsb/2024-25/teams/hopeinternational,0
naiastats.prestosports.com,177,cmox066d3005fqtgc1tg2a1cp,Houston-Victoria,houston-victoria,,TX,NAIA,https://naiastats.prestosports.com/sports/bsb/2024-25/teams/houstonvictoria,0
naiastats.prestosports.com,177,cmowzs0ic003iqt4w0udpeydi,Huntington,huntington,,IN,NAIA,https://naiastats.prestosports.com/sports/bsb/2024-25/teams/huntingtonin,0
naiastats.prestosports.com,177,cmox066g1005lqtgc9k82gfo7,Huston-Tillotson,huston-tillotson,,TX,NAIA,https://naiastats.prestosports.com/sports/bsb/2024-25/teams/hustontillotson,0
naiastats.prestosports.com,177,cmowzs0jv003lqt4wamuq6dql,IU Columbus,iu-columbus,,IND.,NAIA,https://naiastats.prestosports.com/sports/bsb/2024-25/teams/iucolumbusind,0
naiastats.prestosports.com,177,cmox066o70063qtgcesmejger,IU Kokomo,iu-kokomo,,IN,NAIA,https://naiastats.prestosports.com/sports/bsb/2024-25/teams/iukokomo,0
naiastats.prestosports.com,177,cmox066hf005oqtgcambkvktk,Indiana South Bend,indiana-south-bend,,IN,NAIA,https://naiastats.prestosports.com/sports/bsb/2024-25/teams/indianasouthbend,0
naiastats.prestosports.com,177,cmox066is005rqtgc1k2001tz,Indiana Southeast,indiana-southeast,,IN,NAIA,https://naiastats.prestosports.com/sports/bsb/2024-25/teams/indianasoutheast,0
naiastats.prestosports.com,177,cmox066k7005uqtgc83tqxsn0,Indiana Tech,indiana-tech,,IN,NAIA,https://naiastats.prestosports.com/sports/bsb/2024-25/teams/indianatech,0
naiastats.prestosports.com,177,cmox066lk005xqtgctz7oerky,Indiana Wesleyan,indiana-wesleyan,,IN,NAIA,https://naiastats.prestosports.com/sports/bsb/2024-25/teams/indianawesleyanin,0
naiastats.prestosports.com,177,cmovlhvad008lqt20v64qa5f4,Jamestown,jamestown,Jamestown,N.D.,NAIA,https://naiastats.prestosports.com/sports/bsb/2024-25/teams/jamestown,0
naiastats.prestosports.com,177,cmox066qy0069qtgco1avrdjp,Jarvis Christian,jarvis-christian,,TX,NAIA,https://naiastats.prestosports.com/sports/bsb/2024-25/teams/jarvischristian,0
naiastats.prestosports.com,177,cmowzs0mz003rqt4w9dtclhuh,Johnson,johnson,,TN,NAIA,https://naiastats.prestosports.com/sports/bsb/2024-25/teams/johnsontn,0
naiastats.prestosports.com,177,cmowzs0og003uqt4womnogrq7,Judson,judson,,IL,NAIA,https://naiastats.prestosports.com/sports/bsb/2024-25/teams/judsonil,0
naiastats.prestosports.com,177,cmox066v1006iqtgcllhmn9xz,Kansas Wesleyan,kansas-wesleyan,,KS,NAIA,https://naiastats.prestosports.com/sports/bsb/2024-25/teams/kansaswesleyan,0
naiastats.prestosports.com,177,cmowzs0py003xqt4w2b5x3mjw,Keiser,keiser,,FLA.,NAIA,https://naiastats.prestosports.com/sports/bsb/2024-25/teams/keiser,0
naiastats.prestosports.com,177,cmox066xq006oqtgc1hw3zms8,Kentucky Christian,kentucky-christian,,KY,NAIA,https://naiastats.prestosports.com/sports/bsb/2024-25/teams/kentuckychristian,0
naiastats.prestosports.com,177,cmowzs0uo0046qt4wfr3hrw5d,LSU Alexandria,lsu-alexandria,,LA.,NAIA,https://naiastats.prestosports.com/sports/bsb/2024-25/teams/lsualexandria,0
naiastats.prestosports.com,177,cmowzs0w50049qt4wzavead73,LSU Shreveport,lsu-shreveport,,LA.,NAIA,https://naiastats.prestosports.com/sports/bsb/2024-25/teams/lsushreveport,0
naiastats.prestosports.com,177,cmox066z4006rqtgchicxxtpc,La Sierra,la-sierra,,CA,NAIA,https://naiastats.prestosports.com/sports/bsb/2024-25/teams/lasierra,0
naiastats.prestosports.com,177,cmox0670h006uqtgc73tzy1mv,Lawrence Tech,lawrence-tech,,MI,NAIA,https://naiastats.prestosports.com/sports/bsb/2024-25/teams/lawrencetech,0
naiastats.prestosports.com,177,cmowzs0ro0040qt4w6yk3fqcd,Lewis-Clark State,lewis-clark-state,,IDAHO,NAIA,https://naiastats.prestosports.com/sports/bsb/2024-25/teams/lewisclarkstate,0
naiastats.prestosports.com,177,cmox067330070qtgc2vra1ndq,Lindsey Wilson,lindsey-wilson,,KY.,NAIA,https://naiastats.prestosports.com/sports/bsb/2024-25/teams/lindseywilson,0
naiastats.prestosports.com,177,cmox0674e0073qtgccuv9vkx5,Louisiana Christian,louisiana-christian,,LA,NAIA,https://naiastats.prestosports.com/sports/bsb/2024-25/teams/louisianachristian,0
naiastats.prestosports.com,177,cmox0675s0076qtgcqe0r7lig,Lourdes,lourdes,,OH,NAIA,https://naiastats.prestosports.com/sports/bsb/2024-25/teams/lourdes,0
naiastats.prestosports.com,177,cmowzs0t60043qt4w612g566d,Loyola,loyola,,LA.,NAIA,https://naiastats.prestosports.com/sports/bsb/2024-25/teams/loyola,0
naiastats.prestosports.com,177,cmowzs0xk004cqt4wnl1891ss,Madonna,madonna,,MICH.,NAIA,https://naiastats.prestosports.com/sports/bsb/2024-25/teams/madonna,0
naiastats.prestosports.com,177,cmox067ch007lqtgceo3tu6aq,Marian,marian,,IN,NAIA,https://naiastats.prestosports.com/sports/bsb/2024-25/teams/marianin,0
naiastats.prestosports.com,177,cmox067dt007oqtgcup27yusi,Mayville State,mayville-state,,ND,NAIA,https://naiastats.prestosports.com/sports/bsb/2024-25/teams/mayvillestate,0
naiastats.prestosports.com,177,cmowzs0z2004fqt4w3uj81px9,McPherson,mcpherson,,KAN.,NAIA,https://naiastats.prestosports.com/sports/bsb/2024-25/teams/mcpherson,0
naiastats.prestosports.com,177,cmox067gh007uqtgcqrq09vgr,Michigan-Dearborn,michigan-dearborn,,MI,NAIA,https://naiastats.prestosports.com/sports/bsb/2024-25/teams/michigandearborn,0
naiastats.prestosports.com,177,cmox067hw007xqtgci55b1wtd,MidAmerica Nazarene,midamerica-nazarene,,KS,NAIA,https://naiastats.prestosports.com/sports/bsb/2024-25/teams/midamericanazarene,0
naiastats.prestosports.com,177,cmox067j70080qtgcbr5o9igh,Middle Georgia State,middle-georgia-state,,GA,NAIA,https://naiastats.prestosports.com/sports/bsb/2024-25/teams/middlegeorgiastate,0
naiastats.prestosports.com,177,cmox067kl0083qtgczg7bx4q5,Midland,midland,,NE,NAIA,https://naiastats.prestosports.com/sports/bsb/2024-25/teams/midland,0
naiastats.prestosports.com,177,cmox067ly0086qtgcybk0ndn8,Midway,midway,,KY,NAIA,https://naiastats.prestosports.com/sports/bsb/2024-25/teams/midway,0
naiastats.prestosports.com,177,cmowzs10i004iqt4welwstpp9,Milligan,milligan,,TN,NAIA,https://naiastats.prestosports.com/sports/bsb/2024-25/teams/milligantn,0
naiastats.prestosports.com,177,cmowzs11x004lqt4wcw37qxqh,Mission,mission,,MO.,NAIA,https://naiastats.prestosports.com/sports/bsb/2024-25/teams/missionmo,0
naiastats.prestosports.com,177,cmox067q3008fqtgcc3zc2s24,Missouri Baptist,missouri-baptist,,MO,NAIA,https://naiastats.prestosports.com/sports/bsb/2024-25/teams/missouribaptist,0
naiastats.prestosports.com,177,cmox067rf008iqtgcqv98xxm2,Missouri Valley,missouri-valley,,MO,NAIA,https://naiastats.prestosports.com/sports/bsb/2024-25/teams/missourivalley,0
naiastats.prestosports.com,177,cmowzs13d004oqt4wgedrj6i3,Mobile,mobile,,ALA.,NAIA,https://naiastats.prestosports.com/sports/bsb/2024-25/teams/mobile,0
naiastats.prestosports.com,177,cmowzs14u004rqt4wk2sj18ho,Montreat,montreat,,NC,NAIA,https://naiastats.prestosports.com/sports/bsb/2024-25/teams/montreatnc,0
naiastats.prestosports.com,177,cmowzs16a004uqt4wruulohb5,Morningside,morningside,,IA,NAIA,https://naiastats.prestosports.com/sports/bsb/2024-25/teams/morningside,0
naiastats.prestosports.com,177,cmox067wv008uqtgc1vodg7t1,Morris,morris,,SC,NAIA,https://naiastats.prestosports.com/sports/bsb/2024-25/teams/morris,0
naiastats.prestosports.com,177,cmox067y8008xqtgcqmlq9nbw,Mount Marty,mount-marty,,SD,NAIA,https://naiastats.prestosports.com/sports/bsb/2024-25/teams/mountmarty,0
naiastats.prestosports.com,177,cmox067zj0090qtgc8tlprwtb,Mount Mercy,mount-mercy,,IA,NAIA,https://naiastats.prestosports.com/sports/bsb/2024-25/teams/mountmercy,0
naiastats.prestosports.com,177,cmowzs17v004xqt4wvfj3aff3,Mount Vernon Nazarene,mount-vernon-nazarene,,OH,NAIA,https://naiastats.prestosports.com/sports/bsb/2024-25/teams/mountvernonnazareneoh,0
naiastats.prestosports.com,177,cmowzs19b0050qt4wx2g99sqw,Nelson,nelson,,TX,NAIA,https://naiastats.prestosports.com/sports/bsb/2024-25/teams/nelsontexas,0
naiastats.prestosports.com,177,cmox068270096qtgcwygf9q49,New College of Florida,new-college-of-florida,,FL,NAIA,https://naiastats.prestosports.com/sports/bsb/2024-25/teams/newcollegeofflorida,0
naiastats.prestosports.com,177,cmowzs1aw0053qt4wrwplawbf,Northwestern,northwestern,,IA,NAIA,https://naiastats.prestosports.com/sports/bsb/2024-25/teams/northwestern,0
naiastats.prestosports.com,177,cmox0684y009cqtgca2arq0at,Northwestern Ohio,northwestern-ohio,,OH,NAIA,https://naiastats.prestosports.com/sports/bsb/2024-25/teams/northwesternohio,0
naiastats.prestosports.com,177,cmox068ed009xqtgcluu00ea6,OUAZ,ouaz,,AZ,NAIA,https://naiastats.prestosports.com/sports/bsb/2024-25/teams/ouaz,0
naiastats.prestosports.com,177,cmowzs1cg0056qt4w6u7raqqy,Oakland City,oakland-city,,IN,NAIA,https://naiastats.prestosports.com/sports/bsb/2024-25/teams/oaklandcity,0
naiastats.prestosports.com,177,cmowzs1dw0059qt4w4xp8tyqi,Oakwood,oakwood,,AL,NAIA,https://naiastats.prestosports.com/sports/bsb/2024-25/teams/oakwoodal,0
naiastats.prestosports.com,177,cmox06893009lqtgc3tmk8itu,Oklahoma Wesleyan,oklahoma-wesleyan,,OK,NAIA,https://naiastats.prestosports.com/sports/bsb/2024-25/teams/oklahomawesleyan,0
naiastats.prestosports.com,177,cmowzs1fe005cqt4w0s54p5m8,Olivet Nazarene,olivet-nazarene,,IL,NAIA,https://naiastats.prestosports.com/sports/bsb/2024-25/teams/olivetnazareneil,0
naiastats.prestosports.com,177,cmox068bq009rqtgc9w14f64u,Oregon Tech,oregon-tech,,OR,NAIA,https://naiastats.prestosports.com/sports/bsb/2024-25/teams/oregontech,0
naiastats.prestosports.com,177,cmowzs1gw005fqt4wv7ntre67,Ottawa,ottawa,,KAN.,NAIA,https://naiastats.prestosports.com/sports/bsb/2024-25/teams/ottawa,0
naiastats.prestosports.com,177,cmox068fn00a0qtgc5m18fxv4,Our Lady of the Lake,our-lady-of-the-lake,,TX,NAIA,https://naiastats.prestosports.com/sports/bsb/2024-25/teams/ourladyofthelake,0
naiastats.prestosports.com,177,cmox068h500a3qtgcyxillt4u,Park,park,,MO,NAIA,https://naiastats.prestosports.com/sports/bsb/2024-25/teams/park,0
naiastats.prestosports.com,177,cmowzs1ib005iqt4w3i7tnck9,Park-Gilbert,park-gilbert,,AZ,NAIA,https://naiastats.prestosports.com/sports/bsb/2024-25/teams/parkgilbertaz,0
naiastats.prestosports.com,177,cmox068jq00a9qtgc4gcrrdbl,Peru State,peru-state,,NE,NAIA,https://naiastats.prestosports.com/sports/bsb/2024-25/teams/perustate,0
naiastats.prestosports.com,177,cmowzs1jr005lqt4womndsl7h,Philander Smith,philander-smith,,AR,NAIA,https://naiastats.prestosports.com/sports/bsb/2024-25/teams/philandersmithar,0
naiastats.prestosports.com,177,cmowzs1l7005oqt4wcore2glb,Pikeville,pikeville,,KY,NAIA,https://naiastats.prestosports.com/sports/bsb/2024-25/teams/pikevilleky,0
naiastats.prestosports.com,177,cmox068ny00aiqtgc74yuw2t8,Point,point,,GA,NAIA,https://naiastats.prestosports.com/sports/bsb/2024-25/teams/point,0
naiastats.prestosports.com,177,cmowzs1mn005rqt4wreae274s,Providence Christian,providence-christian,,CA,NAIA,https://naiastats.prestosports.com/sports/bsb/2024-25/teams/providencechristianca,0
naiastats.prestosports.com,177,cmox068ry00arqtgctwx7egcp,Rio Grande,rio-grande,,OH,NAIA,https://naiastats.prestosports.com/sports/bsb/2024-25/teams/riogrande,0
naiastats.prestosports.com,177,cmowzs1pl005xqt4w10de1dc1,Rochester Christian,rochester-christian,,MICH.,NAIA,https://naiastats.prestosports.com/sports/bsb/2024-25/teams/rochesterchristianmich,0
naiastats.prestosports.com,177,cmowzs1r40060qt4waqra6rcg,Rust,rust,,MS,NAIA,https://naiastats.prestosports.com/sports/bsb/2024-25/teams/rustms,0
naiastats.prestosports.com,177,cmowzs1sl0063qt4w2c8vrz25,Saint Francis,saint-francis,,IN,NAIA,https://naiastats.prestosports.com/sports/bsb/2024-25/teams/saintfrancisin,0
naiastats.prestosports.com,177,cmox068x900b3qtgciov963rh,Saint Mary,saint-mary,,KS,NAIA,https://naiastats.prestosports.com/sports/bsb/2024-25/teams/saintmary,0
naiastats.prestosports.com,177,cmowzs1u50066qt4whaf1rcgo,Saint Xavier,saint-xavier,,IL,NAIA,https://naiastats.prestosports.com/sports/bsb/2024-25/teams/saintxavieril,0
naiastats.prestosports.com,177,cmox068zw00b9qtgcnky6lc4v,Shawnee State,shawnee-state,,OH,NAIA,https://naiastats.prestosports.com/sports/bsb/2024-25/teams/shawneestate,0
naiastats.prestosports.com,177,cmox0691700bcqtgctrse79j7,Siena Heights,siena-heights,,MI,NAIA,https://naiastats.prestosports.com/sports/bsb/2024-25/teams/sienaheights,0
naiastats.prestosports.com,177,cmowzs1vl0069qt4wsqb6a8yr,Simpson,simpson,,CA,NAIA,https://naiastats.prestosports.com/sports/bsb/2024-25/teams/simpsonca,0
naiastats.prestosports.com,177,cmowzs1x2006cqt4wjutn86j4,Southeastern,southeastern,,FLA.,NAIA,https://naiastats.prestosports.com/sports/bsb/2024-25/teams/southeastern,0
naiastats.prestosports.com,177,cmowzs1yj006fqt4wp698q3i9,Southern University at New Orleans,southern-university-at-new-orleans,,LA,NAIA,https://naiastats.prestosports.com/sports/bsb/2024-25/teams/southernuniversityatneworleansla,0
naiastats.prestosports.com,177,cmox0696p00boqtgcoxda72a3,Southwest,southwest,,NM,NAIA,https://naiastats.prestosports.com/sports/bsb/2024-25/teams/southwest,0
naiastats.prestosports.com,177,cmox0698600brqtgczygal4sl,Southwestern,southwestern,,KS,NAIA,https://naiastats.prestosports.com/sports/bsb/2024-25/teams/southwestern,0
naiastats.prestosports.com,177,cmox0699k00buqtgcpx2iqyzz,Spartanburg Methodist,spartanburg-methodist,,SC,NAIA,https://naiastats.prestosports.com/sports/bsb/2024-25/teams/spartanburgmethodist,0
naiastats.prestosports.com,177,cmowzs204006iqt4wpgwrqfh7,Spring Arbor,spring-arbor,,MICH.,NAIA,https://naiastats.prestosports.com/sports/bsb/2024-25/teams/springarbormi,0
naiastats.prestosports.com,177,cmowzs21j006lqt4wffal58bl,St. Ambrose,st-ambrose,,IA,NAIA,https://naiastats.prestosports.com/sports/bsb/2024-25/teams/stambroseia,0
naiastats.prestosports.com,177,cmowzs230006oqt4wqumb05n0,St. Andrews,st-andrews,,NC,NAIA,https://naiastats.prestosports.com/sports/bsb/2024-25/teams/standrewsnc,0
naiastats.prestosports.com,177,cmowzs24h006rqt4wfge0sbob,St. Francis,st-francis,,IL,NAIA,https://naiastats.prestosports.com/sports/bsb/2024-25/teams/stfrancisil,0
naiastats.prestosports.com,177,cmowzs25w006uqt4w8e2l0xp7,St. Thomas,st-thomas,,FLA.,NAIA,https://naiastats.prestosports.com/sports/bsb/2024-25/teams/stthomas,0
naiastats.prestosports.com,177,cmox069ho00ccqtgc42y9kmfr,Sterling,sterling,,KS,NAIA,https://naiastats.prestosports.com/sports/bsb/2024-25/teams/sterling,0
naiastats.prestosports.com,177,cmox069iz00cfqtgc6ijvh9gn,Stillman,stillman,,AL,NAIA,https://naiastats.prestosports.com/sports/bsb/2024-25/teams/stillman,0
naiastats.prestosports.com,177,cmox069kd00ciqtgcfmpgoiet,Tabor,tabor,,KS,NAIA,https://naiastats.prestosports.com/sports/bsb/2024-25/teams/tabor,0
naiastats.prestosports.com,177,cmowzs27g006xqt4wpaqxe1jx,Talladega,talladega,,AL,NAIA,https://naiastats.prestosports.com/sports/bsb/2024-25/teams/talladegaal,0
naiastats.prestosports.com,177,cmowzs28y0070qt4wel8w9307,Taylor,taylor,,IN,NAIA,https://naiastats.prestosports.com/sports/bsb/2024-25/teams/taylorin,0
naiastats.prestosports.com,177,cmox069oi00crqtgc031n7wau,Tennessee Southern,tennessee-southern,,TN,NAIA,https://naiastats.prestosports.com/sports/bsb/2024-25/teams/tennesseesouthern,0
naiastats.prestosports.com,177,cmox069rb00cxqtgc4ygzwzwx,Texas A&M  Texarkana,texas-a-and-m-texarkana,,TX,NAIA,https://naiastats.prestosports.com/sports/bsb/2024-25/teams/texasamtexarkana,0
naiastats.prestosports.com,177,cmox069sn00d0qtgcjtotjzzk,Texas College,texas-college,,TX,NAIA,https://naiastats.prestosports.com/sports/bsb/2024-25/teams/texascollege,0
naiastats.prestosports.com,177,cmowzs2af0073qt4wn3t65h57,The Master's,the-master-s,,CALIF.,NAIA,https://naiastats.prestosports.com/sports/bsb/2024-25/teams/themasters,0
naiastats.prestosports.com,177,cmox069va00d6qtgcn0ndzzas,Thomas,thomas,,GA,NAIA,https://naiastats.prestosports.com/sports/bsb/2024-25/teams/thomas,0
naiastats.prestosports.com,177,cmowzs2c00076qt4wck5u0njl,Tougaloo,tougaloo,,MISS.,NAIA,https://naiastats.prestosports.com/sports/bsb/2024-25/teams/tougalooms,0
naiastats.prestosports.com,177,cmowzs2dj0079qt4w9wire00s,Trinity Christian,trinity-christian,,IL,NAIA,https://naiastats.prestosports.com/sports/bsb/2024-25/teams/trinitychristianil,0
naiastats.prestosports.com,177,cmox069zr00dfqtgcntxrsrbb,Truett McConnell,truett-mcconnell,,GA,NAIA,https://naiastats.prestosports.com/sports/bsb/2024-25/teams/truettmcconnell,0
naiastats.prestosports.com,177,cmox06a1200diqtgc2xj3i2cg,UHSP,uhsp,,MO,NAIA,https://naiastats.prestosports.com/sports/bsb/2024-25/teams/uhsp,0
naiastats.prestosports.com,177,cmox06a2l00dlqtgcos7i4rt9,Union Commonwealth,union-commonwealth,,KY,NAIA,https://naiastats.prestosports.com/sports/bsb/2024-25/teams/unioncommonwealth,0
naiastats.prestosports.com,177,cmox06a3v00doqtgcld51s5r9,Valley City State,valley-city-state,,ND,NAIA,https://naiastats.prestosports.com/sports/bsb/2024-25/teams/valleycitystate,0
naiastats.prestosports.com,177,cmox06a5900drqtgcpbq8mglc,Viterbo,viterbo,,WI,NAIA,https://naiastats.prestosports.com/sports/bsb/2024-25/teams/viterbo,0
naiastats.prestosports.com,177,cmox06a6m00duqtgchsc3tg7p,Voorhees University,voorhees-university,,SC,NAIA,https://naiastats.prestosports.com/sports/bsb/2024-25/teams/voorheesuniversity,0
naiastats.prestosports.com,177,cmowzs2sk0083qt4w86xf1nts,WVU Tech,wvu-tech,,WV,NAIA,https://naiastats.prestosports.com/sports/bsb/2024-25/teams/wvutechwv,0
naiastats.prestosports.com,177,cmox06a7z00dxqtgcs2lyeo4e,Waldorf,waldorf,,IA,NAIA,https://naiastats.prestosports.com/sports/bsb/2024-25/teams/waldorf,0
naiastats.prestosports.com,177,cmowzs2f3007cqt4wlgcn8jot,Warner,warner,,FL,NAIA,https://naiastats.prestosports.com/sports/bsb/2024-25/teams/warnerfl,0
naiastats.prestosports.com,177,cmowzs2gq007fqt4wgjsjkut7,Wayland Baptist,wayland-baptist,,TX,NAIA,https://naiastats.prestosports.com/sports/bsb/2024-25/teams/waylandbaptisttx,0
naiastats.prestosports.com,177,cmowzs2i6007iqt4w14hrvqae,Webber International,webber-international,,FL,NAIA,https://naiastats.prestosports.com/sports/bsb/2024-25/teams/webberinternationalfl,0
naiastats.prestosports.com,177,cmowzs2jp007lqt4wmxd5vtd8,Westcliff,westcliff,,CALIF.,NAIA,https://naiastats.prestosports.com/sports/bsb/2024-25/teams/westcliffca,0
naiastats.prestosports.com,177,cmowzs2l5007oqt4wmemu4ojg,Wilberforce,wilberforce,,OH,NAIA,https://naiastats.prestosports.com/sports/bsb/2024-25/teams/wilberforceoh,0
naiastats.prestosports.com,177,cmowzs2ml007rqt4wz5m3qzym,Wiley,wiley,,TX,NAIA,https://naiastats.prestosports.com/sports/bsb/2024-25/teams/wileytx,0
naiastats.prestosports.com,177,cmowzs2o1007uqt4wvnc6ovj3,William Carey,william-carey,,MISS.,NAIA,https://naiastats.prestosports.com/sports/bsb/2024-25/teams/williamcareyms,0
naiastats.prestosports.com,177,cmowzs2pm007xqt4w66z0cj3f,William Penn,william-penn,,IA,NAIA,https://naiastats.prestosports.com/sports/bsb/2024-25/teams/williampennia,0
naiastats.prestosports.com,177,cmox06aiz00elqtgcfku2eu2a,William Woods,william-woods,,MO,NAIA,https://naiastats.prestosports.com/sports/bsb/2024-25/teams/williamwoodsmo,0
naiastats.prestosports.com,177,cmowzs2r40080qt4w48qaj7mu,Williams Baptist,williams-baptist,,AR,NAIA,https://naiastats.prestosports.com/sports/bsb/2024-25/teams/williamsbaptistar,0
naiastats.prestosports.com,177,cmowzs2u20086qt4w33qae7md,Xavier,xavier,,LA.,NAIA,https://naiastats.prestosports.com/sports/bsb/2024-25/teams/xavierla,0
naiastats.prestosports.com,177,cmowzs2vl0089qt4wbu7rzs9n,York,york,,NE,NAIA,https://naiastats.prestosports.com/sports/bsb/2024-25/teams/yorkne,0
