slug,collegeName,highConfidenceAreas,mediumConfidenceAreas,lowConfidenceAreas,writeAreas,matchedCount,writeCount,sourceUrl,writeStatus
abilene-christian-university,Abilene Christian University,Business|Education|Engineering,Biochemistry|Biology|Chemistry|History|Human Services|Information Technology|Management|Nursing|Psychology,Hospitality|Physics,Business|Education|Engineering|Biochemistry|Biology|Chemistry|History|Human Services|Information Technology|Management|Nursing|Psychology,14,12,https://www.acu.edu/academics,DRY_RUN
adrian-college,Adrian College,Education,Architecture|Art|Engineering|History,Communications|Human Resources|Public Relations,Education|Architecture|Art|Engineering|History,8,5,https://www.adrian.edu/academics,DRY_RUN
air-force-academy,Air Force Academy,Education,Engineering|Information Technology,Mathematics,Education|Engineering|Information Technology,4,3,https://www.usafa.edu/academics,DRY_RUN
alabama-am-university,Alabama A&M University,Business|Chemistry|Computer Science|Education|Electrical Engineering|Engineering|History|Mathematics|Physics|Psychology|Social Work,Accounting|Art|Biochemistry|Civil Engineering|Communications|Construction Management|English|Entrepreneurship|Environmental Science|Finance|International Business|Management|Marketing|Mechanical Engineering|Nutrition|Performing Arts|Visual Arts,Biotechnology|Hospitality|Hospitality Management|Pre-Law|Public Administration,Business|Chemistry|Computer Science|Education|Electrical Engineering|Engineering|History|Mathematics|Physics|Psychology|Social Work|Accounting|Art|Biochemistry|Civil Engineering|Communications|Construction Management|English|Entrepreneurship|Environmental Science|Finance|International Business|Management|Marketing|Mechanical Engineering|Nutrition|Performing Arts|Visual Arts,33,28,https://www.aamu.edu/academics,DRY_RUN
alabama-state-university,Alabama State University,Education,Art|History,Communications|Social Work,Education|Art|History,5,3,https://www.alasu.edu,DRY_RUN
albertus-magnus-college,Albertus Magnus College,Accounting|Art|Biology|Business|Chemistry|Criminal Justice|Education|English|Entrepreneurship|History|Human Services|Information Systems|Management|Mathematics|Nursing|Philosophy|Political Science|Psychology|Religion|Sociology,Communications|Graphic Design|Health Sciences|Marketing|Pre-Law|Public Administration|Public Health|Social Work|Sport Management,,Accounting|Art|Biology|Business|Chemistry|Criminal Justice|Education|English|Entrepreneurship|History|Human Services|Information Systems|Management|Mathematics|Nursing|Philosophy|Political Science|Psychology|Religion|Sociology|Communications|Graphic Design|Health Sciences|Marketing|Pre-Law|Public Administration|Public Health|Social Work|Sport Management,29,29,https://www.albertus.edu/academics,DRY_RUN
albion-college,Albion College,Biology|Economics|Management|Mathematics,Accounting|Actuarial Science|Art|Art History|Biochemistry|Business|Chemistry|Computer Science|Data Analytics|Data Science|Education|Engineering|English|Environmental Science|Exercise Science|Finance|History|Human Services|Information Systems|Kinesiology|Marketing|Music|Neuroscience|Nursing|Philosophy|Physical Therapy|Physics|Political Science|Pre-Law|Pre-Nursing|Pre-Physical Therapy|Pre-Veterinary Medicine|Public Health|Sociology|Statistics,Human Resources,Biology|Economics|Management|Mathematics|Accounting|Actuarial Science|Art|Art History|Biochemistry|Business|Chemistry|Computer Science|Data Analytics|Data Science|Education|Engineering|English|Environmental Science|Exercise Science|Finance|History|Human Services|Information Systems|Kinesiology|Marketing|Music|Neuroscience|Nursing|Philosophy|Physical Therapy|Physics|Political Science|Pre-Law|Pre-Nursing|Pre-Physical Therapy|Pre-Veterinary Medicine|Public Health|Sociology|Statistics,40,39,https://www.albion.edu/programs,DRY_RUN
albright-college,Albright College,Accounting|Art|Biochemistry|Biology|Business|Chemistry|Communications|Computer Science|Cybersecurity|Economics|Education|English|Finance|History|Management|Mathematics|Music|Political Science|Pre-Dentistry|Pre-Law|Psychology|Public Health|Sociology,Criminal Justice|Digital Media|Human Resources|Media Studies|Performing Arts|Visual Arts,,Accounting|Art|Biochemistry|Biology|Business|Chemistry|Communications|Computer Science|Cybersecurity|Economics|Education|English|Finance|History|Management|Mathematics|Music|Political Science|Pre-Dentistry|Pre-Law|Psychology|Public Health|Sociology|Criminal Justice|Digital Media|Human Resources|Media Studies|Performing Arts|Visual Arts,29,29,https://www.albright.edu/academics,DRY_RUN
alcorn-state-university,Alcorn State University,Agriculture|Business|Education|Nursing|Psychology,Art|Communications|History,Accounting|Computer Science|Mathematics|Social Work,Agriculture|Business|Education|Nursing|Psychology|Art|Communications|History,12,8,https://www.alcorn.edu/academics,DRY_RUN
alfred-state-college,Alfred State College,Education,Architecture|Art|Engineering|Management,,Education|Architecture|Art|Engineering|Management,5,5,https://www.alfredstate.edu/academics,DRY_RUN
alfred-university,Alfred University,Business,Education|Engineering,Performing Arts,Business|Education|Engineering,4,3,https://www.alfred.edu/academics,DRY_RUN
allegheny-college,Allegheny College,,Business|Education|Political Science,,Business|Education|Political Science,3,3,https://www.allegheny.edu/academics,DRY_RUN
alma-college,Alma College,,Business|Education|English|Health Sciences|History|Music|Performing Arts,Psychology,Business|Education|English|Health Sciences|History|Music|Performing Arts,8,7,https://www.alma.edu/academics,DRY_RUN
alvernia-university,Alvernia University,Education,Business,,Education|Business,2,2,https://www.alvernia.edu/academics,DRY_RUN
alverno-college,Alverno College,Art|Education|Music|Psychology,Biology|Business|Nursing|Public Health,Art History|Biomedical Sciences|Chemistry|Kinesiology|Social Work,Art|Education|Music|Psychology|Biology|Business|Nursing|Public Health,13,8,https://www.alverno.edu/majors,DRY_RUN
amherst-college,Amherst College,,Art|Computer Science|Education|History|Literature|Mathematics|Philosophy|Physics|Religion,Chemistry|Political Science,Art|Computer Science|Education|History|Literature|Mathematics|Philosophy|Physics|Religion,11,9,https://www.amherst.edu,DRY_RUN
anderson-university-sc,Anderson University,Business|Cybersecurity|Economics|Education,Art|Biology|Engineering|Graphic Design|Kinesiology|Management|Philosophy|Political Science|Religion,Accounting|Criminal Justice|Mathematics,Business|Cybersecurity|Economics|Education|Art|Biology|Engineering|Graphic Design|Kinesiology|Management|Philosophy|Political Science|Religion,16,13,https://andersonuniversity.edu/academics,DRY_RUN
anderson-university-indiana,Anderson University (Indiana),Business|Cybersecurity|Engineering|Music|Nursing,Business Analytics|Education|Finance|Management|Psychology,Criminal Justice|Exercise Science|Performing Arts|Pre-Med|Sports Management,Business|Cybersecurity|Engineering|Music|Nursing|Business Analytics|Education|Finance|Management|Psychology,15,10,https://www.anderson.edu/academics,DRY_RUN
anna-maria-college,Anna Maria College,Education|Music|Nursing,Art|Business|Criminal Justice|Management|Psychology|Public Administration|Social Work,Communications|Emergency Management|Forensic Science|Graphic Design|Health Administration|Human Services|Philosophy|Sports Management,Education|Music|Nursing|Art|Business|Criminal Justice|Management|Psychology|Public Administration|Social Work,18,10,https://www.annamaria.edu,DRY_RUN
appalachian-state-university,Appalachian State University,Business|Education|Music,Art|Health Sciences|Management|Psychology,Exercise Science|Nursing|Nutrition|Public Health|Social Work,Business|Education|Music|Art|Health Sciences|Management|Psychology,12,7,https://www.appstate.edu/academics,DRY_RUN
arcadia-university,Arcadia University,Art|Biology|Business|Education|English|Health Sciences|History|International Relations|Marketing|Mathematics|Physical Therapy|Pre-Physical Therapy|Public Health|Statistics,Accounting|Actuarial Science|Art History|Biochemistry|Chemistry|Computer Science|Criminal Justice|Cybersecurity|Data Analytics|Data Science|Economics|Engineering|Entrepreneurship|Finance|Forensic Science|International Business|Management|Music|Neuroscience|Nursing|Occupational Therapy|Philosophy|Physics|Political Science|Pre-Nursing|Psychology|Sociology|Sport Management|Theater,,Art|Biology|Business|Education|English|Health Sciences|History|International Relations|Marketing|Mathematics|Physical Therapy|Pre-Physical Therapy|Public Health|Statistics|Accounting|Actuarial Science|Art History|Biochemistry|Chemistry|Computer Science|Criminal Justice|Cybersecurity|Data Analytics|Data Science|Economics|Engineering|Entrepreneurship|Finance|Forensic Science|International Business|Management|Music|Neuroscience|Nursing|Occupational Therapy|Philosophy|Physics|Political Science|Pre-Nursing|Psychology|Sociology|Sport Management|Theater,43,43,https://www.arcadia.edu/academics,DRY_RUN
arizona,Arizona,Education,Health Sciences|History|Management,,Education|Health Sciences|History|Management,4,4,https://www.arizona.edu,DRY_RUN
arizona-state-university,Arizona State University,Education,Architecture|Business,Engineering|Entrepreneurship|Mathematics,Education|Architecture|Business,6,3,https://www.asu.edu/majors,DRY_RUN
arkansas-state-university,Arkansas State University,Education|Nursing,Agriculture|Business|Political Science,Computer Science|Engineering|Mathematics,Education|Nursing|Agriculture|Business|Political Science,8,5,https://www.astate.edu/academics,DRY_RUN
army-west-point,Army West Point,Education,Engineering|History,,Education|Engineering|History,3,3,https://www.westpoint.edu/academics,DRY_RUN
asbury-university,Asbury University,Accounting|Art|Art History|Biology|Business|Chemistry|Computer Science|Economics|Education|English|Exercise Science|Finance|Graphic Design|History|Journalism|Literature|Management|Marketing|Mathematics|Music|Nursing|Philosophy|Physics|Political Science|Psychology|Public Relations|Social Work,Athletic Training|Biochemistry|Digital Media|Engineering|Entrepreneurship|Kinesiology|Nutrition|Pre-Law|Pre-Pharmacy|Religion|Sociology|Sport Management|Theater|Visual Arts,,Accounting|Art|Art History|Biology|Business|Chemistry|Computer Science|Economics|Education|English|Exercise Science|Finance|Graphic Design|History|Journalism|Literature|Management|Marketing|Mathematics|Music|Nursing|Philosophy|Physics|Political Science|Psychology|Public Relations|Social Work|Athletic Training|Biochemistry|Digital Media|Engineering|Entrepreneurship|Kinesiology|Nutrition|Pre-Law|Pre-Pharmacy|Religion|Sociology|Sport Management|Theater|Visual Arts,41,41,https://www.asbury.edu/academics,DRY_RUN
auburn-university,Auburn University,Agriculture|Architecture|Biology|Business|Chemistry|Computer Science|Education|Engineering|History|Management|Marketing|Mathematics|Physical Therapy|Physics|Pre-Pharmacy|Pre-Physical Therapy|Pre-Veterinary Medicine,Actuarial Science|Art|Art History|Biochemistry|Biomedical Sciences|Biotechnology|Business Analytics|Civil Engineering|Communications|Computer Engineering|Economics|Electrical Engineering|English|Environmental Science|Exercise Science|Finance|Graphic Design|Health Sciences|Hospitality|Hospitality Management|Information Systems|Journalism|Language Arts|Literature|Marine Biology|Mechanical Engineering|Media Studies|Music|Neuroscience|Nursing|Nutrition|Philosophy|Political Science|Psychology|Public Administration|Public Relations|Social Work|Sociology|Software Engineering,Information Technology|Theater,Agriculture|Architecture|Biology|Business|Chemistry|Computer Science|Education|Engineering|History|Management|Marketing|Mathematics|Physical Therapy|Physics|Pre-Pharmacy|Pre-Physical Therapy|Pre-Veterinary Medicine|Actuarial Science|Art|Art History|Biochemistry|Biomedical Sciences|Biotechnology|Business Analytics|Civil Engineering|Communications|Computer Engineering|Economics|Electrical Engineering|English|Environmental Science|Exercise Science|Finance|Graphic Design|Health Sciences|Hospitality|Hospitality Management|Information Systems|Journalism|Language Arts|Literature|Marine Biology|Mechanical Engineering|Media Studies|Music|Neuroscience|Nursing|Nutrition|Philosophy|Political Science|Psychology|Public Administration|Public Relations|Social Work|Sociology|Software Engineering,58,56,https://www.auburn.edu/majors,DRY_RUN
augsburg-university,Augsburg University,Education,Business|Music|Nursing|Psychology|Social Work,Political Science,Education|Business|Music|Nursing|Psychology|Social Work,7,6,https://www.augsburg.edu/academics,DRY_RUN
augustana-college-illinois,Augustana College (Illinois),Education,Art|Music,,Education|Art|Music,3,3,https://www.augustana.edu/academics,DRY_RUN
aurora-university,Aurora University,,Art|Athletic Training|Biology|Business|Education|Exercise Science|Finance|History|Neuroscience|Social Work|Sociology,Computer Science|Criminal Justice|Environmental Science|Nursing|Psychology,Art|Athletic Training|Biology|Business|Education|Exercise Science|Finance|History|Neuroscience|Social Work|Sociology,16,11,https://www.aurora.edu,DRY_RUN
austin-college,Austin College,Art|Biology|Education|Finance|History,Accounting|Art History|Biochemistry|Business|Chemistry|Computer Science|Data Science|Economics|Engineering|English|Environmental Science|Health Sciences|International Relations|Kinesiology|Mathematics|Media Studies|Music|Neuroscience|Philosophy|Physics|Political Science|Psychology|Public Health|Sociology,Human Resources,Art|Biology|Education|Finance|History|Accounting|Art History|Biochemistry|Business|Chemistry|Computer Science|Data Science|Economics|Engineering|English|Environmental Science|Health Sciences|International Relations|Kinesiology|Mathematics|Media Studies|Music|Neuroscience|Philosophy|Physics|Political Science|Psychology|Public Health|Sociology,30,29,https://www.austincollege.edu/academics,DRY_RUN
austin-peay-state-university,Austin Peay State University,Business|Education,Engineering|History|Marketing|Mathematics,Emergency Management|Health Sciences,Business|Education|Engineering|History|Marketing|Mathematics,8,6,https://www.apsu.edu/academics,DRY_RUN
averett-university,Averett University,Education,Communications|Information Technology|Nursing,Human Resources,Education|Communications|Information Technology|Nursing,5,4,https://www.averett.edu,DRY_RUN
byu,BYU,Nursing,Religion,Engineering,Nursing|Religion,3,2,https://www.byu.edu,DRY_RUN
baldwin-wallace-university,Baldwin Wallace University,Engineering,Business|Education|Health Sciences|Mathematics|Performing Arts,,Engineering|Business|Education|Health Sciences|Mathematics|Performing Arts,6,6,https://www.bw.edu/academics,DRY_RUN
ball-state-university,Ball State University,,,,,0,0,,DRY_RUN
bard-college,Bard College,Education|History|Literature|Mathematics,Architecture|Art|Art History|Biochemistry|Biology|Chemistry|Economics|International Relations|Music|Philosophy|Physics|Sociology,Communications|Psychology|Theater,Education|History|Literature|Mathematics|Architecture|Art|Art History|Biochemistry|Biology|Chemistry|Economics|International Relations|Music|Philosophy|Physics|Sociology,19,16,https://www.bard.edu/academics,DRY_RUN
barton-college,Barton College,Business|Education|Health Sciences,,,Business|Education|Health Sciences,3,3,https://www.barton.edu/academics,DRY_RUN
bates-college,Bates College,Art|Chemistry|Education|History|Theater,Engineering|English|Mathematics|Music|Neuroscience|Philosophy|Physics,Biochemistry|Biology|Communications|Economics|Literature|Media Studies|Psychology|Public Health|Sociology,Art|Chemistry|Education|History|Theater|Engineering|English|Mathematics|Music|Neuroscience|Philosophy|Physics,21,12,https://www.bates.edu/academics,DRY_RUN
baylor-university,Baylor University,Education|Social Work,Business|Computer Science|Engineering|Finance|Music|Nursing,Communications|Human Resources,Education|Social Work|Business|Computer Science|Engineering|Finance|Music|Nursing,10,8,https://www.baylor.edu/academics,DRY_RUN
belhaven-university,Belhaven University,Art|Business|Education|Human Services|Nursing,Music|Social Work,,Art|Business|Education|Human Services|Nursing|Music|Social Work,7,7,https://www.belhaven.edu/academics,DRY_RUN
bellarmine-university,Bellarmine University,Education,Management,,Education|Management,2,2,https://www.bellarmine.edu/academics,DRY_RUN
belmont-abbey-college,Belmont Abbey College,Business|Data Analytics|Education|History|Management|Marketing|Nursing|Performing Arts,Accounting|Art|Biochemistry|Biology|Chemistry|Computer Science|Criminal Justice|Economics|English|Finance|Hospitality|Hospitality Management|Human Services|Information Systems|International Business|Mathematics|Philosophy|Psychology|Sport Management,Actuarial Science|Art History|Cybersecurity|Entrepreneurship|Environmental Science|Physics|Pre-Law|Pre-Med|Pre-Vet,Business|Data Analytics|Education|History|Management|Marketing|Nursing|Performing Arts|Accounting|Art|Biochemistry|Biology|Chemistry|Computer Science|Criminal Justice|Economics|English|Finance|Hospitality|Hospitality Management|Human Services|Information Systems|International Business|Mathematics|Philosophy|Psychology|Sport Management,36,27,https://belmontabbeycollege.edu/academics,DRY_RUN
belmont-university,Belmont University,Architecture|Business|Education|Music,Art|Chemistry|Economics|Entrepreneurship|Finance|Health Sciences|History|Mathematics|Nursing|Performing Arts|Physics|Pre-Med|Psychology|Public Relations|Social Work,,Architecture|Business|Education|Music|Art|Chemistry|Economics|Entrepreneurship|Finance|Health Sciences|History|Mathematics|Nursing|Performing Arts|Physics|Pre-Med|Psychology|Public Relations|Social Work,19,19,https://www.belmont.edu,DRY_RUN
beloit-college,Beloit College,Business|Education,Art|Biology|Economics|Entrepreneurship|Music,Health Sciences,Business|Education|Art|Biology|Economics|Entrepreneurship|Music,8,7,https://www.beloit.edu/academics,DRY_RUN
benedictine-university-illinois,Benedictine University (Illinois),Business|Education,Art|Human Resources,,Business|Education|Art|Human Resources,4,4,https://www.ben.edu/academics,DRY_RUN
berea-college,Berea College,Art|Education,Agriculture|Art History|Computer Science|History|Physics,Engineering,Art|Education|Agriculture|Art History|Computer Science|History|Physics,8,7,https://www.berea.edu/academics,DRY_RUN
berry-college,Berry College,Art|Business|Education|Entrepreneurship|History,Accounting|Animal Science|Art History|Biology|Chemistry|Computer Science|Data Analytics|Data Science|Economics|Engineering|English|Environmental Science|Exercise Science|Finance|International Business|Management|Marketing|Mathematics|Music|Nursing|Philosophy|Physical Therapy|Physics|Political Science|Pre-Dentistry|Pre-Law|Pre-Pharmacy|Pre-Physical Therapy|Psychology|Public Relations|Religion|Sociology,,Art|Business|Education|Entrepreneurship|History|Accounting|Animal Science|Art History|Biology|Chemistry|Computer Science|Data Analytics|Data Science|Economics|Engineering|English|Environmental Science|Exercise Science|Finance|International Business|Management|Marketing|Mathematics|Music|Nursing|Philosophy|Physical Therapy|Physics|Political Science|Pre-Dentistry|Pre-Law|Pre-Pharmacy|Pre-Physical Therapy|Psychology|Public Relations|Religion|Sociology,37,37,https://www.berry.edu/majors,DRY_RUN
bethany-college-west-virginia,Bethany College (West Virginia),,Accounting|Art|Biology|Business|Chemistry|Exercise Science|History|Management|Marketing|Nursing,Communications|Computer Science|Criminal Justice|Cybersecurity|Economics|Mathematics|Philosophy|Physics|Political Science|Pre-Law|Pre-Med|Pre-Veterinary Medicine|Psychology|Social Work,Accounting|Art|Biology|Business|Chemistry|Exercise Science|History|Management|Marketing|Nursing,24,10,https://www.bethanywv.edu/academics,DRY_RUN
bethany-lutheran-college,Bethany Lutheran College,,,,,0,0,,DRY_RUN
bethel-university-minnesota,Bethel University (Minnesota),Art|Business|Education,Biology|Engineering|English|Health Sciences,Forensic Science|Visual Arts,Art|Business|Education|Biology|Engineering|English|Health Sciences,9,7,https://www.bethel.edu,DRY_RUN
bethune-cookman-university,Bethune-Cookman University,,Business|Criminal Justice|Education|Engineering|Entrepreneurship|Health Sciences|Hospitality|Mathematics|Nursing,Communications,Business|Criminal Justice|Education|Engineering|Entrepreneurship|Health Sciences|Hospitality|Mathematics|Nursing,10,9,https://www.cookman.edu/academics,DRY_RUN
blackburn-college,Blackburn College,Education,History|Management|Psychology,,Education|History|Management|Psychology,4,4,https://www.blackburn.edu,DRY_RUN
bluffton-university,Bluffton University,Art|Business|Education|Engineering|History|Management|Nutrition|Social Work,Accounting|Biology|Chemistry|Computer Science|Criminal Justice|Electrical Engineering|English|Environmental Science|Exercise Science|Graphic Design|Human Resources|Information Systems|Information Technology|International Business|Journalism|Language Arts|Marketing|Mathematics|Media Studies|Nursing|Physical Therapy|Physics|Political Science|Pre-Law|Pre-Physical Therapy|Psychology|Public Relations|Religion|Sociology|Sport Management,Health Sciences|International Relations,Art|Business|Education|Engineering|History|Management|Nutrition|Social Work|Accounting|Biology|Chemistry|Computer Science|Criminal Justice|Electrical Engineering|English|Environmental Science|Exercise Science|Graphic Design|Human Resources|Information Systems|Information Technology|International Business|Journalism|Language Arts|Marketing|Mathematics|Media Studies|Nursing|Physical Therapy|Physics|Political Science|Pre-Law|Pre-Physical Therapy|Psychology|Public Relations|Religion|Sociology|Sport Management,40,38,https://www.bluffton.edu/majors,DRY_RUN
boise-state-university,Boise State University,Economics,Education|Mathematics,,Economics|Education|Mathematics,3,3,https://www.boisestate.edu/academics,DRY_RUN
boston-college,Boston College,Education,Management|Nursing|Social Work|Theater,Communications|Public Health,Education|Management|Nursing|Social Work|Theater,7,5,https://www.bc.edu/academics,DRY_RUN
bowling-green-state-university,Bowling Green State University,Accounting|Architecture|Art|Art History|Biochemistry|Biology|Business|Chemistry|Communications|Computer Science|Construction Management|Criminal Justice|Data Science|Economics|Education|Engineering|English|Finance|Forensic Science|Graphic Design|History|Hospitality|Human Services|Journalism|Language Arts|Literature|Management|Marine Biology|Marketing|Mathematics|Music|Nursing|Nutrition|Occupational Therapy|Performing Arts|Philosophy|Physical Therapy|Physics|Political Science|Pre-Law|Pre-Veterinary Medicine|Psychology|Public Administration|Public Relations|Social Work|Sociology|Software Engineering|Statistics|Theater,Actuarial Science|Athletic Training|Business Analytics|Computer Engineering|Cybersecurity|Entrepreneurship|Environmental Science|Exercise Science|Hospitality Management|Human Resources|Industrial Engineering|Information Systems|International Business|Kinesiology|Media Studies|Neuroscience|Pre-Dentistry|Pre-Med|Pre-Pharmacy|Pre-Physical Therapy|Pre-Vet|Public Health|Sport Management,Exercise Physiology|Film Studies|Speech Pathology|Web Development,Accounting|Architecture|Art|Art History|Biochemistry|Biology|Business|Chemistry|Communications|Computer Science|Construction Management|Criminal Justice|Data Science|Economics|Education|Engineering|English|Finance|Forensic Science|Graphic Design|History|Hospitality|Human Services|Journalism|Language Arts|Literature|Management|Marine Biology|Marketing|Mathematics|Music|Nursing|Nutrition|Occupational Therapy|Performing Arts|Philosophy|Physical Therapy|Physics|Political Science|Pre-Law|Pre-Veterinary Medicine|Psychology|Public Administration|Public Relations|Social Work|Sociology|Software Engineering|Statistics|Theater|Actuarial Science|Athletic Training|Business Analytics|Computer Engineering|Cybersecurity|Entrepreneurship|Environmental Science|Exercise Science|Hospitality Management|Human Resources|Industrial Engineering|Information Systems|International Business|Kinesiology|Media Studies|Neuroscience|Pre-Dentistry|Pre-Med|Pre-Pharmacy|Pre-Physical Therapy|Pre-Vet|Public Health|Sport Management,76,72,https://www.bgsu.edu/academics,DRY_RUN
bradley-university,Bradley University,Education,Engineering|Health Sciences,Accounting|Communications|Entrepreneurship,Education|Engineering|Health Sciences,6,3,https://www.bradley.edu/academics,DRY_RUN
brandeis-university,Brandeis University,Education,Art|Business|Economics|Sociology,,Education|Art|Business|Economics|Sociology,5,5,https://www.brandeis.edu/academics,DRY_RUN
brevard-college,Brevard College,Business|Education|Management,Art|Biology|Chemistry|Music|Physics|Psychology,Business Analytics|Computer Science|Criminal Justice|Engineering|Exercise Science|Mathematics|Performing Arts|Sports Management,Business|Education|Management|Art|Biology|Chemistry|Music|Physics|Psychology,17,9,https://www.brevard.edu/academics,DRY_RUN
bridgewater-college-virginia,Bridgewater College (Virginia),Digital Media,Art|Athletic Training|Business|Education|Management,Biochemistry|Biology|Chemistry|Computer Science|Economics|Engineering|Environmental Science|Human Resources|Mathematics|Philosophy|Physics|Political Science|Psychology|Sociology,Digital Media|Art|Athletic Training|Business|Education|Management,20,6,https://www.bridgewater.edu/academics,DRY_RUN
bridgewater-state-university,Bridgewater State University,Education,Cybersecurity|Engineering|Human Resources|Social Work,Criminal Justice|Physics|Statistics,Education|Cybersecurity|Engineering|Human Resources|Social Work,8,5,https://www.bridgew.edu/academics,DRY_RUN
brown-university,Brown University,Education,Engineering|Public Health,,Education|Engineering|Public Health,3,3,https://www.brown.edu/academics,DRY_RUN
bryan-college,Bryan College,History|Performing Arts,Biology|Business|Criminal Justice|Education|Engineering|English|Marketing|Mathematics|Nursing|Psychology,,History|Performing Arts|Biology|Business|Criminal Justice|Education|Engineering|English|Marketing|Mathematics|Nursing|Psychology,12,12,https://www.bryan.edu/academics,DRY_RUN
bucknell-university,Bucknell University,Engineering|History|Management,Information Technology,,Engineering|History|Management|Information Technology,4,4,https://www.bucknell.edu/academics,DRY_RUN
buena-vista-university,Buena Vista University,Accounting|Agriculture|Art|Biology|Biomedical Sciences|Business|Computer Science|Digital Media|Education|Engineering|English|Exercise Science|Graphic Design|Health Sciences|History|Human Services|Kinesiology|Language Arts|Management|Marketing|Mathematics|Music|Nursing|Physics|Political Science|Pre-Law|Psychology|Social Work,Animal Science|Athletic Training|Criminal Justice|Finance|Forensic Science|Game Design|Human Resources|Information Technology|Occupational Therapy|Physical Therapy|Public Relations|Visual Arts,Communications|Literature|Pre-Dentistry|Pre-Pharmacy|Pre-Physical Therapy|Pre-Veterinary Medicine|Public Health,Accounting|Agriculture|Art|Biology|Biomedical Sciences|Business|Computer Science|Digital Media|Education|Engineering|English|Exercise Science|Graphic Design|Health Sciences|History|Human Services|Kinesiology|Language Arts|Management|Marketing|Mathematics|Music|Nursing|Physics|Political Science|Pre-Law|Psychology|Social Work|Animal Science|Athletic Training|Criminal Justice|Finance|Forensic Science|Game Design|Human Resources|Information Technology|Occupational Therapy|Physical Therapy|Public Relations|Visual Arts,47,40,https://www.bvu.edu/programs,DRY_RUN
buffalo-state-state-university-of-new-york,"Buffalo State, State University of New York",Art|Education,Business|English,Biology|Chemistry|Criminal Justice|Economics|Engineering|Hospitality|Information Systems|Information Technology|Mathematics|Nutrition|Performing Arts|Philosophy|Physics|Psychology|Public Administration|Social Work|Sociology|Theater,Art|Education|Business|English,22,4,https://www.buffalostate.edu/academics,DRY_RUN
butler-university,Butler University,,Accounting|Actuarial Science|Art|Business|History,Art History|Biochemistry|Biology|Chemistry|Computer Science|Economics|Engineering|Entrepreneurship|Finance|International Business|Mathematics|Media Studies|Philosophy|Physics|Political Science|Public Relations|Sociology|Software Engineering|Statistics,Accounting|Actuarial Science|Art|Business|History,24,5,https://www.butler.edu/academics/majors,DRY_RUN
cairn-university,Cairn University,Accounting|Art|Business|Criminal Justice|Education|English|History|Management|Marketing|Mathematics|Music|Psychology|Religion,Biology|Computer Science|Cybersecurity|Data Analytics|Digital Media|Finance|Graphic Design|Information Systems|Sport Management,Business Analytics|Exercise Science|Philosophy|Physical Therapy|Pre-Med|Pre-Physical Therapy,Accounting|Art|Business|Criminal Justice|Education|English|History|Management|Marketing|Mathematics|Music|Psychology|Religion|Biology|Computer Science|Cybersecurity|Data Analytics|Digital Media|Finance|Graphic Design|Information Systems|Sport Management,28,22,https://www.cairn.edu/academics,DRY_RUN
california-baptist-university,California Baptist University,Business|Education,Biotechnology|Business Analytics|Engineering|Performing Arts|Theater,Architecture|Exercise Physiology|Nursing|Visual Arts,Business|Education|Biotechnology|Business Analytics|Engineering|Performing Arts|Theater,11,7,https://calbaptist.edu/academics,DRY_RUN
california-institute-of-technology,California Institute of Technology,Education|Engineering,Biology|Business|Chemistry|History|Mathematics|Physics|Visual Arts,Philosophy,Education|Engineering|Biology|Business|Chemistry|History|Mathematics|Physics|Visual Arts,10,9,https://www.caltech.edu/academics,DRY_RUN
california-lutheran-university,California Lutheran University,Business|Education|Mathematics,Accounting|Art|Biochemistry|Biology|Chemistry|Computer Science|Criminal Justice|Data Science|Digital Media|Economics|Engineering|English|Entrepreneurship|History|Information Systems|Journalism|Management|Marketing|Music|Performing Arts|Philosophy|Physics|Political Science|Pre-Law|Pre-Med|Psychology|Public Relations|Religion|Sociology|Sports Management,Environmental Science|Exercise Science|Film Studies|Finance|Graphic Design|Public Health,Business|Education|Mathematics|Accounting|Art|Biochemistry|Biology|Chemistry|Computer Science|Criminal Justice|Data Science|Digital Media|Economics|Engineering|English|Entrepreneurship|History|Information Systems|Journalism|Management|Marketing|Music|Performing Arts|Philosophy|Physics|Political Science|Pre-Law|Pre-Med|Psychology|Public Relations|Religion|Sociology|Sports Management,39,33,https://www.callutheran.edu/majors,DRY_RUN
california-state-university-fresno,California State University Fresno,,,,,0,0,,DRY_RUN
calvin-university,Calvin University,Business|Education,History,,Business|Education|History,3,3,https://www.calvin.edu/academics,DRY_RUN
campbell-university,Campbell University,Education,Business,Communications|Engineering|Finance|Human Resources|Information Technology,Education|Business,7,2,https://www.campbell.edu,DRY_RUN
canisius-university,Canisius University,Accounting|Art|Biology|Business|Business Analytics|Computer Science|Cybersecurity|Data Analytics|Economics|Education|Engineering|English|Exercise Science|Finance|History|Management|Marketing|Mathematics|Music|Psychology|Sociology|Sport Management,Art History|Biochemistry|Chemistry|Criminal Justice|Data Science|Digital Media|Environmental Science|International Relations|Journalism|Neuroscience|Nursing|Philosophy|Political Science|Pre-Law|Social Work,Agriculture|Architecture|Communications|Literature|Statistics,Accounting|Art|Biology|Business|Business Analytics|Computer Science|Cybersecurity|Data Analytics|Economics|Education|Engineering|English|Exercise Science|Finance|History|Management|Marketing|Mathematics|Music|Psychology|Sociology|Sport Management|Art History|Biochemistry|Chemistry|Criminal Justice|Data Science|Digital Media|Environmental Science|International Relations|Journalism|Neuroscience|Nursing|Philosophy|Political Science|Pre-Law|Social Work,42,37,https://www.canisius.edu/programs,DRY_RUN
capital-university,Capital University,Art|Education,Athletic Training|Biochemistry|Business|Chemistry|Computer Science|Economics|English|Environmental Science|History|Mathematics|Music|Nursing|Philosophy|Physics|Political Science|Pre-Law|Pre-Med|Psychology|Public Relations|Religion|Social Work|Sociology,Occupational Therapy|Physical Therapy,Art|Education|Athletic Training|Biochemistry|Business|Chemistry|Computer Science|Economics|English|Environmental Science|History|Mathematics|Music|Nursing|Philosophy|Physics|Political Science|Pre-Law|Pre-Med|Psychology|Public Relations|Religion|Social Work|Sociology,26,24,https://www.capital.edu/academics,DRY_RUN
carleton-college,Carleton College,,Art|Art History|Education|History|Music|Statistics,Biochemistry|Biology|Chemistry|Computer Science|Data Science|Economics|Engineering|International Relations|Mathematics|Media Studies|Neuroscience|Philosophy|Physics|Political Science|Pre-Law|Pre-Med|Psychology|Sociology|Theater,Art|Art History|Education|History|Music|Statistics,25,6,https://www.carleton.edu/academics,DRY_RUN
carlow-university,Carlow University,Accounting|Art|Biology|Business|Criminal Justice|Data Analytics|Education|English|Health Sciences|History|Management|Neuroscience|Nursing|Occupational Therapy|Psychology|Social Work,Art History|Business Analytics|Chemistry|Communications|Computer Science|Cybersecurity|Digital Media|Economics|Environmental Science|Exercise Science|Information Technology|Marketing|Mathematics|Philosophy|Physical Therapy|Pre-Law|Pre-Physical Therapy|Respiratory Therapy|Sports Management,Graphic Design|Human Resources,Accounting|Art|Biology|Business|Criminal Justice|Data Analytics|Education|English|Health Sciences|History|Management|Neuroscience|Nursing|Occupational Therapy|Psychology|Social Work|Art History|Business Analytics|Chemistry|Communications|Computer Science|Cybersecurity|Digital Media|Economics|Environmental Science|Exercise Science|Information Technology|Marketing|Mathematics|Philosophy|Physical Therapy|Pre-Law|Pre-Physical Therapy|Respiratory Therapy|Sports Management,37,35,https://www.carlow.edu/academics,DRY_RUN
carroll-university-wisconsin,Carroll University (Wisconsin),Business|Education|Health Sciences|Nursing,Biology|Engineering|Exercise Science|Human Services|Physical Therapy|Psychology,,Business|Education|Health Sciences|Nursing|Biology|Engineering|Exercise Science|Human Services|Physical Therapy|Psychology,10,10,https://www.carrollu.edu/academics,DRY_RUN
carson-newman-university,Carson-Newman University,Business|Education|Nursing,Information Technology|Marketing,Communications,Business|Education|Nursing|Information Technology|Marketing,6,5,https://www.cn.edu/academics/programs,DRY_RUN
carthage-college,Carthage College,,Athletic Training|Business|Education|Engineering|Management|Music|Nursing|Sports Management,,Athletic Training|Business|Education|Engineering|Management|Music|Nursing|Sports Management,8,8,https://www.carthage.edu/academics,DRY_RUN
case-western-reserve-university,Case Western Reserve University,Education|Engineering|Management|Nursing|Social Work,Music|Psychology,Biomedical Engineering|Computer Science|Mathematics,Education|Engineering|Management|Nursing|Social Work|Music|Psychology,10,7,https://www.case.edu/academics,DRY_RUN
catawba-college,Catawba College,,Business|Exercise Science|Pre-Med,,Business|Exercise Science|Pre-Med,3,3,https://www.catawba.edu/academics,DRY_RUN
catholic-university,Catholic University,,Architecture|Business|Engineering|Nursing|Philosophy|Social Work|Visual Arts,,Architecture|Business|Engineering|Nursing|Philosophy|Social Work|Visual Arts,7,7,https://www.catholic.edu/academics,DRY_RUN
centenary-college-louisiana,Centenary College (Louisiana),Art|Business|History|Management|Music,Accounting|Art History|Biochemistry|Biology|Chemistry|Education|Health Sciences|Kinesiology|Mathematics|Neuroscience|Nursing|Public Health,Computer Science|Economics|Engineering|Philosophy|Physics|Political Science|Pre-Dentistry|Pre-Law|Pre-Nursing|Pre-Pharmacy|Pre-Veterinary Medicine|Psychology|Sociology|Sport Management,Art|Business|History|Management|Music|Accounting|Art History|Biochemistry|Biology|Chemistry|Education|Health Sciences|Kinesiology|Mathematics|Neuroscience|Nursing|Public Health,31,17,https://www.centenary.edu/majors,DRY_RUN
centenary-university-new-jersey,Centenary University (New Jersey),Business|Education,Entrepreneurship|Human Resources|Statistics,Communications|Finance,Business|Education|Entrepreneurship|Human Resources|Statistics,7,5,https://www.centenaryuniversity.edu/degrees,DRY_RUN
central-college-iowa,Central College (Iowa),Athletic Training|Business|Data Science|Education|Management,Accounting|Actuarial Science|Art|Biochemistry|Biology|Business Analytics|Chemistry|Communications|Computer Science|Criminal Justice|Economics|Engineering|English|Entrepreneurship|Environmental Science|Exercise Science|Finance|History|Information Systems|International Business|Marketing|Music|Nursing|Occupational Therapy|Philosophy|Physics|Political Science|Psychology|Public Health|Strength & Conditioning,Kinesiology|Mathematics|Physical Therapy|Sociology|Sports Management,Athletic Training|Business|Data Science|Education|Management|Accounting|Actuarial Science|Art|Biochemistry|Biology|Business Analytics|Chemistry|Communications|Computer Science|Criminal Justice|Economics|Engineering|English|Entrepreneurship|Environmental Science|Exercise Science|Finance|History|Information Systems|International Business|Marketing|Music|Nursing|Occupational Therapy|Philosophy|Physics|Political Science|Psychology|Public Health|Strength & Conditioning,40,35,https://www.central.edu/academics,DRY_RUN
central-connecticut-state-university,Central Connecticut State University,Accounting|Art|Biochemistry|Biology|Business|Chemistry|Computer Science|Construction Management|Criminal Justice|Cybersecurity|Data Science|Economics|Education|Engineering|English|Exercise Science|Finance|History|Information Systems|Information Technology|Journalism|Language Arts|Management|Marketing|Mathematics|Media Studies|Music|Nursing|Philosophy|Physics|Political Science|Social Work|Sociology|Software Engineering|Statistics,Actuarial Science|Art History|Athletic Training|Business Analytics|Civil Engineering|Computer Engineering|Electrical Engineering|Entrepreneurship|Hospitality|Mechanical Engineering|Psychology|Public Relations|Supply Chain & Logistics,,Accounting|Art|Biochemistry|Biology|Business|Chemistry|Computer Science|Construction Management|Criminal Justice|Cybersecurity|Data Science|Economics|Education|Engineering|English|Exercise Science|Finance|History|Information Systems|Information Technology|Journalism|Language Arts|Management|Marketing|Mathematics|Media Studies|Music|Nursing|Philosophy|Physics|Political Science|Social Work|Sociology|Software Engineering|Statistics|Actuarial Science|Art History|Athletic Training|Business Analytics|Civil Engineering|Computer Engineering|Electrical Engineering|Entrepreneurship|Hospitality|Mechanical Engineering|Psychology|Public Relations|Supply Chain & Logistics,48,48,https://www.ccsu.edu/programs,DRY_RUN
central-michigan-university,Central Michigan University,,Education|Engineering|Public Relations,Emergency Management|Human Resources|Political Science,Education|Engineering|Public Relations,6,3,https://www.cmich.edu,DRY_RUN
centre-college,Centre College,Art|Biology|Engineering|History|Physics|Sociology,Art History|Biochemistry|Business|Chemistry|Computer Science|Data Science|Economics|Education|English|Film Studies|Finance|Marketing|Mathematics|Music|Neuroscience|Nursing|Philosophy|Physical Therapy|Pre-Dentistry|Pre-Law|Pre-Med|Pre-Nursing|Pre-Pharmacy|Pre-Physical Therapy|Psychology|Religion|Social Work|Statistics,,Art|Biology|Engineering|History|Physics|Sociology|Art History|Biochemistry|Business|Chemistry|Computer Science|Data Science|Economics|Education|English|Film Studies|Finance|Marketing|Mathematics|Music|Neuroscience|Nursing|Philosophy|Physical Therapy|Pre-Dentistry|Pre-Law|Pre-Med|Pre-Nursing|Pre-Pharmacy|Pre-Physical Therapy|Psychology|Religion|Social Work|Statistics,34,34,https://www.centre.edu/majors,DRY_RUN
chapman-university,Chapman University,Art|Business|Economics|Education|Engineering|History,Accounting|Computer Engineering|Computer Science|Electrical Engineering|English|Media Studies|Music|Performing Arts|Psychology,Art History|Biochemistry|Biology|Chemistry|Data Science|Entrepreneurship|Environmental Science|Graphic Design|Health Sciences|Journalism|Mathematics|Philosophy|Physical Therapy|Physics|Political Science|Public Relations|Sociology|Software Engineering,Art|Business|Economics|Education|Engineering|History|Accounting|Computer Engineering|Computer Science|Electrical Engineering|English|Media Studies|Music|Performing Arts|Psychology,33,15,https://www.chapman.edu/academics,DRY_RUN
charleston-southern-university,Charleston Southern University,Business,Accounting|Art|Athletic Training|Biochemistry|Biology|Chemistry|Computer Science|Criminal Justice|Cybersecurity|Education|Engineering|English|Entrepreneurship|Graphic Design|Health Sciences|History|Hospitality|Human Resources|Journalism|Kinesiology|Management|Marketing|Mathematics|Music|Nursing|Philosophy|Physics|Psychology|Public Relations|Sociology,Business Analytics|Information Technology|Performing Arts|Physical Therapy|Political Science|Pre-Law|Public Health|Sport Management,Business|Accounting|Art|Athletic Training|Biochemistry|Biology|Chemistry|Computer Science|Criminal Justice|Cybersecurity|Education|Engineering|English|Entrepreneurship|Graphic Design|Health Sciences|History|Hospitality|Human Resources|Journalism|Kinesiology|Management|Marketing|Mathematics|Music|Nursing|Philosophy|Physics|Psychology|Public Relations|Sociology,39,31,https://www.charlestonsouthern.edu/academics,DRY_RUN
chatham-university,Chatham University,,Business|Chemistry|Exercise Science|Health Sciences,,Business|Chemistry|Exercise Science|Health Sciences,4,4,https://www.chatham.edu/academics,DRY_RUN
christopher-newport-university,Christopher Newport University,Art|Business|Engineering|Philosophy,Accounting|Computer Science|History|Mathematics|Physics|Political Science|Pre-Law|Pre-Med|Psychology|Religion|Social Work|Sociology,Art History|Biochemistry|Biology|Chemistry|Computer Engineering|Cybersecurity|Data Analytics|Data Science|Economics|Electrical Engineering|Environmental Science|Film Studies|Finance|Forensic Science|Graphic Design|Journalism|Kinesiology|Literature|Neuroscience|Nursing,Art|Business|Engineering|Philosophy|Accounting|Computer Science|History|Mathematics|Physics|Political Science|Pre-Law|Pre-Med|Psychology|Religion|Social Work|Sociology,36,16,https://www.cnu.edu/majors,DRY_RUN
claremont-mckenna-harvey-mudd-scripps-colleges,Claremont McKenna-Harvey Mudd-Scripps Colleges,Business|Education|History,Economics|Entrepreneurship|Finance|Literature|Philosophy,,Business|Education|History|Economics|Entrepreneurship|Finance|Literature|Philosophy,8,8,https://www.claremontmckenna.edu/academics,DRY_RUN
clarkson-university,Clarkson University,Business|Education,Art|Engineering,Chemistry|Human Resources|Information Technology,Business|Education|Art|Engineering,7,4,https://www.clarkson.edu/academics,DRY_RUN
clemson-university,Clemson University,Agriculture|Art|Education,Architecture|Biomedical Engineering|Business|Engineering|Health Sciences|Performing Arts,,Agriculture|Art|Education|Architecture|Biomedical Engineering|Business|Engineering|Health Sciences|Performing Arts,9,9,https://www.clemson.edu/academics,DRY_RUN
cleveland-community-college,Cleveland Community College,Education,English|Health Sciences,,Education|English|Health Sciences,3,3,https://clevelandcc.edu/academics,DRY_RUN
coastal-carolina-university,Coastal Carolina University,Education,Art|Computer Science|Finance|Management|Music|Nursing|Physical Therapy|Political Science,Agriculture|Biomedical Sciences|Cybersecurity|Engineering|Health Sciences|Public Health|Sport Management|Statistics,Education|Art|Computer Science|Finance|Management|Music|Nursing|Physical Therapy|Political Science,17,9,https://www.coastal.edu,DRY_RUN
coe-college,Coe College,Art|Business|Education|Engineering|History|Management|Mathematics,Accounting|Actuarial Science|Architecture|Art History|Biochemistry|Biology|Chemistry|Computer Science|Criminal Justice|Data Science|Economics|English|Environmental Science|Film Studies|Finance|Kinesiology|Marketing|Music|Neuroscience|Nursing|Philosophy|Physical Therapy|Physics|Political Science|Pre-Law|Pre-Med|Pre-Pharmacy|Pre-Physical Therapy|Psychology|Public Health|Public Relations|Religion|Sociology|Sports Management,Athletic Training|Graphic Design|Health Sciences|International Business|Performing Arts,Art|Business|Education|Engineering|History|Management|Mathematics|Accounting|Actuarial Science|Architecture|Art History|Biochemistry|Biology|Chemistry|Computer Science|Criminal Justice|Data Science|Economics|English|Environmental Science|Film Studies|Finance|Kinesiology|Marketing|Music|Neuroscience|Nursing|Philosophy|Physical Therapy|Physics|Political Science|Pre-Law|Pre-Med|Pre-Pharmacy|Pre-Physical Therapy|Psychology|Public Health|Public Relations|Religion|Sociology|Sports Management,46,41,https://www.coe.edu/academics,DRY_RUN
coker-university,Coker University,Art|Biology|Business|Cybersecurity|Data Analytics|Education|Information Technology|Marketing|Music|Nursing|Psychology|Public Administration|Public Health|Public Relations|Sociology,Accounting|Actuarial Science|Agriculture|Business Analytics|Criminal Justice|English|Entrepreneurship|Environmental Science|Exercise Science|Graphic Design|Health Sciences|History|Management|Nutrition|Political Science,Philosophy,Art|Biology|Business|Cybersecurity|Data Analytics|Education|Information Technology|Marketing|Music|Nursing|Psychology|Public Administration|Public Health|Public Relations|Sociology|Accounting|Actuarial Science|Agriculture|Business Analytics|Criminal Justice|English|Entrepreneurship|Environmental Science|Exercise Science|Graphic Design|Health Sciences|History|Management|Nutrition|Political Science,31,30,https://www.coker.edu/programs,DRY_RUN
colby-college,Colby College,,,,,0,0,,DRY_RUN
colby-sawyer-college,Colby-Sawyer College,Art|Education,Business|Health Sciences|History|Management|Nursing|Psychology,,Art|Education|Business|Health Sciences|History|Management|Nursing|Psychology,8,8,https://www.colby-sawyer.edu/academics,DRY_RUN
college-of-charleston,College of Charleston,,Education|Management|Music|Physics,,Education|Management|Music|Physics,4,4,https://www.cofc.edu,DRY_RUN
college-of-saint-benedict,College of Saint Benedict,Accounting|Art|Biology|Business|Chemistry|Computer Science|Data Analytics|Data Science|Economics|Education|Engineering|English|Entrepreneurship|Finance|History|Mathematics|Music|Neuroscience|Nursing|Nutrition|Philosophy|Physics|Political Science|Psychology|Sociology|Theater,Art History|Athletic Training|Biochemistry|Exercise Science|Literature|Management|Marketing|Occupational Therapy|Physical Therapy|Public Health|Public Relations,,Accounting|Art|Biology|Business|Chemistry|Computer Science|Data Analytics|Data Science|Economics|Education|Engineering|English|Entrepreneurship|Finance|History|Mathematics|Music|Neuroscience|Nursing|Nutrition|Philosophy|Physics|Political Science|Psychology|Sociology|Theater|Art History|Athletic Training|Biochemistry|Exercise Science|Literature|Management|Marketing|Occupational Therapy|Physical Therapy|Public Health|Public Relations,37,37,https://www.csbsju.edu/majors,DRY_RUN
college-of-the-holy-cross,College of the Holy Cross,,Art|Education|Religion,,Art|Education|Religion,3,3,https://www.holycross.edu/academics,DRY_RUN
colorado-college,Colorado College,,,,,0,0,,DRY_RUN
colorado-state-university,Colorado State University,Education|Engineering,Biomedical Engineering|Biomedical Sciences|Business|Philosophy,Public Health|Social Work,Education|Engineering|Biomedical Engineering|Biomedical Sciences|Business|Philosophy,8,6,https://www.colostate.edu/academics,DRY_RUN
columbia-university,Columbia University,,,,,0,0,,DRY_RUN
concordia-college-moorhead,"Concordia College, Moorhead",,Art|Business|Education|Music|Nursing,Business Analytics|International Business|Nutrition|Social Work,Art|Business|Education|Music|Nursing,9,5,https://www.concordiacollege.edu/academics,DRY_RUN
concordia-university-chicago,Concordia University Chicago,Education|Music,English,Visual Arts,Education|Music|English,4,3,https://www.cuchicago.edu/academics,DRY_RUN
concordia-university-texas,Concordia University Texas,Business|Computer Science|Education,Communications|History|Music|Nursing|Pre-Law,Health Sciences,Business|Computer Science|Education|Communications|History|Music|Nursing|Pre-Law,9,8,https://www.concordia.edu/academics,DRY_RUN
concordia-university-wisconsin,Concordia University Wisconsin,Business|Computer Science|Education|Engineering|English|Finance|Language Arts|Management|Marketing|Mathematics|Music|Nursing|Philosophy|Public Health|Social Work,Accounting|Actuarial Science|Architecture|Art|Athletic Training|Biology|Business Analytics|Chemistry|Communications|Data Science|Economics|Entrepreneurship|Environmental Science|Exercise Science|History|Industrial Engineering|Information Systems|Mechanical Engineering|Occupational Therapy|Physical Therapy|Pre-Law|Pre-Pharmacy|Psychology|Public Relations,Digital Media|Public Administration,Business|Computer Science|Education|Engineering|English|Finance|Language Arts|Management|Marketing|Mathematics|Music|Nursing|Philosophy|Public Health|Social Work|Accounting|Actuarial Science|Architecture|Art|Athletic Training|Biology|Business Analytics|Chemistry|Communications|Data Science|Economics|Entrepreneurship|Environmental Science|Exercise Science|History|Industrial Engineering|Information Systems|Mechanical Engineering|Occupational Therapy|Physical Therapy|Pre-Law|Pre-Pharmacy|Psychology|Public Relations,41,39,https://www.cuw.edu/academics,DRY_RUN
connecticut-college,Connecticut College,,Business|Education,Human Resources,Business|Education,3,2,https://www.conncoll.edu/academics,DRY_RUN
cornell-college,Cornell College,,,,,0,0,,DRY_RUN
cornell-university,Cornell University,Art|Education,Cybersecurity,,Art|Education|Cybersecurity,3,3,https://www.cornell.edu,DRY_RUN
covenant-college,Covenant College,Art|Art History|Biology|Business|Chemistry|Computer Science|Economics|Education|Engineering|English|Entrepreneurship|History|Journalism|Management|Mathematics|Music|Neuroscience|Nursing|Philosophy|Physical Therapy|Physics|Political Science|Pre-Law|Pre-Nursing|Psychology|Sociology|Sport Management,Accounting|Biochemistry|Finance|Graphic Design|Literature|Marketing|Pre-Med|Pre-Physical Therapy|Social Work,,Art|Art History|Biology|Business|Chemistry|Computer Science|Economics|Education|Engineering|English|Entrepreneurship|History|Journalism|Management|Mathematics|Music|Neuroscience|Nursing|Philosophy|Physical Therapy|Physics|Political Science|Pre-Law|Pre-Nursing|Psychology|Sociology|Sport Management|Accounting|Biochemistry|Finance|Graphic Design|Literature|Marketing|Pre-Med|Pre-Physical Therapy|Social Work,36,36,https://www.covenant.edu/academics,DRY_RUN
creighton-university,Creighton University,Business|Education|Nursing,Art|Communications|Finance|Health Sciences|History|Management|Marketing,,Business|Education|Nursing|Art|Communications|Finance|Health Sciences|History|Management|Marketing,10,10,https://www.creighton.edu/academics,DRY_RUN
curry-college,Curry College,Business|Education,Accounting|Criminal Justice|Health Sciences|Human Resources|Nursing,,Business|Education|Accounting|Criminal Justice|Health Sciences|Human Resources|Nursing,7,7,https://www.curry.edu/academics,DRY_RUN
dallas-baptist-university,Dallas Baptist University,Education|History,Business|Nursing|Pre-Law|Pre-Nursing,Information Technology|Mathematics,Education|History|Business|Nursing|Pre-Law|Pre-Nursing,8,6,https://www.dbu.edu/academics,DRY_RUN
dartmouth-college,Dartmouth College,Business|Education|Engineering,Art|Computer Science|Economics,Biology,Business|Education|Engineering|Art|Computer Science|Economics,7,6,https://home.dartmouth.edu/academics,DRY_RUN
davidson-college,Davidson College,,Art|Education,,Art|Education,2,2,https://www.davidson.edu,DRY_RUN
depaul-university,DePaul University,Education,Business|Statistics,Digital Media,Education|Business|Statistics,4,3,https://www.depaul.edu,DRY_RUN
depauw-university,DePauw University,,Business|Education|Music,Performing Arts,Business|Education|Music,4,3,https://www.depauw.edu/academics,DRY_RUN
desales-university,DeSales University,Business|Criminal Justice|Data Analytics|Education|Management|Marketing|Nursing,Accounting|Art|Biochemistry|Biology|Business Analytics|Chemistry|Computer Science|Economics|English|Environmental Science|Exercise Physiology|Finance|History|Human Resources|International Business|Journalism|Mathematics|Media Studies|Music|Neuroscience|Performing Arts|Philosophy|Physical Therapy|Political Science|Pre-Law|Psychology|Sport Management,Information Systems,Business|Criminal Justice|Data Analytics|Education|Management|Marketing|Nursing|Accounting|Art|Biochemistry|Biology|Business Analytics|Chemistry|Computer Science|Economics|English|Environmental Science|Exercise Physiology|Finance|History|Human Resources|International Business|Journalism|Mathematics|Media Studies|Music|Neuroscience|Performing Arts|Philosophy|Physical Therapy|Political Science|Pre-Law|Psychology|Sport Management,35,34,https://www.desales.edu/majors,DRY_RUN
dean-college,Dean College,Biology|Business|Education|Exercise Science|History|Management,Accounting|Communications|Criminal Justice|Cybersecurity|Data Science|English|Finance|Hospitality|Hospitality Management|Human Services|Marketing|Neuroscience|Physical Therapy|Pre-Law|Pre-Physical Therapy|Psychology|Public Health|Sociology|Sport Management,Athletic Training,Biology|Business|Education|Exercise Science|History|Management|Accounting|Communications|Criminal Justice|Cybersecurity|Data Science|English|Finance|Hospitality|Hospitality Management|Human Services|Marketing|Neuroscience|Physical Therapy|Pre-Law|Pre-Physical Therapy|Psychology|Public Health|Sociology|Sport Management,26,25,https://www.dean.edu/majors,DRY_RUN
delaware-state-university,Delaware State University,Accounting|Agriculture|Business|Communications|Education|History|Management|Neuroscience,Criminal Justice|English|Human Resources|Information Technology|Marketing|Nursing|Physics|Psychology|Public Health|Social Work|Sport Management,Finance,Accounting|Agriculture|Business|Communications|Education|History|Management|Neuroscience|Criminal Justice|English|Human Resources|Information Technology|Marketing|Nursing|Physics|Psychology|Public Health|Social Work|Sport Management,20,19,https://www.desu.edu/academics,DRY_RUN
denison-university,Denison University,Actuarial Science|Business|Education|Engineering|Finance|Marketing|Pre-Law,Communications|Economics|Entrepreneurship|Journalism|Mathematics|Performing Arts|Pre-Med|Public Health|Statistics,Data Analytics|Nursing|Occupational Therapy|Physical Therapy|Public Relations,Actuarial Science|Business|Education|Engineering|Finance|Marketing|Pre-Law|Communications|Economics|Entrepreneurship|Journalism|Mathematics|Performing Arts|Pre-Med|Public Health|Statistics,21,16,https://www.denison.edu/academics,DRY_RUN
dickinson-college,Dickinson College,,Art|Biology|Business|Economics|Education|Engineering|History|International Business|Management|Music,Art History|Biochemistry|Chemistry|Computer Science|Data Analytics|Environmental Science|Finance|Journalism|Mathematics|Media Studies|Neuroscience|Philosophy|Physics|Political Science|Pre-Law|Psychology|Sociology,Art|Biology|Business|Economics|Education|Engineering|History|International Business|Management|Music,27,10,https://www.dickinson.edu/majors,DRY_RUN
dominican-university-illinois,Dominican University (Illinois),Education,Business,Health Sciences|Information Technology|Nursing|Philosophy|Social Work,Education|Business,7,2,https://www.dom.edu/academics,DRY_RUN
drew-university,Drew University,Art|Business|Education|Finance|History|Religion,Accounting|Biology|Chemistry|Communications|Data Science|Economics|Human Resources|Management|Music|Physics,Psychology|Statistics,Art|Business|Education|Finance|History|Religion|Accounting|Biology|Chemistry|Communications|Data Science|Economics|Human Resources|Management|Music|Physics,18,16,https://www.drew.edu/academics,DRY_RUN
duke-university,Duke University,Business|Education|Engineering|Nursing,Art|Entrepreneurship|Music|Philosophy,Human Resources|Information Technology,Business|Education|Engineering|Nursing|Art|Entrepreneurship|Music|Philosophy,10,8,https://www.duke.edu/academics,DRY_RUN
earlham-college,Earlham College,Education|Religion,Entrepreneurship|History|Human Resources|Marketing,Psychology,Education|Religion|Entrepreneurship|History|Human Resources|Marketing,7,6,https://www.earlham.edu/academics,DRY_RUN
east-carolina-university,East Carolina University,,,,,0,0,,DRY_RUN
east-tennessee-state-university,East Tennessee State University,Hospitality,Business|Education|Management,Health Sciences,Hospitality|Business|Education|Management,5,4,https://www.etsu.edu,DRY_RUN
east-texas-am-university,East Texas A&M University,Art|Education,Agriculture|Biology|Business|Chemistry|Criminal Justice|Engineering|Health Sciences|History|Human Services|Music|Nursing|Psychology,Physics|Public Health,Art|Education|Agriculture|Biology|Business|Chemistry|Criminal Justice|Engineering|Health Sciences|History|Human Services|Music|Nursing|Psychology,16,14,https://www.tamuc.edu/academics,DRY_RUN
east-texas-baptist-university,East Texas Baptist University,Business|Education|Nursing,Biology|Chemistry|History|Literature|Mathematics|Performing Arts|Religion,Human Resources|Kinesiology|Political Science,Business|Education|Nursing|Biology|Chemistry|History|Literature|Mathematics|Performing Arts|Religion,13,10,https://www.etbu.edu/academics,DRY_RUN
eastern-connecticut-state-university,Eastern Connecticut State University,Education,Accounting|Management|Psychology,,Education|Accounting|Management|Psychology,4,4,https://www.easternct.edu/academics,DRY_RUN
eastern-illinois-university,Eastern Illinois University,Education|Human Services,Art|Business|History|Journalism,Biochemistry|Chemistry|Computer Science|Economics|Kinesiology|Mathematics|Nursing|Nutrition|Philosophy|Physics|Political Science|Psychology|Public Health|Sociology,Education|Human Services|Art|Business|History|Journalism,20,6,https://www.eiu.edu/academics,DRY_RUN
eastern-kentucky-university,Eastern Kentucky University,Agriculture|Business|Education|Engineering|English|History|Nursing|Philosophy|Sociology|Statistics,Accounting|Art|Emergency Management|Finance|Health Sciences|Information Technology|Management|Mathematics|Music|Occupational Therapy|Physics|Political Science|Public Relations|Theater,Chemistry|Computer Science|Forensic Science|Psychology|Public Health|Social Work,Agriculture|Business|Education|Engineering|English|History|Nursing|Philosophy|Sociology|Statistics|Accounting|Art|Emergency Management|Finance|Health Sciences|Information Technology|Management|Mathematics|Music|Occupational Therapy|Physics|Political Science|Public Relations|Theater,30,24,https://www.eku.edu/academics,DRY_RUN
eastern-mennonite-university,Eastern Mennonite University,,Art|Education,,Art|Education,2,2,https://www.emu.edu/academics,DRY_RUN
eastern-michigan-university,Eastern Michigan University,,,,,0,0,,DRY_RUN
eastern-university,Eastern University,Accounting|Art|Athletic Training|Biochemistry|Biology|Business|Chemistry|Computer Science|Criminal Justice|Data Analytics|Data Science|Economics|Education|Engineering|English|Environmental Science|Exercise Science|Finance|Health Sciences|History|Journalism|Literature|Management|Marketing|Mathematics|Music|Nursing|Occupational Therapy|Performing Arts|Philosophy|Physical Therapy|Physics|Political Science|Pre-Law|Pre-Med|Pre-Pharmacy|Pre-Physical Therapy|Psychology|Religion|Social Work|Sociology,Actuarial Science|Biotechnology|Communications|International Relations|Pre-Vet|Public Administration|Statistics|Theater,Public Relations,Accounting|Art|Athletic Training|Biochemistry|Biology|Business|Chemistry|Computer Science|Criminal Justice|Data Analytics|Data Science|Economics|Education|Engineering|English|Environmental Science|Exercise Science|Finance|Health Sciences|History|Journalism|Literature|Management|Marketing|Mathematics|Music|Nursing|Occupational Therapy|Performing Arts|Philosophy|Physical Therapy|Physics|Political Science|Pre-Law|Pre-Med|Pre-Pharmacy|Pre-Physical Therapy|Psychology|Religion|Social Work|Sociology|Actuarial Science|Biotechnology|Communications|International Relations|Pre-Vet|Public Administration|Statistics|Theater,50,49,https://www.eastern.edu/majors,DRY_RUN
edgewood-university,Edgewood University,Business|Education,Art|Nursing,Communications|Health Sciences,Business|Education|Art|Nursing,6,4,https://www.edgewood.edu/academics,DRY_RUN
elizabethtown-college,Elizabethtown College,Education,Mathematics|Psychology,,Education|Mathematics|Psychology,3,3,https://www.etown.edu,DRY_RUN
elmhurst-university,Elmhurst University,,Data Science|Education|Nursing,,Data Science|Education|Nursing,3,3,https://public.elmhurst.edu/academics,DRY_RUN
elmira-college,Elmira College,Education,Business|History,Biology,Education|Business|History,4,3,https://www.elmira.edu/academics,DRY_RUN
elms-college,Elms College,Business|Education|Mathematics|Nursing|Social Work,Biology|Biomedical Sciences|Chemistry|Computer Science|Criminal Justice|Entrepreneurship|Literature|Management|Music|Pre-Med|Psychology|Religion,,Business|Education|Mathematics|Nursing|Social Work|Biology|Biomedical Sciences|Chemistry|Computer Science|Criminal Justice|Entrepreneurship|Literature|Management|Music|Pre-Med|Psychology|Religion,17,17,https://www.elms.edu/academics,DRY_RUN
elon-university,Elon University,Education,Business|Health Sciences,Communications|Entrepreneurship|Human Resources,Education|Business|Health Sciences,6,3,https://www.elon.edu/academics,DRY_RUN
emmanuel-college-massachusetts,Emmanuel College (Massachusetts),Accounting|Art|Education|English,Biochemistry|Biology|Biotechnology|Business|Business Analytics|Chemistry|Economics|Finance|History|Management|Marketing|Neuroscience|Nursing|Psychology|Sport Management,Art History|Computer Science|Criminal Justice|Data Analytics|Data Science|Digital Media|Forensic Science|Graphic Design|Health Sciences|Human Resources|International Relations|Mathematics|Media Studies|Philosophy|Political Science|Public Health|Social Work|Sociology|Statistics|Theater,Accounting|Art|Education|English|Biochemistry|Biology|Biotechnology|Business|Business Analytics|Chemistry|Economics|Finance|History|Management|Marketing|Neuroscience|Nursing|Psychology|Sport Management,39,19,https://www.emmanuel.edu/academics,DRY_RUN
emory-and-henry-university,Emory & Henry University,Accounting|Biology|Business|Education|Environmental Science|Exercise Science|Health Sciences|Nursing|Psychology,Art|English|History|Literature|Occupational Therapy|Performing Arts|Political Science|Religion,Computer Science|Physical Therapy,Accounting|Biology|Business|Education|Environmental Science|Exercise Science|Health Sciences|Nursing|Psychology|Art|English|History|Literature|Occupational Therapy|Performing Arts|Political Science|Religion,19,17,https://www.ehc.edu/academics,DRY_RUN
emory-university,Emory University,Accounting|Art|Art History|Biochemistry|Biology|Business|Business Analytics|Chemistry|Computer Science|Economics|Education|Engineering|English|Entrepreneurship|Finance|Health Sciences|History|Information Systems|International Business|Literature|Management|Marketing|Mathematics|Music|Neuroscience|Nursing|Nutrition|Philosophy|Physical Therapy|Physics|Political Science|Psychology|Public Health|Religion|Sociology|Statistics|Theater|Visual Arts,Biomedical Engineering|Biomedical Sciences|Data Science|Environmental Science|Information Technology|Media Studies|Performing Arts,Architecture|Data Analytics|Health Administration|Human Resources|Pre-Med,Accounting|Art|Art History|Biochemistry|Biology|Business|Business Analytics|Chemistry|Computer Science|Economics|Education|Engineering|English|Entrepreneurship|Finance|Health Sciences|History|Information Systems|International Business|Literature|Management|Marketing|Mathematics|Music|Neuroscience|Nursing|Nutrition|Philosophy|Physical Therapy|Physics|Political Science|Psychology|Public Health|Religion|Sociology|Statistics|Theater|Visual Arts|Biomedical Engineering|Biomedical Sciences|Data Science|Environmental Science|Information Technology|Media Studies|Performing Arts,50,45,https://www.emory.edu/majors,DRY_RUN
endicott-college,Endicott College,Art|Business|Education|Mathematics|Nursing|Performing Arts,Accounting|Actuarial Science|Art History|Athletic Training|Business Analytics|Criminal Justice|Data Science|History|Management|Psychology,Cybersecurity,Art|Business|Education|Mathematics|Nursing|Performing Arts|Accounting|Actuarial Science|Art History|Athletic Training|Business Analytics|Criminal Justice|Data Science|History|Management|Psychology,17,16,https://www.endicott.edu/programs,DRY_RUN
erskine-college,Erskine College,History,Education|Information Technology|Marketing|Music,Communications|Finance|Physical Therapy|Pre-Med|Sports Medicine,History|Education|Information Technology|Marketing|Music,10,5,https://www.erskine.edu/academics,DRY_RUN
eureka-college,Eureka College,Education,Business|Cybersecurity|Human Resources|Mathematics|Performing Arts,,Education|Business|Cybersecurity|Human Resources|Mathematics|Performing Arts,6,6,https://www.eureka.edu/academics,DRY_RUN
fairfield-university,Fairfield University,,Business|Education|Entrepreneurship|Finance|Hospitality|Management|Marketing|Public Relations,,Business|Education|Entrepreneurship|Finance|Hospitality|Management|Marketing|Public Relations,8,8,https://www.fairfield.edu,DRY_RUN
fairleigh-dickinson-university,Fairleigh Dickinson University,,Education|History|Information Technology,Biology|Computer Science|Criminal Justice|Engineering|Nursing|Philosophy|Psychology,Education|History|Information Technology,10,3,https://www.fdu.edu/academics,DRY_RUN
fairleigh-dickinson-university-florham,"Fairleigh Dickinson University, Florham",,Education|History|Information Technology,Biology|Computer Science|Criminal Justice|Engineering|Nursing|Philosophy|Psychology,Education|History|Information Technology,10,3,https://www.fdu.edu/academics,DRY_RUN
farmingdale-state-college,Farmingdale State College,Business|Engineering|Health Sciences|Management,Architecture|Art|Communications|Computer Engineering|Construction Management|Criminal Justice|Education|Mechanical Engineering|Nursing|Nutrition,Biology|Chemistry|Civil Engineering|Economics|Information Systems|Mathematics|Physics|Psychology|Sociology|Sport Management,Business|Engineering|Health Sciences|Management|Architecture|Art|Communications|Computer Engineering|Construction Management|Criminal Justice|Education|Mechanical Engineering|Nursing|Nutrition,24,14,https://www.farmingdale.edu/academics,DRY_RUN
ferrum-college,Ferrum College,,Criminal Justice|Education|Performing Arts,Agriculture,Criminal Justice|Education|Performing Arts,4,3,https://www.ferrum.edu/academics,DRY_RUN
fitchburg-state-university,Fitchburg State University,Digital Media|Education|Management,Accounting|Agriculture|Business|Computer Science|Construction Management|Criminal Justice|Entrepreneurship|Game Design|Marketing|Political Science,Communications|Exercise Science|Media Studies|Nursing,Digital Media|Education|Management|Accounting|Agriculture|Business|Computer Science|Construction Management|Criminal Justice|Entrepreneurship|Game Design|Marketing|Political Science,17,13,https://www.fitchburgstate.edu,DRY_RUN
florence-darlington-technical-college,Florence-Darlington Technical College,Business,Engineering|Nursing,Biology|Chemistry|Civil Engineering,Business|Engineering|Nursing,6,3,https://www.fdtc.edu/academics,DRY_RUN
florida-am-university,Florida A&M University,Education,History,Communications|Finance|Information Technology,Education|History,5,2,https://www.famu.edu,DRY_RUN
florida-atlantic-university,Florida Atlantic University,Accounting|Art|Biology|Biomedical Engineering|Business|Business Analytics|Chemistry|Computer Engineering|Computer Science|Criminal Justice|Cybersecurity|Data Analytics|Data Science|Economics|Education|Electrical Engineering|Engineering|English|Entrepreneurship|Environmental Science|Finance|Health Administration|History|Hospitality|Information Systems|Information Technology|International Business|Literature|Management|Marketing|Mathematics|Mechanical Engineering|Music|Neuroscience|Nursing|Physics|Political Science|Psychology|Social Work|Sport Management,Actuarial Science|Architecture|Art History|Biochemistry|Biotechnology|Civil Engineering|Exercise Physiology|Exercise Science|Graphic Design|Journalism|Marine Biology|Occupational Therapy|Performing Arts|Philosophy|Physical Therapy|Pre-Law|Pre-Physical Therapy|Public Administration|Sociology|Statistics,Emergency Management,Accounting|Art|Biology|Biomedical Engineering|Business|Business Analytics|Chemistry|Computer Engineering|Computer Science|Criminal Justice|Cybersecurity|Data Analytics|Data Science|Economics|Education|Electrical Engineering|Engineering|English|Entrepreneurship|Environmental Science|Finance|Health Administration|History|Hospitality|Information Systems|Information Technology|International Business|Literature|Management|Marketing|Mathematics|Mechanical Engineering|Music|Neuroscience|Nursing|Physics|Political Science|Psychology|Social Work|Sport Management|Actuarial Science|Architecture|Art History|Biochemistry|Biotechnology|Civil Engineering|Exercise Physiology|Exercise Science|Graphic Design|Journalism|Marine Biology|Occupational Therapy|Performing Arts|Philosophy|Physical Therapy|Pre-Law|Pre-Physical Therapy|Public Administration|Sociology|Statistics,61,60,https://www.fau.edu/programs,DRY_RUN
florida-gulf-coast-university,Florida Gulf Coast University,Art|Business|Education|Engineering|Hospitality|Hospitality Management|Management|Nursing,Computer Science|Data Science|Entrepreneurship|History|Human Services|Information Technology|Music|Performing Arts|Software Engineering|Visual Arts,Civil Engineering|Construction Management|Health Sciences,Art|Business|Education|Engineering|Hospitality|Hospitality Management|Management|Nursing|Computer Science|Data Science|Entrepreneurship|History|Human Services|Information Technology|Music|Performing Arts|Software Engineering|Visual Arts,21,18,https://www.fgcu.edu/academics,DRY_RUN
florida-international-university,Florida International University,Business|Engineering,Art|Biology|English,Communications|Data Analytics|Hospitality|Philosophy|Physics,Business|Engineering|Art|Biology|English,10,5,https://www.fiu.edu/academics,DRY_RUN
florida-state-university,Florida State University,,Business|Human Resources|Information Technology,Social Work,Business|Human Resources|Information Technology,4,3,https://www.fsu.edu,DRY_RUN
fordham-university,Fordham University,Education,Business|History|Religion,Hospitality|Human Resources|Information Technology|Philosophy,Education|Business|History|Religion,8,4,https://www.fordham.edu/academics,DRY_RUN
framingham-state-university,Framingham State University,Biology|Business|Education|Engineering|English|History|Mathematics|Nutrition,Accounting|Art|Art History|Biochemistry|Chemistry|Economics|Marketing|Nursing|Pre-Med,Computer Science|Finance|Information Technology|Philosophy|Political Science|Psychology|Sociology,Biology|Business|Education|Engineering|English|History|Mathematics|Nutrition|Accounting|Art|Art History|Biochemistry|Chemistry|Economics|Marketing|Nursing|Pre-Med,24,17,https://www.framingham.edu/academics,DRY_RUN
francis-marion-university,Francis Marion University,Accounting|Business|Communications|Education|Health Sciences|Nursing|Performing Arts|Psychology,Art|Biology|Chemistry|Engineering|English|History|Human Resources|Journalism|Management|Mathematics|Music|Philosophy|Physical Therapy|Physics|Political Science|Pre-Law|Pre-Med|Pre-Pharmacy|Pre-Physical Therapy|Public Relations|Sociology,Art History|Civil Engineering|Computer Science|Criminal Justice|Economics|Environmental Science|Finance|Graphic Design|Industrial Engineering|Information Systems|Mechanical Engineering,Accounting|Business|Communications|Education|Health Sciences|Nursing|Performing Arts|Psychology|Art|Biology|Chemistry|Engineering|English|History|Human Resources|Journalism|Management|Mathematics|Music|Philosophy|Physical Therapy|Physics|Political Science|Pre-Law|Pre-Med|Pre-Pharmacy|Pre-Physical Therapy|Public Relations|Sociology,40,29,https://www.fmarion.edu/academics,DRY_RUN
franciscan-university-of-steubenville,Franciscan University of Steubenville,Criminal Justice|Education|Engineering|History|Management|Philosophy|Psychology,Accounting|Biochemistry|Biology|Business|Chemistry|Computer Science|Cybersecurity|Economics|English|Entrepreneurship|Exercise Science|Film Studies|Finance|Forensic Science|Literature|Marketing|Mechanical Engineering|Music|Neuroscience|Nursing|Occupational Therapy|Physical Therapy|Political Science|Pre-Physical Therapy|Social Work|Sociology|Software Engineering,,Criminal Justice|Education|Engineering|History|Management|Philosophy|Psychology|Accounting|Biochemistry|Biology|Business|Chemistry|Computer Science|Cybersecurity|Economics|English|Entrepreneurship|Exercise Science|Film Studies|Finance|Forensic Science|Literature|Marketing|Mechanical Engineering|Music|Neuroscience|Nursing|Occupational Therapy|Physical Therapy|Political Science|Pre-Physical Therapy|Social Work|Sociology|Software Engineering,34,34,https://www.franciscan.edu/programs,DRY_RUN
franklin-and-marshall-college,Franklin & Marshall College,Education|History,Computer Science|Data Science|Economics|Electrical Engineering|Engineering|English|Entrepreneurship|Mathematics|Music|Performing Arts|Physics|Psychology,Biology|Marine Biology|Philosophy|Theater,Education|History|Computer Science|Data Science|Economics|Electrical Engineering|Engineering|English|Entrepreneurship|Mathematics|Music|Performing Arts|Physics|Psychology,18,14,https://www.fandm.edu,DRY_RUN
franklin-college,Franklin College,Art|Business|Engineering|English|Exercise Science|History|Journalism|Marketing|Mathematics|Music|Political Science,Accounting|Athletic Training|Biology|Chemistry|Cybersecurity|Data Science|Economics|Education|Neuroscience|Philosophy|Physics|Psychology|Public Relations|Religion|Sociology|Software Engineering,Actuarial Science|Art History|Communications|Computer Science|Finance|Graphic Design|Literature,Art|Business|Engineering|English|Exercise Science|History|Journalism|Marketing|Mathematics|Music|Political Science|Accounting|Athletic Training|Biology|Chemistry|Cybersecurity|Data Science|Economics|Education|Neuroscience|Philosophy|Physics|Psychology|Public Relations|Religion|Sociology|Software Engineering,34,27,https://www.franklincollege.edu/academics,DRY_RUN
fresno-state,Fresno State,,,,,0,0,,DRY_RUN
gallaudet-university,Gallaudet University,Accounting|Art|Biology|Business|Chemistry|Communications|Data Science|Education|English|Finance|History|Human Services|Information Technology|Management|Mathematics|Neuroscience|Philosophy|Psychology|Public Administration|Public Health|Social Work|Sociology,Criminal Justice|Engineering|Entrepreneurship|Human Resources|Industrial Engineering|International Relations|Performing Arts|Religion,Economics|Theater,Accounting|Art|Biology|Business|Chemistry|Communications|Data Science|Education|English|Finance|History|Human Services|Information Technology|Management|Mathematics|Neuroscience|Philosophy|Psychology|Public Administration|Public Health|Social Work|Sociology|Criminal Justice|Engineering|Entrepreneurship|Human Resources|Industrial Engineering|International Relations|Performing Arts|Religion,32,30,https://www.gallaudet.edu/academics,DRY_RUN
gardner-webb-university,Gardner-Webb University,Education,History|Nursing|Psychology,Communications|Health Sciences,Education|History|Nursing|Psychology,6,4,https://gardner-webb.edu/academics,DRY_RUN
gaston-college,Gaston College,Business|Education|Engineering|Information Technology,Biotechnology|Civil Engineering|History|Nursing,Accounting|Criminal Justice|Finance|Human Resources|Human Services|Information Systems|Respiratory Therapy|Visual Arts|Web Development,Business|Education|Engineering|Information Technology|Biotechnology|Civil Engineering|History|Nursing,17,8,https://www.gaston.edu/academic-programs,DRY_RUN
geneva-college,Geneva College,Engineering,Accounting|Business|Education|English|History|Management|Political Science|Psychology|Sport Management,Computer Science|Mathematics|Nursing|Philosophy,Engineering|Accounting|Business|Education|English|History|Management|Political Science|Psychology|Sport Management,14,10,https://www.geneva.edu/academics,DRY_RUN
george-fox-university,George Fox University,,Education|Marketing|Public Relations,,Education|Marketing|Public Relations,3,3,https://www.georgefox.edu/majors,DRY_RUN
george-mason-university,George Mason University,,Business|Communications|Cybersecurity|Education|Human Resources|Performing Arts,Economics|Engineering,Business|Communications|Cybersecurity|Education|Human Resources|Performing Arts,8,6,https://www.gmu.edu,DRY_RUN
george-washington-university,George Washington University,,Architecture|Biology|Computer Science|Engineering|International Relations|Nursing|Political Science,Communications|Economics|Health Sciences|Performing Arts|Theater,Architecture|Biology|Computer Science|Engineering|International Relations|Nursing|Political Science,12,7,https://www.gwu.edu/academics,DRY_RUN
georgetown-university,Georgetown University,,Education|History,,Education|History,2,2,https://www.georgetown.edu/academics,DRY_RUN
georgia-gwinnett-college,Georgia Gwinnett College,Business|Education,Health Sciences|History,,Business|Education|Health Sciences|History,4,4,https://www.ggc.edu/academics,DRY_RUN
georgia-southern-university,Georgia Southern University,Education,Art|Business|Criminal Justice|Engineering|Finance|Mathematics|Psychology|Public Administration|Sociology,Computer Science|Information Technology|Literature|Philosophy|Public Health,Education|Art|Business|Criminal Justice|Engineering|Finance|Mathematics|Psychology|Public Administration|Sociology,15,10,https://www.georgiasouthern.edu/academics,DRY_RUN
georgia-state-university,Georgia State University,Accounting|Actuarial Science|Business|Data Science|Information Systems|Public Health,Art|Art History|Biomedical Sciences|Communications|Criminal Justice|Education|English|Finance|History|Human Resources|Information Technology|Management|Marketing|Mathematics|Nursing|Psychology|Social Work|Statistics,Economics|Sociology,Accounting|Actuarial Science|Business|Data Science|Information Systems|Public Health|Art|Art History|Biomedical Sciences|Communications|Criminal Justice|Education|English|Finance|History|Human Resources|Information Technology|Management|Marketing|Mathematics|Nursing|Psychology|Social Work|Statistics,26,24,https://www.gsu.edu/academics,DRY_RUN
georgia-tech,Georgia Tech,Business|Education|Engineering,Entrepreneurship,Communications|Finance|Human Resources,Business|Education|Engineering|Entrepreneurship,7,4,https://www.gatech.edu/academics,DRY_RUN
gettysburg-college,Gettysburg College,,Education|Music,Communications,Education|Music,3,2,https://www.gettysburg.edu/academics,DRY_RUN
gonzaga-university,Gonzaga University,,,,,0,0,,DRY_RUN
gordon-college,Gordon College,Music,Art|Business|Education|Human Services|Psychology,Biology|Computer Science|Human Resources,Music|Art|Business|Education|Human Services|Psychology,9,6,https://www.gordon.edu/academics,DRY_RUN
grambling-state-university,Grambling State University,Business|Education|History,Criminal Justice|Finance|Nursing|Psychology|Social Work|Sociology,Accounting|Chemistry|Computer Science|Cybersecurity|Engineering|Information Systems|Kinesiology|Mathematics|Performing Arts|Physics|Political Science|Public Administration,Business|Education|History|Criminal Justice|Finance|Nursing|Psychology|Social Work|Sociology,21,9,https://www.gram.edu/academics,DRY_RUN
grand-canyon-university,Grand Canyon University,Business|Education|Engineering|Nursing,Criminal Justice|Digital Media|History|Psychology,,Business|Education|Engineering|Nursing|Criminal Justice|Digital Media|History|Psychology,8,8,https://www.gcu.edu/academics,DRY_RUN
greensboro-college,Greensboro College,Accounting|Art|Biology|Business|Criminal Justice|Economics|Education|English|History|Mathematics|Music|Political Science|Psychology|Religion|Sociology,Business Analytics|Chemistry|Data Science|Engineering|Exercise Science|Health Sciences|Human Services|Language Arts|Management|Philosophy|Public Health,Kinesiology|Media Studies,Accounting|Art|Biology|Business|Criminal Justice|Economics|Education|English|History|Mathematics|Music|Political Science|Psychology|Religion|Sociology|Business Analytics|Chemistry|Data Science|Engineering|Exercise Science|Health Sciences|Human Services|Language Arts|Management|Philosophy|Public Health,28,26,https://www.greensboro.edu/academics,DRY_RUN
greenville-university,Greenville University,Education,Business|History,,Education|Business|History,3,3,https://www.greenville.edu/academics,DRY_RUN
grinnell-college,Grinnell College,Art|Education,Art History|Biology|Business|Chemistry|Computer Science|Economics|Engineering|English|History|International Relations|Mathematics|Media Studies|Music|Neuroscience|Philosophy|Physics|Political Science|Psychology|Sociology|Statistics,Communications,Art|Education|Art History|Biology|Business|Chemistry|Computer Science|Economics|Engineering|English|History|International Relations|Mathematics|Media Studies|Music|Neuroscience|Philosophy|Physics|Political Science|Psychology|Sociology|Statistics,23,22,https://www.grinnell.edu/academics/majors,DRY_RUN
grove-city-college,Grove City College,Business|Education|Engineering|Mathematics,Accounting|Business Analytics|Communications|Entrepreneurship|Exercise Science|History|Information Technology|Marketing|Pre-Law,Economics,Business|Education|Engineering|Mathematics|Accounting|Business Analytics|Communications|Entrepreneurship|Exercise Science|History|Information Technology|Marketing|Pre-Law,14,13,https://www.gcc.edu/academics,DRY_RUN
guilford-college,Guilford College,Education,Communications|History|Marketing,Entrepreneurship|International Relations,Education|Communications|History|Marketing,6,4,https://www.guilford.edu/academics,DRY_RUN
gustavus-adolphus-college,Gustavus Adolphus College,,History|Nursing|Visual Arts,Engineering,History|Nursing|Visual Arts,4,3,https://www.gustavus.edu,DRY_RUN
gwynedd-mercy-university,Gwynedd Mercy University,Accounting|Biology|Business|Chemistry|Communications|Criminal Justice|Cybersecurity|Data Analytics|Education|Finance|Forensic Science|History|Management|Marketing|Mathematics|Music|Nursing|Philosophy|Physical Therapy|Pre-Med|Pre-Physical Therapy|Psychology|Public Health|Social Work|Sport Management,Art|Exercise Science|Occupational Therapy,,Accounting|Biology|Business|Chemistry|Communications|Criminal Justice|Cybersecurity|Data Analytics|Education|Finance|Forensic Science|History|Management|Marketing|Mathematics|Music|Nursing|Philosophy|Physical Therapy|Pre-Med|Pre-Physical Therapy|Psychology|Public Health|Social Work|Sport Management|Art|Exercise Science|Occupational Therapy,28,28,https://www.gmercyu.edu/academics/programs,DRY_RUN
hamilton-college,Hamilton College,Art|History,Biology|Education|Physics|Statistics,Art History|Biochemistry|Chemistry|Computer Science|Data Science|Economics|Literature|Mathematics|Media Studies|Neuroscience|Performing Arts|Philosophy|Psychology|Sociology,Art|History|Biology|Education|Physics|Statistics,20,6,https://www.hamilton.edu/academics,DRY_RUN
hamline-university,Hamline University,Business|Education,Forensic Science|History|Psychology|Religion,,Business|Education|Forensic Science|History|Psychology|Religion,6,6,https://www.hamline.edu/academics,DRY_RUN
hampden-sydney-college,Hampden-Sydney College,Education,History,Entrepreneurship|Human Resources,Education|History,4,2,https://www.hsc.edu/academics,DRY_RUN
hanover-college,Hanover College,Education|Occupational Therapy|Physical Therapy,Accounting|Business|Engineering|Health Sciences|Human Resources|Nursing|Pre-Law|Pre-Med,,Education|Occupational Therapy|Physical Therapy|Accounting|Business|Engineering|Health Sciences|Human Resources|Nursing|Pre-Law|Pre-Med,11,11,https://www.hanover.edu/academics,DRY_RUN
hardin-simmons-university,Hardin-Simmons University,,Accounting|Business|Education|Management|Physical Therapy,,Accounting|Business|Education|Management|Physical Therapy,5,5,https://www.hsutx.edu/academics,DRY_RUN
harvard-university,Harvard University,History,Art|Education,Engineering|Philosophy|Public Health|Visual Arts,History|Art|Education,7,3,https://www.harvard.edu/academics,DRY_RUN
haverford-college,Haverford College,,,,,0,0,,DRY_RUN
heidelberg-university,Heidelberg University,Education,Business|History|Marketing,Human Resources|Information Technology,Education|Business|History|Marketing,6,4,https://www.heidelberg.edu/academics,DRY_RUN
hendrix-college,Hendrix College,Art|Biology|Business|Education|History|Literature|Mathematics|Physics|Sociology,Accounting|Art History|Biochemistry|Chemistry|Computer Science|Economics|Engineering|English|Media Studies|Music|Occupational Therapy|Philosophy|Psychology|Social Work|Theater,Data Analytics|Journalism|Neuroscience|Physical Therapy|Public Health,Art|Biology|Business|Education|History|Literature|Mathematics|Physics|Sociology|Accounting|Art History|Biochemistry|Chemistry|Computer Science|Economics|Engineering|English|Media Studies|Music|Occupational Therapy|Philosophy|Psychology|Social Work|Theater,29,24,https://www.hendrix.edu/academics,DRY_RUN
high-point-university,High Point University,Education|Engineering|Health Sciences,Business|Entrepreneurship|Information Technology|Nursing,Visual Arts,Education|Engineering|Health Sciences|Business|Entrepreneurship|Information Technology|Nursing,8,7,https://www.highpoint.edu/academics,DRY_RUN
hilbert-college,Hilbert College,Accounting|Biology|Business|Criminal Justice|Cybersecurity|Digital Media|Education|English|Forensic Science|Human Services|Management|Political Science|Psychology|Public Administration,Graphic Design|Journalism|Literature|Marketing|Pre-Med|Pre-Pharmacy|Theater,Finance|Information Systems|Pre-Law,Accounting|Biology|Business|Criminal Justice|Cybersecurity|Digital Media|Education|English|Forensic Science|Human Services|Management|Political Science|Psychology|Public Administration|Graphic Design|Journalism|Literature|Marketing|Pre-Med|Pre-Pharmacy|Theater,24,21,https://www.hilbert.edu/programs,DRY_RUN
hiram-college,Hiram College,Computer Science|Management|Sport Management,Accounting|Art|Biochemistry|Biology|Chemistry|Criminal Justice|Education|English|Exercise Science|History|Human Resources|Marketing|Neuroscience|Nursing|Physics|Political Science|Psychology|Public Health|Sociology|Statistics,,Computer Science|Management|Sport Management|Accounting|Art|Biochemistry|Biology|Chemistry|Criminal Justice|Education|English|Exercise Science|History|Human Resources|Marketing|Neuroscience|Nursing|Physics|Political Science|Psychology|Public Health|Sociology|Statistics,23,23,https://www.hiram.edu/academics,DRY_RUN
hood-college,Hood College,Art|Biology|Business|Computer Science|Education|English|History|Information Technology|Marketing|Mathematics|Psychology,Accounting|Actuarial Science|Art History|Biochemistry|Chemistry|Criminal Justice|Cybersecurity|Data Science|Economics|Environmental Science|Finance|Graphic Design|Health Sciences|Journalism|Literature|Management|Music|Nursing|Philosophy|Physics|Political Science|Public Health|Public Relations|Religion|Social Work|Sociology,Human Resources,Art|Biology|Business|Computer Science|Education|English|History|Information Technology|Marketing|Mathematics|Psychology|Accounting|Actuarial Science|Art History|Biochemistry|Chemistry|Criminal Justice|Cybersecurity|Data Science|Economics|Environmental Science|Finance|Graphic Design|Health Sciences|Journalism|Literature|Management|Music|Nursing|Philosophy|Physics|Political Science|Public Health|Public Relations|Religion|Social Work|Sociology,38,37,https://www.hood.edu/majors,DRY_RUN
hope-college,Hope College,Accounting|Art|Art History|Biochemistry|Biology|Business|Chemistry|Computer Science|Economics|Education|Engineering|English|Environmental Science|History|Kinesiology|Mathematics|Music|Neuroscience|Nursing|Philosophy|Physics|Political Science|Psychology|Religion|Social Work|Sociology|Statistics,Criminal Justice|Exercise Science|Finance|Pre-Law,Civil Engineering|Human Resources|Performing Arts,Accounting|Art|Art History|Biochemistry|Biology|Business|Chemistry|Computer Science|Economics|Education|Engineering|English|Environmental Science|History|Kinesiology|Mathematics|Music|Neuroscience|Nursing|Philosophy|Physics|Political Science|Psychology|Religion|Social Work|Sociology|Statistics|Criminal Justice|Exercise Science|Finance|Pre-Law,34,31,https://www.hope.edu/academics,DRY_RUN
houghton-university,Houghton University,Accounting|Art|Athletic Training|Biochemistry|Biology|Biomedical Sciences|Business|Chemistry|Communications|Computer Science|Criminal Justice|Cybersecurity|Data Science|Education|Engineering|English|Environmental Science|Exercise Science|Finance|Forensic Science|Graphic Design|History|Literature|Management|Marketing|Mathematics|Music|Neuroscience|Nursing|Nutrition|Occupational Therapy|Philosophy|Physical Therapy|Physics|Pre-Law|Pre-Med|Pre-Nursing|Pre-Pharmacy|Pre-Physical Therapy|Pre-Veterinary Medicine|Psychology,Art History|Business Analytics|Digital Media|Economics|Human Resources|Information Technology|Journalism|Pre-Vet|Public Relations|Sports Management|Statistics,Architecture|Data Analytics|International Business|Kinesiology|Political Science|Social Work|Sports Medicine,Accounting|Art|Athletic Training|Biochemistry|Biology|Biomedical Sciences|Business|Chemistry|Communications|Computer Science|Criminal Justice|Cybersecurity|Data Science|Education|Engineering|English|Environmental Science|Exercise Science|Finance|Forensic Science|Graphic Design|History|Literature|Management|Marketing|Mathematics|Music|Neuroscience|Nursing|Nutrition|Occupational Therapy|Philosophy|Physical Therapy|Physics|Pre-Law|Pre-Med|Pre-Nursing|Pre-Pharmacy|Pre-Physical Therapy|Pre-Veterinary Medicine|Psychology|Art History|Business Analytics|Digital Media|Economics|Human Resources|Information Technology|Journalism|Pre-Vet|Public Relations|Sports Management|Statistics,59,52,https://www.houghton.edu/majors,DRY_RUN
houston-christian-university,Houston Christian University,Education,Philosophy,,Education|Philosophy,2,2,https://www.hcu.edu/degrees,DRY_RUN
howard-payne-university,Howard Payne University,Business|Education,Emergency Management|Management|Mathematics|Music|Nursing|Religion,,Business|Education|Emergency Management|Management|Mathematics|Music|Nursing|Religion,8,8,https://www.hputx.edu/academics,DRY_RUN
huntingdon-college,Huntingdon College,Education,Accounting|Athletic Training|Business|Mathematics|Psychology,Criminal Justice|Literature|Sport Management,Education|Accounting|Athletic Training|Business|Mathematics|Psychology,9,6,https://www.huntingdon.edu/academics,DRY_RUN
husson-university,Husson University,Business|Education,Communications|Criminal Justice|Marketing|Statistics,,Business|Education|Communications|Criminal Justice|Marketing|Statistics,6,6,https://www.husson.edu/academics,DRY_RUN
illinois-college,Illinois College,Psychology,Accounting|Business|Education|Engineering|Kinesiology|Mechanical Engineering|Physical Therapy,Biology|Criminal Justice|Exercise Science|Finance|Nursing|Political Science,Psychology|Accounting|Business|Education|Engineering|Kinesiology|Mechanical Engineering|Physical Therapy,14,8,https://www.ic.edu,DRY_RUN
illinois-institute-of-technology,Illinois Institute of Technology,Engineering,Art|Education,Entrepreneurship,Engineering|Art|Education,4,3,https://www.iit.edu/programs,DRY_RUN
illinois-state-university,Illinois State University,,Agriculture|Business|Education|Engineering|Nursing|Physical Therapy,Economics|Mathematics,Agriculture|Business|Education|Engineering|Nursing|Physical Therapy,8,6,https://illinoisstate.edu/academics,DRY_RUN
illinois-wesleyan-university,Illinois Wesleyan University,Accounting|Art|Biology|Business|Economics|Education|English|Finance|Graphic Design|History|Management|Mathematics|Music|Physics,Actuarial Science|Art History|Biochemistry|Chemistry|Computer Science|Data Analytics|Data Science|Engineering|Entrepreneurship|Exercise Science|Human Services|International Relations|Journalism|Kinesiology|Language Arts|Literature|Marketing|Neuroscience|Nursing|Nutrition|Occupational Therapy|Philosophy|Physical Therapy|Political Science|Pre-Dentistry|Pre-Law|Pre-Pharmacy|Pre-Physical Therapy|Pre-Veterinary Medicine|Psychology|Public Administration|Public Health|Sociology|Sports Management|Statistics,,Accounting|Art|Biology|Business|Economics|Education|English|Finance|Graphic Design|History|Management|Mathematics|Music|Physics|Actuarial Science|Art History|Biochemistry|Chemistry|Computer Science|Data Analytics|Data Science|Engineering|Entrepreneurship|Exercise Science|Human Services|International Relations|Journalism|Kinesiology|Language Arts|Literature|Marketing|Neuroscience|Nursing|Nutrition|Occupational Therapy|Philosophy|Physical Therapy|Political Science|Pre-Dentistry|Pre-Law|Pre-Pharmacy|Pre-Physical Therapy|Pre-Veterinary Medicine|Psychology|Public Administration|Public Health|Sociology|Sports Management|Statistics,49,49,https://www.iwu.edu/majors,DRY_RUN
immaculata-university,Immaculata University,Biology|Business|Chemistry|Education|History|Management|Music|Psychology,Accounting|Computer Science|Cybersecurity|Emergency Management|English|Exercise Science|Finance|Marketing|Nursing|Nutrition|Philosophy|Pre-Law|Pre-Pharmacy|Respiratory Therapy|Social Work|Sport Management,,Biology|Business|Chemistry|Education|History|Management|Music|Psychology|Accounting|Computer Science|Cybersecurity|Emergency Management|English|Exercise Science|Finance|Marketing|Nursing|Nutrition|Philosophy|Pre-Law|Pre-Pharmacy|Respiratory Therapy|Social Work|Sport Management,24,24,https://www.immaculata.edu/majors,DRY_RUN
indiana-state-university,Indiana State University,,Music|Philosophy,Engineering,Music|Philosophy,3,2,https://www.indstate.edu/academics,DRY_RUN
indiana-university,Indiana University,,Business|Education|Management,,Business|Education|Management,3,3,https://www.iu.edu/academics,DRY_RUN
iowa-state-university,Iowa State University,Pre-Law|Pre-Med,Agriculture|Business|Engineering|Entrepreneurship,,Pre-Law|Pre-Med|Agriculture|Business|Engineering|Entrepreneurship,6,6,https://www.iastate.edu/academics,DRY_RUN
ithaca-college,Ithaca College,Health Sciences|Music,Business|Communications|Performing Arts,,Health Sciences|Music|Business|Communications|Performing Arts,5,5,https://www.ithaca.edu/academics,DRY_RUN
jackson-state-university,Jackson State University,Business|Education|Health Sciences|Management,Engineering|History,,Business|Education|Health Sciences|Management|Engineering|History,6,6,https://www.jsums.edu/academics,DRY_RUN
jacksonville-state-university,Jacksonville State University,Education,Business|Entrepreneurship|History|Kinesiology|Nursing|Performing Arts|Respiratory Therapy,,Education|Business|Entrepreneurship|History|Kinesiology|Nursing|Performing Arts|Respiratory Therapy,8,8,https://www.jsu.edu,DRY_RUN
jacksonville-university,Jacksonville University,Education,Business|Kinesiology|Music|Nursing,Biology,Education|Business|Kinesiology|Music|Nursing,6,5,https://www.ju.edu,DRY_RUN
james-madison-university,James Madison University,Business|Education|Engineering,Art|Communications|Music|Performing Arts,Mathematics,Business|Education|Engineering|Art|Communications|Music|Performing Arts,8,7,https://www.jmu.edu/academics,DRY_RUN
john-carroll-university,John Carroll University,Business|International Business,Biology|Education|Exercise Science|History|Management|Nursing|Political Science,Entrepreneurship|Journalism,Business|International Business|Biology|Education|Exercise Science|History|Management|Nursing|Political Science,11,9,https://www.jcu.edu,DRY_RUN
john-jay-college-of-criminal-justice,John Jay College of Criminal Justice,Criminal Justice|Education|Management|Psychology,Art|Business|Cybersecurity|Economics|Emergency Management|English|Finance|Forensic Science|History|Philosophy|Public Administration|Sociology,Communications|Computer Science|Human Services|Literature|Mathematics|Political Science|Pre-Law,Criminal Justice|Education|Management|Psychology|Art|Business|Cybersecurity|Economics|Emergency Management|English|Finance|Forensic Science|History|Philosophy|Public Administration|Sociology,23,16,https://www.jjay.cuny.edu/academics,DRY_RUN
johns-hopkins-university,Johns Hopkins University,,,,,0,0,,DRY_RUN
johnson-and-wales-university-providence,Johnson & Wales University (Providence),,,,,0,0,,DRY_RUN
johnson-and-wales-university-charlotte,Johnson & Wales University Charlotte,,,,,0,0,,DRY_RUN
juniata-college,Juniata College,,,,,0,0,,DRY_RUN
kalamazoo-college,Kalamazoo College,Education,Art|Art History|Biochemistry|Biology|Business|Chemistry|Computer Science|Economics|Engineering|English|History|Literature|Mathematics|Media Studies|Music|Neuroscience|Philosophy|Physics|Political Science|Pre-Law|Psychology|Religion|Sociology,Public Health,Education|Art|Art History|Biochemistry|Biology|Business|Chemistry|Computer Science|Economics|Engineering|English|History|Literature|Mathematics|Media Studies|Music|Neuroscience|Philosophy|Physics|Political Science|Pre-Law|Psychology|Religion|Sociology,25,24,https://www.kzoo.edu/academics,DRY_RUN
kansas-state-university,Kansas State University,,Agriculture|Architecture|Art|Business|Education|Engineering,Computer Science|Hospitality|Information Technology|Mathematics|Performing Arts,Agriculture|Architecture|Art|Business|Education|Engineering,11,6,https://www.k-state.edu/majors,DRY_RUN
kean-university,Kean University,Education,Architecture|Business,Biology|Chemistry|Criminal Justice|Human Services|Mathematics|Psychology|Public Administration,Education|Architecture|Business,10,3,https://www.kean.edu/academics,DRY_RUN
keene-state-college,Keene State College,Education,Business|Finance|Management|Music,Accounting|Architecture|Biology|Chemistry|Computer Science|Construction Management|Criminal Justice|Cybersecurity|Data Analytics|Exercise Science|Film Studies|Health Sciences|Journalism|Mathematics|Neuroscience|Nursing|Philosophy|Psychology|Sociology,Education|Business|Finance|Management|Music,24,5,https://www.keene.edu/academics,DRY_RUN
kennesaw-state-university,Kennesaw State University,Architecture|Art|Biology|Business|Computer Science|Construction Management|Education|Engineering|Information Technology|Management|Mechanical Engineering|Nursing|Software Engineering,Accounting|Biochemistry|Chemistry|Civil Engineering|Communications|Criminal Justice|Cybersecurity|Electrical Engineering|Exercise Science|Finance|Game Design|Human Services|Marketing|Mathematics|Psychology|Public Administration|Social Work|Sport Management,,Architecture|Art|Biology|Business|Computer Science|Construction Management|Education|Engineering|Information Technology|Management|Mechanical Engineering|Nursing|Software Engineering|Accounting|Biochemistry|Chemistry|Civil Engineering|Communications|Criminal Justice|Cybersecurity|Electrical Engineering|Exercise Science|Finance|Game Design|Human Services|Marketing|Mathematics|Psychology|Public Administration|Social Work|Sport Management,31,31,https://www.kennesaw.edu/academics,DRY_RUN
kent-state-university,Kent State University,Cybersecurity|Education,Business|Engineering|History|Mathematics,Environmental Science|Human Resources,Cybersecurity|Education|Business|Engineering|History|Mathematics,8,6,https://www.kent.edu/academics,DRY_RUN
kenyon-college,Kenyon College,,Art|Education|Political Science|Sociology,Biology|Economics|Literature,Art|Education|Political Science|Sociology,7,4,https://www.kenyon.edu/academics,DRY_RUN
keuka-college,Keuka College,Biology|Business|Education|Mathematics|Occupational Therapy|Psychology,Accounting|Art|Chemistry|Criminal Justice|English|Environmental Science|Finance|History|Human Resources|Management|Marketing|Nursing|Political Science|Social Work,Computer Science|Graphic Design|Health Sciences|Information Technology|Pre-Law|Sports Management,Biology|Business|Education|Mathematics|Occupational Therapy|Psychology|Accounting|Art|Chemistry|Criminal Justice|English|Environmental Science|Finance|History|Human Resources|Management|Marketing|Nursing|Political Science|Social Work,26,20,https://www.keuka.edu/academics,DRY_RUN
keystone-college,Keystone College,Education,Business|History|Physical Therapy|Pre-Physical Therapy,,Education|Business|History|Physical Therapy|Pre-Physical Therapy,5,5,https://www.keystone.edu/academics,DRY_RUN
king-s-college-pennsylvania,King's College (Pennsylvania),Business,Education|Engineering|Health Sciences|History,,Business|Education|Engineering|Health Sciences|History,5,5,https://www.kings.edu/academics,DRY_RUN
knox-college,Knox College,,Art|Education|History,Mathematics,Art|Education|History,4,3,https://www.knox.edu/academics,DRY_RUN
liu,LIU,,Business|Education|History|Human Resources|Information Technology|Religion,,Business|Education|History|Human Resources|Information Technology|Religion,6,6,https://www.liu.edu/academics,DRY_RUN
la-roche-university,La Roche University,Education|English|History|Management,Accounting|Architecture|Biochemistry|Biology|Chemistry|Finance|Graphic Design|Health Sciences|Information Systems|Information Technology|Nursing|Visual Arts,Athletic Training|Computer Science|Criminal Justice|Cybersecurity|Human Resources|Literature|Mathematics|Physics|Political Science|Pre-Law|Psychology|Sociology,Education|English|History|Management|Accounting|Architecture|Biochemistry|Biology|Chemistry|Finance|Graphic Design|Health Sciences|Information Systems|Information Technology|Nursing|Visual Arts,28,16,https://www.laroche.edu,DRY_RUN