matchType,normalizedValue,groupSize,collegeId,collegeName,collegeSlug,city,state,legacyDivision,programId,programDivision,conference,baseballWebsiteUrl,coachCount
WEBSITE_HOSTNAME,naiastats.prestosports.com,181,cmowzryn20000qt4wsg538yat,Abraham Baldwin,abraham-baldwin,,GA.,,cmowzryq20002qt4wcia94cvc,NAIA,Southern States Athletic Conference,https://naiastats.prestosports.com/sports/bsb/2024-25/teams/abrahambaldwinga,0
WEBSITE_HOSTNAME,naiastats.prestosports.com,181,cmowzrysg0003qt4wbdg2f2jr,Aquinas,aquinas,,MICH.,,cmowzryt60005qt4ww6zu8kez,NAIA,Wolverine-Hoosier Athletic Conference,https://naiastats.prestosports.com/sports/bsb/2024-25/teams/aquinasmi,0
WEBSITE_HOSTNAME,naiastats.prestosports.com,181,cmox063zr0006qtgch1gd613b,Arizona Christian,arizona-christian,,AZ,,cmox0640i0008qtgc68cnq9cq,NAIA,Great Southwest Athletic Conference,https://naiastats.prestosports.com/sports/bsb/2024-25/teams/arizonachristianaz,0
WEBSITE_HOSTNAME,naiastats.prestosports.com,181,cmox0641a0009qtgc0iweu1f4,Arkansas Baptist,arkansas-baptist,,AR,,cmox06420000bqtgctoxverh6,NAIA,Continental Athletic Conference,https://naiastats.prestosports.com/sports/bsb/2024-25/teams/arkansasbaptist,0
WEBSITE_HOSTNAME,naiastats.prestosports.com,181,cmox0642r000cqtgch0h1atsx,Ave Maria,ave-maria,,FL,,cmox0643f000eqtgcwbotacoa,NAIA,The Sun Conference,https://naiastats.prestosports.com/sports/bsb/2024-25/teams/avemariafl,0
WEBSITE_HOSTNAME,naiastats.prestosports.com,181,cmowzrytw0006qt4wacqwr2gf,Avila,avila,,MO,,cmowzryum0008qt4wsq56ec6e,NAIA,Kansas Collegiate Athletic Conference,https://naiastats.prestosports.com/sports/bsb/2024-25/teams/avilamo,0
WEBSITE_HOSTNAME,naiastats.prestosports.com,181,cmox0645g000iqtgc55oneldh,Baker,baker,,KS,,cmox06463000kqtgc9pjvqtua,NAIA,Heart of America Athletic Conference,https://naiastats.prestosports.com/sports/bsb/2024-25/teams/bakerks,0
WEBSITE_HOSTNAME,naiastats.prestosports.com,181,cmowzryve0009qt4w4wlg04nk,Bellevue,bellevue,,NE,,cmowzryw5000bqt4wqtd08swz,NAIA,North Star Athletic Association,https://naiastats.prestosports.com/sports/bsb/2024-25/teams/bellevuene,0
WEBSITE_HOSTNAME,naiastats.prestosports.com,181,cmowzrywy000cqt4wzskexlt2,Benedictine,benedictine,,KS,,cmowzryxn000eqt4wfqk9un3e,NAIA,Heart of America Athletic Conference,https://naiastats.prestosports.com/sports/bsb/2024-25/teams/benedictineks,0
WEBSITE_HOSTNAME,naiastats.prestosports.com,181,cmox0649h000rqtgcaps3f0qu,Benedictine Mesa,benedictine-mesa,,AZ,,cmox064a9000tqtgcmhly7i4i,NAIA,Great Southwest Athletic Conference,https://naiastats.prestosports.com/sports/bsb/2024-25/teams/benedictinemesaaz,0
WEBSITE_HOSTNAME,naiastats.prestosports.com,181,cmowzryyd000fqt4w75l1pt86,Bethany,bethany,,KS,,cmowzryz4000hqt4web49by6l,NAIA,Kansas Collegiate Athletic Conference,https://naiastats.prestosports.com/sports/bsb/2024-25/teams/bethanyks,0
WEBSITE_HOSTNAME,naiastats.prestosports.com,181,cmowzryzu000iqt4wi8kavbkx,Bethel,bethel,,TN,,cmowzrz0i000kqt4w867gua03,NAIA,Mid-South Conference,https://naiastats.prestosports.com/sports/bsb/2024-25/teams/betheltn,0
WEBSITE_HOSTNAME,naiastats.prestosports.com,181,cmowzrz19000lqt4w1y1r6d6b,Blue Mountain Christian,blue-mountain-christian,,MS,,cmowzrz1y000nqt4wp94mr7u6,NAIA,Southern States Athletic Conference,https://naiastats.prestosports.com/sports/bsb/2024-25/teams/bluemountainchristianms,0
WEBSITE_HOSTNAME,naiastats.prestosports.com,181,cmowzrz2p000oqt4wud5eghaw,Bluefield,bluefield,,VA,,cmowzrz3h000qqt4wz5pctlbg,NAIA,Appalachian Athletic Conference,https://naiastats.prestosports.com/sports/bsb/2024-25/teams/bluefieldva,0
WEBSITE_HOSTNAME,naiastats.prestosports.com,181,cmowzrz46000rqt4wrxx7o7a9,Brescia,brescia,,KY,,cmowzrz4w000tqt4wl7du8f4f,NAIA,River States Conference,https://naiastats.prestosports.com/sports/bsb/2024-25/teams/bresciaky,0
WEBSITE_HOSTNAME,naiastats.prestosports.com,181,cmowzrz5k000uqt4wc3s1vgx6,Brewton-Parker,brewton-parker,,GA,,cmowzrz6a000wqt4wu9lmyks0,NAIA,Southern States Athletic Conference,https://naiastats.prestosports.com/sports/bsb/2024-25/teams/brewtonparkerga,0
WEBSITE_HOSTNAME,naiastats.prestosports.com,181,cmowzrz74000xqt4wdm59y6gz,Briar Cliff,briar-cliff,,IA,,cmowzrz7u000zqt4wwkmyegvb,NAIA,Great Plains Athletic Conference,https://naiastats.prestosports.com/sports/bsb/2024-25/teams/briarcliffia,0
WEBSITE_HOSTNAME,naiastats.prestosports.com,181,cmox064lo001iqtgcjv8mnkmc,British Columbia,british-columbia,,BC,,cmox064me001kqtgc3pstmmce,NAIA,Cascade Collegiate Conference,https://naiastats.prestosports.com/sports/bsb/2024-25/teams/britishcolumbia,0
WEBSITE_HOSTNAME,naiastats.prestosports.com,181,cmowzrz8k0010qt4wjdckub80,Bryan,bryan,,TN,,cmowzrz990012qt4wpo3gsi0u,NAIA,Appalachian Athletic Conference,https://naiastats.prestosports.com/sports/bsb/2024-25/teams/bryantn,0
WEBSITE_HOSTNAME,naiastats.prestosports.com,181,cmowzrz9y0013qt4w9muhmjp3,Bushnell,bushnell,,OR,,cmowzrzap0015qt4wa3uyax9d,NAIA,Cascade Collegiate Conference,https://naiastats.prestosports.com/sports/bsb/2024-25/teams/bushnellor,0
WEBSITE_HOSTNAME,naiastats.prestosports.com,181,cmowzrzhj001iqt4wu3gf43ii,CIU,ciu,,SC,,cmowzrzia001kqt4won2j9klb,NAIA,Appalachian Athletic Conference,https://naiastats.prestosports.com/sports/bsb/2024-25/teams/ciusc,0
WEBSITE_HOSTNAME,naiastats.prestosports.com,181,cmowzrzbf0016qt4wfhlncr35,Calumet,calumet,,IN,,cmowzrzc40018qt4wf9nf4knw,NAIA,Chicagoland Collegiate Athletic Conference,https://naiastats.prestosports.com/sports/bsb/2024-25/teams/calumetin,0
WEBSITE_HOSTNAME,naiastats.prestosports.com,181,cmox064r0001uqtgcyhmfa4ad,Campbellsville,campbellsville,,KY,,cmox064rr001wqtgcnqonm93x,NAIA,Mid-South Conference,https://naiastats.prestosports.com/sports/bsb/2024-25/teams/campbellsvilleky,0
WEBSITE_HOSTNAME,naiastats.prestosports.com,181,cmowzrzct0019qt4wgwahltd6,Carolina,carolina,,N.C.,,cmowzrzdk001bqt4w2ajpgsov,NAIA,Continental Athletic Conference,https://naiastats.prestosports.com/sports/bsb/2024-25/teams/carolinanc,0
WEBSITE_HOSTNAME,naiastats.prestosports.com,181,cmowzrzeb001cqt4wjs0rswex,Central Baptist,central-baptist,,ARK.,,cmowzrzf0001eqt4w1r39sp1c,NAIA,American Midwest Conference,https://naiastats.prestosports.com/sports/bsb/2024-25/teams/centralbaptistar,0
WEBSITE_HOSTNAME,naiastats.prestosports.com,181,cmowzrzfr001fqt4wjyk1e88l,Central Christian,central-christian,,KS,,cmowzrzgq001hqt4wdd8p7s5j,NAIA,Sooner Athletic Conference,https://naiastats.prestosports.com/sports/bsb/2024-25/teams/centralchristianks,0
WEBSITE_HOSTNAME,naiastats.prestosports.com,181,cmox064v10023qtgczbgq56zf,Central Methodist,central-methodist,,MO,,cmox064vn0025qtgco8005zej,NAIA,Heart of America Athletic Conference,https://naiastats.prestosports.com/sports/bsb/2024-25/teams/centralmethodistmo,0
WEBSITE_HOSTNAME,naiastats.prestosports.com,181,cmowzrzj0001lqt4wws226tj0,Clarke,clarke,,IA,,cmowzrzjq001nqt4woiwflebl,NAIA,Heart of America Athletic Conference,https://naiastats.prestosports.com/sports/bsb/2024-25/teams/clarkeia,0
WEBSITE_HOSTNAME,naiastats.prestosports.com,181,cmowzrzkk001oqt4wwekf7ggs,Cleary,cleary,,MI,,cmowzrzla001qqt4wuawbib3d,NAIA,Wolverine-Hoosier Athletic Conference,https://naiastats.prestosports.com/sports/bsb/2024-25/teams/clearymi,0
WEBSITE_HOSTNAME,naiastats.prestosports.com,181,cmox06509002fqtgcjaki8slx,College of Idaho,college-of-idaho,,ID,,cmox06515002hqtgcjsa2azr4,NAIA,Cascade Collegiate Conference,https://naiastats.prestosports.com/sports/bsb/2024-25/teams/collegeofidaho,0
WEBSITE_HOSTNAME,naiastats.prestosports.com,181,cmowzrzm0001rqt4wm5n56kzt,Columbia,columbia,,MO,,cmowzrzmr001tqt4wj77la053,NAIA,American Midwest Conference,https://naiastats.prestosports.com/sports/bsb/2024-25/teams/columbiamo,0
WEBSITE_HOSTNAME,naiastats.prestosports.com,181,cmowzrzng001uqt4wid2g788z,Concordia,concordia,,NEB.,,cmowzrzo6001wqt4wyyjghwwi,NAIA,Great Plains Athletic Conference,https://naiastats.prestosports.com/sports/bsb/2024-25/teams/concordiane,0
WEBSITE_HOSTNAME,naiastats.prestosports.com,181,cmox06561002rqtgc733yszez,Corban,corban,,OR,,cmox0656r002tqtgcfs8vr0zp,NAIA,Cascade Collegiate Conference,https://naiastats.prestosports.com/sports/bsb/2024-25/teams/corbanor,0
WEBSITE_HOSTNAME,naiastats.prestosports.com,181,cmox0657g002uqtgcg017dzgh,Cornerstone,cornerstone,,MI,,cmox06585002wqtgca5k7ptff,NAIA,Wolverine-Hoosier Athletic Conference,https://naiastats.prestosports.com/sports/bsb/2024-25/teams/cornerstonemi,0
WEBSITE_HOSTNAME,naiastats.prestosports.com,181,cmowzrzqf0020qt4w2rmdzd30,Crowley's Ridge,crowley-s-ridge,,AR,,cmowzrzr50022qt4wbwnjy4ux,NAIA,American Midwest Conference,https://naiastats.prestosports.com/sports/bsb/2024-25/teams/crowleysridgear,0
WEBSITE_HOSTNAME,naiastats.prestosports.com,181,cmowzrzrv0023qt4wrvj7v2vn,Culver-Stockton,culver-stockton,,MO,,cmowzrzsm0025qt4w6jcyplq9,NAIA,Heart of America Athletic Conference,https://naiastats.prestosports.com/sports/bsb/2024-25/teams/culverstocktonmo,0
WEBSITE_HOSTNAME,naiastats.prestosports.com,181,cmox065bi0033qtgcf3sg14rd,Cumberland,cumberland,,TENN.,,cmox065c60035qtgcui12pyoj,NAIA,Mid-South Conference,https://naiastats.prestosports.com/sports/bsb/2024-25/teams/cumberlandtn,0
WEBSITE_HOSTNAME,naiastats.prestosports.com,181,cmox065cu0036qtgcta2s6lf3,Cumberlands,cumberlands,,KY.,,cmox065dh0038qtgcmrbv8j83,NAIA,Mid-South Conference,https://naiastats.prestosports.com/sports/bsb/2024-25/teams/cumberlandsky,0
WEBSITE_HOSTNAME,naiastats.prestosports.com,181,cmowzrztc0026qt4w837yizhj,Dakota State,dakota-state,,SD,,cmowzrzu30028qt4w2si3pdp9,NAIA,North Star Athletic Association,https://naiastats.prestosports.com/sports/bsb/2024-25/teams/dakotastatesd,0
WEBSITE_HOSTNAME,naiastats.prestosports.com,181,cmowzrzus0029qt4w9fs1lx8o,Dakota Wesleyan,dakota-wesleyan,,SD,,cmowzrzvj002bqt4w4tzcoofk,NAIA,Great Plains Athletic Conference,https://naiastats.prestosports.com/sports/bsb/2024-25/teams/dakotawesleyansd,0
WEBSITE_HOSTNAME,naiastats.prestosports.com,181,cmowzrzw9002cqt4wnsx4sgpq,Defiance College,defiance-college,,OH,,cmowzrzx0002eqt4wnsddethr,NAIA,Wolverine-Hoosier Athletic Conference,https://naiastats.prestosports.com/sports/bsb/2024-25/teams/defiancecollegeoh,0
WEBSITE_HOSTNAME,naiastats.prestosports.com,181,cmowzrzxr002fqt4wstnzqq2z,Dickinson State,dickinson-state,,ND,,cmowzrzyp002hqt4w4892whe7,NAIA,North Star Athletic Association,https://naiastats.prestosports.com/sports/bsb/2024-25/teams/dickinsonstatend,0
WEBSITE_HOSTNAME,naiastats.prestosports.com,181,cmowzrzzj002iqt4wjp7qml4q,Dillard,dillard,,LA.,,cmowzs00a002kqt4w2wta5bkm,NAIA,HBCU Athletic Conference,https://naiastats.prestosports.com/sports/bsb/2024-25/teams/dillardla,0
WEBSITE_HOSTNAME,naiastats.prestosports.com,181,cmowzs014002lqt4wj1mlkru4,Doane,doane,,NE,,cmowzs01x002nqt4w8ohvbuqf,NAIA,Great Plains Athletic Conference,https://naiastats.prestosports.com/sports/bsb/2024-25/teams/doanene,0
WEBSITE_HOSTNAME,naiastats.prestosports.com,181,cmowzs02p002oqt4w5u5siqo9,Dordt,dordt,,IA,,cmowzs03g002qqt4w6h2wkj42,NAIA,Great Plains Athletic Conference,https://naiastats.prestosports.com/sports/bsb/2024-25/teams/dordtia,0
WEBSITE_HOSTNAME,naiastats.prestosports.com,181,cmox065nf003uqtgc8c0fmcjy,Eastern Oregon,eastern-oregon,,OR,,cmox065o3003wqtgc37wh60xc,NAIA,Cascade Collegiate Conference,https://naiastats.prestosports.com/sports/bsb/2024-25/teams/easternoregon,0
WEBSITE_HOSTNAME,naiastats.prestosports.com,181,cmovlhu2n0060qt200npnptgr,Embry-Riddle,embry-riddle,Daytona Beach,AZ,,cmovlhu3d0062qt20b2a0gftv,NAIA,Great Southwest Athletic Conference,https://naiastats.prestosports.com/sports/bsb/2024-25/teams/embryriddleaz,0
WEBSITE_HOSTNAME,naiastats.prestosports.com,181,cmowzs065002uqt4wwjq3lvoj,Evangel,evangel,,MO.,,cmowzs06v002wqt4wvnorm0uv,NAIA,Kansas Collegiate Athletic Conference,https://naiastats.prestosports.com/sports/bsb/2024-25/teams/evangelmo,0
WEBSITE_HOSTNAME,naiastats.prestosports.com,181,cmowzs07m002xqt4wawsr2z9y,Faulkner,faulkner,,AL,,cmowzs08e002zqt4w4zob7nhd,NAIA,Southern States Athletic Conference,https://naiastats.prestosports.com/sports/bsb/2024-25/teams/faulkneral,0
WEBSITE_HOSTNAME,naiastats.prestosports.com,181,cmowzs0970030qt4wk3t17vg1,Fisher,fisher,,MA,,cmowzs09x0032qt4wjpbbigv0,NAIA,Continental Athletic Conference,https://naiastats.prestosports.com/sports/bsb/2024-25/teams/fisherma,0
WEBSITE_HOSTNAME,naiastats.prestosports.com,181,cmox065u60049qtgczm8bph8k,Florida Memorial,florida-memorial,,FL,,cmox065us004bqtgcnhcywftb,NAIA,The Sun Conference,https://naiastats.prestosports.com/sports/bsb/2024-25/teams/floridamemorialfl,0
WEBSITE_HOSTNAME,naiastats.prestosports.com,181,cmox065vh004cqtgcp9njea3d,Florida National,florida-national,,FL,,cmox065w7004eqtgcizjdya6r,NAIA,Continental Athletic Conference,https://naiastats.prestosports.com/sports/bsb/2024-25/teams/floridanationalfl,0
WEBSITE_HOSTNAME,naiastats.prestosports.com,181,cmox065wv004fqtgct0gzr6xf,Freed-Hardeman,freed-hardeman,,TENN.,,cmox065xk004hqtgcbp2m78so,NAIA,Mid-South Conference,https://naiastats.prestosports.com/sports/bsb/2024-25/teams/freedhardemantn,0
WEBSITE_HOSTNAME,naiastats.prestosports.com,181,cmowzs0an0033qt4whk11ikps,Friends,friends,,KS,,cmowzs0be0035qt4w7156or7w,NAIA,Kansas Collegiate Athletic Conference,https://naiastats.prestosports.com/sports/bsb/2024-25/teams/friendsks,0
WEBSITE_HOSTNAME,naiastats.prestosports.com,181,cmox065zl004lqtgckt3to19k,Georgetown,georgetown,,KY.,,cmox06608004nqtgcd8exng2f,NAIA,Mid-South Conference,https://naiastats.prestosports.com/sports/bsb/2024-25/teams/georgetown,0
WEBSITE_HOSTNAME,naiastats.prestosports.com,181,cmox0660w004oqtgccsrumrzc,Georgia Gwinnett,georgia-gwinnett,,GA,,cmox0661k004qqtgcx09yazn0,NAIA,Continental Athletic Conference,https://naiastats.prestosports.com/sports/bsb/2024-25/teams/georgiagwinnett,0
WEBSITE_HOSTNAME,naiastats.prestosports.com,181,cmowzs0c60036qt4w3zl8yw6w,Goshen,goshen,,IN,,cmowzs0cx0038qt4wqxutssz5,NAIA,Crossroads League,https://naiastats.prestosports.com/sports/bsb/2024-25/teams/goshenin,0
WEBSITE_HOSTNAME,naiastats.prestosports.com,181,cmowzs0dp0039qt4wx5ce1gbn,Grace,grace,,IND.,,cmowzs0eg003bqt4wfnn88a1w,NAIA,Crossroads League,https://naiastats.prestosports.com/sports/bsb/2024-25/teams/gracein,0
WEBSITE_HOSTNAME,naiastats.prestosports.com,181,cmox06652004xqtgcdt0tmpi9,Graceland,graceland,,IA,,cmox0665r004zqtgc8rarik4b,NAIA,Heart of America Athletic Conference,https://naiastats.prestosports.com/sports/bsb/2024-25/teams/graceland,0
WEBSITE_HOSTNAME,naiastats.prestosports.com,181,cmox0666f0050qtgcpy1opj6v,Grand View,grand-view,,IA,,cmox066710052qtgcc420cjf3,NAIA,Heart of America Athletic Conference,https://naiastats.prestosports.com/sports/bsb/2024-25/teams/grandview,0
WEBSITE_HOSTNAME,naiastats.prestosports.com,181,cmowzs0f8003cqt4w2i4hkdh1,Hannibal-LaGrange,hannibal-lagrange,,MO,,cmowzs0fz003eqt4wrfmpneki,NAIA,American Midwest Conference,https://naiastats.prestosports.com/sports/bsb/2024-25/teams/hanniballagrangemo,0
WEBSITE_HOSTNAME,naiastats.prestosports.com,181,cmowzs0gt003fqt4wrycagik9,Harris-Stowe,harris-stowe,,MO,,cmowzs0hi003hqt4w046jqkks,NAIA,American Midwest Conference,https://naiastats.prestosports.com/sports/bsb/2024-25/teams/harrisstowemo,0
WEBSITE_HOSTNAME,naiastats.prestosports.com,181,cmox066af0059qtgc98qcsc7y,Hastings,hastings,,NE,,cmox066b2005bqtgc12ijaaed,NAIA,Great Plains Athletic Conference,https://naiastats.prestosports.com/sports/bsb/2024-25/teams/hastings,0
WEBSITE_HOSTNAME,naiastats.prestosports.com,181,cmox066bq005cqtgcwroasbo1,Hope International,hope-international,,CA,,cmox066ce005eqtgc9gdmi5w3,NAIA,Great Southwest Athletic Conference,https://naiastats.prestosports.com/sports/bsb/2024-25/teams/hopeinternational,0
WEBSITE_HOSTNAME,naiastats.prestosports.com,181,cmox066d3005fqtgc1tg2a1cp,Houston-Victoria,houston-victoria,,TX,,cmox066dr005hqtgc8h7zlx9d,NAIA,Red River Athletic Conference,https://naiastats.prestosports.com/sports/bsb/2024-25/teams/houstonvictoria,0
WEBSITE_HOSTNAME,naiastats.prestosports.com,181,cmowzs0ic003iqt4w0udpeydi,Huntington,huntington,,IN,,cmowzs0j4003kqt4w4p7lup2g,NAIA,Crossroads League,https://naiastats.prestosports.com/sports/bsb/2024-25/teams/huntingtonin,0
WEBSITE_HOSTNAME,naiastats.prestosports.com,181,cmox066g1005lqtgc9k82gfo7,Huston-Tillotson,huston-tillotson,,TX,,cmox066gp005nqtgclnbwutsi,NAIA,Red River Athletic Conference,https://naiastats.prestosports.com/sports/bsb/2024-25/teams/hustontillotson,0
WEBSITE_HOSTNAME,naiastats.prestosports.com,181,cmowzs0jv003lqt4wamuq6dql,IU Columbus,iu-columbus,,IND.,,cmowzs0km003nqt4wirgbvrua,NAIA,River States Conference,https://naiastats.prestosports.com/sports/bsb/2024-25/teams/iucolumbusind,0
WEBSITE_HOSTNAME,naiastats.prestosports.com,181,cmox066o70063qtgcesmejger,IU Kokomo,iu-kokomo,,IN,,cmox066ou0065qtgctpbwih2h,NAIA,River States Conference,https://naiastats.prestosports.com/sports/bsb/2024-25/teams/iukokomo,0
WEBSITE_HOSTNAME,naiastats.prestosports.com,181,cmox066hf005oqtgcambkvktk,Indiana South Bend,indiana-south-bend,,IN,,cmox066i3005qqtgcyzzryjxa,NAIA,Chicagoland Collegiate Athletic Conference,https://naiastats.prestosports.com/sports/bsb/2024-25/teams/indianasouthbend,0
WEBSITE_HOSTNAME,naiastats.prestosports.com,181,cmox066is005rqtgc1k2001tz,Indiana Southeast,indiana-southeast,,IN,,cmox066jh005tqtgcghn0tck4,NAIA,River States Conference,https://naiastats.prestosports.com/sports/bsb/2024-25/teams/indianasoutheast,0
WEBSITE_HOSTNAME,naiastats.prestosports.com,181,cmox066k7005uqtgc83tqxsn0,Indiana Tech,indiana-tech,,IN,,cmox066kw005wqtgcq01rnvfs,NAIA,Wolverine-Hoosier Athletic Conference,https://naiastats.prestosports.com/sports/bsb/2024-25/teams/indianatech,0
WEBSITE_HOSTNAME,naiastats.prestosports.com,181,cmox066lk005xqtgctz7oerky,Indiana Wesleyan,indiana-wesleyan,,IN,,cmox066m6005zqtgcfc8lnz5r,NAIA,Crossroads League,https://naiastats.prestosports.com/sports/bsb/2024-25/teams/indianawesleyanin,0
WEBSITE_HOSTNAME,naiastats.prestosports.com,181,cmovlhvad008lqt20v64qa5f4,Jamestown,jamestown,Jamestown,N.D.,,cmovlhvb2008nqt20ovswvx3p,NAIA,North Star Athletic Association,https://naiastats.prestosports.com/sports/bsb/2024-25/teams/jamestown,0
WEBSITE_HOSTNAME,naiastats.prestosports.com,181,cmox066qy0069qtgco1avrdjp,Jarvis Christian,jarvis-christian,,TX,,cmox066rl006bqtgcp8ia4wyg,NAIA,Red River Athletic Conference,https://naiastats.prestosports.com/sports/bsb/2024-25/teams/jarvischristian,0
WEBSITE_HOSTNAME,naiastats.prestosports.com,181,cmowzs0mz003rqt4w9dtclhuh,Johnson,johnson,,TN,,cmowzs0nq003tqt4wtyvsyna9,NAIA,Appalachian Athletic Conference,https://naiastats.prestosports.com/sports/bsb/2024-25/teams/johnsontn,0
WEBSITE_HOSTNAME,naiastats.prestosports.com,181,cmowzs0og003uqt4womnogrq7,Judson,judson,,IL,,cmowzs0p6003wqt4wdp0ghdk1,NAIA,Chicagoland Collegiate Athletic Conference,https://naiastats.prestosports.com/sports/bsb/2024-25/teams/judsonil,0
WEBSITE_HOSTNAME,naiastats.prestosports.com,181,cmox066v1006iqtgcllhmn9xz,Kansas Wesleyan,kansas-wesleyan,,KS,,cmox066vp006kqtgchtezecjc,NAIA,Kansas Collegiate Athletic Conference,https://naiastats.prestosports.com/sports/bsb/2024-25/teams/kansaswesleyan,0
WEBSITE_HOSTNAME,naiastats.prestosports.com,181,cmowzs0py003xqt4w2b5x3mjw,Keiser,keiser,,FLA.,,cmowzs0qr003zqt4wnm194jr2,NAIA,The Sun Conference,https://naiastats.prestosports.com/sports/bsb/2024-25/teams/keiser,0
WEBSITE_HOSTNAME,naiastats.prestosports.com,181,cmox066xq006oqtgc1hw3zms8,Kentucky Christian,kentucky-christian,,KY,,cmox066yg006qqtgct3zks1ra,NAIA,Appalachian Athletic Conference,https://naiastats.prestosports.com/sports/bsb/2024-25/teams/kentuckychristian,0
WEBSITE_HOSTNAME,naiastats.prestosports.com,181,cmowzs0uo0046qt4wfr3hrw5d,LSU Alexandria,lsu-alexandria,,LA.,,cmowzs0ve0048qt4wqhs864vb,NAIA,Red River Athletic Conference,https://naiastats.prestosports.com/sports/bsb/2024-25/teams/lsualexandria,0
WEBSITE_HOSTNAME,naiastats.prestosports.com,181,cmowzs0w50049qt4wzavead73,LSU Shreveport,lsu-shreveport,,LA.,,cmowzs0wt004bqt4w74nprpxc,NAIA,Red River Athletic Conference,https://naiastats.prestosports.com/sports/bsb/2024-25/teams/lsushreveport,0
WEBSITE_HOSTNAME,naiastats.prestosports.com,181,cmox066z4006rqtgchicxxtpc,La Sierra,la-sierra,,CA,,cmox066zr006tqtgc98u3a9gk,NAIA,North Star Athletic Association,https://naiastats.prestosports.com/sports/bsb/2024-25/teams/lasierra,0
WEBSITE_HOSTNAME,naiastats.prestosports.com,181,cmox0670h006uqtgc73tzy1mv,Lawrence Tech,lawrence-tech,,MI,,cmox06715006wqtgcslcpoi9h,NAIA,Wolverine-Hoosier Athletic Conference,https://naiastats.prestosports.com/sports/bsb/2024-25/teams/lawrencetech,0
WEBSITE_HOSTNAME,naiastats.prestosports.com,181,cmowzs0ro0040qt4w6yk3fqcd,Lewis-Clark State,lewis-clark-state,,IDAHO,,cmowzs0se0042qt4w2im9pgza,NAIA,Cascade Collegiate Conference,https://naiastats.prestosports.com/sports/bsb/2024-25/teams/lewisclarkstate,0
WEBSITE_HOSTNAME,naiastats.prestosports.com,181,cmox067330070qtgc2vra1ndq,Lindsey Wilson,lindsey-wilson,,KY.,,cmox0673q0072qtgcnwerjkl3,NAIA,Mid-South Conference,https://naiastats.prestosports.com/sports/bsb/2024-25/teams/lindseywilson,0
WEBSITE_HOSTNAME,naiastats.prestosports.com,181,cmox0674e0073qtgccuv9vkx5,Louisiana Christian,louisiana-christian,,LA,,cmox067530075qtgcrqktxkzj,NAIA,Red River Athletic Conference,https://naiastats.prestosports.com/sports/bsb/2024-25/teams/louisianachristian,0
WEBSITE_HOSTNAME,naiastats.prestosports.com,181,cmox0675s0076qtgcqe0r7lig,Lourdes,lourdes,,OH,,cmox0676f0078qtgcmmkwoe43,NAIA,Wolverine-Hoosier Athletic Conference,https://naiastats.prestosports.com/sports/bsb/2024-25/teams/lourdes,0
WEBSITE_HOSTNAME,naiastats.prestosports.com,181,cmowzs0t60043qt4w612g566d,Loyola,loyola,,LA.,,cmowzs0tz0045qt4w2tbza8zh,NAIA,Southern States Athletic Conference,https://naiastats.prestosports.com/sports/bsb/2024-25/teams/loyola,0
WEBSITE_HOSTNAME,naiastats.prestosports.com,181,cmowzs0xk004cqt4wnl1891ss,Madonna,madonna,,MICH.,,cmowzs0y9004eqt4w79qsitvo,NAIA,Wolverine-Hoosier Athletic Conference,https://naiastats.prestosports.com/sports/bsb/2024-25/teams/madonna,0
WEBSITE_HOSTNAME,naiastats.prestosports.com,181,cmox067ch007lqtgceo3tu6aq,Marian,marian,,IN,,cmox067d5007nqtgckmvb2cid,NAIA,Crossroads League,https://naiastats.prestosports.com/sports/bsb/2024-25/teams/marianin,0
WEBSITE_HOSTNAME,naiastats.prestosports.com,181,cmox067dt007oqtgcup27yusi,Mayville State,mayville-state,,ND,,cmox067eh007qqtgcmi8aia28,NAIA,North Star Athletic Association,https://naiastats.prestosports.com/sports/bsb/2024-25/teams/mayvillestate,0
WEBSITE_HOSTNAME,naiastats.prestosports.com,181,cmowzs0z2004fqt4w3uj81px9,McPherson,mcpherson,,KAN.,,cmowzs0zr004hqt4w09au8j0m,NAIA,Kansas Collegiate Athletic Conference,https://naiastats.prestosports.com/sports/bsb/2024-25/teams/mcpherson,0
WEBSITE_HOSTNAME,naiastats.prestosports.com,181,cmox067gh007uqtgcqrq09vgr,Michigan-Dearborn,michigan-dearborn,,MI,,cmox067h8007wqtgc5c5lbk1q,NAIA,Wolverine-Hoosier Athletic Conference,https://naiastats.prestosports.com/sports/bsb/2024-25/teams/michigandearborn,0
WEBSITE_HOSTNAME,naiastats.prestosports.com,181,cmox067hw007xqtgci55b1wtd,MidAmerica Nazarene,midamerica-nazarene,,KS,,cmox067ik007zqtgcm148r1fy,NAIA,Heart of America Athletic Conference,https://naiastats.prestosports.com/sports/bsb/2024-25/teams/midamericanazarene,0
WEBSITE_HOSTNAME,naiastats.prestosports.com,181,cmox067j70080qtgcbr5o9igh,Middle Georgia State,middle-georgia-state,,GA,,cmox067jw0082qtgcpsk5cjfd,NAIA,Southern States Athletic Conference,https://naiastats.prestosports.com/sports/bsb/2024-25/teams/middlegeorgiastate,0
WEBSITE_HOSTNAME,naiastats.prestosports.com,181,cmox067kl0083qtgczg7bx4q5,Midland,midland,,NE,,cmox067l90085qtgcpz55jo7s,NAIA,Great Plains Athletic Conference,https://naiastats.prestosports.com/sports/bsb/2024-25/teams/midland,0
WEBSITE_HOSTNAME,naiastats.prestosports.com,181,cmox067ly0086qtgcybk0ndn8,Midway,midway,,KY,,cmox067ml0088qtgcdv6unyqj,NAIA,River States Conference,https://naiastats.prestosports.com/sports/bsb/2024-25/teams/midway,0
WEBSITE_HOSTNAME,naiastats.prestosports.com,181,cmowzs10i004iqt4welwstpp9,Milligan,milligan,,TN,,cmowzs117004kqt4w9k7aw4j0,NAIA,Appalachian Athletic Conference,https://naiastats.prestosports.com/sports/bsb/2024-25/teams/milligantn,0
WEBSITE_HOSTNAME,naiastats.prestosports.com,181,cmowzs11x004lqt4wcw37qxqh,Mission,mission,,MO.,,cmowzs12n004nqt4w44dc6uw4,NAIA,American Midwest Conference,https://naiastats.prestosports.com/sports/bsb/2024-25/teams/missionmo,0
WEBSITE_HOSTNAME,naiastats.prestosports.com,181,cmox067q3008fqtgcc3zc2s24,Missouri Baptist,missouri-baptist,,MO,,cmox067qq008hqtgckyfy4q3z,NAIA,American Midwest Conference,https://naiastats.prestosports.com/sports/bsb/2024-25/teams/missouribaptist,0
WEBSITE_HOSTNAME,naiastats.prestosports.com,181,cmox067rf008iqtgcqv98xxm2,Missouri Valley,missouri-valley,,MO,,cmox067s3008kqtgch1imoxph,NAIA,Heart of America Athletic Conference,https://naiastats.prestosports.com/sports/bsb/2024-25/teams/missourivalley,0
WEBSITE_HOSTNAME,naiastats.prestosports.com,181,cmowzs13d004oqt4wgedrj6i3,Mobile,mobile,,ALA.,,cmowzs144004qqt4wstmf8bgo,NAIA,Southern States Athletic Conference,https://naiastats.prestosports.com/sports/bsb/2024-25/teams/mobile,0
WEBSITE_HOSTNAME,naiastats.prestosports.com,181,cmowzs14u004rqt4wk2sj18ho,Montreat,montreat,,NC,,cmowzs15k004tqt4wmvxkhql8,NAIA,Appalachian Athletic Conference,https://naiastats.prestosports.com/sports/bsb/2024-25/teams/montreatnc,0
WEBSITE_HOSTNAME,naiastats.prestosports.com,181,cmowzs16a004uqt4wruulohb5,Morningside,morningside,,IA,,cmowzs170004wqt4wqy5178q8,NAIA,Great Plains Athletic Conference,https://naiastats.prestosports.com/sports/bsb/2024-25/teams/morningside,0
WEBSITE_HOSTNAME,naiastats.prestosports.com,181,cmox067wv008uqtgc1vodg7t1,Morris,morris,,SC,,cmox067xj008wqtgc9eh7f0b2,NAIA,Continental Athletic Conference,https://naiastats.prestosports.com/sports/bsb/2024-25/teams/morris,0
WEBSITE_HOSTNAME,naiastats.prestosports.com,181,cmox067y8008xqtgcqmlq9nbw,Mount Marty,mount-marty,,SD,,cmox067yw008zqtgcfz6hy3yh,NAIA,Great Plains Athletic Conference,https://naiastats.prestosports.com/sports/bsb/2024-25/teams/mountmarty,0
WEBSITE_HOSTNAME,naiastats.prestosports.com,181,cmox067zj0090qtgc8tlprwtb,Mount Mercy,mount-mercy,,IA,,cmox068050092qtgc1z1squro,NAIA,Heart of America Athletic Conference,https://naiastats.prestosports.com/sports/bsb/2024-25/teams/mountmercy,0
WEBSITE_HOSTNAME,naiastats.prestosports.com,181,cmowzs17v004xqt4wvfj3aff3,Mount Vernon Nazarene,mount-vernon-nazarene,,OH,,cmowzs18l004zqt4wimaa4ael,NAIA,Crossroads League,https://naiastats.prestosports.com/sports/bsb/2024-25/teams/mountvernonnazareneoh,0
WEBSITE_HOSTNAME,naiastats.prestosports.com,181,cmowzs19b0050qt4wx2g99sqw,Nelson,nelson,,TX,,cmowzs1a50052qt4wwu6iplj9,NAIA,Sooner Athletic Conference,https://naiastats.prestosports.com/sports/bsb/2024-25/teams/nelsontexas,0
WEBSITE_HOSTNAME,naiastats.prestosports.com,181,cmox068270096qtgcwygf9q49,New College of Florida,new-college-of-florida,,FL,,cmox0682v0098qtgc8pecb1dt,NAIA,The Sun Conference,https://naiastats.prestosports.com/sports/bsb/2024-25/teams/newcollegeofflorida,0
WEBSITE_HOSTNAME,naiastats.prestosports.com,181,cmowzs1aw0053qt4wrwplawbf,Northwestern,northwestern,,IA,,cmowzs1bo0055qt4wob02fmwj,NAIA,Great Plains Athletic Conference,https://naiastats.prestosports.com/sports/bsb/2024-25/teams/northwestern,0
WEBSITE_HOSTNAME,naiastats.prestosports.com,181,cmox0684y009cqtgca2arq0at,Northwestern Ohio,northwestern-ohio,,OH,,cmox0685n009eqtgcdvg27ftq,NAIA,Wolverine-Hoosier Athletic Conference,https://naiastats.prestosports.com/sports/bsb/2024-25/teams/northwesternohio,0
WEBSITE_HOSTNAME,naiastats.prestosports.com,181,cmox068ed009xqtgcluu00ea6,OUAZ,ouaz,,AZ,,cmox068f0009zqtgchb2ahuov,NAIA,Great Southwest Athletic Conference,https://naiastats.prestosports.com/sports/bsb/2024-25/teams/ouaz,0
WEBSITE_HOSTNAME,naiastats.prestosports.com,181,cmowzs1cg0056qt4w6u7raqqy,Oakland City,oakland-city,,IN,,cmowzs1d60058qt4wyyes0u49,NAIA,River States Conference,https://naiastats.prestosports.com/sports/bsb/2024-25/teams/oaklandcity,0
WEBSITE_HOSTNAME,naiastats.prestosports.com,181,cmowzs1dw0059qt4w4xp8tyqi,Oakwood,oakwood,,AL,,cmowzs1em005bqt4wy7jzp16v,NAIA,HBCU Athletic Conference,https://naiastats.prestosports.com/sports/bsb/2024-25/teams/oakwoodal,0
WEBSITE_HOSTNAME,naiastats.prestosports.com,181,cmox06893009lqtgc3tmk8itu,Oklahoma Wesleyan,oklahoma-wesleyan,,OK,,cmox0689q009nqtgcz4ipk7b3,NAIA,Kansas Collegiate Athletic Conference,https://naiastats.prestosports.com/sports/bsb/2024-25/teams/oklahomawesleyan,0
WEBSITE_HOSTNAME,naiastats.prestosports.com,181,cmowzs1fe005cqt4w0s54p5m8,Olivet Nazarene,olivet-nazarene,,IL,,cmowzs1g5005eqt4wukamkj7q,NAIA,Chicagoland Collegiate Athletic Conference,https://naiastats.prestosports.com/sports/bsb/2024-25/teams/olivetnazareneil,0
WEBSITE_HOSTNAME,naiastats.prestosports.com,181,cmox068bq009rqtgc9w14f64u,Oregon Tech,oregon-tech,,OR,,cmox068ce009tqtgcxdx5dgix,NAIA,Cascade Collegiate Conference,https://naiastats.prestosports.com/sports/bsb/2024-25/teams/oregontech,0
WEBSITE_HOSTNAME,naiastats.prestosports.com,181,cmowzs1gw005fqt4wv7ntre67,Ottawa,ottawa,,KAN.,,cmowzs1hl005hqt4w5u5oqt6p,NAIA,Kansas Collegiate Athletic Conference,https://naiastats.prestosports.com/sports/bsb/2024-25/teams/ottawa,0
WEBSITE_HOSTNAME,naiastats.prestosports.com,181,cmox068fn00a0qtgc5m18fxv4,Our Lady of the Lake,our-lady-of-the-lake,,TX,,cmox068gh00a2qtgcokpfieyr,NAIA,Red River Athletic Conference,https://naiastats.prestosports.com/sports/bsb/2024-25/teams/ourladyofthelake,0
WEBSITE_HOSTNAME,naiastats.prestosports.com,181,cmox068h500a3qtgcyxillt4u,Park,park,,MO,,cmox068ht00a5qtgcrguqmapu,NAIA,Heart of America Athletic Conference,https://naiastats.prestosports.com/sports/bsb/2024-25/teams/park,0
WEBSITE_HOSTNAME,naiastats.prestosports.com,181,cmowzs1ib005iqt4w3i7tnck9,Park-Gilbert,park-gilbert,,AZ,,cmowzs1j1005kqt4w6lezmfao,NAIA,Great Southwest Athletic Conference,https://naiastats.prestosports.com/sports/bsb/2024-25/teams/parkgilbertaz,0
WEBSITE_HOSTNAME,naiastats.prestosports.com,181,cmox068jq00a9qtgc4gcrrdbl,Peru State,peru-state,,NE,,cmox068ke00abqtgcsry8wwsl,NAIA,Heart of America Athletic Conference,https://naiastats.prestosports.com/sports/bsb/2024-25/teams/perustate,0
WEBSITE_HOSTNAME,naiastats.prestosports.com,181,cmowzs1jr005lqt4womndsl7h,Philander Smith,philander-smith,,AR,,cmowzs1kh005nqt4wlynyw4it,NAIA,HBCU Athletic Conference,https://naiastats.prestosports.com/sports/bsb/2024-25/teams/philandersmithar,0
WEBSITE_HOSTNAME,naiastats.prestosports.com,181,cmowzs1l7005oqt4wcore2glb,Pikeville,pikeville,,KY,,cmowzs1lx005qqt4weh3t7mgs,NAIA,Appalachian Athletic Conference,https://naiastats.prestosports.com/sports/bsb/2024-25/teams/pikevilleky,0
WEBSITE_HOSTNAME,naiastats.prestosports.com,181,cmox068ny00aiqtgc74yuw2t8,Point,point,,GA,,cmox068om00akqtgcrhsoe43o,NAIA,Southern States Athletic Conference,https://naiastats.prestosports.com/sports/bsb/2024-25/teams/point,0
WEBSITE_HOSTNAME,naiastats.prestosports.com,181,cmowzs1mn005rqt4wreae274s,Providence Christian,providence-christian,,CA,,cmowzs1nc005tqt4woz6kqniw,NAIA,North Star Athletic Association,https://naiastats.prestosports.com/sports/bsb/2024-25/teams/providencechristianca,0
WEBSITE_HOSTNAME,naiastats.prestosports.com,181,cmowzs1o3005uqt4wpekfzkhk,Reinhardt,reinhardt,,GA.,,cmowzs1ou005wqt4wp2qt9w0a,NAIA,Appalachian Athletic Conference,https://naiastats.prestosports.com/sports/bsb/2024-25/teams/reinhardtga,0
WEBSITE_HOSTNAME,naiastats.prestosports.com,181,cmox068ry00arqtgctwx7egcp,Rio Grande,rio-grande,,OH,,cmox068sm00atqtgcivjckkep,NAIA,River States Conference,https://naiastats.prestosports.com/sports/bsb/2024-25/teams/riogrande,0
WEBSITE_HOSTNAME,naiastats.prestosports.com,181,cmowzs1pl005xqt4w10de1dc1,Rochester Christian,rochester-christian,,MICH.,,cmowzs1qd005zqt4w3ztrgtxk,NAIA,Wolverine-Hoosier Athletic Conference,https://naiastats.prestosports.com/sports/bsb/2024-25/teams/rochesterchristianmich,0
WEBSITE_HOSTNAME,naiastats.prestosports.com,181,cmowzs1r40060qt4waqra6rcg,Rust,rust,,MS,,cmowzs1ru0062qt4wsf57vlws,NAIA,HBCU Athletic Conference,https://naiastats.prestosports.com/sports/bsb/2024-25/teams/rustms,0
WEBSITE_HOSTNAME,naiastats.prestosports.com,181,cmowzs1sl0063qt4w2c8vrz25,Saint Francis,saint-francis,,IN,,cmowzs1tf0065qt4wf2jc26kg,NAIA,Crossroads League,https://naiastats.prestosports.com/sports/bsb/2024-25/teams/saintfrancisin,0
WEBSITE_HOSTNAME,naiastats.prestosports.com,181,cmox068x900b3qtgciov963rh,Saint Mary,saint-mary,,KS,,cmox068xz00b5qtgcl2eh84um,NAIA,Kansas Collegiate Athletic Conference,https://naiastats.prestosports.com/sports/bsb/2024-25/teams/saintmary,0
WEBSITE_HOSTNAME,naiastats.prestosports.com,181,cmowzs1u50066qt4whaf1rcgo,Saint Xavier,saint-xavier,,IL,,cmowzs1uv0068qt4wyufvos4m,NAIA,Chicagoland Collegiate Athletic Conference,https://naiastats.prestosports.com/sports/bsb/2024-25/teams/saintxavieril,0
WEBSITE_HOSTNAME,naiastats.prestosports.com,181,cmox068zw00b9qtgcnky6lc4v,Shawnee State,shawnee-state,,OH,,cmox0690k00bbqtgc8p54iimz,NAIA,River States Conference,https://naiastats.prestosports.com/sports/bsb/2024-25/teams/shawneestate,0
WEBSITE_HOSTNAME,naiastats.prestosports.com,181,cmox0691700bcqtgctrse79j7,Siena Heights,siena-heights,,MI,,cmox0691w00beqtgc46g9qx8a,NAIA,Wolverine-Hoosier Athletic Conference,https://naiastats.prestosports.com/sports/bsb/2024-25/teams/sienaheights,0
WEBSITE_HOSTNAME,naiastats.prestosports.com,181,cmowzs1vl0069qt4wsqb6a8yr,Simpson,simpson,,CA,,cmowzs1wc006bqt4wog3ldsij,NAIA,North Star Athletic Association,https://naiastats.prestosports.com/sports/bsb/2024-25/teams/simpsonca,0
WEBSITE_HOSTNAME,naiastats.prestosports.com,181,cmowzs1x2006cqt4wjutn86j4,Southeastern,southeastern,,FLA.,,cmowzs1xs006eqt4wh9yb3erb,NAIA,The Sun Conference,https://naiastats.prestosports.com/sports/bsb/2024-25/teams/southeastern,0
WEBSITE_HOSTNAME,naiastats.prestosports.com,181,cmowzs1yj006fqt4wp698q3i9,Southern University at New Orleans,southern-university-at-new-orleans,,LA,,cmowzs1zb006hqt4w9cv36ie1,NAIA,HBCU Athletic Conference,https://naiastats.prestosports.com/sports/bsb/2024-25/teams/southernuniversityatneworleansla,0
WEBSITE_HOSTNAME,naiastats.prestosports.com,181,cmox0696p00boqtgcoxda72a3,Southwest,southwest,,NM,,cmox0697h00bqqtgc82xhph2g,NAIA,Red River Athletic Conference,https://naiastats.prestosports.com/sports/bsb/2024-25/teams/southwest,0
WEBSITE_HOSTNAME,naiastats.prestosports.com,181,cmox0698600brqtgczygal4sl,Southwestern,southwestern,,KS,,cmox0698w00btqtgc1htl07a9,NAIA,Kansas Collegiate Athletic Conference,https://naiastats.prestosports.com/sports/bsb/2024-25/teams/southwestern,0
WEBSITE_HOSTNAME,naiastats.prestosports.com,181,cmox0699k00buqtgcpx2iqyzz,Spartanburg Methodist,spartanburg-methodist,,SC,,cmox069a900bwqtgcvzp0sse7,NAIA,Continental Athletic Conference,https://naiastats.prestosports.com/sports/bsb/2024-25/teams/spartanburgmethodist,0
WEBSITE_HOSTNAME,naiastats.prestosports.com,181,cmowzs204006iqt4wpgwrqfh7,Spring Arbor,spring-arbor,,MICH.,,cmowzs20u006kqt4wpz9h7cyh,NAIA,Crossroads League,https://naiastats.prestosports.com/sports/bsb/2024-25/teams/springarbormi,0
WEBSITE_HOSTNAME,naiastats.prestosports.com,181,cmowzs21j006lqt4wffal58bl,St. Ambrose,st-ambrose,,IA,,cmowzs229006nqt4w7on28728,NAIA,Chicagoland Collegiate Athletic Conference,https://naiastats.prestosports.com/sports/bsb/2024-25/teams/stambroseia,0
WEBSITE_HOSTNAME,naiastats.prestosports.com,181,cmowzs230006oqt4wqumb05n0,St. Andrews,st-andrews,,NC,,cmowzs23s006qqt4wutg7bj5o,NAIA,Appalachian Athletic Conference,https://naiastats.prestosports.com/sports/bsb/2024-25/teams/standrewsnc,0
WEBSITE_HOSTNAME,naiastats.prestosports.com,181,cmowzs24h006rqt4wfge0sbob,St. Francis,st-francis,,IL,,cmowzs256006tqt4wpfjtc5gd,NAIA,Chicagoland Collegiate Athletic Conference,https://naiastats.prestosports.com/sports/bsb/2024-25/teams/stfrancisil,0
WEBSITE_HOSTNAME,naiastats.prestosports.com,181,cmowzs25w006uqt4w8e2l0xp7,St. Thomas,st-thomas,,FLA.,,cmowzs26n006wqt4ww0ftc7cs,NAIA,The Sun Conference,https://naiastats.prestosports.com/sports/bsb/2024-25/teams/stthomas,0
WEBSITE_HOSTNAME,naiastats.prestosports.com,181,cmox069ho00ccqtgc42y9kmfr,Sterling,sterling,,KS,,cmox069ic00ceqtgcdf68glfw,NAIA,Kansas Collegiate Athletic Conference,https://naiastats.prestosports.com/sports/bsb/2024-25/teams/sterling,0
WEBSITE_HOSTNAME,naiastats.prestosports.com,181,cmox069iz00cfqtgc6ijvh9gn,Stillman,stillman,,AL,,cmox069jn00chqtgcwwpupmtc,NAIA,HBCU Athletic Conference,https://naiastats.prestosports.com/sports/bsb/2024-25/teams/stillman,0
WEBSITE_HOSTNAME,naiastats.prestosports.com,181,cmox069kd00ciqtgcfmpgoiet,Tabor,tabor,,KS,,cmox069l200ckqtgctpak8c8c,NAIA,Kansas Collegiate Athletic Conference,https://naiastats.prestosports.com/sports/bsb/2024-25/teams/tabor,0
WEBSITE_HOSTNAME,naiastats.prestosports.com,181,cmowzs27g006xqt4wpaqxe1jx,Talladega,talladega,,AL,,cmowzs287006zqt4w4eidxuh3,NAIA,HBCU Athletic Conference,https://naiastats.prestosports.com/sports/bsb/2024-25/teams/talladegaal,0
WEBSITE_HOSTNAME,naiastats.prestosports.com,181,cmowzs28y0070qt4wel8w9307,Taylor,taylor,,IN,,cmowzs29o0072qt4we5nkbniu,NAIA,Crossroads League,https://naiastats.prestosports.com/sports/bsb/2024-25/teams/taylorin,0
WEBSITE_HOSTNAME,naiastats.prestosports.com,181,cmox069oi00crqtgc031n7wau,Tennessee Southern,tennessee-southern,,TN,,cmox069p800ctqtgctx8gnsad,NAIA,Southern States Athletic Conference,https://naiastats.prestosports.com/sports/bsb/2024-25/teams/tennesseesouthern,0
WEBSITE_HOSTNAME,naiastats.prestosports.com,181,cmox069px00cuqtgcav6r1c9b,Tennessee Wesleyan,tennessee-wesleyan,,TN,,cmox069qm00cwqtgctmeoi8kx,NAIA,Appalachian Athletic Conference,https://naiastats.prestosports.com/sports/bsb/2024-25/teams/tennesseewesleyan,0
WEBSITE_HOSTNAME,naiastats.prestosports.com,181,cmox069rb00cxqtgc4ygzwzwx,Texas A&M  Texarkana,texas-a-and-m-texarkana,,TX,,cmox069s000czqtgclertoc9x,NAIA,Red River Athletic Conference,https://naiastats.prestosports.com/sports/bsb/2024-25/teams/texasamtexarkana,0
WEBSITE_HOSTNAME,naiastats.prestosports.com,181,cmox069sn00d0qtgcjtotjzzk,Texas College,texas-college,,TX,,cmox069ta00d2qtgce5kg87su,NAIA,Red River Athletic Conference,https://naiastats.prestosports.com/sports/bsb/2024-25/teams/texascollege,0
WEBSITE_HOSTNAME,naiastats.prestosports.com,181,cmowzs2af0073qt4wn3t65h57,The Master's,the-master-s,,CALIF.,,cmowzs2b80075qt4w42rn3r24,NAIA,Great Southwest Athletic Conference,https://naiastats.prestosports.com/sports/bsb/2024-25/teams/themasters,0
WEBSITE_HOSTNAME,naiastats.prestosports.com,181,cmox069va00d6qtgcn0ndzzas,Thomas,thomas,,GA,,cmox069w000d8qtgc3rhehrz6,NAIA,Southern States Athletic Conference,https://naiastats.prestosports.com/sports/bsb/2024-25/teams/thomas,0
WEBSITE_HOSTNAME,naiastats.prestosports.com,181,cmowzs2c00076qt4wck5u0njl,Tougaloo,tougaloo,,MISS.,,cmowzs2cu0078qt4wfkoltfoo,NAIA,HBCU Athletic Conference,https://naiastats.prestosports.com/sports/bsb/2024-25/teams/tougalooms,0
WEBSITE_HOSTNAME,naiastats.prestosports.com,181,cmowzs2dj0079qt4w9wire00s,Trinity Christian,trinity-christian,,IL,,cmowzs2ea007bqt4wggve5lyd,NAIA,Chicagoland Collegiate Athletic Conference,https://naiastats.prestosports.com/sports/bsb/2024-25/teams/trinitychristianil,0
WEBSITE_HOSTNAME,naiastats.prestosports.com,181,cmox069zr00dfqtgcntxrsrbb,Truett McConnell,truett-mcconnell,,GA,,cmox06a0f00dhqtgcqw2s1nih,NAIA,Appalachian Athletic Conference,https://naiastats.prestosports.com/sports/bsb/2024-25/teams/truettmcconnell,0
WEBSITE_HOSTNAME,naiastats.prestosports.com,181,cmox06a1200diqtgc2xj3i2cg,UHSP,uhsp,,MO,,cmox06a1v00dkqtgc0ies32dk,NAIA,American Midwest Conference,https://naiastats.prestosports.com/sports/bsb/2024-25/teams/uhsp,0
WEBSITE_HOSTNAME,naiastats.prestosports.com,181,cmox06a2l00dlqtgcos7i4rt9,Union Commonwealth,union-commonwealth,,KY,,cmox06a3800dnqtgcivxehje8,NAIA,Appalachian Athletic Conference,https://naiastats.prestosports.com/sports/bsb/2024-25/teams/unioncommonwealth,0
WEBSITE_HOSTNAME,naiastats.prestosports.com,181,cmox06a3v00doqtgcld51s5r9,Valley City State,valley-city-state,,ND,,cmox06a4l00dqqtgcvoggwqr1,NAIA,North Star Athletic Association,https://naiastats.prestosports.com/sports/bsb/2024-25/teams/valleycitystate,0
WEBSITE_HOSTNAME,naiastats.prestosports.com,181,cmox06a5900drqtgcpbq8mglc,Viterbo,viterbo,,WI,,cmox06a5y00dtqtgcmh4agtar,NAIA,Chicagoland Collegiate Athletic Conference,https://naiastats.prestosports.com/sports/bsb/2024-25/teams/viterbo,0
WEBSITE_HOSTNAME,naiastats.prestosports.com,181,cmox06a6m00duqtgchsc3tg7p,Voorhees University,voorhees-university,,SC,,cmox06a7b00dwqtgch8sp1gzy,NAIA,HBCU Athletic Conference,https://naiastats.prestosports.com/sports/bsb/2024-25/teams/voorheesuniversity,0
WEBSITE_HOSTNAME,naiastats.prestosports.com,181,cmowzs2sk0083qt4w86xf1nts,WVU Tech,wvu-tech,,WV,,cmowzs2tb0085qt4wljtb247g,NAIA,River States Conference,https://naiastats.prestosports.com/sports/bsb/2024-25/teams/wvutechwv,0
WEBSITE_HOSTNAME,naiastats.prestosports.com,181,cmox06a7z00dxqtgcs2lyeo4e,Waldorf,waldorf,,IA,,cmox06a8n00dzqtgcigsavox2,NAIA,Great Plains Athletic Conference,https://naiastats.prestosports.com/sports/bsb/2024-25/teams/waldorf,0
WEBSITE_HOSTNAME,naiastats.prestosports.com,181,cmowzs2f3007cqt4wlgcn8jot,Warner,warner,,FL,,cmowzs2fy007eqt4wporcz9db,NAIA,The Sun Conference,https://naiastats.prestosports.com/sports/bsb/2024-25/teams/warnerfl,0
WEBSITE_HOSTNAME,naiastats.prestosports.com,181,cmowzs2gq007fqt4wgjsjkut7,Wayland Baptist,wayland-baptist,,TX,,cmowzs2hf007hqt4wiboc02ai,NAIA,Sooner Athletic Conference,https://naiastats.prestosports.com/sports/bsb/2024-25/teams/waylandbaptisttx,0
WEBSITE_HOSTNAME,naiastats.prestosports.com,181,cmowzs2i6007iqt4w14hrvqae,Webber International,webber-international,,FL,,cmowzs2iy007kqt4wynurq5n1,NAIA,The Sun Conference,https://naiastats.prestosports.com/sports/bsb/2024-25/teams/webberinternationalfl,0
WEBSITE_HOSTNAME,naiastats.prestosports.com,181,cmowzs2jp007lqt4wmxd5vtd8,Westcliff,westcliff,,CALIF.,,cmowzs2kf007nqt4wyiw47c68,NAIA,North Star Athletic Association,https://naiastats.prestosports.com/sports/bsb/2024-25/teams/westcliffca,0
WEBSITE_HOSTNAME,naiastats.prestosports.com,181,cmowzs2l5007oqt4wmemu4ojg,Wilberforce,wilberforce,,OH,,cmowzs2lw007qqt4wl0ygs241,NAIA,HBCU Athletic Conference,https://naiastats.prestosports.com/sports/bsb/2024-25/teams/wilberforceoh,0
WEBSITE_HOSTNAME,naiastats.prestosports.com,181,cmowzs2ml007rqt4wz5m3qzym,Wiley,wiley,,TX,,cmowzs2nb007tqt4wgg7kxjii,NAIA,HBCU Athletic Conference,https://naiastats.prestosports.com/sports/bsb/2024-25/teams/wileytx,0
WEBSITE_HOSTNAME,naiastats.prestosports.com,181,cmowzs2o1007uqt4wvnc6ovj3,William Carey,william-carey,,MISS.,,cmowzs2ot007wqt4wcbfrmtnj,NAIA,Southern States Athletic Conference,https://naiastats.prestosports.com/sports/bsb/2024-25/teams/williamcareyms,0
WEBSITE_HOSTNAME,naiastats.prestosports.com,181,cmowzs2pm007xqt4w66z0cj3f,William Penn,william-penn,,IA,,cmowzs2qc007zqt4w6rioofpa,NAIA,Heart of America Athletic Conference,https://naiastats.prestosports.com/sports/bsb/2024-25/teams/williampennia,0
WEBSITE_HOSTNAME,naiastats.prestosports.com,181,cmox06aiz00elqtgcfku2eu2a,William Woods,william-woods,,MO,,cmox06ajn00enqtgcq6ujzhg8,NAIA,American Midwest Conference,https://naiastats.prestosports.com/sports/bsb/2024-25/teams/williamwoodsmo,0
WEBSITE_HOSTNAME,naiastats.prestosports.com,181,cmowzs2r40080qt4w48qaj7mu,Williams Baptist,williams-baptist,,AR,,cmowzs2ru0082qt4wastg3u95,NAIA,American Midwest Conference,https://naiastats.prestosports.com/sports/bsb/2024-25/teams/williamsbaptistar,0
WEBSITE_HOSTNAME,naiastats.prestosports.com,181,cmowzs2u20086qt4w33qae7md,Xavier,xavier,,LA.,,cmowzs2ut0088qt4wx9sruh8g,NAIA,Red River Athletic Conference,https://naiastats.prestosports.com/sports/bsb/2024-25/teams/xavierla,0
WEBSITE_HOSTNAME,naiastats.prestosports.com,181,cmowzs2vl0089qt4wbu7rzs9n,York,york,,NE,,cmowzs2wd008bqt4w074vk659,NAIA,Kansas Collegiate Athletic Conference,https://naiastats.prestosports.com/sports/bsb/2024-25/teams/yorkne,0
WEBSITE_HOSTNAME,njcaastats.prestosports.com,404,cmox2o0dw0000qtbkh1ptknlj,Alexandria Technical & Community College,alexandria-technical-and-community-college,,MN,,cmox2o0gc0002qtbkooc5ob7q,NJCAA_D3,Region 13,https://njcaastats.prestosports.com/sports/bsb/2024-25/div3/teams/alexandriatechnicalcommunitycollege,0
WEBSITE_HOSTNAME,njcaastats.prestosports.com,404,cmox234et0000qtfk8px55yy1,Allegany College of Maryland,allegany-college-of-maryland,,ND,,cmox234jo0002qtfkeo5nmtnj,NJCAA_D2,Region 20,https://njcaastats.prestosports.com/sports/bsb/2024-25/div2/teams/alleganycollegeofmaryland,0
WEBSITE_HOSTNAME,njcaastats.prestosports.com,404,cmox1gesh0000qtsgs8vvl5m1,Allen County Community College,allen-county-community-college,,KS,,cmox1gew60002qtsgfojzsopb,NJCAA_D1,Region 6,https://njcaastats.prestosports.com/sports/bsb/2024-25/div1/teams/allencountycommunitycollege,0
WEBSITE_HOSTNAME,njcaastats.prestosports.com,404,cmox234m30003qtfkct75nb3j,Alpena Community College,alpena-community-college,,MI,,cmox234mt0005qtfk1a2l1pzl,NJCAA_D2,Region 12,https://njcaastats.prestosports.com/sports/bsb/2024-25/div2/teams/alpenacommunitycollege,0
WEBSITE_HOSTNAME,njcaastats.prestosports.com,404,cmox1geyb0003qtsgpr2889g6,Alvin Community College,alvin-community-college,,TX,,cmox1gez00005qtsgmco911b0,NJCAA_D1,Region 14,https://njcaastats.prestosports.com/sports/bsb/2024-25/div1/teams/alvincommunitycollege,0
WEBSITE_HOSTNAME,njcaastats.prestosports.com,404,cmox1gezp0006qtsgkj63ex7n,Amarillo College,amarillo-college,,TX,,cmox1gf0e0008qtsgtm1uuc7v,NJCAA_D1,Region 5,https://njcaastats.prestosports.com/sports/bsb/2024-25/div1/teams/amarillocollege,0
WEBSITE_HOSTNAME,njcaastats.prestosports.com,404,cmox1gf130009qtsg5t8u03t9,Andrew College,andrew-college,,GA,,cmox1gf1s000bqtsgmodcc72o,NJCAA_D1,Region 17,https://njcaastats.prestosports.com/sports/bsb/2024-25/div1/teams/andrewcollege,0
WEBSITE_HOSTNAME,njcaastats.prestosports.com,404,cmox1gf2i000cqtsgqvk0bc2b,Angelina College,angelina-college,,TX,,cmox1gf36000eqtsgna8lhs62,NJCAA_D1,Region 14,https://njcaastats.prestosports.com/sports/bsb/2024-25/div1/teams/angelinacollege,0
WEBSITE_HOSTNAME,njcaastats.prestosports.com,404,cmox234nk0006qtfk9kcfd0gh,Anne Arundel Community College,anne-arundel-community-college,,MD,,cmox234oa0008qtfkb9m06eg2,NJCAA_D2,Region 20,https://njcaastats.prestosports.com/sports/bsb/2024-25/div2/teams/annearundelcommunitycollege,0
WEBSITE_HOSTNAME,njcaastats.prestosports.com,404,cmox2o0i10003qtbkbuwc3e6d,Anoka-Ramsey Community College,anoka-ramsey-community-college,,MN,,cmox2o0ir0005qtbkrlhogx8c,NJCAA_D3,Region 13,https://njcaastats.prestosports.com/sports/bsb/2024-25/div3/teams/anokaramseycommunitycollege,0
WEBSITE_HOSTNAME,njcaastats.prestosports.com,404,cmox1gf3v000fqtsgrot5pubs,Arizona Western College,arizona-western-college,,AZ,,cmox1gf4j000hqtsgk8ekjarh,NJCAA_D1,Region 1,https://njcaastats.prestosports.com/sports/bsb/2024-25/div1/teams/arizonawesterncollege,0
WEBSITE_HOSTNAME,njcaastats.prestosports.com,404,cmox234oz0009qtfk9gtz21k6,Arkansas State Mid-South,arkansas-state-mid-south,,AR,,cmox234pn000bqtfk9xljy95i,NJCAA_D2,Region 2,https://njcaastats.prestosports.com/sports/bsb/2024-25/div2/teams/arkansasstatemidsouth,0
WEBSITE_HOSTNAME,njcaastats.prestosports.com,404,cmox234qg000cqtfkuqal77s4,Arkansas State University - Three Rivers,arkansas-state-university-three-rivers,,AR,,cmox234r5000eqtfkawdidste,NJCAA_D2,Region 2,https://njcaastats.prestosports.com/sports/bsb/2024-25/div2/teams/arkansasstateuniversitythreerivers,0
WEBSITE_HOSTNAME,njcaastats.prestosports.com,404,cmox234rv000fqtfkmqhap0bm,Arkansas State University Mountain Home,arkansas-state-university-mountain-home,,AR,,cmox234sl000hqtfkodrfiznn,NJCAA_D2,Region 2,https://njcaastats.prestosports.com/sports/bsb/2024-25/div2/teams/arkansasstateuniversitymountainhome,0
WEBSITE_HOSTNAME,njcaastats.prestosports.com,404,cmox2o0ji0006qtbkzyj3c0ai,Atlantic Cape Community College,atlantic-cape-community-college,,NJ,,cmox2o0k90008qtbkmwue2kne,NJCAA_D3,Region 19,https://njcaastats.prestosports.com/sports/bsb/2024-25/div3/teams/atlanticcapecommunitycollege,0
WEBSITE_HOSTNAME,njcaastats.prestosports.com,404,cmox1gf59000iqtsgg23jyda0,Barton Community College,barton-community-college,,KS,,cmox1gf5z000kqtsgp9sl42cr,NJCAA_D1,Region 6,https://njcaastats.prestosports.com/sports/bsb/2024-25/div1/teams/bartoncommunitycollege,0
WEBSITE_HOSTNAME,njcaastats.prestosports.com,404,cmox1gf6p000lqtsgw810db4k,Baton Rouge Community College,baton-rouge-community-college,,LA,,cmox1gf7h000nqtsg35fr8hif,NJCAA_D1,Region 23,https://njcaastats.prestosports.com/sports/bsb/2024-25/div1/teams/batonrougecommunitycollege,0
WEBSITE_HOSTNAME,njcaastats.prestosports.com,404,cmox234tb000iqtfkko7tsa34,Bay College,bay-college,,MI,,cmox234u1000kqtfk0iwddaz2,NJCAA_D2,Region 12,https://njcaastats.prestosports.com/sports/bsb/2024-25/div2/teams/baycollege,0
WEBSITE_HOSTNAME,njcaastats.prestosports.com,404,cmox2o0kz0009qtbk8078yso5,Bergen Community College,bergen-community-college,,NJ,,cmox2o0lr000bqtbknjma5ygt,NJCAA_D3,Region 19,https://njcaastats.prestosports.com/sports/bsb/2024-25/div3/teams/bergencommunitycollege,0
WEBSITE_HOSTNAME,njcaastats.prestosports.com,404,cmox234ut000lqtfk4oz8sdut,Bevill State Community College,bevill-state-community-college,,AL,,cmox234vh000nqtfk9f3rnwwb,NJCAA_D2,Region 22,https://njcaastats.prestosports.com/sports/bsb/2024-25/div2/teams/bevillstatecommunitycollege,0
WEBSITE_HOSTNAME,njcaastats.prestosports.com,404,cmox234w7000oqtfk8hdllep8,Bishop State Community College,bishop-state-community-college,,AL,,cmox234wx000qqtfkamk3kvpw,NJCAA_D2,Region 22,https://njcaastats.prestosports.com/sports/bsb/2024-25/div2/teams/bishopstatecommunitycollege,0
WEBSITE_HOSTNAME,njcaastats.prestosports.com,404,cmox234xk000rqtfk5uh31vu3,Bismarck State College,bismarck-state-college,,ND,,cmox234y9000tqtfk4sl09tpz,NJCAA_D2,Region 13,https://njcaastats.prestosports.com/sports/bsb/2024-25/div2/teams/bismarckstatecollege,0
WEBSITE_HOSTNAME,njcaastats.prestosports.com,404,cmox234yy000uqtfkmj04pqiz,Black Hawk College,black-hawk-college,,IL,,cmox234zn000wqtfk3ltflunz,NJCAA_D2,Region 4,https://njcaastats.prestosports.com/sports/bsb/2024-25/div2/teams/blackhawkcollege,0
WEBSITE_HOSTNAME,njcaastats.prestosports.com,404,cmox1gf86000oqtsgug004uy2,Blinn College,blinn-college,,TX,,cmox1gf8u000qqtsgo3ko3n3n,NJCAA_D1,Region 14,https://njcaastats.prestosports.com/sports/bsb/2024-25/div1/teams/blinncollege,0
WEBSITE_HOSTNAME,njcaastats.prestosports.com,404,cmox2o0mg000cqtbk6xnygyvm,Borough of Manhattan Community College,borough-of-manhattan-community-college,,NY,,cmox2o0n7000eqtbknrpfdkgn,NJCAA_D3,Region 15,https://njcaastats.prestosports.com/sports/bsb/2024-25/div3/teams/boroughofmanhattancommunitycollege,0
WEBSITE_HOSTNAME,njcaastats.prestosports.com,404,cmox1gf9h000rqtsg5p7im7p5,Bossier Parish Community College,bossier-parish-community-college,,LA,,cmox1gfa7000tqtsgn36y7udb,NJCAA_D1,Region 14,https://njcaastats.prestosports.com/sports/bsb/2024-25/div1/teams/bossierparishcommunitycollege,0
WEBSITE_HOSTNAME,njcaastats.prestosports.com,404,cmox2o0ny000fqtbkdjwm6sfi,Bronx Community College,bronx-community-college,,NY,,cmox2o0op000hqtbk77js2ymc,NJCAA_D3,Region 15,https://njcaastats.prestosports.com/sports/bsb/2024-25/div3/teams/bronxcommunitycollege,0
WEBSITE_HOSTNAME,njcaastats.prestosports.com,404,cmox2o0pe000iqtbk5zpv57jm,Brookdale Community College,brookdale-community-college,,NJ,,cmox2o0q8000kqtbkfl8bzwot,NJCAA_D3,Region 19,https://njcaastats.prestosports.com/sports/bsb/2024-25/div3/teams/brookdalecommunitycollege,0
WEBSITE_HOSTNAME,njcaastats.prestosports.com,404,cmox2350b000xqtfk7ry7jc8q,Brunswick Community College,brunswick-community-college,,NC,,cmox23511000zqtfkt62eirtr,NJCAA_D2,Region 10,https://njcaastats.prestosports.com/sports/bsb/2024-25/div2/teams/brunswickcommunitycollege,0
WEBSITE_HOSTNAME,njcaastats.prestosports.com,404,cmox2351r0010qtfki4exm5ci,Bryant & Stratton,bryant-and-stratton,,OH,,cmox2352g0012qtfko8n0j30t,NJCAA_D2,Region 12,https://njcaastats.prestosports.com/sports/bsb/2024-25/div2/teams/bryantstrattonohio,0
WEBSITE_HOSTNAME,njcaastats.prestosports.com,404,cmox235370013qtfk8y2sxj30,Bryant & Stratton College,bryant-and-stratton-college,,WI,,cmox2353y0015qtfkp40fyk4x,NJCAA_D2,Region 4,https://njcaastats.prestosports.com/sports/bsb/2024-25/div2/teams/bryantstrattoncollegewi,0
WEBSITE_HOSTNAME,njcaastats.prestosports.com,404,cmox2o0qy000lqtbkb5hvpuw9,Bunker Hill Community College,bunker-hill-community-college,,MA,,cmox2o0ro000nqtbkccxfu3vt,NJCAA_D3,Region 21,https://njcaastats.prestosports.com/sports/bsb/2024-25/div3/teams/bunkerhillcommunitycollege,0
WEBSITE_HOSTNAME,njcaastats.prestosports.com,404,cmox1gfaz000uqtsg2kizpb3y,Butler Community College - KS,butler-community-college-ks,,KS,,cmox1gfbo000wqtsg1hgb3gc1,NJCAA_D1,Region 6,https://njcaastats.prestosports.com/sports/bsb/2024-25/div1/teams/butlercommunitycollegeks,0
WEBSITE_HOSTNAME,njcaastats.prestosports.com,404,cmox2359d001fqtfkt0k7hmwr,CC of Allegheny County,cc-of-allegheny-county,,PA,,cmox235a0001hqtfk9wdh5i7s,NJCAA_D2,Region 20,https://njcaastats.prestosports.com/sports/bsb/2024-25/div2/teams/ccofalleghenycounty,0
WEBSITE_HOSTNAME,njcaastats.prestosports.com,404,cmox235ap001iqtfkim5jqg9p,CCBC Catonsville,ccbc-catonsville,,MD,,cmox235be001kqtfk03zw9gw5,NJCAA_D2,Region 20,https://njcaastats.prestosports.com/sports/bsb/2024-25/div2/teams/ccbccatonsville,0
WEBSITE_HOSTNAME,njcaastats.prestosports.com,404,cmox235c3001lqtfkwf51n64p,CCBC Dundalk,ccbc-dundalk,,MD,,cmox235ct001nqtfkq7zjvqor,NJCAA_D2,Region 20,https://njcaastats.prestosports.com/sports/bsb/2024-25/div2/teams/ccbcdundalk,0
WEBSITE_HOSTNAME,njcaastats.prestosports.com,404,cmox235di001oqtfk48ov0qw8,CCBC Essex,ccbc-essex,,MD,,cmox235e6001qqtfkp36koxh7,NJCAA_D2,Region 20,https://njcaastats.prestosports.com/sports/bsb/2024-25/div2/teams/ccbcessex,0
WEBSITE_HOSTNAME,njcaastats.prestosports.com,404,cmox2o0se000oqtbk5p23woms,Caldwell Community College & Technical Institute,caldwell-community-college-and-technical-institute,,NC,,cmox2o0t7000qqtbkbyhcf20q,NJCAA_D3,Region 10,https://njcaastats.prestosports.com/sports/bsb/2024-25/div3/teams/caldwellcommunitycollegetechnicali,0
WEBSITE_HOSTNAME,njcaastats.prestosports.com,404,cmox1gfce000xqtsgvavjcgow,Calhoun Community College,calhoun-community-college,,AL,,cmox1gfd4000zqtsgpu111htg,NJCAA_D1,Region 22,https://njcaastats.prestosports.com/sports/bsb/2024-25/div1/teams/calhouncommunitycollege,0
WEBSITE_HOSTNAME,njcaastats.prestosports.com,404,cmox2o0tx000rqtbkzs7n60v2,Camden County College,camden-county-college,,NJ,,cmox2o0un000tqtbkvwqpu1di,NJCAA_D3,Region 19,https://njcaastats.prestosports.com/sports/bsb/2024-25/div3/teams/camdencountycollege,0
WEBSITE_HOSTNAME,njcaastats.prestosports.com,404,cmox2o0vd000uqtbkyhkbt6ij,Camp Community College,camp-community-college,,VA,,cmox2o0w4000wqtbkji1u2bjn,NJCAA_D3,Region 10,https://njcaastats.prestosports.com/sports/bsb/2024-25/div3/teams/campcommunitycollege,0
WEBSITE_HOSTNAME,njcaastats.prestosports.com,404,cmox2354r0016qtfkakmcyf2u,Carl Albert State College,carl-albert-state-college,,OK,,cmox2355j0018qtfk1331mkwk,NJCAA_D2,Region 2,https://njcaastats.prestosports.com/sports/bsb/2024-25/div2/teams/carlalbertstatecollege,0
WEBSITE_HOSTNAME,njcaastats.prestosports.com,404,cmox235690019qtfkbqjl2dwv,Carl Sandburg College,carl-sandburg-college,,IL,,cmox23572001bqtfkhxnxb8fi,NJCAA_D2,Region 4,https://njcaastats.prestosports.com/sports/bsb/2024-25/div2/teams/carlsandburgcollege,0
WEBSITE_HOSTNAME,njcaastats.prestosports.com,404,cmox2357y001cqtfkolbve8a8,Catawba Valley Community College,catawba-valley-community-college,,NC,,cmox2358o001eqtfkqwhmv7ak,NJCAA_D2,Region 10,https://njcaastats.prestosports.com/sports/bsb/2024-25/div2/teams/catawbavalleycommunitycollege,0
WEBSITE_HOSTNAME,njcaastats.prestosports.com,404,cmox2o0wt000xqtbk9plqcdqd,Cayuga Community College,cayuga-community-college,,NY,,cmox2o0xj000zqtbk3xpp7p0a,NJCAA_D3,Region 3,https://njcaastats.prestosports.com/sports/bsb/2024-25/div3/teams/cayugacommunitycollege,0
WEBSITE_HOSTNAME,njcaastats.prestosports.com,404,cmox235ew001rqtfk7hveubl8,Cecil College,cecil-college,,MD,,cmox235fm001tqtfkdpvy3yx9,NJCAA_D2,Region 20,https://njcaastats.prestosports.com/sports/bsb/2024-25/div2/teams/cecilcollege,0
WEBSITE_HOSTNAME,njcaastats.prestosports.com,404,cmox235gc001uqtfklqh3okg2,Central Alabama Community College,central-alabama-community-college,,AL,,cmox235h1001wqtfk553xzuit,NJCAA_D2,Region 22,https://njcaastats.prestosports.com/sports/bsb/2024-25/div2/teams/centralalabamacommunitycollege,0
WEBSITE_HOSTNAME,njcaastats.prestosports.com,404,cmox1gfdw0010qtsgqhkf3e53,Central Arizona College,central-arizona-college,,AZ,,cmox1gfem0012qtsg8utoxu52,NJCAA_D1,Region 1,https://njcaastats.prestosports.com/sports/bsb/2024-25/div1/teams/centralarizonacollege,0
WEBSITE_HOSTNAME,njcaastats.prestosports.com,404,cmox2o0y90010qtbkd2383oke,Central Lakes College-Brainerd,central-lakes-college-brainerd,,MN,,cmox2o0yz0012qtbk6s1j80o7,NJCAA_D3,Region 13,https://njcaastats.prestosports.com/sports/bsb/2024-25/div3/teams/centrallakescollegebrainerd,0
WEBSITE_HOSTNAME,njcaastats.prestosports.com,404,cmox2o0zq0013qtbkuh4wv7ct,Century College,century-college,,MN,,cmox2o10h0015qtbkjbcf59oh,NJCAA_D3,Region 13,https://njcaastats.prestosports.com/sports/bsb/2024-25/div3/teams/centurycollege,0
WEBSITE_HOSTNAME,njcaastats.prestosports.com,404,cmox235hr001xqtfk8edzbigb,Chandler-Gilbert Community College,chandler-gilbert-community-college,,AZ,,cmox235ig001zqtfk0rbygdf5,NJCAA_D2,Region 1,https://njcaastats.prestosports.com/sports/bsb/2024-25/div2/teams/chandlergilbertcommunitycollege,0
WEBSITE_HOSTNAME,njcaastats.prestosports.com,404,cmox1gffa0013qtsgti41kyix,Chattahoochee Valley Community College,chattahoochee-valley-community-college,,AL,,cmox1gffz0015qtsgruayt680,NJCAA_D1,Region 22,https://njcaastats.prestosports.com/sports/bsb/2024-25/div1/teams/chattahoocheevalleycommunitycollege,0
WEBSITE_HOSTNAME,njcaastats.prestosports.com,404,cmox1gfgo0016qtsgs9ugt5nt,Chattanooga State Community College,chattanooga-state-community-college,,TN,,cmox1gfhh0018qtsguz7u9pmv,NJCAA_D1,Region 7,https://njcaastats.prestosports.com/sports/bsb/2024-25/div1/teams/chattanoogastatecommunitycollege,0
WEBSITE_HOSTNAME,njcaastats.prestosports.com,404,cmox235j70020qtfkl3uukpn3,Chesapeake College,chesapeake-college,,MD,,cmox235jw0022qtfk1srypfi0,NJCAA_D2,Region 20,https://njcaastats.prestosports.com/sports/bsb/2024-25/div2/teams/chesapeakecollege,0
WEBSITE_HOSTNAME,njcaastats.prestosports.com,404,cmox1gfi80019qtsgps2z311s,Chipola  College,chipola-college,,FL,,cmox1gfiw001bqtsgfl1n2ptf,NJCAA_D1,Region 8,https://njcaastats.prestosports.com/sports/bsb/2024-25/div1/teams/chipolacollege,0
WEBSITE_HOSTNAME,njcaastats.prestosports.com,404,cmox1gfjl001cqtsggloi1bif,Cisco College,cisco-college,,TX,,cmox1gfka001eqtsgoe5xokxj,NJCAA_D1,Region 5,https://njcaastats.prestosports.com/sports/bsb/2024-25/div1/teams/ciscocollege,0
WEBSITE_HOSTNAME,njcaastats.prestosports.com,404,cmox1gfl0001fqtsgrzw6ofzz,Clarendon College,clarendon-college,,TX,,cmox1gflq001hqtsgedc7frtk,NJCAA_D1,Region 5,https://njcaastats.prestosports.com/sports/bsb/2024-25/div1/teams/clarendoncollege,0
WEBSITE_HOSTNAME,njcaastats.prestosports.com,404,cmox235km0023qtfkno6e1o10,Clark State College,clark-state-college,,OH,,cmox235lc0025qtfkdingbnzq,NJCAA_D2,Region 12,https://njcaastats.prestosports.com/sports/bsb/2024-25/div2/teams/clarkstatecollege,0
WEBSITE_HOSTNAME,njcaastats.prestosports.com,404,cmorjat750056qt4wgah72i8t,Cleveland Community College,cleveland-community-college,Shelby,NC,,cmorjat7t0058qt4wumt7u04z,NJCAA_D2,Region 10,https://njcaastats.prestosports.com/sports/bsb/2024-25/div2/teams/clevelandcommunitycollege,0
WEBSITE_HOSTNAME,njcaastats.prestosports.com,404,cmox1gfme001iqtsg23nqcgwc,Cleveland State Community College,cleveland-state-community-college,,TN,,cmox1gfn6001kqtsglzcs24ji,NJCAA_D1,Region 7,https://njcaastats.prestosports.com/sports/bsb/2024-25/div1/teams/clevelandstatecommunitycollege,0
WEBSITE_HOSTNAME,njcaastats.prestosports.com,404,cmox1gfnw001lqtsg7fvs7z66,Cloud County Community College,cloud-county-community-college,,KS,,cmox1gfoj001nqtsg9k78ft65,NJCAA_D1,Region 6,https://njcaastats.prestosports.com/sports/bsb/2024-25/div1/teams/cloudcountycommunitycollege,0
WEBSITE_HOSTNAME,njcaastats.prestosports.com,404,cmox235nt0029qtfkhy9cb6k7,Coahoma Community College,coahoma-community-college,,MS,,cmox235oh002bqtfktn8k7tsc,NJCAA_D2,Region 23,https://njcaastats.prestosports.com/sports/bsb/2024-25/div2/teams/coahomacommunitycollege,0
WEBSITE_HOSTNAME,njcaastats.prestosports.com,404,cmox235p7002cqtfkantrt3ir,Coastal Alabama - North,coastal-alabama-north,,AL,,cmox235pv002eqtfko2fahgxm,NJCAA_D2,Region 22,https://njcaastats.prestosports.com/sports/bsb/2024-25/div2/teams/coastalalabamanorth,0
WEBSITE_HOSTNAME,njcaastats.prestosports.com,404,cmox1gfp7001oqtsgbphrk1lp,Coastal Alabama - South,coastal-alabama-south,,AL,,cmox1gfpv001qqtsglbhx2awv,NJCAA_D1,Region 22,https://njcaastats.prestosports.com/sports/bsb/2024-25/div1/teams/coastalalabamasouth,0
WEBSITE_HOSTNAME,njcaastats.prestosports.com,404,cmox1gfqj001rqtsgskc12egd,Coastal Bend College,coastal-bend-college,,TX,,cmox1gfr7001tqtsg9kpxxyp8,NJCAA_D1,Region 14,https://njcaastats.prestosports.com/sports/bsb/2024-25/div1/teams/coastalbendcollege,0
WEBSITE_HOSTNAME,njcaastats.prestosports.com,404,cmox1gfrx001uqtsgjm4zjbds,Cochise College,cochise-college,,AZ,,cmox1gfsl001wqtsgmoufzp8j,NJCAA_D1,Region 1,https://njcaastats.prestosports.com/sports/bsb/2024-25/div1/teams/cochisecollege,0
WEBSITE_HOSTNAME,njcaastats.prestosports.com,404,cmox1gft9001xqtsg5fezijcy,Coffeyville Community College,coffeyville-community-college,,KS,,cmox1gftz001zqtsgduc1kzzq,NJCAA_D1,Region 6,https://njcaastats.prestosports.com/sports/bsb/2024-25/div1/teams/coffeyvillecommunitycollege,0
WEBSITE_HOSTNAME,njcaastats.prestosports.com,404,cmox1gfum0020qtsgezoyy7fd,Colby Community College,colby-community-college,,KS,,cmox1gfvb0022qtsg1afwh3ea,NJCAA_D1,Region 6,https://njcaastats.prestosports.com/sports/bsb/2024-25/div1/teams/colbycommunitycollege,0
WEBSITE_HOSTNAME,njcaastats.prestosports.com,404,cmox1gfvz0023qtsggc70ytsw,College of Central Florida,college-of-central-florida,,FL,,cmox1gfwo0025qtsgtkd1h66m,NJCAA_D1,Region 8,https://njcaastats.prestosports.com/sports/bsb/2024-25/div1/teams/collegeofcentralflorida,0
WEBSITE_HOSTNAME,njcaastats.prestosports.com,404,cmox2o1170016qtbkgk4vxtdy,College of DuPage,college-of-dupage,,IL,,cmox2o11y0018qtbkktweb1a7,NJCAA_D3,Region 4,https://njcaastats.prestosports.com/sports/bsb/2024-25/div3/teams/collegeofdupage,0
WEBSITE_HOSTNAME,njcaastats.prestosports.com,404,cmox235qm002fqtfkuqtlw0fr,College of Lake County,college-of-lake-county,,IL,,cmox235ra002hqtfkjpougwcj,NJCAA_D2,Region 4,https://njcaastats.prestosports.com/sports/bsb/2024-25/div2/teams/collegeoflakecounty,0
WEBSITE_HOSTNAME,njcaastats.prestosports.com,404,cmox1gfxe0026qtsgf9u98eeg,College of Southern Idaho,college-of-southern-idaho,,ID,,cmox1gfy50028qtsgslyf6612,NJCAA_D1,Region 18,https://njcaastats.prestosports.com/sports/bsb/2024-25/div1/teams/collegeofsouthernidaho,0
WEBSITE_HOSTNAME,njcaastats.prestosports.com,404,cmox235rz002iqtfkwm4d9287,College of Southern Maryland,college-of-southern-maryland,,ND,,cmox235sn002kqtfkdhstitol,NJCAA_D2,Region 20,https://njcaastats.prestosports.com/sports/bsb/2024-25/div2/teams/collegeofsouthernmaryland,0
WEBSITE_HOSTNAME,njcaastats.prestosports.com,404,cmox1gfyv0029qtsgyyiotlq4,College of Southern Nevada,college-of-southern-nevada,,NV,,cmox1gfzk002bqtsgjuh3fqjk,NJCAA_D1,Region 1,https://njcaastats.prestosports.com/sports/bsb/2024-25/div1/teams/collegeofsouthernnevada,0
WEBSITE_HOSTNAME,njcaastats.prestosports.com,404,cmox1gg09002cqtsgt5n277or,Colorado Northwestern Community College,colorado-northwestern-community-college,,CO,,cmox1gg0z002eqtsg6vlyf855,NJCAA_D1,Region 18,https://njcaastats.prestosports.com/sports/bsb/2024-25/div1/teams/coloradonorthwesterncommunitycollege,0
WEBSITE_HOSTNAME,njcaastats.prestosports.com,404,cmox1gg1n002fqtsgwq02qnch,Columbia State Community College,columbia-state-community-college,,TN,,cmox1gg2e002hqtsgbycgauxr,NJCAA_D1,Region 7,https://njcaastats.prestosports.com/sports/bsb/2024-25/div1/teams/columbiastatecommunitycollege,0
WEBSITE_HOSTNAME,njcaastats.prestosports.com,404,cmox2o12r0019qtbkypzghh8j,Columbia-Greene Community College,columbia-greene-community-college,,NY,,cmox2o13j001bqtbkz57miqy8,NJCAA_D3,Region 3,https://njcaastats.prestosports.com/sports/bsb/2024-25/div3/teams/columbiagreenecommunitycollege,0
WEBSITE_HOSTNAME,njcaastats.prestosports.com,404,cmox235tc002lqtfk1sxcqpye,Community Christian,community-christian,,MI,,cmox235u0002nqtfk31kt90cw,NJCAA_D2,Region 12,https://njcaastats.prestosports.com/sports/bsb/2024-25/div2/teams/communitychristianmich,0
WEBSITE_HOSTNAME,njcaastats.prestosports.com,404,cmox1gg33002iqtsgotxbo0qh,Community Christian College,community-christian-college,,CA,,cmox1gg3u002kqtsgrmqelux6,NJCAA_D1,Region 1,https://njcaastats.prestosports.com/sports/bsb/2024-25/div1/teams/communitychristiancollege,0
WEBSITE_HOSTNAME,njcaastats.prestosports.com,404,cmox2o14a001cqtbkkjdwv4pc,Community College of Rhode Island,community-college-of-rhode-island,,ND,,cmox2o152001eqtbkf7i9hi4h,NJCAA_D3,Region 21,https://njcaastats.prestosports.com/sports/bsb/2024-25/div3/teams/communitycollegeofrhodeisland,0
WEBSITE_HOSTNAME,njcaastats.prestosports.com,404,cmox1gg4l002lqtsgyq0efnp8,Connors State College,connors-state-college,,OK,,cmox1gg59002nqtsgnqjrb44f,NJCAA_D1,Region 2,https://njcaastats.prestosports.com/sports/bsb/2024-25/div1/teams/connorsstatecollege,0
WEBSITE_HOSTNAME,njcaastats.prestosports.com,404,cmox235us002oqtfk09b6cpem,Copiah-Lincoln Community College,copiah-lincoln-community-college,,MS,,cmox235vg002qqtfkd62ow7z1,NJCAA_D2,Region 23,https://njcaastats.prestosports.com/sports/bsb/2024-25/div2/teams/copiahlincolncommunitycollege,0
WEBSITE_HOSTNAME,njcaastats.prestosports.com,404,cmox2o15r001fqtbkhc2n30hc,Corning Community College,corning-community-college,,NY,,cmox2o16h001hqtbk2mwsp8p1,NJCAA_D3,Region 3,https://njcaastats.prestosports.com/sports/bsb/2024-25/div3/teams/corningcommunitycollege,0
WEBSITE_HOSTNAME,njcaastats.prestosports.com,404,cmox235w7002rqtfkd8q4an8m,County College of Morris,county-college-of-morris,,NJ,,cmox235wx002tqtfkj9vj38xo,NJCAA_D2,Region 19,https://njcaastats.prestosports.com/sports/bsb/2024-25/div2/teams/countycollegeofmorris,0
WEBSITE_HOSTNAME,njcaastats.prestosports.com,404,cmox1gg5y002oqtsgw42c54te,Cowley County Community College,cowley-county-community-college,,KS,,cmox1gg6o002qqtsgktc9tq1x,NJCAA_D1,Region 6,https://njcaastats.prestosports.com/sports/bsb/2024-25/div1/teams/cowleycountycommunitycollege,0
WEBSITE_HOSTNAME,njcaastats.prestosports.com,404,cmox235xm002uqtfk3u1hzfav,Cuyahoga Community College,cuyahoga-community-college,,OH,,cmox235yb002wqtfkpkzz6575,NJCAA_D2,Region 12,https://njcaastats.prestosports.com/sports/bsb/2024-25/div2/teams/cuyahogacommunitycollege,0
WEBSITE_HOSTNAME,njcaastats.prestosports.com,404,cmox235z0002xqtfki3pn4ocq,Dakota College at Bottineau,dakota-college-at-bottineau,,ND,,cmox235zq002zqtfkdydp04ic,NJCAA_D2,Region 13,https://njcaastats.prestosports.com/sports/bsb/2024-25/div2/teams/dakotacollegeatbottineau,0
WEBSITE_HOSTNAME,njcaastats.prestosports.com,404,cmox2360h0030qtfkmgkq6t1s,Dakota County Technical College,dakota-county-technical-college,,MN,,cmox2361c0032qtfkjbij6z4y,NJCAA_D2,Region 13,https://njcaastats.prestosports.com/sports/bsb/2024-25/div2/teams/dakotacountytechnicalcollege,0
WEBSITE_HOSTNAME,njcaastats.prestosports.com,404,cmox2o178001iqtbkmn51skku,Dallas College Brookhaven,dallas-college-brookhaven,,TX,,cmox2o17x001kqtbku8ojodfb,NJCAA_D3,Region 5,https://njcaastats.prestosports.com/sports/bsb/2024-25/div3/teams/dallascollegebrookhaven,0
WEBSITE_HOSTNAME,njcaastats.prestosports.com,404,cmox2o18n001lqtbkdqz5y4sf,Dallas College Cedar Valley,dallas-college-cedar-valley,,TX,,cmox2o19e001nqtbk5mrquac3,NJCAA_D3,Region 5,https://njcaastats.prestosports.com/sports/bsb/2024-25/div3/teams/dallascollegecedarvalley,0
WEBSITE_HOSTNAME,njcaastats.prestosports.com,404,cmox2o1a4001oqtbkboswlf6h,Dallas College Eastfield,dallas-college-eastfield,,TX,,cmox2o1at001qqtbk4lpr8yh9,NJCAA_D3,Region 5,https://njcaastats.prestosports.com/sports/bsb/2024-25/div3/teams/dallascollegeeastfield,0
WEBSITE_HOSTNAME,njcaastats.prestosports.com,404,cmox2o1bi001rqtbkyxbhum73,Dallas College Mountain View,dallas-college-mountain-view,,TX,,cmox2o1c7001tqtbked25ot8v,NJCAA_D3,Region 5,https://njcaastats.prestosports.com/sports/bsb/2024-25/div3/teams/dallascollegemountainview,0
WEBSITE_HOSTNAME,njcaastats.prestosports.com,404,cmox2o1cx001uqtbkqil4dnpw,Dallas College North Lake,dallas-college-north-lake,,TX,,cmox2o1dm001wqtbk5a8ra4je,NJCAA_D3,Region 5,https://njcaastats.prestosports.com/sports/bsb/2024-25/div3/teams/dallascollegenorthlake,0
WEBSITE_HOSTNAME,njcaastats.prestosports.com,404,cmox2o1ec001xqtbkg5cf6frm,Dallas College Richland,dallas-college-richland,,ND,,cmox2o1f2001zqtbk4w2wvbhe,NJCAA_D3,Region 5,https://njcaastats.prestosports.com/sports/bsb/2024-25/div3/teams/dallascollegerichland,0
WEBSITE_HOSTNAME,njcaastats.prestosports.com,404,cmox2362f0033qtfkvssb61xl,Danville Area Community College,danville-area-community-college,,IL,,cmox236330035qtfkkh134v9o,NJCAA_D2,Region 24,https://njcaastats.prestosports.com/sports/bsb/2024-25/div2/teams/danvilleareacommunitycollege,0
WEBSITE_HOSTNAME,njcaastats.prestosports.com,404,cmox2363r0036qtfkaf6r4wsy,Dawson Community College,dawson-community-college,,MT,,cmox2364h0038qtfkylntqb5m,NJCAA_D2,Region 13,https://njcaastats.prestosports.com/sports/bsb/2024-25/div2/teams/dawsoncommunitycollege,0
WEBSITE_HOSTNAME,njcaastats.prestosports.com,404,cmox1gg8t002uqtsgyoabv9e7,Daytona State College,daytona-state-college,,FL,,cmox1gg9g002wqtsglfii21mc,NJCAA_D1,Region 8,https://njcaastats.prestosports.com/sports/bsb/2024-25/div1/teams/daytonastatecollege,0
WEBSITE_HOSTNAME,njcaastats.prestosports.com,404,cmox2o1ft0020qtbkwgvp79gu,Delaware County Community College,delaware-county-community-college,,PA,,cmox2o1gj0022qtbkwnqe4ub7,NJCAA_D3,Region 19,https://njcaastats.prestosports.com/sports/bsb/2024-25/div3/teams/delawarecountycommunitycollege,0
WEBSITE_HOSTNAME,njcaastats.prestosports.com,404,cmox236580039qtfk79pauoa6,Delaware Technical Community College,delaware-technical-community-college,,DE,,cmox2365x003bqtfkhtvcsi4d,NJCAA_D2,Region 19,https://njcaastats.prestosports.com/sports/bsb/2024-25/div2/teams/delawaretechnicalcommunitycollege,0
WEBSITE_HOSTNAME,njcaastats.prestosports.com,404,cmox1gga3002xqtsgnsdkdx19,Delgado Community College,delgado-community-college,,LA,,cmox1ggaq002zqtsg4cqvagia,NJCAA_D1,Region 23,https://njcaastats.prestosports.com/sports/bsb/2024-25/div1/teams/delgadocommunitycollege,0
WEBSITE_HOSTNAME,njcaastats.prestosports.com,404,cmox2o1h80023qtbkgkrhwidh,Delta College,delta-college,,MI,,cmox2o1i00025qtbk5xn14rvn,NJCAA_D3,Region 12,https://njcaastats.prestosports.com/sports/bsb/2024-25/div3/teams/deltacollege,0
WEBSITE_HOSTNAME,njcaastats.prestosports.com,404,cmox2366l003cqtfklwsmq2cv,Des Moines Area Community College,des-moines-area-community-college,,IA,,cmox2367b003eqtfkl6uw39d2,NJCAA_D2,Region 11,https://njcaastats.prestosports.com/sports/bsb/2024-25/div2/teams/desmoinesareacommunitycollege,0
WEBSITE_HOSTNAME,njcaastats.prestosports.com,404,cmox1ggbg0030qtsgkd44qs0p,Dodge City Community College,dodge-city-community-college,,KS,,cmox1ggc70032qtsggu2l5hgu,NJCAA_D1,Region 6,https://njcaastats.prestosports.com/sports/bsb/2024-25/div1/teams/dodgecitycommunitycollege,0
WEBSITE_HOSTNAME,njcaastats.prestosports.com,404,cmox2o1iv0026qtbk20oox5ke,Dutchess Community College,dutchess-community-college,,NY,,cmox2o1jn0028qtbkk2x2tlt2,NJCAA_D3,Region 15,https://njcaastats.prestosports.com/sports/bsb/2024-25/div3/teams/dutchesscommunitycollege,0
WEBSITE_HOSTNAME,njcaastats.prestosports.com,404,cmox1ggcw0033qtsgry6iilxh,Dyersburg State Community College,dyersburg-state-community-college,,TN,,cmox1ggdo0035qtsgm3qx9pi0,NJCAA_D1,Region 7,https://njcaastats.prestosports.com/sports/bsb/2024-25/div1/teams/dyersburgstatecommunitycollege,0
WEBSITE_HOSTNAME,njcaastats.prestosports.com,404,cmox23683003fqtfkyhppeagg,East Central College,east-central-college,,MO,,cmox2368t003hqtfk7fi22h6j,NJCAA_D2,Region 16,https://njcaastats.prestosports.com/sports/bsb/2024-25/div2/teams/eastcentralcollege,0
WEBSITE_HOSTNAME,njcaastats.prestosports.com,404,cmox2369i003iqtfki4kmid3s,East Central Community College,east-central-community-college,,MS,,cmox236ak003kqtfk3j2ad41i,NJCAA_D2,Region 23,https://njcaastats.prestosports.com/sports/bsb/2024-25/div2/teams/eastcentralcommunitycollege,0
WEBSITE_HOSTNAME,njcaastats.prestosports.com,404,cmox1ggec0036qtsgc1zh6eat,East Georgia College,east-georgia-college,,GA,,cmox1ggf20038qtsgueznsf5i,NJCAA_D1,Region 17,https://njcaastats.prestosports.com/sports/bsb/2024-25/div1/teams/eastgeorgiacollege,0
WEBSITE_HOSTNAME,njcaastats.prestosports.com,404,cmox236bb003lqtfk4mbc0epk,East Mississippi Community College,east-mississippi-community-college,,MS,,cmox236c0003nqtfksbudbrq5,NJCAA_D2,Region 23,https://njcaastats.prestosports.com/sports/bsb/2024-25/div2/teams/eastmississippicommunitycollege,0
WEBSITE_HOSTNAME,njcaastats.prestosports.com,404,cmox1ggfq0039qtsg3gztbswe,Eastern Arizona College,eastern-arizona-college,,AZ,,cmox1gggf003bqtsg5ozowzdn,NJCAA_D1,Region 1,https://njcaastats.prestosports.com/sports/bsb/2024-25/div1/teams/easternarizonacollege,0
WEBSITE_HOSTNAME,njcaastats.prestosports.com,404,cmox1ggh4003cqtsg8arxhmsm,Eastern Florida State College,eastern-florida-state-college,,FL,,cmox1gght003eqtsgfm063z6o,NJCAA_D1,Region 8,https://njcaastats.prestosports.com/sports/bsb/2024-25/div1/teams/easternfloridastatecollege,0
WEBSITE_HOSTNAME,njcaastats.prestosports.com,404,cmox1ggii003fqtsgde85zy4y,Eastern Oklahoma State College,eastern-oklahoma-state-college,,OK,,cmox1ggj7003hqtsghqgfoki0,NJCAA_D1,Region 2,https://njcaastats.prestosports.com/sports/bsb/2024-25/div1/teams/easternoklahomastatecollege,0
WEBSITE_HOSTNAME,njcaastats.prestosports.com,404,cmox236cq003oqtfk1m5g3msi,Edison State,edison-state,,OH,,cmox236de003qqtfk65agkxok,NJCAA_D2,Region 12,https://njcaastats.prestosports.com/sports/bsb/2024-25/div2/teams/edisonstate,0
WEBSITE_HOSTNAME,njcaastats.prestosports.com,404,cmox1ggjv003iqtsgin1vp932,El Paso Community College,el-paso-community-college,,TX,,cmox1ggki003kqtsgdpo1hpm6,NJCAA_D1,Region 5,https://njcaastats.prestosports.com/sports/bsb/2024-25/div1/teams/elpasocommunitycollege,0
WEBSITE_HOSTNAME,njcaastats.prestosports.com,404,cmox236e6003rqtfkqnofz1qu,Elgin Community College,elgin-community-college,,IL,,cmox236eu003tqtfkslmtewem,NJCAA_D2,Region 4,https://njcaastats.prestosports.com/sports/bsb/2024-25/div2/teams/elgincommunitycollege,0
WEBSITE_HOSTNAME,njcaastats.prestosports.com,404,cmox236fj003uqtfkrdfeu43v,Ellsworth Community College,ellsworth-community-college,,IA,,cmox236g7003wqtfkgihg8bff,NJCAA_D2,Region 11,https://njcaastats.prestosports.com/sports/bsb/2024-25/div2/teams/ellsworthcommunitycollege,0
WEBSITE_HOSTNAME,njcaastats.prestosports.com,404,cmox236gw003xqtfk0srlmsdg,Enterprise State Community College,enterprise-state-community-college,,AL,,cmox236hm003zqtfkhkdybhvh,NJCAA_D2,Region 22,https://njcaastats.prestosports.com/sports/bsb/2024-25/div2/teams/enterprisestatecommunitycollege,0
WEBSITE_HOSTNAME,njcaastats.prestosports.com,404,cmox2o1ki0029qtbkqo99ycm8,Erie Community College,erie-community-college,,NY,,cmox2o1l9002bqtbkvtb6d1j9,NJCAA_D3,Region 3,https://njcaastats.prestosports.com/sports/bsb/2024-25/div3/teams/eriecommunitycollege,0
WEBSITE_HOSTNAME,njcaastats.prestosports.com,404,cmox236id0040qtfktpk0ftv4,Fayetteville Technical Community College,fayetteville-technical-community-college,,NC,,cmox236j10042qtfkiys6wkxo,NJCAA_D2,Region 10,https://njcaastats.prestosports.com/sports/bsb/2024-25/div2/teams/fayettevilletechnicalcommunitycollege,0
WEBSITE_HOSTNAME,njcaastats.prestosports.com,404,cmox2o1ly002cqtbko7xbptx3,Finger Lakes Community College,finger-lakes-community-college,,NY,,cmox2o1mn002eqtbk2lc5lxo9,NJCAA_D3,Region 3,https://njcaastats.prestosports.com/sports/bsb/2024-25/div3/teams/fingerlakescommunitycollege,0
WEBSITE_HOSTNAME,njcaastats.prestosports.com,404,cmorj0hif0040qtio7bope0o8,Florence-Darlington Technical College,florence-darlington-technical-college,Florence,SC,,cmorj0hj40042qtioir1tuuc6,NJCAA_D1,Region 10,https://njcaastats.prestosports.com/sports/bsb/2024-25/div1/teams/florencedarlingtontechnicalcollege,0
WEBSITE_HOSTNAME,njcaastats.prestosports.com,404,cmox1ggmr003oqtsg3cn8o7i8,Florida Southwestern State College,florida-southwestern-state-college,,FL,,cmox1ggnh003qqtsgv219scds,NJCAA_D1,Region 8,https://njcaastats.prestosports.com/sports/bsb/2024-25/div1/teams/floridasouthwesternstatecollege,0
WEBSITE_HOSTNAME,njcaastats.prestosports.com,404,cmox236jq0043qtfko5qccn8c,Florida State College at Jacksonville,florida-state-college-at-jacksonville,,FL,,cmox236kf0045qtfkuu5f4br1,NJCAA_D2,Region 8,https://njcaastats.prestosports.com/sports/bsb/2024-25/div2/teams/floridastatecollegeatjacksonville,0
WEBSITE_HOSTNAME,njcaastats.prestosports.com,404,cmox1ggo4003rqtsg418l5apx,Fort Scott Community College,fort-scott-community-college,,KS,,cmox1ggot003tqtsg1nm0gi1v,NJCAA_D1,Region 6,https://njcaastats.prestosports.com/sports/bsb/2024-25/div1/teams/fortscottcommunitycollege,0
WEBSITE_HOSTNAME,njcaastats.prestosports.com,404,cmox1ggpi003uqtsgy8kfqmqq,Frank Phillips College,frank-phillips-college,,TX,,cmox1ggq6003wqtsg7cg2paa3,NJCAA_D1,Region 5,https://njcaastats.prestosports.com/sports/bsb/2024-25/div1/teams/frankphillipscollege,0
WEBSITE_HOSTNAME,njcaastats.prestosports.com,404,cmox236l30046qtfk8xqh107a,Frederick Community College,frederick-community-college,,MD,,cmox236ls0048qtfk2iho33an,NJCAA_D2,Region 20,https://njcaastats.prestosports.com/sports/bsb/2024-25/div2/teams/frederickcommunitycollege,0
WEBSITE_HOSTNAME,njcaastats.prestosports.com,404,cmox1ggqw003xqtsgkvi3h0qp,Frontier Community College,frontier-community-college,,IL,,cmox1ggrj003zqtsgrdtz50e4,NJCAA_D1,Region 24,https://njcaastats.prestosports.com/sports/bsb/2024-25/div1/teams/frontiercommunitycollege,0
WEBSITE_HOSTNAME,njcaastats.prestosports.com,404,cmox2o1ne002fqtbkjdq0ry1a,Fulton-Montgomery Community College,fulton-montgomery-community-college,,NY,,cmox2o1o4002hqtbk6wh3jd2r,NJCAA_D3,Region 3,https://njcaastats.prestosports.com/sports/bsb/2024-25/div3/teams/fultonmontgomerycommunitycollege,0
WEBSITE_HOSTNAME,njcaastats.prestosports.com,404,cmox1ggs80040qtsgq3b315gk,Gadsden State Community College,gadsden-state-community-college,,AL,,cmox1ggsu0042qtsgfs6sl44o,NJCAA_D1,,https://njcaastats.prestosports.com/sports/bsb/2024-25/div1/teams/gadsdenstatecommunitycollege,0
WEBSITE_HOSTNAME,njcaastats.prestosports.com,404,cmox1ggu50043qtsgg2ijv30h,Galveston College,galveston-college,,TX,,cmox1ggut0045qtsgothuzqft,NJCAA_D1,Region 14,https://njcaastats.prestosports.com/sports/bsb/2024-25/div1/teams/galvestoncollege,0
WEBSITE_HOSTNAME,njcaastats.prestosports.com,404,cmox1ggvg0046qtsgg6sclzdp,Garden City Community College,garden-city-community-college,,KS,,cmox1ggw20048qtsguyxv9hhv,NJCAA_D1,Region 6,https://njcaastats.prestosports.com/sports/bsb/2024-25/div1/teams/gardencitycommunitycollege,0
WEBSITE_HOSTNAME,njcaastats.prestosports.com,404,cmox236mg0049qtfkd4dhqzk6,Garrett College,garrett-college,,MD,,cmox236n4004bqtfkchd51nh6,NJCAA_D2,Region 20,https://njcaastats.prestosports.com/sports/bsb/2024-25/div2/teams/garrettcollege,0
WEBSITE_HOSTNAME,njcaastats.prestosports.com,404,cmox236nw004cqtfkxex1lctm,GateWay Community College - AZ,gateway-community-college-az,,AZ,,cmox236oj004eqtfkgok70ut2,NJCAA_D2,Region 1,https://njcaastats.prestosports.com/sports/bsb/2024-25/div2/teams/gatewaycommunitycollegeaz,0
WEBSITE_HOSTNAME,njcaastats.prestosports.com,404,cmox2o1ou002iqtbkuljo3neq,Genesee Community College,genesee-community-college,,NY,,cmox2o1pl002kqtbk7g752j4s,NJCAA_D3,Region 3,https://njcaastats.prestosports.com/sports/bsb/2024-25/div3/teams/geneseecommunitycollege,0
WEBSITE_HOSTNAME,njcaastats.prestosports.com,404,cmox1ggy2004cqtsgm31b5u32,Georgia Highlands College,georgia-highlands-college,,GA,,cmox1ggyr004eqtsgp4a84u0g,NJCAA_D1,Region 17,https://njcaastats.prestosports.com/sports/bsb/2024-25/div1/teams/georgiahighlandscollege,0
WEBSITE_HOSTNAME,njcaastats.prestosports.com,404,cmox236p8004fqtfkadp9pq5g,Glen Oaks Community College,glen-oaks-community-college,,MI,,cmox236pz004hqtfk5ufa7cea,NJCAA_D2,Region 12,https://njcaastats.prestosports.com/sports/bsb/2024-25/div2/teams/glenoakscommunitycollege,0
WEBSITE_HOSTNAME,njcaastats.prestosports.com,404,cmox236qo004iqtfkel4gr7m2,Glendale Community College,glendale-community-college,,AZ,,cmox236rd004kqtfkewciojdy,NJCAA_D2,Region 1,https://njcaastats.prestosports.com/sports/bsb/2024-25/div2/teams/glendalecommunitycollege,0
WEBSITE_HOSTNAME,njcaastats.prestosports.com,404,cmox1ggzh004fqtsg10bvwc95,Gordon State College,gordon-state-college,,GA,,cmox1gh06004hqtsg4pvztm0m,NJCAA_D1,Region 17,https://njcaastats.prestosports.com/sports/bsb/2024-25/div1/teams/gordonstatecollege,0
WEBSITE_HOSTNAME,njcaastats.prestosports.com,404,cmox236s9004lqtfkn6j77qyp,Grand Rapids Community College,grand-rapids-community-college,,MI,,cmox236sx004nqtfk5n3hzm66,NJCAA_D2,Region 12,https://njcaastats.prestosports.com/sports/bsb/2024-25/div2/teams/grandrapidscommunitycollege,0
WEBSITE_HOSTNAME,njcaastats.prestosports.com,404,cmox1gh15004iqtsg9a2lit5i,Grayson College,grayson-college,,TX,,cmox1gh1u004kqtsg69i9bj1y,NJCAA_D1,Region 5,https://njcaastats.prestosports.com/sports/bsb/2024-25/div1/teams/graysoncollege,0
WEBSITE_HOSTNAME,njcaastats.prestosports.com,404,cmox236tl004oqtfky6972w7q,Guilford Technical Community College,guilford-technical-community-college,,NC,,cmox236ub004qqtfkbyukf3lr,NJCAA_D2,Region 10,https://njcaastats.prestosports.com/sports/bsb/2024-25/div2/teams/guilfordtechnicalcommunitycollege,0
WEBSITE_HOSTNAME,njcaastats.prestosports.com,404,cmox1gh2k004lqtsgkrig1zq0,Gulf Coast State College,gulf-coast-state-college,,FL,,cmox1gh3a004nqtsgkngbctdk,NJCAA_D1,Region 8,https://njcaastats.prestosports.com/sports/bsb/2024-25/div1/teams/gulfcoaststatecollege,0
WEBSITE_HOSTNAME,njcaastats.prestosports.com,404,cmox236v0004rqtfko4nnuwkc,Hagerstown Community College,hagerstown-community-college,,MD,,cmox236vp004tqtfkx1b6f9ay,NJCAA_D2,Region 20,https://njcaastats.prestosports.com/sports/bsb/2024-25/div2/teams/hagerstowncommunitycollege,0
WEBSITE_HOSTNAME,njcaastats.prestosports.com,404,cmox1gh3z004oqtsgej58d6pv,Harford Community College,harford-community-college,,MD,,cmox1gh4p004qqtsg05wnt5w1,NJCAA_D1,Region 20,https://njcaastats.prestosports.com/sports/bsb/2024-25/div1/teams/harfordcommunitycollege,0
WEBSITE_HOSTNAME,njcaastats.prestosports.com,404,cmox236wf004uqtfkq9k0imgp,Harper College,harper-college,,IL,,cmox236x4004wqtfk3ewlpqm1,NJCAA_D3,Region 4,https://njcaastats.prestosports.com/sports/bsb/2024-25/div3/teams/harpercollege,0
WEBSITE_HOSTNAME,njcaastats.prestosports.com,404,cmox236xw004xqtfku67i1gyl,Heartland Community College,heartland-community-college,,IL,,cmox236ym004zqtfkvhpmfjkq,NJCAA_D2,Region 24,https://njcaastats.prestosports.com/sports/bsb/2024-25/div2/teams/heartlandcommunitycollege,0
WEBSITE_HOSTNAME,njcaastats.prestosports.com,404,cmox236za0050qtfkjjvoiyms,Henry Ford College,henry-ford-college,,MI,,cmox237000052qtfk1pbaeiji,NJCAA_D2,Region 12,https://njcaastats.prestosports.com/sports/bsb/2024-25/div2/teams/henryfordcollege,0
WEBSITE_HOSTNAME,njcaastats.prestosports.com,404,cmox2o1rv002oqtbk1wv23lsb,Herkimer College,herkimer-college,,NY,,cmox2o1sk002qqtbk4xl49gur,NJCAA_D3,Region 3,https://njcaastats.prestosports.com/sports/bsb/2024-25/div3/teams/herkimercollege,0
WEBSITE_HOSTNAME,njcaastats.prestosports.com,404,cmox2370n0053qtfkut9hq09h,Hesston College,hesston-college,,KS,,cmox2371e0055qtfkvkx90l9g,NJCAA_D2,Region 6,https://njcaastats.prestosports.com/sports/bsb/2024-25/div2/teams/hesstoncollege,0
WEBSITE_HOSTNAME,njcaastats.prestosports.com,404,cmox237220056qtfk1l2bot9e,Highland Community College - Illinois,highland-community-college-illinois,,IL,,cmox2372r0058qtfkn5e0fjpv,NJCAA_D2,Region 4,https://njcaastats.prestosports.com/sports/bsb/2024-25/div2/teams/highlandcommunitycollegeillinois,0
WEBSITE_HOSTNAME,njcaastats.prestosports.com,404,cmox1gh5c004rqtsg3jrv94hg,Highland Community College - Kansas,highland-community-college-kansas,,KS,,cmox1gh61004tqtsg18kwk4fa,NJCAA_D1,Region 6,https://njcaastats.prestosports.com/sports/bsb/2024-25/div1/teams/highlandcommunitycollegekansas,0
WEBSITE_HOSTNAME,njcaastats.prestosports.com,404,cmox1gh6p004uqtsgbv70qatf,Hill College,hill-college,,TX,,cmox1gh7e004wqtsg1vvxod0u,NJCAA_D1,Region 5,https://njcaastats.prestosports.com/sports/bsb/2024-25/div1/teams/hillcollege,0
WEBSITE_HOSTNAME,njcaastats.prestosports.com,404,cmox1gh83004xqtsg5nnzsgrv,Hillsborough Community College,hillsborough-community-college,,FL,,cmox1gh8s004zqtsg6w5c70re,NJCAA_D1,Region 8,https://njcaastats.prestosports.com/sports/bsb/2024-25/div1/teams/hillsboroughcommunitycollege,0
WEBSITE_HOSTNAME,njcaastats.prestosports.com,404,cmox2373g0059qtfkvko4dcah,Hinds Community College,hinds-community-college,,MS,,cmox23746005bqtfkz1xt9hzu,NJCAA_D2,Region 23,https://njcaastats.prestosports.com/sports/bsb/2024-25/div2/teams/hindscommunitycollege,0
WEBSITE_HOSTNAME,njcaastats.prestosports.com,404,cmox2374u005cqtfk4dijqisw,Hocking,hocking,,OH,,cmox2375h005eqtfk7891fcuj,NJCAA_D2,Region 12,https://njcaastats.prestosports.com/sports/bsb/2024-25/div2/teams/hocking,0
WEBSITE_HOSTNAME,njcaastats.prestosports.com,404,cmox23764005fqtfky74wzucz,Holmes Community College,holmes-community-college,,MS,,cmox2376t005hqtfkpf5g56is,NJCAA_D2,Region 23,https://njcaastats.prestosports.com/sports/bsb/2024-25/div2/teams/holmescommunitycollege,0
WEBSITE_HOSTNAME,njcaastats.prestosports.com,404,cmox2o1t9002rqtbkfpw7ptr0,Holyoke Community College,holyoke-community-college,,MA,,cmox2o1u1002tqtbk2773zzyf,NJCAA_D3,Region 21,https://njcaastats.prestosports.com/sports/bsb/2024-25/div3/teams/holyokecommunitycollege,0
WEBSITE_HOSTNAME,njcaastats.prestosports.com,404,cmox1gh9i0050qtsgegkjp2od,Howard College,howard-college,,TX,,cmox1ghaa0052qtsgr4urk12f,NJCAA_D1,Region 5,https://njcaastats.prestosports.com/sports/bsb/2024-25/div1/teams/howardcollege,0
WEBSITE_HOSTNAME,njcaastats.prestosports.com,404,cmox2o1ur002uqtbk6f6pwr6h,Hudson Valley Community College,hudson-valley-community-college,,NY,,cmox2o1vh002wqtbknt8slkkj,NJCAA_D3,Region 3,https://njcaastats.prestosports.com/sports/bsb/2024-25/div3/teams/hudsonvalleycommunitycollege,0
WEBSITE_HOSTNAME,njcaastats.prestosports.com,404,cmox1ghax0053qtsgc3bt8rz4,Hutchinson Community College,hutchinson-community-college,,KS,,cmox1ghbn0055qtsgtm6wrvh6,NJCAA_D1,Region 6,https://njcaastats.prestosports.com/sports/bsb/2024-25/div1/teams/hutchinsoncommunitycollege,0
WEBSITE_HOSTNAME,njcaastats.prestosports.com,404,cmox2377j005iqtfklxcbxnrb,Illinois Central College,illinois-central-college,,IL,,cmox23788005kqtfkjxoc69xz,NJCAA_D2,Region 24,https://njcaastats.prestosports.com/sports/bsb/2024-25/div2/teams/illinoiscentralcollege,0
WEBSITE_HOSTNAME,njcaastats.prestosports.com,404,cmox2378w005lqtfkywoaesrx,Illinois Valley Community College,illinois-valley-community-college,,IL,,cmox2379m005nqtfkzd1qmx7q,NJCAA_D2,Region 4,https://njcaastats.prestosports.com/sports/bsb/2024-25/div2/teams/illinoisvalleycommunitycollege,0
WEBSITE_HOSTNAME,njcaastats.prestosports.com,404,cmox1ghcd0056qtsgvfgyb4k7,Indian Hills Community College,indian-hills-community-college,,IA,,cmox1ghd10058qtsg4849kxz9,NJCAA_D1,Region 11,https://njcaastats.prestosports.com/sports/bsb/2024-25/div1/teams/indianhillscommunitycollege,0
WEBSITE_HOSTNAME,njcaastats.prestosports.com,404,cmox1ghdt0059qtsg1nv7poph,Indian River State College,indian-river-state-college,,FL,,cmox1ghej005bqtsg5a61nzcp,NJCAA_D1,Region 8,https://njcaastats.prestosports.com/sports/bsb/2024-25/div1/teams/indianriverstatecollege,0
WEBSITE_HOSTNAME,njcaastats.prestosports.com,404,cmox237ad005oqtfkd0s85n5f,Iowa Central Community College,iowa-central-community-college,,IA,,cmox237b3005qqtfk1jeua2pa,NJCAA_D2,Region 11,https://njcaastats.prestosports.com/sports/bsb/2024-25/div2/teams/iowacentralcommunitycollege,0
WEBSITE_HOSTNAME,njcaastats.prestosports.com,404,cmox237bs005rqtfkm2tjatrt,Iowa Lakes Community College,iowa-lakes-community-college,,IA,,cmox237ci005tqtfkejyumygk,NJCAA_D2,Region 11,https://njcaastats.prestosports.com/sports/bsb/2024-25/div2/teams/iowalakescommunitycollege,0
WEBSITE_HOSTNAME,njcaastats.prestosports.com,404,cmox1ghf7005cqtsgi7e8tk0s,Iowa Western Community College,iowa-western-community-college,,IA,,cmox1ghfx005eqtsge94u5si4,NJCAA_D1,Region 11,https://njcaastats.prestosports.com/sports/bsb/2024-25/div1/teams/iowawesterncommunitycollege,0
WEBSITE_HOSTNAME,njcaastats.prestosports.com,404,cmox237d8005uqtfkbxa00o4x,Itawamba Community College,itawamba-community-college,,MS,,cmox237dx005wqtfklwa53dh3,NJCAA_D2,Region 23,https://njcaastats.prestosports.com/sports/bsb/2024-25/div2/teams/itawambacommunitycollege,0
WEBSITE_HOSTNAME,njcaastats.prestosports.com,404,cmox237em005xqtfkv4mpr20b,Jackson College,jackson-college,,MI,,cmox237fb005zqtfkqd6vucnq,NJCAA_D2,Region 12,https://njcaastats.prestosports.com/sports/bsb/2024-25/div2/teams/jacksoncollege,0
WEBSITE_HOSTNAME,njcaastats.prestosports.com,404,cmox1ghgl005fqtsgtp091ny4,Jackson State Community College,jackson-state-community-college,,TN,,cmox1ghh9005hqtsgem7acyvl,NJCAA_D1,Region 7,https://njcaastats.prestosports.com/sports/bsb/2024-25/div1/teams/jacksonstatecommunitycollege,0
WEBSITE_HOSTNAME,njcaastats.prestosports.com,404,cmox2o1w7002xqtbk8uk911g1,Jamestown Community College,jamestown-community-college,,NY,,cmox2o1wy002zqtbki0n6h317,NJCAA_D3,Region 3,https://njcaastats.prestosports.com/sports/bsb/2024-25/div3/teams/jamestowncommunitycollege,0
WEBSITE_HOSTNAME,njcaastats.prestosports.com,404,cmox1ghhz005iqtsg6n46ykur,Jefferson College,jefferson-college,,MO,,cmox1ghip005kqtsg1sl9mha2,NJCAA_D1,Region 16,https://njcaastats.prestosports.com/sports/bsb/2024-25/div1/teams/jeffersoncollege,0
WEBSITE_HOSTNAME,njcaastats.prestosports.com,404,cmox2o1xq0030qtbk6hyoayko,Jefferson Community College,jefferson-community-college,,NY,,cmox2o1yh0032qtbkmnxri72u,NJCAA_D3,Region 3,https://njcaastats.prestosports.com/sports/bsb/2024-25/div3/teams/jeffersoncommunitycollege,0
WEBSITE_HOSTNAME,njcaastats.prestosports.com,404,cmox1ghje005lqtsg4nodsmwp,John A. Logan College,john-a-logan-college,,IL,,cmox1ghk2005nqtsggbp6p1gl,NJCAA_D1,Region 24,https://njcaastats.prestosports.com/sports/bsb/2024-25/div1/teams/johnalogancollege,0
WEBSITE_HOSTNAME,njcaastats.prestosports.com,404,cmox237g00060qtfk2jqa1z49,John Wood Community College,john-wood-community-college,,IL,,cmox237gp0062qtfktrva6ycl,NJCAA_D2,Region 24,https://njcaastats.prestosports.com/sports/bsb/2024-25/div2/teams/johnwoodcommunitycollege,0
WEBSITE_HOSTNAME,njcaastats.prestosports.com,404,cmox1ghkq005oqtsgk5vbmhcv,Johnson County Community College,johnson-county-community-college,,KS,,cmox1ghlk005qqtsgeovgi8gx,NJCAA_D1,Region 6,https://njcaastats.prestosports.com/sports/bsb/2024-25/div1/teams/johnsoncountycommunitycollege,0
WEBSITE_HOSTNAME,njcaastats.prestosports.com,404,cmox2o1z70033qtbkgqy78515,Joliet Junior College,joliet-junior-college,,IL,,cmox2o1zw0035qtbkabq5foda,NJCAA_D3,Region 4,https://njcaastats.prestosports.com/sports/bsb/2024-25/div3/teams/jolietjuniorcollege,0
WEBSITE_HOSTNAME,njcaastats.prestosports.com,404,cmox237hc0063qtfk9scdv1l9,Jones College,jones-college,,MS,,cmox237i10065qtfkal7pzywa,NJCAA_D2,Region 23,https://njcaastats.prestosports.com/sports/bsb/2024-25/div2/teams/jonescollege,0
WEBSITE_HOSTNAME,njcaastats.prestosports.com,404,cmox237it0066qtfk4cdsi2u8,Kalamazoo Valley Community College,kalamazoo-valley-community-college,,MI,,cmox237jj0068qtfk9swdkguw,NJCAA_D2,Region 12,https://njcaastats.prestosports.com/sports/bsb/2024-25/div2/teams/kalamazoovalleycommunitycollege,0
WEBSITE_HOSTNAME,njcaastats.prestosports.com,404,cmox237k80069qtfkne4wbkhy,Kankakee Community College,kankakee-community-college,,IL,,cmox237kx006bqtfk2abho3qu,NJCAA_D2,Region 4,https://njcaastats.prestosports.com/sports/bsb/2024-25/div2/teams/kankakeecommunitycollege,0
WEBSITE_HOSTNAME,njcaastats.prestosports.com,404,cmox1ghma005rqtsgx03ukllp,Kansas City Kansas Community College,kansas-city-kansas-community-college,,KS,,cmox1ghmx005tqtsggwqy0zvg,NJCAA_D1,Region 6,https://njcaastats.prestosports.com/sports/bsb/2024-25/div1/teams/kansascitykansascommunitycollege,0
WEBSITE_HOSTNAME,njcaastats.prestosports.com,404,cmox1ghnl005uqtsgfdpl5rhv,Kaskaskia College,kaskaskia-college,,IL,,cmox1gho8005wqtsggor8929n,NJCAA_D1,Region 24,https://njcaastats.prestosports.com/sports/bsb/2024-25/div1/teams/kaskaskiacollege,0
WEBSITE_HOSTNAME,njcaastats.prestosports.com,404,cmox237ln006cqtfk96h84b7x,Kellogg Community College,kellogg-community-college,,MI,,cmox237mc006eqtfk5fy685jx,NJCAA_D2,Region 12,https://njcaastats.prestosports.com/sports/bsb/2024-25/div2/teams/kelloggcommunitycollege,0
WEBSITE_HOSTNAME,njcaastats.prestosports.com,404,cmox1ghox005xqtsgv7iad95e,Kennedy-King College,kennedy-king-college,,IL,,cmox1ghpn005zqtsg60uukbcc,NJCAA_D1,Region 4,https://njcaastats.prestosports.com/sports/bsb/2024-25/div1/teams/kennedykingcollege,0
WEBSITE_HOSTNAME,njcaastats.prestosports.com,404,cmox2o20l0036qtbktb8b86z7,Kingsborough Community College,kingsborough-community-college,,NY,,cmox2o21a0038qtbks2m0pz2r,NJCAA_D3,Region 15,https://njcaastats.prestosports.com/sports/bsb/2024-25/div3/teams/kingsboroughcommunitycollege,0
WEBSITE_HOSTNAME,njcaastats.prestosports.com,404,cmox237n2006fqtfkgzdykizj,Kirkwood Community College,kirkwood-community-college,,IA,,cmox237nr006hqtfkvx0gzmhh,NJCAA_D2,Region 11,https://njcaastats.prestosports.com/sports/bsb/2024-25/div2/teams/kirkwoodcommunitycollege,0
WEBSITE_HOSTNAME,njcaastats.prestosports.com,404,cmox1ghqc0060qtsggpuqzmtv,Kishwaukee College,kishwaukee-college,,IL,,cmox1ghr00062qtsgvuvf0c4l,NJCAA_D1,Region 4,https://njcaastats.prestosports.com/sports/bsb/2024-25/div1/teams/kishwaukeecollege,0
WEBSITE_HOSTNAME,njcaastats.prestosports.com,404,cmox1ghrq0063qtsgu5jtnvsk,Labette Community College,labette-community-college,,KS,,cmox1ghsd0065qtsg1b3vjnwy,NJCAA_D1,Region 6,https://njcaastats.prestosports.com/sports/bsb/2024-25/div1/teams/labettecommunitycollege,0
WEBSITE_HOSTNAME,njcaastats.prestosports.com,404,cmox237oi006iqtfkgxp6lx4g,Lackawanna College,lackawanna-college,,PA,,cmox237p6006kqtfk0slt41wk,NJCAA_D2,Region 19,https://njcaastats.prestosports.com/sports/bsb/2024-25/div2/teams/lackawannacollege,0
WEBSITE_HOSTNAME,njcaastats.prestosports.com,404,cmox1ght20066qtsgtbl23of9,Lake Land College,lake-land-college,,IL,,cmox1ghtq0068qtsgsuautm3r,NJCAA_D1,Region 24,https://njcaastats.prestosports.com/sports/bsb/2024-25/div1/teams/lakelandcollege,0
WEBSITE_HOSTNAME,njcaastats.prestosports.com,404,cmox237pv006lqtfkxsbv2dzz,Lake Michigan College,lake-michigan-college,,MI,,cmox237qk006nqtfkbnrqcwsv,NJCAA_D2,Region 12,https://njcaastats.prestosports.com/sports/bsb/2024-25/div2/teams/lakemichigancollege,0
WEBSITE_HOSTNAME,njcaastats.prestosports.com,404,cmox237rc006oqtfkpq5els60,Lake Region State College - ND,lake-region-state-college-nd,,ND,,cmox237s2006qqtfkqsofjze7,NJCAA_D2,Region 13,https://njcaastats.prestosports.com/sports/bsb/2024-25/div2/teams/lakeregionstatecollegend,0
WEBSITE_HOSTNAME,njcaastats.prestosports.com,404,cmox237st006rqtfkrsyytyif,Lake-Sumter State College,lake-sumter-state-college,,FL,,cmox237tj006tqtfkcnoeneli,NJCAA_D2,Region 8,https://njcaastats.prestosports.com/sports/bsb/2024-25/div2/teams/lakesumterstatecollege,0
WEBSITE_HOSTNAME,njcaastats.prestosports.com,404,cmox237u9006uqtfkmz4ptqzv,Lakeland Community College,lakeland-community-college,,OH,,cmox237ux006wqtfk6eobgjo3,NJCAA_D2,Region 12,https://njcaastats.prestosports.com/sports/bsb/2024-25/div2/teams/lakelandcommunitycollege,0
WEBSITE_HOSTNAME,njcaastats.prestosports.com,404,cmox1ghue0069qtsgeslr90uj,Lamar Community College,lamar-community-college,,CO,,cmox1ghv5006bqtsgapyr5mc8,NJCAA_D1,Region 9,https://njcaastats.prestosports.com/sports/bsb/2024-25/div1/teams/lamarcommunitycollege,0
WEBSITE_HOSTNAME,njcaastats.prestosports.com,404,cmox237vn006xqtfkm7btexra,Lansing Community College,lansing-community-college,,MI,,cmox237wb006zqtfkbimfofig,NJCAA_D2,Region 12,https://njcaastats.prestosports.com/sports/bsb/2024-25/div2/teams/lansingcommunitycollege,0
WEBSITE_HOSTNAME,njcaastats.prestosports.com,404,cmox1ghvv006cqtsglb9vjv65,Lawson State Community College,lawson-state-community-college,,AL,,cmox1ghwk006eqtsgn80cj86w,NJCAA_D1,Region 22,https://njcaastats.prestosports.com/sports/bsb/2024-25/div1/teams/lawsonstatecommunitycollege,0
WEBSITE_HOSTNAME,njcaastats.prestosports.com,404,cmox237x00070qtfkegjy06th,Lenoir Community College,lenoir-community-college,,NC,,cmox237xp0072qtfkyq6d1rp1,NJCAA_D2,Region 10,https://njcaastats.prestosports.com/sports/bsb/2024-25/div2/teams/lenoircommunitycollege,0
WEBSITE_HOSTNAME,njcaastats.prestosports.com,404,cmox237ye0073qtfkashksyoi,Lewis & Clark Community College,lewis-and-clark-community-college,,IL,,cmox237z30075qtfk6vdhicek,NJCAA_D2,Region 24,https://njcaastats.prestosports.com/sports/bsb/2024-25/div2/teams/lewisclarkcommunitycollege,0
WEBSITE_HOSTNAME,njcaastats.prestosports.com,404,cmox237zs0076qtfkf1v7ckpt,Lincoln Land Community College,lincoln-land-community-college,,IL,,cmox2380i0078qtfk1skng94m,NJCAA_D2,Region 24,https://njcaastats.prestosports.com/sports/bsb/2024-25/div2/teams/lincolnlandcommunitycollege,0
WEBSITE_HOSTNAME,njcaastats.prestosports.com,404,cmox1ghxb006fqtsgu5re7f4u,Lincoln Trail College,lincoln-trail-college,,IL,,cmox1ghxy006hqtsg786e8ycj,NJCAA_D1,Region 24,https://njcaastats.prestosports.com/sports/bsb/2024-25/div1/teams/lincolntrailcollege,0
WEBSITE_HOSTNAME,njcaastats.prestosports.com,404,cmox2o2210039qtbkozottt6r,Lorain County Community College,lorain-county-community-college,,OH,,cmox2o22q003bqtbk9ej8c3d5,NJCAA_D3,Region 12,https://njcaastats.prestosports.com/sports/bsb/2024-25/div3/teams/loraincountycommunitycollege,0
WEBSITE_HOSTNAME,njcaastats.prestosports.com,404,cmorjat8g0059qt4wzrxhvygw,Louisburg College,louisburg-college,Louisburg,NC,,cmorjat94005bqt4weql0gwgc,NJCAA_D2,Region 10,https://njcaastats.prestosports.com/sports/bsb/2024-25/div2/teams/louisburgcollege,0
WEBSITE_HOSTNAME,njcaastats.prestosports.com,404,cmox1ghyn006iqtsgfgt4f361,Louisiana State University Eunice,louisiana-state-university-eunice,,LA,,cmox1ghzf006kqtsgsrxzbwk2,NJCAA_D1,Region 23,https://njcaastats.prestosports.com/sports/bsb/2024-25/div1/teams/louisianastateuniversityeunice,0
WEBSITE_HOSTNAME,njcaastats.prestosports.com,404,cmox1gi05006lqtsg25vd4spg,Luna Community College,luna-community-college,,NM,,cmox1gi0t006nqtsgdydq1qgh,NJCAA_D1,Region 9,https://njcaastats.prestosports.com/sports/bsb/2024-25/div1/teams/lunacommunitycollege,0
WEBSITE_HOSTNAME,njcaastats.prestosports.com,404,cmox2382k007cqtfk7mq3prfd,Lurleen B. Wallace Community College,lurleen-b-wallace-community-college,,AL,,cmox23838007eqtfkc5zhvo7i,NJCAA_D2,Region 22,https://njcaastats.prestosports.com/sports/bsb/2024-25/div2/teams/lurleenbwallacecommunitycollege,0
WEBSITE_HOSTNAME,njcaastats.prestosports.com,404,cmox2o23h003cqtbklgs7jrdo,Luzerne County Community College,luzerne-county-community-college,,PA,,cmox2o246003eqtbkjw95srd3,NJCAA_D3,Region 19,https://njcaastats.prestosports.com/sports/bsb/2024-25/div3/teams/luzernecountycommunitycollege,0
WEBSITE_HOSTNAME,njcaastats.prestosports.com,404,cmox2383x007fqtfkyj1orrdd,Macomb Community College,macomb-community-college,,MI,,cmox2384l007hqtfkrbp1d7ci,NJCAA_D2,Region 12,https://njcaastats.prestosports.com/sports/bsb/2024-25/div2/teams/macombcommunitycollege,0
WEBSITE_HOSTNAME,njcaastats.prestosports.com,404,cmox2385c007iqtfk85vi4mbf,Madison College,madison-college,,WI,,cmox23861007kqtfkkad7otme,NJCAA_D2,Region 4,https://njcaastats.prestosports.com/sports/bsb/2024-25/div2/teams/madisoncollege,0
WEBSITE_HOSTNAME,njcaastats.prestosports.com,404,cmox2386r007lqtfk7psukvb3,Marian University Ancilla,marian-university-ancilla,,LA,,cmox2387i007nqtfk9xy5qta2,NJCAA_D2,Region 12,https://njcaastats.prestosports.com/sports/bsb/2024-25/div2/teams/marianuniversityancilla,0
WEBSITE_HOSTNAME,njcaastats.prestosports.com,404,cmox23886007oqtfkr7tnljl8,Marion Military Institute,marion-military-institute,,AL,,cmox2388y007qqtfk9cnwxq26,NJCAA_D2,Region 22,https://njcaastats.prestosports.com/sports/bsb/2024-25/div2/teams/marionmilitaryinstitute,0
WEBSITE_HOSTNAME,njcaastats.prestosports.com,404,cmox2389p007rqtfkqd5ig5iy,Marshalltown Community College,marshalltown-community-college,,IA,,cmox238ag007tqtfkr5iyskap,NJCAA_D2,Region 11,https://njcaastats.prestosports.com/sports/bsb/2024-25/div2/teams/marshalltowncc,0
WEBSITE_HOSTNAME,njcaastats.prestosports.com,404,cmox2o24w003fqtbkeclocvya,Massasoit Community College,massasoit-community-college,,MA,,cmox2o25p003hqtbkxp1iiowi,NJCAA_D3,Region 21,https://njcaastats.prestosports.com/sports/bsb/2024-25/div3/teams/massasoitcommunitycollege,0
WEBSITE_HOSTNAME,njcaastats.prestosports.com,404,cmox1gi1h006oqtsggh1qc891,McCook Community College,mccook-community-college,,NE,,cmox1gi26006qqtsgiui5uuf1,NJCAA_D1,Region 9,https://njcaastats.prestosports.com/sports/bsb/2024-25/div1/teams/mccookcommunitycollege,0
WEBSITE_HOSTNAME,njcaastats.prestosports.com,404,cmox1gi2w006rqtsgdxnmr2io,McHenry County College,mchenry-county-college,,IL,,cmox1gi3j006tqtsgovxelcut,NJCAA_D1,Region 4,https://njcaastats.prestosports.com/sports/bsb/2024-25/div1/teams/mchenrycountycollege,0
WEBSITE_HOSTNAME,njcaastats.prestosports.com,404,cmox1gi48006uqtsgbop2r9x2,McLennan Community College,mclennan-community-college,,TX,,cmox1gi4v006wqtsg7gci57uk,NJCAA_D1,Region 5,https://njcaastats.prestosports.com/sports/bsb/2024-25/div1/teams/mclennancommunitycollege,0
WEBSITE_HOSTNAME,njcaastats.prestosports.com,404,cmox238b4007uqtfk9cdvx3p4,Mercer County Community College,mercer-county-community-college,,NJ,,cmox238bs007wqtfku4g7e8z0,NJCAA_D2,Region 19,https://njcaastats.prestosports.com/sports/bsb/2024-25/div2/teams/mercercountycommunitycollege,0
WEBSITE_HOSTNAME,njcaastats.prestosports.com,404,cmox238ch007xqtfk12h0a9cz,Meridian Community College,meridian-community-college,,MS,,cmox238d5007zqtfkn7er0onb,NJCAA_D2,Region 23,https://njcaastats.prestosports.com/sports/bsb/2024-25/div2/teams/meridiancommunitycollege,0
WEBSITE_HOSTNAME,njcaastats.prestosports.com,404,cmox238du0080qtfkpv9458cx,Mesa Community College,mesa-community-college,,AZ,,cmox238ej0082qtfkp3endxe5,NJCAA_D2,Region 1,https://njcaastats.prestosports.com/sports/bsb/2024-25/div2/teams/mesacommunitycollege,0
WEBSITE_HOSTNAME,njcaastats.prestosports.com,404,cmox1gi5m006xqtsg3weazvjx,Metropolitan Community College,metropolitan-community-college,,NE,,cmox1gi69006zqtsg8hlwnlfj,NJCAA_D1,Region 16,https://njcaastats.prestosports.com/sports/bsb/2024-25/div1/teams/metropolitancommunitycollege,0
WEBSITE_HOSTNAME,njcaastats.prestosports.com,404,cmox1gi6z0070qtsgi1r423i9,Miami Dade College,miami-dade-college,,FL,,cmox1gi7n0072qtsgu04gluhc,NJCAA_D1,Region 8,https://njcaastats.prestosports.com/sports/bsb/2024-25/div1/teams/miamidadecollege,0
WEBSITE_HOSTNAME,njcaastats.prestosports.com,404,cmox238f90083qtfk6bq6fly3,Mid Michigan College,mid-michigan-college,,MI,,cmox238fx0085qtfks2qfpt36,NJCAA_D2,Region 12,https://njcaastats.prestosports.com/sports/bsb/2024-25/div2/teams/midmichigancollege,0
WEBSITE_HOSTNAME,njcaastats.prestosports.com,404,cmox2o26f003iqtbky03hkkhv,Middlesex College,middlesex-college,,NJ,,cmox2o275003kqtbk9jsx0okm,NJCAA_D3,Region 19,https://njcaastats.prestosports.com/sports/bsb/2024-25/div3/teams/middlesexcollege,0
WEBSITE_HOSTNAME,njcaastats.prestosports.com,404,cmox1gi8a0073qtsg01m46kpe,Midland College,midland-college,,TX,,cmox1gi900075qtsgsa2d4es5,NJCAA_D1,Region 5,https://njcaastats.prestosports.com/sports/bsb/2024-25/div1/teams/midlandcollege,0
WEBSITE_HOSTNAME,njcaastats.prestosports.com,404,cmox238go0086qtfkciy0ffja,Miles Community College,miles-community-college,,MT,,cmox238hd0088qtfk2cse4qbv,NJCAA_D2,Region 13,https://njcaastats.prestosports.com/sports/bsb/2024-25/div2/teams/milescommunitycollege,0
WEBSITE_HOSTNAME,njcaastats.prestosports.com,404,cmox238i20089qtfk7c9u50mt,Milwaukee Area Technical College,milwaukee-area-technical-college,,WI,,cmox238ir008bqtfkkhzyjj4s,NJCAA_D2,Region 4,https://njcaastats.prestosports.com/sports/bsb/2024-25/div2/teams/milwaukeeareatechnicalcollege,0
WEBSITE_HOSTNAME,njcaastats.prestosports.com,404,cmox1gi9n0076qtsgml9pgwm3,Mineral Area College,mineral-area-college,,MO,,cmox1giac0078qtsg5x9147c0,NJCAA_D1,Region 16,https://njcaastats.prestosports.com/sports/bsb/2024-25/div1/teams/mineralareacollege,0
WEBSITE_HOSTNAME,njcaastats.prestosports.com,404,cmox2o27u003lqtbk6qb0dj7q,Minnesota North College-Hibbing,minnesota-north-college-hibbing,,MN,,cmox2o28l003nqtbkgf19gego,NJCAA_D3,Region 13,https://njcaastats.prestosports.com/sports/bsb/2024-25/div3/teams/minnesotanorthcollegehibbing,0
WEBSITE_HOSTNAME,njcaastats.prestosports.com,404,cmox2o29b003oqtbkoza2ug5s,Minnesota North College-Itasca,minnesota-north-college-itasca,,CA,,cmox2o2a6003qqtbk8rnhxpfc,NJCAA_D3,Region 13,https://njcaastats.prestosports.com/sports/bsb/2024-25/div3/teams/minnesotanorthcollegeitasca,0
WEBSITE_HOSTNAME,njcaastats.prestosports.com,404,cmox2o2ax003rqtbkqd0pa7ch,Minnesota North College-Mesabi Range,minnesota-north-college-mesabi-range,,MN,,cmox2o2bm003tqtbkzjvxaxae,NJCAA_D3,Region 13,https://njcaastats.prestosports.com/sports/bsb/2024-25/div3/teams/minnesotanorthcollegemesabirange,0
WEBSITE_HOSTNAME,njcaastats.prestosports.com,404,cmox2o2cd003uqtbkjfkizfxt,Minnesota North College-Rainy River,minnesota-north-college-rainy-river,,MN,,cmox2o2d3003wqtbk2a9hie5t,NJCAA_D3,Region 13,https://njcaastats.prestosports.com/sports/bsb/2024-25/div3/teams/minnesotanorthcollegerainyriver,0
WEBSITE_HOSTNAME,njcaastats.prestosports.com,404,cmox2o2dt003xqtbk0on6g6b3,Minnesota North College-Vermilion,minnesota-north-college-vermilion,,MN,,cmox2o2ek003zqtbkd2q8cjol,NJCAA_D3,Region 13,https://njcaastats.prestosports.com/sports/bsb/2024-25/div3/teams/minnesotanorthcollegevermilion,0
WEBSITE_HOSTNAME,njcaastats.prestosports.com,404,cmox2o2fa0040qtbktxmsy47g,Minnesota State Community and Technical College,minnesota-state-community-and-technical-college,,AL,,cmox2o2g00042qtbkw9lediu8,NJCAA_D3,Region 13,https://njcaastats.prestosports.com/sports/bsb/2024-25/div3/teams/minnesotastatecommunityandtechnical,0
WEBSITE_HOSTNAME,njcaastats.prestosports.com,404,cmox2o2gq0043qtbko8zjx2vu,Minnesota West Community & Technical College,minnesota-west-community-and-technical-college,,MN,,cmox2o2hf0045qtbk15c6ca3j,NJCAA_D3,Region 13,https://njcaastats.prestosports.com/sports/bsb/2024-25/div3/teams/minnesotawestcommunitytechnicalcol,0
WEBSITE_HOSTNAME,njcaastats.prestosports.com,404,cmox238ji008cqtfkmb2gsed8,Mississippi Delta Community College,mississippi-delta-community-college,,MS,,cmox238k6008eqtfkqzhjgk6j,NJCAA_D2,Region 23,https://njcaastats.prestosports.com/sports/bsb/2024-25/div2/teams/mississippideltacommunitycollege,0
WEBSITE_HOSTNAME,njcaastats.prestosports.com,404,cmox238kv008fqtfku7mj60jc,Mississippi Gulf Coast Community College,mississippi-gulf-coast-community-college,,MS,,cmox238lj008hqtfkj0ouuv7y,NJCAA_D2,Region 23,https://njcaastats.prestosports.com/sports/bsb/2024-25/div2/teams/mississippigulfcoastcommunitycollege,0
WEBSITE_HOSTNAME,njcaastats.prestosports.com,404,cmox1gib20079qtsg33nf3wq3,Missouri State University - West Plains,missouri-state-university-west-plains,,MO,,cmox1gibr007bqtsgvx5b4hko,NJCAA_D1,,https://njcaastats.prestosports.com/sports/bsb/2024-25/div1/teams/missouristateuniversitywestplains,0
WEBSITE_HOSTNAME,njcaastats.prestosports.com,404,cmox238m8008iqtfk66enpn89,Moberly Area Community College,moberly-area-community-college,,MO,,cmox238mx008kqtfksbs7qpu3,NJCAA_D2,Region 16,https://njcaastats.prestosports.com/sports/bsb/2024-25/div2/teams/moberlyareacommunitycollege,0
WEBSITE_HOSTNAME,njcaastats.prestosports.com,404,cmox2o2i50046qtbkuagcawhd,Mohawk Valley Community College,mohawk-valley-community-college,,NY,,cmox2o2iv0048qtbkqs3k7a3z,NJCAA_D3,Region 3,https://njcaastats.prestosports.com/sports/bsb/2024-25/div3/teams/mohawkvalleycommunitycollege,0
WEBSITE_HOSTNAME,njcaastats.prestosports.com,404,cmox238nk008lqtfkckzbvcng,Monroe Community College,monroe-community-college,,NY,,cmox238o9008nqtfkiwh0hvrt,NJCAA_D2,Region 3,https://njcaastats.prestosports.com/sports/bsb/2024-25/div2/teams/monroecommunitycollege,0
WEBSITE_HOSTNAME,njcaastats.prestosports.com,404,cmox1gicg007cqtsg99jv080v,Monroe University,monroe-university,,NY,,cmox1gid5007eqtsg6twf0qjo,NJCAA_D1,Region 15,https://njcaastats.prestosports.com/sports/bsb/2024-25/div1/teams/monroeuniversity,0
WEBSITE_HOSTNAME,njcaastats.prestosports.com,404,cmox2o2jl0049qtbkdr59b165,Monroe University - Bronx,monroe-university-bronx,,NY,,cmox2o2kb004bqtbknwcghdhl,NJCAA_D3,Region 15,https://njcaastats.prestosports.com/sports/bsb/2024-25/div3/teams/monroeuniversitybronx,0
WEBSITE_HOSTNAME,njcaastats.prestosports.com,404,cmox238p1008oqtfk4xl2uiev,Montgomery College,montgomery-college,,MD,,cmox238pq008qqtfkepzrvyhj,NJCAA_D2,Region 20,https://njcaastats.prestosports.com/sports/bsb/2024-25/div2/teams/montgomerycollegemd,0
WEBSITE_HOSTNAME,njcaastats.prestosports.com,404,cmox2o2l1004cqtbksgxg6x7x,Montgomery County Community College,montgomery-county-community-college,,PA,,cmox2o2lq004eqtbkd8n4oqpg,NJCAA_D3,Region 19,https://njcaastats.prestosports.com/sports/bsb/2024-25/div3/teams/montgomerycountycommunitycollegepa,0
WEBSITE_HOSTNAME,njcaastats.prestosports.com,404,cmox238qg008rqtfka1sjmmka,Moraine Valley Community College,moraine-valley-community-college,,IL,,cmox238r6008tqtfkts26kxfv,NJCAA_D2,Region 4,https://njcaastats.prestosports.com/sports/bsb/2024-25/div2/teams/morainevalleycommunitycollege,0
WEBSITE_HOSTNAME,njcaastats.prestosports.com,404,cmox238ry008uqtfkz9z6kizk,Morton College,morton-college,,IL,,cmox238so008wqtfkh0bb3978,NJCAA_D2,Region 4,https://njcaastats.prestosports.com/sports/bsb/2024-25/div2/teams/mortoncollege,0
WEBSITE_HOSTNAME,njcaastats.prestosports.com,404,cmox1gidu007fqtsg6zpx3re1,Motlow State Community College,motlow-state-community-college,,TN,,cmox1giej007hqtsgwbarm5on,NJCAA_D1,Region 7,https://njcaastats.prestosports.com/sports/bsb/2024-25/div1/teams/motlowstatecommunitycollege,0
WEBSITE_HOSTNAME,njcaastats.prestosports.com,404,cmox238te008xqtfkag0dpvhy,Mott Community College,mott-community-college,,MI,,cmox238u9008zqtfkkd1iqw52,NJCAA_D2,Region 12,https://njcaastats.prestosports.com/sports/bsb/2024-25/div2/teams/mottcommunitycollege,0
WEBSITE_HOSTNAME,njcaastats.prestosports.com,404,cmox238ux0090qtfk9uava4eq,Murray State College,murray-state-college,,OK,,cmox238vm0092qtfk68gmuws6,NJCAA_D2,Region 2,https://njcaastats.prestosports.com/sports/bsb/2024-25/div2/teams/murraystatecollege,0
WEBSITE_HOSTNAME,njcaastats.prestosports.com,404,cmox238w90093qtfk1xg0k5sl,Muskegon Community College,muskegon-community-college,,MI,,cmox238wy0095qtfkq11f8z9o,NJCAA_D2,Region 12,https://njcaastats.prestosports.com/sports/bsb/2024-25/div2/teams/muskegoncommunitycollege,0
WEBSITE_HOSTNAME,njcaastats.prestosports.com,404,cmox2o2mj004fqtbko757r4pr,Nassau Community College,nassau-community-college,,NY,,cmox2o2n9004hqtbkhw84u1ug,NJCAA_D3,Region 15,https://njcaastats.prestosports.com/sports/bsb/2024-25/div3/teams/nassaucommunitycollege,0
WEBSITE_HOSTNAME,njcaastats.prestosports.com,404,cmox238xn0096qtfkj0anhwpb,National Park College,national-park-college,,AR,,cmox238ye0098qtfke0v0f8ra,NJCAA_D2,Region 2,https://njcaastats.prestosports.com/sports/bsb/2024-25/div2/teams/nationalparkcollege,0
WEBSITE_HOSTNAME,njcaastats.prestosports.com,404,cmox1gif7007iqtsgefaj25w8,Navarro College,navarro-college,,TX,,cmox1gify007kqtsgut3jmel2,NJCAA_D1,Region 14,https://njcaastats.prestosports.com/sports/bsb/2024-25/div1/teams/navarrocollege,0
WEBSITE_HOSTNAME,njcaastats.prestosports.com,404,cmox1gigo007lqtsg36v9z5kk,Neosho County Community College,neosho-county-community-college,,KS,,cmox1gihf007nqtsg2bbzmidw,NJCAA_D1,Region 6,https://njcaastats.prestosports.com/sports/bsb/2024-25/div1/teams/neoshocountycommunitycollege,0
WEBSITE_HOSTNAME,njcaastats.prestosports.com,404,cmox1gii7007oqtsgbihc8nfe,New Mexico Junior College,new-mexico-junior-college,,NM,,cmox1giiu007qqtsg5t9q1xvi,NJCAA_D1,Region 5,https://njcaastats.prestosports.com/sports/bsb/2024-25/div1/teams/newmexicojuniorcollege,0
WEBSITE_HOSTNAME,njcaastats.prestosports.com,404,cmox1gijj007rqtsg2fppew7h,New Mexico Military Institute,new-mexico-military-institute,,NM,,cmox1gik8007tqtsgjt1a52ti,NJCAA_D1,Region 5,https://njcaastats.prestosports.com/sports/bsb/2024-25/div1/teams/newmexicomilitaryinstitute,0
WEBSITE_HOSTNAME,njcaastats.prestosports.com,404,cmox2o2nz004iqtbkbxx2wnfk,North Arkansas College,north-arkansas-college,,AR,,cmox2o2oo004kqtbkntotmmiw,NJCAA_D3,Region 2,https://njcaastats.prestosports.com/sports/bsb/2024-25/div3/teams/northarkansascollege,0
WEBSITE_HOSTNAME,njcaastats.prestosports.com,404,cmox238z30099qtfkes4ze3ts,North Central Missouri College,north-central-missouri-college,,MO,,cmox238zr009bqtfk8not5tvs,NJCAA_D2,Region 16,https://njcaastats.prestosports.com/sports/bsb/2024-25/div2/teams/northcentralmissouricollege,0
WEBSITE_HOSTNAME,njcaastats.prestosports.com,404,cmox1gikw007uqtsggme75zyn,North Central Texas College,north-central-texas-college,,TX,,cmox1gilm007wqtsg3ovbutxq,NJCAA_D1,Region 5,https://njcaastats.prestosports.com/sports/bsb/2024-25/div1/teams/northcentraltexascollege,0
WEBSITE_HOSTNAME,njcaastats.prestosports.com,404,cmox2o2pe004lqtbkhb09qqb1,North Dakota State College of Science,north-dakota-state-college-of-science,,ND,,cmox2o2q5004nqtbk7khhlst4,NJCAA_D3,Region 13,https://njcaastats.prestosports.com/sports/bsb/2024-25/div3/teams/northdakotastatecollegeofscience,0
WEBSITE_HOSTNAME,njcaastats.prestosports.com,404,cmox2390f009cqtfk7yqu7f8q,North Iowa Area Community College,north-iowa-area-community-college,,IA,,cmox23913009eqtfkgxu54l4f,NJCAA_D2,Region 11,https://njcaastats.prestosports.com/sports/bsb/2024-25/div2/teams/northiowaareacommunitycollege,0
WEBSITE_HOSTNAME,njcaastats.prestosports.com,404,cmox2o2qw004oqtbkl22srla5,Northampton Community College,northampton-community-college,,PA,,cmox2o2rm004qqtbk0z6bfysi,NJCAA_D3,Region 19,https://njcaastats.prestosports.com/sports/bsb/2024-25/div3/teams/northamptoncommunitycollege,0
WEBSITE_HOSTNAME,njcaastats.prestosports.com,404,cmox2391w009fqtfkwzoiiu73,Northeast Community College,northeast-community-college,,NE,,cmox2392n009hqtfk3p8o148w,NJCAA_D2,Region 11,https://njcaastats.prestosports.com/sports/bsb/2024-25/div2/teams/northeastcommunitycollege,0
WEBSITE_HOSTNAME,njcaastats.prestosports.com,404,cmox2393c009iqtfks278qq4p,Northeast Mississippi Community College,northeast-mississippi-community-college,,MS,,cmox23940009kqtfk5ktf0r9n,NJCAA_D2,Region 23,https://njcaastats.prestosports.com/sports/bsb/2024-25/div2/teams/northeastmississippicommunitycollege,0
WEBSITE_HOSTNAME,njcaastats.prestosports.com,404,cmox1gimb007xqtsg8a3f3q0v,Northeast Texas Community College,northeast-texas-community-college,,TX,,cmox1gimz007zqtsgliwiwxum,NJCAA_D1,Region 14,https://njcaastats.prestosports.com/sports/bsb/2024-25/div1/teams/northeasttexascommunitycollege,0
WEBSITE_HOSTNAME,njcaastats.prestosports.com,404,cmox1ginu0080qtsgss3h6zzz,Northeastern Junior College,northeastern-junior-college,,CO,,cmox1gioj0082qtsgsbluhg15,NJCAA_D1,Region 9,https://njcaastats.prestosports.com/sports/bsb/2024-25/div1/teams/northeasternjuniorcollege,0
WEBSITE_HOSTNAME,njcaastats.prestosports.com,404,cmox1gip70083qtsgqexr65bo,Northeastern Oklahoma AM College,northeastern-oklahoma-am-college,,OK,,cmox1gipv0085qtsg2xfgqho7,NJCAA_D1,Region 2,https://njcaastats.prestosports.com/sports/bsb/2024-25/div1/teams/northeasternoklahomaamcollege,0
WEBSITE_HOSTNAME,njcaastats.prestosports.com,404,cmox2o2sd004rqtbk0mjj3lrs,Northern Essex Community College,northern-essex-community-college,,MA,,cmox2o2t4004tqtbkiloave2v,NJCAA_D3,Region 21,https://njcaastats.prestosports.com/sports/bsb/2024-25/div3/teams/northernessexcommunitycollege,0
WEBSITE_HOSTNAME,njcaastats.prestosports.com,404,cmox2394q009lqtfkzsswuqop,Northern Oklahoma College-Enid,northern-oklahoma-college-enid,,ID,,cmox2395g009nqtfksm8kiahi,NJCAA_D2,Region 2,https://njcaastats.prestosports.com/sports/bsb/2024-25/div2/teams/northernoklahomacollegeenid,0
WEBSITE_HOSTNAME,njcaastats.prestosports.com,404,cmox23969009oqtfklqdhm5d3,Northern Oklahoma College-Tonkawa,northern-oklahoma-college-tonkawa,,WA,,cmox2396z009qqtfk9ofh29kf,NJCAA_D2,Region 2,https://njcaastats.prestosports.com/sports/bsb/2024-25/div2/teams/northernoklahomacollegetonkawa,0
WEBSITE_HOSTNAME,njcaastats.prestosports.com,404,cmox2o2tt004uqtbkuh5a9l9i,Northland Community & Technical College,northland-community-and-technical-college,,MN,,cmox2o2uj004wqtbk5ab85ok3,NJCAA_D3,Region 13,https://njcaastats.prestosports.com/sports/bsb/2024-25/div3/teams/northlandcommunitytechnicalcollege,0
WEBSITE_HOSTNAME,njcaastats.prestosports.com,404,cmox1giqk0086qtsgmzqum4zj,Northwest Florida State College,northwest-florida-state-college,,FL,,cmox1girb0088qtsgjmdi3j42,NJCAA_D1,Region 8,https://njcaastats.prestosports.com/sports/bsb/2024-25/div1/teams/northwestfloridastatecollege,0
WEBSITE_HOSTNAME,njcaastats.prestosports.com,404,cmox2397r009rqtfkmtp9eot3,Northwest Mississippi Community College,northwest-mississippi-community-college,,MS,,cmox2398g009tqtfkrnhijw16,NJCAA_D2,Region 23,https://njcaastats.prestosports.com/sports/bsb/2024-25/div2/teams/northwestmississippicommunitycollege,0
WEBSITE_HOSTNAME,njcaastats.prestosports.com,404,cmox1gis00089qtsgi4923klc,Northwest-Shoals Community College,northwest-shoals-community-college,,AL,,cmox1gisp008bqtsgwdv0udn5,NJCAA_D1,Region 22,https://njcaastats.prestosports.com/sports/bsb/2024-25/div1/teams/northwestshoalscommunitycollege,0
WEBSITE_HOSTNAME,njcaastats.prestosports.com,404,cmox1gitd008cqtsg6n5t643k,Nunez Community College,nunez-community-college,,LA,,cmox1giu3008eqtsg1t6eypvn,NJCAA_D1,Region 23,https://njcaastats.prestosports.com/sports/bsb/2024-25/div1/teams/nunezcommunitycollege,0
WEBSITE_HOSTNAME,njcaastats.prestosports.com,404,cmox2o2va004xqtbk1jhuxnfl,Oakton Community College,oakton-community-college,,IL,,cmox2o2w2004zqtbkffe2gaqm,NJCAA_D3,Region 4,https://njcaastats.prestosports.com/sports/bsb/2024-25/div3/teams/oaktoncommunitycollege,0
WEBSITE_HOSTNAME,njcaastats.prestosports.com,404,cmox2o2wy0050qtbkugl6cji9,Ocean County College,ocean-county-college,,NJ,,cmox2o2xo0052qtbklzswnoap,NJCAA_D3,Region 19,https://njcaastats.prestosports.com/sports/bsb/2024-25/div3/teams/oceancountycollege,0
WEBSITE_HOSTNAME,njcaastats.prestosports.com,404,cmox1gius008fqtsga7j8hcz0,Odessa College,odessa-college,,TX,,cmox1givf008hqtsgcix48y5q,NJCAA_D1,Region 5,https://njcaastats.prestosports.com/sports/bsb/2024-25/div1/teams/odessacollege,0
WEBSITE_HOSTNAME,njcaastats.prestosports.com,404,cmox1giw4008iqtsgh7hy8lxx,Olive-Harvey College,olive-harvey-college,,IL,,cmox1giwv008kqtsgliwy19qu,NJCAA_D1,Region 4,https://njcaastats.prestosports.com/sports/bsb/2024-25/div1/teams/oliveharveycollege,0
WEBSITE_HOSTNAME,njcaastats.prestosports.com,404,cmox1gixk008lqtsg7kg6hwsx,Olney Central College,olney-central-college,,IL,,cmox1giyb008nqtsgo98dgbd9,NJCAA_D1,Region 24,https://njcaastats.prestosports.com/sports/bsb/2024-25/div1/teams/olneycentralcollege,0
WEBSITE_HOSTNAME,njcaastats.prestosports.com,404,cmox2o2ye0053qtbkw0avx34g,Onondaga Community College,onondaga-community-college,,NY,,cmox2o2z50055qtbk386foz0n,NJCAA_D3,Region 3,https://njcaastats.prestosports.com/sports/bsb/2024-25/div3/teams/onondagacommunitycollege,0
WEBSITE_HOSTNAME,njcaastats.prestosports.com,404,cmox23996009uqtfksoglfby5,Orange County Community College,orange-county-community-college,,NY,,cmox2399v009wqtfkmet4tzu0,NJCAA_D2,Region 15,https://njcaastats.prestosports.com/sports/bsb/2024-25/div2/teams/orangecountycommunitycollege,0
WEBSITE_HOSTNAME,njcaastats.prestosports.com,404,cmox1giz5008oqtsgjmt7hhrw,Otero College,otero-college,,CO,,cmox1gizv008qqtsg63cb7z1i,NJCAA_D1,Region 9,https://njcaastats.prestosports.com/sports/bsb/2024-25/div1/teams/oterocollege,0
WEBSITE_HOSTNAME,njcaastats.prestosports.com,404,cmox2o2zv0056qtbkvkq7qjv5,Owens Community College,owens-community-college,,OH,,cmox2o30l0058qtbkq41pf4yh,NJCAA_D3,Region 12,https://njcaastats.prestosports.com/sports/bsb/2024-25/div3/teams/owenscommunitycollege,0
WEBSITE_HOSTNAME,njcaastats.prestosports.com,404,cmox239al009xqtfkvic9q7xx,Palm Beach State College,palm-beach-state-college,,FL,,cmox239bq009zqtfkmwloq10m,NJCAA_D2,Region 8,https://njcaastats.prestosports.com/sports/bsb/2024-25/div2/teams/palmbeachstatecollege,0
WEBSITE_HOSTNAME,njcaastats.prestosports.com,404,cmox1gj0k008rqtsgfv1kv1h6,Panola College,panola-college,,TX,,cmox1gj1a008tqtsgfah3blmn,NJCAA_D1,Region 14,https://njcaastats.prestosports.com/sports/bsb/2024-25/div1/teams/panolacollege,0
WEBSITE_HOSTNAME,njcaastats.prestosports.com,404,cmox239ch00a0qtfkz09j6rwl,Paradise Valley Community College,paradise-valley-community-college,,AZ,,cmox239d700a2qtfk7clsbiuw,NJCAA_D2,Region 1,https://njcaastats.prestosports.com/sports/bsb/2024-25/div2/teams/paradisevalleycommunitycollege,0
WEBSITE_HOSTNAME,njcaastats.prestosports.com,404,cmox1gj22008uqtsgx2lb472o,Paris Junior College,paris-junior-college,,TX,,cmox1gj2r008wqtsgt69gyo5b,NJCAA_D1,Region 14,https://njcaastats.prestosports.com/sports/bsb/2024-25/div1/teams/parisjuniorcollege,0
WEBSITE_HOSTNAME,njcaastats.prestosports.com,404,cmox239dx00a3qtfkg1liwy4c,Parkland College,parkland-college,,IL,,cmox239en00a5qtfkh3ftzmwa,NJCAA_D2,Region 24,https://njcaastats.prestosports.com/sports/bsb/2024-25/div2/teams/parklandcollege,0
WEBSITE_HOSTNAME,njcaastats.prestosports.com,404,cmox239fc00a6qtfkm421us4p,Pasco-Hernando State College,pasco-hernando-state-college,,FL,,cmox239g100a8qtfki0aa2n70,NJCAA_D2,Region 8,https://njcaastats.prestosports.com/sports/bsb/2024-25/div2/teams/pascohernandostatecollege,0
WEBSITE_HOSTNAME,njcaastats.prestosports.com,404,cmorj0hfm003uqtiog7x8nfgh,Patrick & Henry Community College,patrick-and-henry-community-college,Martinsville,VA,,cmorj0hgb003wqtio85jnnxjz,NJCAA_D2,Region 10,https://njcaastats.prestosports.com/sports/bsb/2024-25/div2/teams/patrickhenrycommunitycollege,0
WEBSITE_HOSTNAME,njcaastats.prestosports.com,404,cmox239i500acqtfkgxl4im62,Pearl River Community College,pearl-river-community-college,,MS,,cmox239iu00aeqtfk8ots89n1,NJCAA_D2,Region 23,https://njcaastats.prestosports.com/sports/bsb/2024-25/div2/teams/pearlrivercommunitycollege,0
WEBSITE_HOSTNAME,njcaastats.prestosports.com,404,cmox1gj3e008xqtsgrl4frpin,Pellissippi State Community College,pellissippi-state-community-college,,TN,,cmox1gj42008zqtsgc0z0kwhz,NJCAA_D1,,https://njcaastats.prestosports.com/sports/bsb/2024-25/div1/teams/pellissippistatecommunitycollege,0
WEBSITE_HOSTNAME,njcaastats.prestosports.com,404,cmox1gj4r0090qtsgw4rlbl51,Pensacola State College,pensacola-state-college,,FL,,cmox1gj5i0092qtsg2d8orzxg,NJCAA_D1,Region 8,https://njcaastats.prestosports.com/sports/bsb/2024-25/div1/teams/pensacolastatecollege,0
WEBSITE_HOSTNAME,njcaastats.prestosports.com,404,cmox239jn00afqtfkb1zwh43e,Phoenix College,phoenix-college,,AZ,,cmox239kc00ahqtfkyix2s5p5,NJCAA_D2,Region 1,https://njcaastats.prestosports.com/sports/bsb/2024-25/div2/teams/phoenixcollege,0
WEBSITE_HOSTNAME,njcaastats.prestosports.com,404,cmox239l100aiqtfkz09l1rha,Pima Community College,pima-community-college,,AZ,,cmox239lq00akqtfkncl4i144,NJCAA_D2,Region 1,https://njcaastats.prestosports.com/sports/bsb/2024-25/div2/teams/pimacommunitycollege,0
WEBSITE_HOSTNAME,njcaastats.prestosports.com,404,cmox239mf00alqtfk3vrs42cg,Pitt Community College,pitt-community-college,,NC,,cmox239n400anqtfkre5b4exs,NJCAA_D2,Region 10,https://njcaastats.prestosports.com/sports/bsb/2024-25/div2/teams/pittcommunitycollege,0
WEBSITE_HOSTNAME,njcaastats.prestosports.com,404,cmox1gj670093qtsgua774c0h,Polk State College,polk-state-college,,FL,,cmox1gj6v0095qtsg9mll17tn,NJCAA_D1,Region 8,https://njcaastats.prestosports.com/sports/bsb/2024-25/div1/teams/polkstatecollege,0
WEBSITE_HOSTNAME,njcaastats.prestosports.com,404,cmox239nt00aoqtfkxs8kf48a,Prairie State College,prairie-state-college,,IL,,cmox239oi00aqqtfkigr99m48,NJCAA_D2,Region 4,https://njcaastats.prestosports.com/sports/bsb/2024-25/div2/teams/prairiestatecollege,0
WEBSITE_HOSTNAME,njcaastats.prestosports.com,404,cmox1gj7j0096qtsgexvr10ot,Pratt Community College,pratt-community-college,,KS,,cmox1gj890098qtsgmhdj65n9,NJCAA_D1,Region 6,https://njcaastats.prestosports.com/sports/bsb/2024-25/div1/teams/prattcommunitycollege,0
WEBSITE_HOSTNAME,njcaastats.prestosports.com,404,cmox239p700arqtfk23k3vtri,Prince George's Community College,prince-george-s-community-college,,MD,,cmox239py00atqtfkkgzlcfp2,NJCAA_D2,Region 20,https://njcaastats.prestosports.com/sports/bsb/2024-25/div2/teams/princegeorgescommunitycollege,0
WEBSITE_HOSTNAME,njcaastats.prestosports.com,404,cmox2o31b0059qtbkrd1etcak,Queensborough Community College,queensborough-community-college,,NY,,cmox2o322005bqtbkm4rqidap,NJCAA_D3,Region 15,https://njcaastats.prestosports.com/sports/bsb/2024-25/div3/teams/queensboroughcommunitycollege,0
WEBSITE_HOSTNAME,njcaastats.prestosports.com,404,cmox2o32u005cqtbknbu9hei2,Quinsigamond Community College,quinsigamond-community-college,,MA,,cmox2o33j005eqtbkojynaa7l,NJCAA_D3,Region 21,https://njcaastats.prestosports.com/sports/bsb/2024-25/div3/teams/quinsigamondcommunitycollege,0
WEBSITE_HOSTNAME,njcaastats.prestosports.com,404,cmox1gj8y0099qtsgrquvasi8,Ranger College,ranger-college,,TX,,cmox1gj9n009bqtsgm9fsxetj,NJCAA_D1,Region 5,https://njcaastats.prestosports.com/sports/bsb/2024-25/div1/teams/rangercollege,0
WEBSITE_HOSTNAME,njcaastats.prestosports.com,404,cmox239qo00auqtfk68f66upa,Raritan Valley Community College,raritan-valley-community-college,,NJ,,cmox239rd00awqtfk5sa6tof7,NJCAA_D2,Region 19,https://njcaastats.prestosports.com/sports/bsb/2024-25/div2/teams/raritanvalleycommunitycollege,0
WEBSITE_HOSTNAME,njcaastats.prestosports.com,404,cmox239s200axqtfk2tfn9rnd,Redlands Community College,redlands-community-college,,OK,,cmox239sq00azqtfkq68nwtdy,NJCAA_D2,Region 2,https://njcaastats.prestosports.com/sports/bsb/2024-25/div2/teams/redlandscommunitycollege,0
WEBSITE_HOSTNAME,njcaastats.prestosports.com,404,cmox239tf00b0qtfkd5vmnymk,Reid State Technical College,reid-state-technical-college,,AL,,cmox239u300b2qtfkl8y9vrne,NJCAA_D2,Region 22,https://njcaastats.prestosports.com/sports/bsb/2024-25/div2/teams/reidstatetechnicalcollege,0
WEBSITE_HOSTNAME,njcaastats.prestosports.com,404,cmox1gjab009cqtsgimtjx4gp,Rend Lake College,rend-lake-college,,IL,,cmox1gjb1009eqtsgj32080di,NJCAA_D1,Region 24,https://njcaastats.prestosports.com/sports/bsb/2024-25/div1/teams/rendlakecollege,0
WEBSITE_HOSTNAME,njcaastats.prestosports.com,404,cmox239ut00b3qtfkxg3e034j,Richard Bland College,richard-bland-college,,VA,,cmox239vg00b5qtfkpvf820id,NJCAA_D2,Region 10,https://njcaastats.prestosports.com/sports/bsb/2024-25/div2/teams/richardblandcollege,0
WEBSITE_HOSTNAME,njcaastats.prestosports.com,404,cmox2o349005fqtbkgb3bbdnw,Ridgewater College,ridgewater-college,,MN,,cmox2o351005hqtbk4lquojaj,NJCAA_D3,Region 13,https://njcaastats.prestosports.com/sports/bsb/2024-25/div3/teams/ridgewatercollege,0
WEBSITE_HOSTNAME,njcaastats.prestosports.com,404,cmox2o35r005iqtbkzwaj9v87,Riverland Community College,riverland-community-college,,MN,,cmox2o36h005kqtbkn2on8d1r,NJCAA_D3,Region 13,https://njcaastats.prestosports.com/sports/bsb/2024-25/div3/teams/riverlandcommunitycollege,0
WEBSITE_HOSTNAME,njcaastats.prestosports.com,404,cmox1gjbq009fqtsgv8e9aih2,Roane State Community College,roane-state-community-college,,TN,,cmox1gjcf009hqtsgs4m4mu96,NJCAA_D1,Region 7,https://njcaastats.prestosports.com/sports/bsb/2024-25/div1/teams/roanestatecommunitycollege,0
WEBSITE_HOSTNAME,njcaastats.prestosports.com,404,cmox2o378005lqtbk8ffxza60,Rochester Community and Technical College,rochester-community-and-technical-college,,MN,,cmox2o380005nqtbk88jug78h,NJCAA_D3,Region 13,https://njcaastats.prestosports.com/sports/bsb/2024-25/div3/teams/rochestercommunityandtechnicalcolleg,0
WEBSITE_HOSTNAME,njcaastats.prestosports.com,404,cmox239w500b6qtfk3p4wbg4k,Rock Valley College,rock-valley-college,,IL,,cmox239wu00b8qtfke3ujq6zk,NJCAA_D2,Region 4,https://njcaastats.prestosports.com/sports/bsb/2024-25/div2/teams/rockvalleycollege,0
WEBSITE_HOSTNAME,njcaastats.prestosports.com,404,cmox2o38t005oqtbk7kvql8mr,Rockingham Community College,rockingham-community-college,,NC,,cmox2o39j005qqtbkv783bg12,NJCAA_D3,Region 10,https://njcaastats.prestosports.com/sports/bsb/2024-25/div3/teams/rockinghamcommunitycollege,0
WEBSITE_HOSTNAME,njcaastats.prestosports.com,404,cmox239xj00b9qtfk9csffm3a,Rockland Community College,rockland-community-college,,NY,,cmox239y700bbqtfkjaawb8it,NJCAA_D2,Region 15,https://njcaastats.prestosports.com/sports/bsb/2024-25/div2/teams/rocklandcommunitycollege,0
WEBSITE_HOSTNAME,njcaastats.prestosports.com,404,cmox1gjd4009iqtsg9rv924hr,Rose State College,rose-state-college,,OK,,cmox1gjdy009kqtsg5o6j761h,NJCAA_D1,Region 2,https://njcaastats.prestosports.com/sports/bsb/2024-25/div1/teams/rosestatecollege,0
WEBSITE_HOSTNAME,njcaastats.prestosports.com,404,cmox2o3bw005uqtbkuzqvpco4,Rowan College South Jersey - Gloucester,rowan-college-south-jersey-gloucester,,NJ,,cmox2o3cm005wqtbkd7ywwm85,NJCAA_D3,Region 19,https://njcaastats.prestosports.com/sports/bsb/2024-25/div3/teams/rowancollegesouthjerseygloucester,0
WEBSITE_HOSTNAME,njcaastats.prestosports.com,404,cmox2o3ab005rqtbktwn2g470,Rowan College of South Jersey-Cumberland,rowan-college-of-south-jersey-cumberland,,ND,,cmox2o3b4005tqtbk6svvwrz2,NJCAA_D3,Region 19,https://njcaastats.prestosports.com/sports/bsb/2024-25/div3/teams/rowancollegeofsouthjerseycumberland,0
WEBSITE_HOSTNAME,njcaastats.prestosports.com,404,cmox2o3dd005xqtbkfawub6w0,Roxbury Community College,roxbury-community-college,,MA,,cmox2o3e4005zqtbkpph9j9h8,NJCAA_D3,Region 21,https://njcaastats.prestosports.com/sports/bsb/2024-25/div3/teams/roxburycommunitycollege,0
WEBSITE_HOSTNAME,njcaastats.prestosports.com,404,cmox2o3jc0069qtbkr283774r,SUNY Adirondack,suny-adirondack,,NY,,cmox2o3k3006bqtbk74pycbez,NJCAA_D3,Region 3,https://njcaastats.prestosports.com/sports/bsb/2024-25/div3/teams/sunyadirondack,0
WEBSITE_HOSTNAME,njcaastats.prestosports.com,404,cmox2o3kv006cqtbkssc0iyts,SUNY Broome Community College,suny-broome-community-college,,NY,,cmox2o3ll006eqtbk1lvm306q,NJCAA_D3,Region 3,https://njcaastats.prestosports.com/sports/bsb/2024-25/div3/teams/sunybroomecommunitycollege,0
WEBSITE_HOSTNAME,njcaastats.prestosports.com,404,cmox2o3mb006fqtbk9iqfpioj,SUNY Niagara,suny-niagara,,NY,,cmox2o3n2006hqtbkp62x3st1,NJCAA_D3,Region 3,https://njcaastats.prestosports.com/sports/bsb/2024-25/div3/teams/sunyniagara,0
WEBSITE_HOSTNAME,njcaastats.prestosports.com,404,cmox2o3eu0060qtbkzteg6b9a,Salem Community College,salem-community-college,,NJ,,cmox2o3fl0062qtbkzy617msi,NJCAA_D3,Region 19,https://njcaastats.prestosports.com/sports/bsb/2024-25/div3/teams/salemcommunitycollege,0
WEBSITE_HOSTNAME,njcaastats.prestosports.com,404,cmox1gjen009lqtsgixb3jop3,Salt Lake Community College,salt-lake-community-college,,UT,,cmox1gjfe009nqtsgbecwceq7,NJCAA_D1,Region 18,https://njcaastats.prestosports.com/sports/bsb/2024-25/div1/teams/saltlakecommunitycollege,0
WEBSITE_HOSTNAME,njcaastats.prestosports.com,404,cmox1gjg2009oqtsg8cc00u2y,San Jacinto College-North,san-jacinto-college-north,,TX,,cmox1gjgo009qqtsgt37mcjot,NJCAA_D1,Region 14,https://njcaastats.prestosports.com/sports/bsb/2024-25/div1/teams/sanjacintocollegenorth,0
WEBSITE_HOSTNAME,njcaastats.prestosports.com,404,cmox1gjhc009rqtsgss0xcbu0,Santa Fe College,santa-fe-college,,FL,,cmox1gji1009tqtsgq30pw037,NJCAA_D1,Region 8,https://njcaastats.prestosports.com/sports/bsb/2024-25/div1/teams/santafecollege,0
WEBSITE_HOSTNAME,njcaastats.prestosports.com,404,cmox239yx00bcqtfkn5vpdmq0,Sauk Valley Community College,sauk-valley-community-college,,IL,,cmox239zp00beqtfkbdojmydt,NJCAA_D2,Region 4,https://njcaastats.prestosports.com/sports/bsb/2024-25/div2/teams/saukvalleycommunitycollege,0
WEBSITE_HOSTNAME,njcaastats.prestosports.com,404,cmox23a0q00bfqtfk4uc0f3os,Schoolcraft College,schoolcraft-college,,MI,,cmox23a1e00bhqtfkeccwxyu4,NJCAA_D2,Region 12,https://njcaastats.prestosports.com/sports/bsb/2024-25/div2/teams/schoolcraftcollege,0
WEBSITE_HOSTNAME,njcaastats.prestosports.com,404,cmox23a2400biqtfknqf9i88p,Scottsdale Community College,scottsdale-community-college,,AZ,,cmox23a2u00bkqtfkteikxml6,NJCAA_D2,Region 1,https://njcaastats.prestosports.com/sports/bsb/2024-25/div2/teams/scottsdalecommunitycollege,0
WEBSITE_HOSTNAME,njcaastats.prestosports.com,404,cmox1gjio009uqtsghi76jial,Seminole State College,seminole-state-college,,OK,,cmox1gjjc009wqtsgrgaaiwbp,NJCAA_D1,Region 2,https://njcaastats.prestosports.com/sports/bsb/2024-25/div1/teams/seminolestatecollegeok,0
WEBSITE_HOSTNAME,njcaastats.prestosports.com,404,cmox1gjk0009xqtsggvw0lnmp,Seminole State College of Florida,seminole-state-college-of-florida,,FL,,cmox1gjkq009zqtsgwzp5ik4k,NJCAA_D1,Region 8,https://njcaastats.prestosports.com/sports/bsb/2024-25/div1/teams/seminolestatecollegeofflorida,0
WEBSITE_HOSTNAME,njcaastats.prestosports.com,404,cmox1gjlf00a0qtsg4iqboy07,Seward County Community College,seward-county-community-college,,KS,,cmox1gjm300a2qtsgj19hgu7n,NJCAA_D1,Region 6,https://njcaastats.prestosports.com/sports/bsb/2024-25/div1/teams/sewardcountycommunitycollege,0
WEBSITE_HOSTNAME,njcaastats.prestosports.com,404,cmox1gjmt00a3qtsg03uu1u52,Shawnee Community College,shawnee-community-college,,IL,,cmox1gjnj00a5qtsgegmliujz,NJCAA_D1,Region 24,https://njcaastats.prestosports.com/sports/bsb/2024-25/div1/teams/shawneecommunitycollege,0
WEBSITE_HOSTNAME,njcaastats.prestosports.com,404,cmox1gjo900a6qtsgt5mpdty1,Shelton State Community College,shelton-state-community-college,,AL,,cmox1gjp000a8qtsg5hdftlli,NJCAA_D1,Region 22,https://njcaastats.prestosports.com/sports/bsb/2024-25/div1/teams/sheltonstatecommunitycollege,0
WEBSITE_HOSTNAME,njcaastats.prestosports.com,404,cmox1gjpu00a9qtsgbl9vr26a,Snead State Community College,snead-state-community-college,,AL,,cmox1gjqk00abqtsg4rz1vpqy,NJCAA_D1,Region 22,https://njcaastats.prestosports.com/sports/bsb/2024-25/div1/teams/sneadstatecommunitycollege,0
WEBSITE_HOSTNAME,njcaastats.prestosports.com,404,cmox23a3j00blqtfk5wkn3bpa,South Arkansas College,south-arkansas-college,,AR,,cmox23a4700bnqtfkxzd6esnr,NJCAA_D2,Region 2,https://njcaastats.prestosports.com/sports/bsb/2024-25/div2/teams/southarkansascollege,0
WEBSITE_HOSTNAME,njcaastats.prestosports.com,404,cmox23a4v00boqtfkj75nusd7,South Florida State College,south-florida-state-college,,FL,,cmox23a5j00bqqtfkmp43w6pr,NJCAA_D2,Region 8,https://njcaastats.prestosports.com/sports/bsb/2024-25/div2/teams/southfloridastatecollege,0
WEBSITE_HOSTNAME,njcaastats.prestosports.com,404,cmox1gjr900acqtsgk91radq6,South Georgia State College,south-georgia-state-college,,GA,,cmox1gjrz00aeqtsgu2tp3z9p,NJCAA_D1,Region 17,https://njcaastats.prestosports.com/sports/bsb/2024-25/div1/teams/southgeorgiastatecollege,0
WEBSITE_HOSTNAME,njcaastats.prestosports.com,404,cmox23a6a00brqtfky43m0ojy,South Mountain Community College,south-mountain-community-college,,AZ,,cmox23a7000btqtfkm5dgbrro,NJCAA_D2,Region 1,https://njcaastats.prestosports.com/sports/bsb/2024-25/div2/teams/southmountaincommunitycollege,0
WEBSITE_HOSTNAME,njcaastats.prestosports.com,404,cmox1gjsn00afqtsgo0ngyrn5,South Suburban College,south-suburban-college,,IL,,cmox1gjtc00ahqtsgi0siqdvp,NJCAA_D1,Region 4,https://njcaastats.prestosports.com/sports/bsb/2024-25/div1/teams/southsuburbancollege,0
WEBSITE_HOSTNAME,njcaastats.prestosports.com,404,cmox23a7r00buqtfkxxof53xc,Southeast Arkansas College,southeast-arkansas-college,,AR,,cmox23a8g00bwqtfkevx5aycb,NJCAA_D2,Region 2,https://njcaastats.prestosports.com/sports/bsb/2024-25/div2/teams/southeastarkansascollege,0
WEBSITE_HOSTNAME,njcaastats.prestosports.com,404,cmox1gju100aiqtsg9mi5d8p9,Southeast Community College,southeast-community-college,,NE,,cmox1gjup00akqtsgkg1rqml7,NJCAA_D1,Region 9,https://njcaastats.prestosports.com/sports/bsb/2024-25/div1/teams/southeastcommunitycollege,0
WEBSITE_HOSTNAME,njcaastats.prestosports.com,404,cmox23a9600bxqtfkpqj9pkip,Southeastern Community College,southeastern-community-college,,IA,,cmox23a9w00bzqtfksyhree66,NJCAA_D2,Region 11,https://njcaastats.prestosports.com/sports/bsb/2024-25/div2/teams/southeasterncommunitycollege,0
WEBSITE_HOSTNAME,njcaastats.prestosports.com,404,cmox23aao00c0qtfkyqilmey3,Southeastern Community College-Whiteville,southeastern-community-college-whiteville,,NC,,cmox23abd00c2qtfklxq9k8p1,NJCAA_D2,Region 10,https://njcaastats.prestosports.com/sports/bsb/2024-25/div2/teams/southeasterncommunitycollegewhitevill,0
WEBSITE_HOSTNAME,njcaastats.prestosports.com,404,cmox1gjvc00alqtsgicz8usug,Southeastern Illinois College,southeastern-illinois-college,,IL,,cmox1gjw000anqtsgp48j9xys,NJCAA_D1,Region 24,https://njcaastats.prestosports.com/sports/bsb/2024-25/div1/teams/southeasternillinoiscollege,0
WEBSITE_HOSTNAME,njcaastats.prestosports.com,404,cmox23ac300c3qtfkd6t3snop,Southern Arkansas University Tech,southern-arkansas-university-tech,,AR,,cmox23acs00c5qtfkgpqv2i3y,NJCAA_D2,Region 2,https://njcaastats.prestosports.com/sports/bsb/2024-25/div2/teams/southernarkansasuniversitytech,0
WEBSITE_HOSTNAME,njcaastats.prestosports.com,404,cmox1gjwp00aoqtsgrn8xk6pf,Southern Union State Community College,southern-union-state-community-college,,AL,,cmox1gjxd00aqqtsgv8d1c4rm,NJCAA_D1,Region 22,https://njcaastats.prestosports.com/sports/bsb/2024-25/div1/teams/southernunionstatecommunitycollege,0
WEBSITE_HOSTNAME,njcaastats.prestosports.com,404,cmox23adg00c6qtfknv2ydsft,Southwest Mississippi Community College,southwest-mississippi-community-college,,MS,,cmox23ae400c8qtfk2f3hkt7z,NJCAA_D2,Region 23,https://njcaastats.prestosports.com/sports/bsb/2024-25/div2/teams/southwestmississippicommunitycollege,0
WEBSITE_HOSTNAME,njcaastats.prestosports.com,404,cmox1gjy000arqtsgip3syqp7,Southwest Tennessee Community College,southwest-tennessee-community-college,,TN,,cmox1gjyo00atqtsg2ekhxcv2,NJCAA_D1,Region 7,https://njcaastats.prestosports.com/sports/bsb/2024-25/div1/teams/southwesttennesseecommunitycollege,0
WEBSITE_HOSTNAME,njcaastats.prestosports.com,404,cmox23aeu00c9qtfkozc5m18v,Southwest Virginia,southwest-virginia,,IA,,cmox23afh00cbqtfk0atvylh5,NJCAA_D2,Region 10,https://njcaastats.prestosports.com/sports/bsb/2024-25/div2/teams/southwestvirginia,0
WEBSITE_HOSTNAME,njcaastats.prestosports.com,404,cmox1gjze00auqtsgrix61vxy,Southwestern Community College,southwestern-community-college,,IA,,cmox1gk0500awqtsg7qpi3xuf,NJCAA_D1,Region 11,https://njcaastats.prestosports.com/sports/bsb/2024-25/div1/teams/southwesterncommunitycollege,0
WEBSITE_HOSTNAME,njcaastats.prestosports.com,404,cmox1gk0u00axqtsgndbuoigc,Southwestern Illinois College,southwestern-illinois-college,,IL,,cmox1gk1i00azqtsgmyn7jtu8,NJCAA_D1,Region 24,https://njcaastats.prestosports.com/sports/bsb/2024-25/div1/teams/southwesternillinoiscollege,0
WEBSITE_HOSTNAME,njcaastats.prestosports.com,404,cmox23ag600ccqtfkmccgt2nb,Spoon River College,spoon-river-college,,IL,,cmox23agv00ceqtfkil9k9vfh,NJCAA_D2,Region 24,https://njcaastats.prestosports.com/sports/bsb/2024-25/div2/teams/spoonrivercollege,0
WEBSITE_HOSTNAME,njcaastats.prestosports.com,404,cmox1gk2700b0qtsginc3y1s2,St. Charles Community College,st-charles-community-college,,MO,,cmox1gk2w00b2qtsg94pwpilq,NJCAA_D1,Region 16,https://njcaastats.prestosports.com/sports/bsb/2024-25/div1/teams/stcharlescommunitycollege,0
WEBSITE_HOSTNAME,njcaastats.prestosports.com,404,cmox23ahj00cfqtfkvbh8e2u7,St. Clair County Community College,st-clair-county-community-college,,MI,,cmox23ai700chqtfkl564qgw5,NJCAA_D2,Region 12,https://njcaastats.prestosports.com/sports/bsb/2024-25/div2/teams/stclaircountycommunitycollege,0
WEBSITE_HOSTNAME,njcaastats.prestosports.com,404,cmox2o3gd0063qtbkj69yetsq,St. Cloud Technical & Community College,st-cloud-technical-and-community-college,,MN,,cmox2o3h50065qtbkd7kvrq4s,NJCAA_D3,Region 13,https://njcaastats.prestosports.com/sports/bsb/2024-25/div3/teams/stcloudtechnicalcommunitycollege,0
WEBSITE_HOSTNAME,njcaastats.prestosports.com,404,cmox23aiw00ciqtfk1p7zdgqr,St. Johns River State College,st-johns-river-state-college,,FL,,cmox23ajk00ckqtfkk91zlk4h,NJCAA_D2,Region 8,https://njcaastats.prestosports.com/sports/bsb/2024-25/div2/teams/stjohnsriverstatecollege,0
WEBSITE_HOSTNAME,njcaastats.prestosports.com,404,cmox1gk3k00b3qtsgdrzhpr94,St. Louis Community College,st-louis-community-college,,MO,,cmox1gk4800b5qtsgdfk0jy20,NJCAA_D1,Region 16,https://njcaastats.prestosports.com/sports/bsb/2024-25/div1/teams/stlouiscommunitycollege,0
WEBSITE_HOSTNAME,njcaastats.prestosports.com,404,cmox1gk4y00b6qtsgf99c4o57,St. Petersburg College,st-petersburg-college,,FL,,cmox1gk5p00b8qtsgjp8cgcdn,NJCAA_D1,Region 8,https://njcaastats.prestosports.com/sports/bsb/2024-25/div1/teams/stpetersburgcollege,0
WEBSITE_HOSTNAME,njcaastats.prestosports.com,404,cmox1gk6g00b9qtsgxzcajkcw,"State College of Florida, Manatee-Sarasota",state-college-of-florida-manatee-sarasota,,FL,,cmox1gk7700bbqtsgcfw5a6ib,NJCAA_D1,Region 8,https://njcaastats.prestosports.com/sports/bsb/2024-25/div1/teams/statecollegeoffloridamanateesaraso,0
WEBSITE_HOSTNAME,njcaastats.prestosports.com,404,cmox1gk7w00bcqtsg1nmdrsu7,State Fair Community College,state-fair-community-college,,MO,,cmox1gk8l00beqtsg81n3ize1,NJCAA_D1,Region 16,https://njcaastats.prestosports.com/sports/bsb/2024-25/div1/teams/statefaircommunitycollege,0
WEBSITE_HOSTNAME,njcaastats.prestosports.com,404,cmox2o3hx0066qtbk7jqqixi1,Suffolk Community College,suffolk-community-college,,NY,,cmox2o3im0068qtbkg5i6fjzc,NJCAA_D3,Region 15,https://njcaastats.prestosports.com/sports/bsb/2024-25/div3/teams/suffolkcc,0
WEBSITE_HOSTNAME,njcaastats.prestosports.com,404,cmox23aka00clqtfkny2mgqp7,Sullivan County Community College,sullivan-county-community-college,,NY,,cmox23al000cnqtfkpaix4bsi,NJCAA_D2,Region 15,https://njcaastats.prestosports.com/sports/bsb/2024-25/div2/teams/sullivancountycommunitycollege,0
WEBSITE_HOSTNAME,njcaastats.prestosports.com,404,cmox2o3ns006iqtbkf41vg0jo,Surry Community College,surry-community-college,,NC,,cmox2o3oj006kqtbkdmy07agv,NJCAA_D3,Region 10,https://njcaastats.prestosports.com/sports/bsb/2024-25/div3/teams/surrycommunitycollege,0
WEBSITE_HOSTNAME,njcaastats.prestosports.com,404,cmox23alx00coqtfkwwa6kfhm,Sussex County Community College,sussex-county-community-college,,NJ,,cmox23aml00cqqtfkm5gw88x3,NJCAA_D2,Region 19,https://njcaastats.prestosports.com/sports/bsb/2024-25/div2/teams/sussexcountycommunitycollege,0
WEBSITE_HOSTNAME,njcaastats.prestosports.com,404,cmox1gk9a00bfqtsgxqoctl3d,Tallahassee State College,tallahassee-state-college,,FL,,cmox1gka000bhqtsgfawf67c8,NJCAA_D1,Region 8,https://njcaastats.prestosports.com/sports/bsb/2024-25/div1/teams/tallahasseestatecollege,0
WEBSITE_HOSTNAME,njcaastats.prestosports.com,404,cmox1gkap00biqtsgb8q7r863,Temple College,temple-college,,TX,,cmox1gkbd00bkqtsgdwywffg5,NJCAA_D1,Region 5,https://njcaastats.prestosports.com/sports/bsb/2024-25/div1/teams/templecollege,0
WEBSITE_HOSTNAME,njcaastats.prestosports.com,404,cmox2o3pb006lqtbkfaynpac8,Terra State,terra-state,,OH,,cmox2o3q3006nqtbkej5h2w05,NJCAA_D3,Region 12,https://njcaastats.prestosports.com/sports/bsb/2024-25/div3/teams/terrastate,0
WEBSITE_HOSTNAME,njcaastats.prestosports.com,404,cmox1gkc000blqtsg0cpjkqpx,Three Rivers Community College - MO,three-rivers-community-college-mo,,MO,,cmox1gkcu00bnqtsgs10u1poa,NJCAA_D1,Region 16,https://njcaastats.prestosports.com/sports/bsb/2024-25/div1/teams/threeriverscommunitycollegemo,0
WEBSITE_HOSTNAME,njcaastats.prestosports.com,404,cmox2o3qt006oqtbkhak9bo7b,Tompkins Cortland Community College,tompkins-cortland-community-college,,NY,,cmox2o3rk006qqtbktri6mmss,NJCAA_D3,Region 3,https://njcaastats.prestosports.com/sports/bsb/2024-25/div3/teams/tompkinscortlandcommunitycollege,0
WEBSITE_HOSTNAME,njcaastats.prestosports.com,404,cmox1gkdi00boqtsgvoj3d2eq,Trinidad State College,trinidad-state-college,,CO,,cmox1gke600bqqtsgg5ri45lj,NJCAA_D1,Region 9,https://njcaastats.prestosports.com/sports/bsb/2024-25/div1/teams/trinidadstatecollege,0
WEBSITE_HOSTNAME,njcaastats.prestosports.com,404,cmox1gkg900buqtsgnrq48ujw,Tyler Junior College,tyler-junior-college,,TX,,cmox1gkgy00bwqtsgvz21fibl,NJCAA_D1,Region 14,https://njcaastats.prestosports.com/sports/bsb/2024-25/div1/teams/tylerjuniorcollege,0
WEBSITE_HOSTNAME,njcaastats.prestosports.com,404,cmox23ana00crqtfkrw1vnvi0,UA Rich Mountain,ua-rich-mountain,,IN,,cmox23ao200ctqtfk51x06us6,NJCAA_D2,Region 2,https://njcaastats.prestosports.com/sports/bsb/2024-25/div2/teams/uarichmountain,0
WEBSITE_HOSTNAME,njcaastats.prestosports.com,404,cmox2o3sa006rqtbkc43ldcq1,UCNJ,ucnj,,NJ,,cmox2o3t1006tqtbk1vx0735f,NJCAA_D3,Region 19,https://njcaastats.prestosports.com/sports/bsb/2024-25/div3/teams/ucnj,0
WEBSITE_HOSTNAME,njcaastats.prestosports.com,404,cmox1gkhm00bxqtsglgq2idhq,USC Lancaster,usc-lancaster,,SC,,cmox1gkic00bzqtsgb2qaby9r,NJCAA_D1,Region 10,https://njcaastats.prestosports.com/sports/bsb/2024-25/div1/teams/usclancaster,0
WEBSITE_HOSTNAME,njcaastats.prestosports.com,404,cmox1gkj000c0qtsgx1eij6lh,USC Salkehatchie,usc-salkehatchie,,SC,,cmox1gkjp00c2qtsg252xcwx7,NJCAA_D1,Region 10,https://njcaastats.prestosports.com/sports/bsb/2024-25/div1/teams/uscsalkehatchie,0
WEBSITE_HOSTNAME,njcaastats.prestosports.com,404,cmox1gkkd00c3qtsgold75ly9,USC Sumter,usc-sumter,,SC,,cmox1gkl200c5qtsgrpd48ek9,NJCAA_D1,Region 10,https://njcaastats.prestosports.com/sports/bsb/2024-25/div1/teams/uscsumter,0
WEBSITE_HOSTNAME,njcaastats.prestosports.com,404,cmox1gklr00c6qtsg8qezbdpk,USC Union,usc-union,,SC,,cmox1gkme00c8qtsg5stut2fv,NJCAA_D1,Region 10,https://njcaastats.prestosports.com/sports/bsb/2024-25/div1/teams/uscunion,0
WEBSITE_HOSTNAME,njcaastats.prestosports.com,404,cmox23aos00cuqtfktpuiswsq,Ulster County Community College,ulster-county-community-college,,NY,,cmox23aph00cwqtfk6whrj8y7,NJCAA_D2,Region 15,https://njcaastats.prestosports.com/sports/bsb/2024-25/div2/teams/ulstercountycommunitycollege,0
WEBSITE_HOSTNAME,njcaastats.prestosports.com,404,cmox23aq600cxqtfkyjhp3w70,University of Connecticut at Avery Point,university-of-connecticut-at-avery-point,,CT,,cmox23aqv00czqtfka9drpcx8,NJCAA_D2,Region 21,https://njcaastats.prestosports.com/sports/bsb/2024-25/div2/teams/universityofconnecticutataverypoint,0
WEBSITE_HOSTNAME,njcaastats.prestosports.com,404,cmox1gkn200c9qtsgf9pf8wry,Utah State Eastern,utah-state-eastern,,UT,,cmox1gknq00cbqtsgywmfzwd6,NJCAA_D1,Region 18,https://njcaastats.prestosports.com/sports/bsb/2024-25/div1/teams/utahstateeastern,0
WEBSITE_HOSTNAME,njcaastats.prestosports.com,404,cmox1gkog00ccqtsga0ref81z,Vernon College,vernon-college,,TX,,cmox1gkp300ceqtsg7fr372cu,NJCAA_D1,Region 5,https://njcaastats.prestosports.com/sports/bsb/2024-25/div1/teams/vernoncollege,0
WEBSITE_HOSTNAME,njcaastats.prestosports.com,404,cmox23ark00d0qtfkteanoym0,Vincennes University,vincennes-university,,IN,,cmox23asa00d2qtfkynicra8i,NJCAA_D2,Region 24,https://njcaastats.prestosports.com/sports/bsb/2024-25/div2/teams/vincennesuniversity,0
WEBSITE_HOSTNAME,njcaastats.prestosports.com,404,cmox2o3tr006uqtbkrhov0y39,Virginia Peninsula Community College,virginia-peninsula-community-college,,VA,,cmox2o3uj006wqtbkyv26469z,NJCAA_D3,Region 10,https://njcaastats.prestosports.com/sports/bsb/2024-25/div3/teams/virginiapeninsulacc,0
WEBSITE_HOSTNAME,njcaastats.prestosports.com,404,cmox1gkpr00cfqtsgwc2yi7pi,Volunteer State Community College,volunteer-state-community-college,,TN,,cmox1gkqg00chqtsgfs81dalj,NJCAA_D1,Region 7,https://njcaastats.prestosports.com/sports/bsb/2024-25/div1/teams/volunteerstatecommunitycollege,0
WEBSITE_HOSTNAME,njcaastats.prestosports.com,404,cmox1gl0t00d3qtsg0vj6iryt,WVU Potomac State College,wvu-potomac-state-college,,WV,,cmox1gl1i00d5qtsg21xti2nx,NJCAA_D1,Region 20,https://njcaastats.prestosports.com/sports/bsb/2024-25/div1/teams/wvupotomacstatecollege,0
WEBSITE_HOSTNAME,njcaastats.prestosports.com,404,cmox1gkr300ciqtsgmhl2k7f2,Wabash Valley College,wabash-valley-college,,IL,,cmox1gkrs00ckqtsgu8a0j3va,NJCAA_D1,Region 24,https://njcaastats.prestosports.com/sports/bsb/2024-25/div1/teams/wabashvalleycollege,0
WEBSITE_HOSTNAME,njcaastats.prestosports.com,404,cmox23asy00d3qtfk5a7q4bqy,Wake Technical Community College,wake-technical-community-college,,NC,,cmox23atn00d5qtfk2bwwxvoc,NJCAA_D2,Region 10,https://njcaastats.prestosports.com/sports/bsb/2024-25/div2/teams/waketechnicalcommunitycollege,0
WEBSITE_HOSTNAME,njcaastats.prestosports.com,404,cmox23aub00d6qtfkuqdpvvbi,Wallace Community College-Dothan,wallace-community-college-dothan,,AL,,cmox23auy00d8qtfkjzlz7hlj,NJCAA_D2,Region 22,https://njcaastats.prestosports.com/sports/bsb/2024-25/div2/teams/wallacecommunitycollegedothan,0
WEBSITE_HOSTNAME,njcaastats.prestosports.com,404,cmox23avm00d9qtfkzb7lv6gr,Wallace Community College-Selma,wallace-community-college-selma,,MA,,cmox23awb00dbqtfknkbumzi8,NJCAA_D2,Region 22,https://njcaastats.prestosports.com/sports/bsb/2024-25/div2/teams/wallacecommunitycollegeselma,0
WEBSITE_HOSTNAME,njcaastats.prestosports.com,404,cmox1gksg00clqtsgbvxep6gl,Wallace State Community College-Hanceville,wallace-state-community-college-hanceville,,IL,,cmox1gkt600cnqtsgv7edcuop,NJCAA_D1,Region 22,https://njcaastats.prestosports.com/sports/bsb/2024-25/div1/teams/wallacestatecommunitycollegehancevil,0
WEBSITE_HOSTNAME,njcaastats.prestosports.com,404,cmox1gktv00coqtsgc6v2fzzt,Walters State Community College,walters-state-community-college,,TN,,cmox1gkuj00cqqtsg20d3h233,NJCAA_D1,Region 7,https://njcaastats.prestosports.com/sports/bsb/2024-25/div1/teams/waltersstatecommunitycollege,0
WEBSITE_HOSTNAME,njcaastats.prestosports.com,404,cmox2o3v8006xqtbk0p0dpqt7,Waubonsee Community College,waubonsee-community-college,,IL,,cmox2o3vy006zqtbkuge73stj,NJCAA_D3,Region 4,https://njcaastats.prestosports.com/sports/bsb/2024-25/div3/teams/waubonseecommunitycollege,0
WEBSITE_HOSTNAME,njcaastats.prestosports.com,404,cmox1gkv800crqtsgb7ei8hlo,Weatherford College,weatherford-college,,TX,,cmox1gkvw00ctqtsgsrnj5irn,NJCAA_D1,Region 5,https://njcaastats.prestosports.com/sports/bsb/2024-25/div1/teams/weatherfordcollege,0
WEBSITE_HOSTNAME,njcaastats.prestosports.com,404,cmox23ax100dcqtfkixn0o5r0,Westchester Community College,westchester-community-college,,NY,,cmox23axr00deqtfkq4pck2k7,NJCAA_D2,Region 15,https://njcaastats.prestosports.com/sports/bsb/2024-25/div2/teams/westchestercommunitycollege,0
WEBSITE_HOSTNAME,njcaastats.prestosports.com,404,cmox1gkwn00cuqtsgahiksw3o,Western Nebraska Community College,western-nebraska-community-college,,NE,,cmox1gkxb00cwqtsgq6whiyt7,NJCAA_D1,Region 9,https://njcaastats.prestosports.com/sports/bsb/2024-25/div1/teams/westernnebraskacommunitycollege,0
WEBSITE_HOSTNAME,njcaastats.prestosports.com,404,cmox23ayg00dfqtfk1u7ly64f,Western Oklahoma State College,western-oklahoma-state-college,,OK,,cmox23az500dhqtfkhav56xf2,NJCAA_D2,Region 2,https://njcaastats.prestosports.com/sports/bsb/2024-25/div2/teams/westernoklahomastatecollege,0
WEBSITE_HOSTNAME,njcaastats.prestosports.com,404,cmox2o3wp0070qtbkiluu4rwj,Western Technical College,western-technical-college,,WI,,cmox2o3xe0072qtbknma7e261,NJCAA_D3,Region 13,https://njcaastats.prestosports.com/sports/bsb/2024-25/div3/teams/westerntechnicalcollege,0
WEBSITE_HOSTNAME,njcaastats.prestosports.com,404,cmox1gky300cxqtsgcg0ex03r,Western Texas College,western-texas-college,,TX,,cmox1gkyq00czqtsgijdtd275,NJCAA_D1,Region 5,https://njcaastats.prestosports.com/sports/bsb/2024-25/div1/teams/westerntexascollege,0
WEBSITE_HOSTNAME,njcaastats.prestosports.com,404,cmox23azu00diqtfkp5kot3nj,Westmoreland County Community College,westmoreland-county-community-college,,PA,,cmox23b0l00dkqtfkyiserx1e,NJCAA_D2,Region 20,https://njcaastats.prestosports.com/sports/bsb/2024-25/div2/teams/westmorelandcountycc,0
WEBSITE_HOSTNAME,njcaastats.prestosports.com,404,cmox1gkzf00d0qtsgnq4fvfir,Wharton County Junior College,wharton-county-junior-college,,TX,,cmox1gl0500d2qtsg1smirwwh,NJCAA_D1,Region 14,https://njcaastats.prestosports.com/sports/bsb/2024-25/div1/teams/whartoncountyjuniorcollege,0
WEBSITE_HOSTNAME,njcaastats.prestosports.com,404,cmox23b1a00dlqtfkj3zj56u5,Williston State College,williston-state-college,,ND,,cmox23b1z00dnqtfkm75g2u5j,NJCAA_D2,Region 13,https://njcaastats.prestosports.com/sports/bsb/2024-25/div2/teams/willistonstatecollege,0
WEBSITE_HOSTNAME,njcaastats.prestosports.com,404,cmox1gl2700d6qtsg49sd4h9t,Yavapai College,yavapai-college,,AZ,,cmox1gl2x00d8qtsgypoa48aa,NJCAA_D1,Region 1,https://njcaastats.prestosports.com/sports/bsb/2024-25/div1/teams/yavapaicollege,0
