id,name,slug,city,state,zipCode,latitude,longitude,division,conference
"cmou8cth500niqtloqxbbcs7q","Abilene Christian University","abilene-christian-university","Abilene","TX","79699","32.4697","-99.7081","",""
"cmowzryn20000qt4wsg538yat","Abraham Baldwin","abraham-baldwin","","GA.","","","","",""
"cmovlhr130000qt20ulkherhe","Adams State","adams-state","Alamosa","Colorado","","","","",""
"cmovlhr7v0003qt200jeu4smn","Adelphi","adelphi","Garden City","New York","","","","",""
"cmovorlan0000qt7g3byppnen","Adrian College","adrian-college","","MI","","","","",""
"cmou7y6lb00i0qtoctz1o5gup","Air Force Academy","air-force-academy","Colorado Springs","CO","80840","38.9986","-104.8617","",""
"cmou8bk4r00miqtuwipz7ujxn","Alabama A&M University","alabama-am-university","Huntsville","AL","35762","34.7834","-86.5685","",""
"cmou8bk6700mlqtuw9jg9v0hr","Alabama State University","alabama-state-university","Montgomery","AL","36104","32.3643","-86.2957","",""
"cmovlhr9e0006qt20s04zbjga","Alabama–Huntsville","alabama-huntsville","Huntsville","Alabama","","","","",""
"cmovlhrax0009qt20fz510cen","Albany State","albany-state","Albany","Georgia","","","","",""
"cmovorli30003qt7ghyzowd2w","Albertus Magnus College","albertus-magnus-college","","CT","","","","",""
"cmovorljq0006qt7guvyvw5kf","Albion College","albion-college","","MI","","","","",""
"cmovorllg0009qt7g9y8000ha","Albright College","albright-college","","PA","","","","",""
"cmou8bk7r00moqtuw877oh8ym","Alcorn State University","alcorn-state-university","Lorman","MS","","","","",""
"cmox2o0dw0000qtbkh1ptknlj","Alexandria Technical & Community College","alexandria-technical-and-community-college","","MN","","","","",""
"cmovorlmz000cqt7g6b3h0uae","Alfred State College","alfred-state-college","","NY","","","","",""
"cmovorloo000fqt7gouomds2d","Alfred University","alfred-university","","NY","","","","",""
"cmox234et0000qtfk8px55yy1","Allegany College of Maryland","allegany-college-of-maryland","","ND","","","","",""
"cmovorlqa000iqt7gtt2cbsy5","Allegheny College","allegheny-college","","PA","","","","",""
"cmox1gesh0000qtsgs8vvl5m1","Allen County Community College","allen-county-community-college","","KS","","","","",""
"cmovorlsi000lqt7gbw11d3am","Alma College","alma-college","","MI","","","","",""
"cmox234m30003qtfkct75nb3j","Alpena Community College","alpena-community-college","","MI","","","","",""
"cmovorlty000oqt7ghdxlcmrz","Alvernia University","alvernia-university","","PA","","","","",""
"cmovorlve000rqt7gqjl9p7fo","Alverno College","alverno-college","","WI","","","","",""
"cmox1geyb0003qtsgpr2889g6","Alvin Community College","alvin-community-college","","TX","","","","",""
"cmox1gezp0006qtsgkj63ex7n","Amarillo College","amarillo-college","","TX","","","","",""
"cmovlhrce000cqt20hho8lvjn","American International","american-international","Springfield","Massachusetts","","","","",""
"cmovorlwv000uqt7gxo4s68kz","Amherst College","amherst-college","","MA","","","","",""
"cmovlhrdv000fqt20fc4cz94u","Anderson","anderson","Anderson","South Carolina","","","","",""
"cmorjaspu0043qt4w1kqv72qo","Anderson University","anderson-university-sc","Anderson","SC","","","","",""
"cmovorlyc000xqt7goysijgft","Anderson University (Indiana)","anderson-university-indiana","","IN","","","","",""
"cmox1gf130009qtsg5t8u03t9","Andrew College","andrew-college","","GA","","","","",""
"cmox1gf2i000cqtsgqvk0bc2b","Angelina College","angelina-college","","TX","","","","",""
"cmovlhrfb000iqt20crgtp6ep","Angelo State","angelo-state","San Angelo","Texas","","","","",""
"cmovorm0h0010qt7g08xyro2x","Anna Maria College","anna-maria-college","","MA","","","","",""
"cmox234nk0006qtfk9kcfd0gh","Anne Arundel Community College","anne-arundel-community-college","","MD","","","","",""
"cmox2o0i10003qtbkbuwc3e6d","Anoka-Ramsey Community College","anoka-ramsey-community-college","","MN","","","","",""
"cmorirv6d0013qtm0857czvw2","Appalachian State University","appalachian-state-university","Boone","NC","","","","",""
"cmowzrysg0003qt4wbdg2f2jr","Aquinas","aquinas","","MICH.","","","","",""
"cmovorm1y0013qt7gvxboam20","Arcadia University","arcadia-university","","PA","","","","",""
"cmosumzx30049qtlgomg2y8hl","Arizona","arizona","Tucson","AZ","","","","",""
"cmox063zr0006qtgch1gd613b","Arizona Christian","arizona-christian","","AZ","","","","",""
"cmosumzyf004cqtlgurkdv8j2","Arizona State University","arizona-state-university","Tempe","AZ","","","","",""
"cmox1gf3v000fqtsgrot5pubs","Arizona Western College","arizona-western-college","","AZ","","","","",""
"cmox0641a0009qtgc0iweu1f4","Arkansas Baptist","arkansas-baptist","","AR","","","","",""
"cmox234oz0009qtfk9gtz21k6","Arkansas State Mid-South","arkansas-state-mid-south","","AR","","","","",""
"cmou3bz6n005oqtvovcdaj57a","Arkansas State University","arkansas-state-university","Jonesboro","AR","","","","",""
"cmox234qg000cqtfkuqal77s4","Arkansas State University - Three Rivers","arkansas-state-university-three-rivers","","AR","","","","",""
"cmox234rv000fqtfkmqhap0bm","Arkansas State University Mountain Home","arkansas-state-university-mountain-home","","AR","","","","",""
"cmovlhrgo000lqt20zp8tb7tz","Arkansas Tech","arkansas-tech","Russellville","Arkansas","","","","",""
"cmovlhri3000oqt20u6r15lsu","Arkansas–Fort Smith","arkansas-fort-smith","Fort Smith","Arkansas","","","","",""
"cmovlhrjh000rqt20cuww3urq","Arkansas–Monticello","arkansas-monticello","Monticello","Arkansas","","","","",""
"cmou853t900kfqtiwom7baojh","Army West Point","army-west-point","West Point","NY","","","","",""
"cmovorm3e0016qt7gnrklnwpu","Asbury University","asbury-university","","KY","","","","",""
"cmovlhrky000uqt2099dh2jzq","Ashland","ashland","Ashland","Ohio","","","","",""
"cmovlhrme000xqt20711ftf65","Assumption","assumption","Worcester","Massachusetts","","","","",""
"cmox2o0ji0006qtbkzyj3c0ai","Atlantic Cape Community College","atlantic-cape-community-college","","NJ","","","","",""
"cmovlhrnv0010qt20wy8uaj1a","Auburn Montgomery","auburn-montgomery","Montgomery","Alabama","","","","",""
"cmosp9qds001iqtyg1wl3lj4x","Auburn University","auburn-university","Auburn","AL","36849","32.6034","-85.4863","",""
"cmovorm4u0019qt7gf5eg3mrt","Augsburg University","augsburg-university","","MN","","","","",""
"cmovlhrpa0013qt20jlh6xwai","Augusta","augusta","Augusta","Georgia","","","","",""
"cmovlhrqr0016qt20k7o4jnhb","Augustana","augustana","Sioux Falls","South Dakota","","","","",""
"cmovorm69001cqt7gwh0u7lgx","Augustana College (Illinois)","augustana-college-illinois","","IL","","","","",""
"cmovorm7r001fqt7gtgi86m7i","Aurora University","aurora-university","","IL","","","","",""
"cmovorm97001iqt7gu3uem04g","Austin College","austin-college","","TX","","","","",""
"cmou6925b009cqt1gkx1kghnj","Austin Peay State University","austin-peay-state-university","Clarksville","TN","","","","",""
"cmox0642r000cqtgch0h1atsx","Ave Maria","ave-maria","","FL","","","","",""
"cmovormap001lqt7gre58wqw7","Averett University","averett-university","","VA","","","","",""
"cmowzrytw0006qt4wacqwr2gf","Avila","avila","","MO","","","","",""
"cmovlhrs60019qt20u2bh06fq","Azusa Pacific","azusa-pacific","Azusa","California","","","","",""
"cmosun015004iqtlg3arpxgbi","BYU","byu","Provo","UT","","","","",""
"cmox0645g000iqtgc55oneldh","Baker","baker","","KS","","","","",""
"cmovormc5001oqt7gqq50ydg3","Baldwin Wallace University","baldwin-wallace-university","","OH","","","","",""
"cmou7skej00frqtagr0af6s2l","Ball State University","ball-state-university","Muncie","IN","","","","",""
"cmovormdq001rqt7g5edt34ti","Bard College","bard-college","","NY","","","","",""
"cmovlhrtl001cqt20pohi1t33","Barry","barry","Miami Shores","Florida","","","","",""
"cmovlhrv3001fqt20zotlkdgo","Barton","barton","Wilson","North Carolina","","","","",""
"cmorjasv6004fqt4wjb7nrzah","Barton College","barton-college","Wilson","NC","","","","",""
"cmox1gf59000iqtsgg23jyda0","Barton Community College","barton-community-college","","KS","","","","",""
"cmovormf5001uqt7gleh2v84p","Bates College","bates-college","","ME","","","","",""
"cmox1gf6p000lqtsgw810db4k","Baton Rouge Community College","baton-rouge-community-college","","LA","","","","",""
"cmox234tb000iqtfkko7tsa34","Bay College","bay-college","","MI","","","","",""
"cmosumzzu004fqtlg454szeg8","Baylor University","baylor-university","Waco","TX","","","","",""
"cmovormgl001xqt7gqupckdn8","Belhaven University","belhaven-university","","MS","","","","",""
"cmou6926p009fqt1gv6h5xaxk","Bellarmine University","bellarmine-university","Louisville","KY","","","","",""
"cmowzryve0009qt4w4wlg04nk","Bellevue","bellevue","","NE","","","","",""
"cmovlhrwi001iqt205ckj8ztr","Belmont Abbey","belmont-abbey","Belmont","North Carolina","","","","",""
"cmorj0gse002iqtiog740vnk9","Belmont Abbey College","belmont-abbey-college","Belmont","NC","","","","",""
"cmou7wkoo00hxqt5s9a60o3y4","Belmont University","belmont-university","Nashville","TN","","","","",""
"cmovormi00020qt7g92d2b8ai","Beloit College","beloit-college","","WI","","","","",""
"cmovlhrxw001lqt201mmc7r2k","Bemidji State","bemidji-state","Bemidji","Minnesota","","","","",""
"cmovlhrza001oqt20lp3a51xb","Benedict","benedict","Columbia","South Carolina","","","","",""
"cmowzrywy000cqt4wzskexlt2","Benedictine","benedictine","","KS","","","","",""
"cmox0649h000rqtgcaps3f0qu","Benedictine Mesa","benedictine-mesa","","AZ","","","","",""
"cmovormjf0023qt7gjp2e75aa","Benedictine University (Illinois)","benedictine-university-illinois","","IL","","","","",""
"cmovlhs0n001rqt20hdzieczh","Bentley","bentley","Waltham","Massachusetts","","","","",""
"cmovormkw0026qt7gc0fqh6fe","Berea College","berea-college","","KY","","","","",""
"cmox2o0kz0009qtbk8078yso5","Bergen Community College","bergen-community-college","","NJ","","","","",""
"cmovormmo0029qt7g5yr3kqb8","Berry College","berry-college","","GA","","","","",""
"cmowzryyd000fqt4w75l1pt86","Bethany","bethany","","KS","","","","",""
"cmovormoh002cqt7g1z9fmljf","Bethany College (West Virginia)","bethany-college-west-virginia","","WV","","","","",""
"cmovormpx002fqt7gnwl2j59m","Bethany Lutheran College","bethany-lutheran-college","","MN","","","","",""
"cmowzryzu000iqt4wi8kavbkx","Bethel","bethel","","TN","","","","",""
"cmovormrd002iqt7g48y7z46a","Bethel University (Minnesota)","bethel-university-minnesota","","MN","","","","",""
"cmou8bk9700mrqtuwxcss2rbf","Bethune-Cookman University","bethune-cookman-university","Daytona Beach","FL","","","","",""
"cmox234ut000lqtfk4oz8sdut","Bevill State Community College","bevill-state-community-college","","AL","","","","",""
"cmovlhs21001uqt20utdzk8ls","Biola","biola","La Mirada","California","","","","",""
"cmox234w7000oqtfk8hdllep8","Bishop State Community College","bishop-state-community-college","","AL","","","","",""
"cmox234xk000rqtfk5uh31vu3","Bismarck State College","bismarck-state-college","","ND","","","","",""
"cmox234yy000uqtfkmj04pqiz","Black Hawk College","black-hawk-college","","IL","","","","",""
"cmovormst002lqt7g8x6b62t6","Blackburn College","blackburn-college","","IL","","","","",""
"cmox1gf86000oqtsgug004uy2","Blinn College","blinn-college","","TX","","","","",""
"cmovlhs3g001xqt200z2brem5","Bloomsburg","bloomsburg","Bloomsburg","Pennsylvania","","","","",""
"cmowzrz19000lqt4w1y1r6d6b","Blue Mountain Christian","blue-mountain-christian","","MS","","","","",""
"cmowzrz2p000oqt4wud5eghaw","Bluefield","bluefield","","VA","","","","",""
"cmovlhs4x0020qt203vlxxxip","Bluefield State","bluefield-state","Bluefield","West Virginia","","","","",""
"cmovormud002oqt7gjo8xcygt","Bluffton University","bluffton-university","","OH","","","","",""
"cmou3xrc4006oqt5s6xbcss6r","Boise State University","boise-state-university","Boise","ID","","","","",""
"cmox2o0mg000cqtbk6xnygyvm","Borough of Manhattan Community College","borough-of-manhattan-community-college","","NY","","","","",""
"cmox1gf9h000rqtsg5p7im7p5","Bossier Parish Community College","bossier-parish-community-college","","LA","","","","",""
"cmosownei0000qtuolkw0dovw","Boston College","boston-college","Chestnut Hill","MA","","","","",""
"cmou7skg500fuqtagtydmsfwo","Bowling Green State University","bowling-green-state-university","Bowling Green","OH","","","","",""
"cmou7wk9s00h3qt5skvjnlqhv","Bradley University","bradley-university","Peoria","IL","","","","",""
"cmovormvv002rqt7glyofod7r","Brandeis University","brandeis-university","","MA","","","","",""
"cmowzrz46000rqt4wrxx7o7a9","Brescia","brescia","","KY","","","","",""
"cmorj0h1e0030qtio8oel8hpk","Brevard College","brevard-college","Brevard","NC","","","","",""
"cmowzrz5k000uqt4wc3s1vgx6","Brewton-Parker","brewton-parker","","GA","","","","",""
"cmowzrz74000xqt4wdm59y6gz","Briar Cliff","briar-cliff","","IA","","","","",""
"cmovlhs6e0023qt20tqa24mev","Bridgeport","bridgeport","Bridgeport","Connecticut","","","","",""
"cmovormzs002xqt7g2q35bc1i","Bridgewater College (Virginia)","bridgewater-college-virginia","","VA","","","","",""
"cmovorn1l0030qt7g2ufsvzwt","Bridgewater State University","bridgewater-state-university","","MA","","","","",""
"cmox064lo001iqtgcjv8mnkmc","British Columbia","british-columbia","","BC","","","","",""
"cmox2o0ny000fqtbkdjwm6sfi","Bronx Community College","bronx-community-college","","NY","","","","",""
"cmox2o0pe000iqtbk5zpv57jm","Brookdale Community College","brookdale-community-college","","NJ","","","","",""
"cmou7ekn200e3qtx8xqee53qh","Brown University","brown-university","Providence","RI","","","","",""
"cmox2350b000xqtfk7ry7jc8q","Brunswick Community College","brunswick-community-college","","NC","","","","",""
"cmowzrz8k0010qt4wjdckub80","Bryan","bryan","","TN","","","","",""
"cmorj0ha0003iqtion1ocego7","Bryan College","bryan-college","Dayton","TN","","","","",""
"cmox2351r0010qtfki4exm5ci","Bryant & Stratton","bryant-and-stratton","","OH","","","","",""
"cmox235370013qtfk8y2sxj30","Bryant & Stratton College","bryant-and-stratton-college","","WI","","","","",""
"cmou853uk00kiqtiwr4lsp4p6","Bucknell University","bucknell-university","Lewisburg","PA","","","","",""
"cmovorn450033qt7g7o81jtxu","Buena Vista University","buena-vista-university","","IA","","","","",""
"cmovorn6f0036qt7g441tdknv","Buffalo State, State University of New York","buffalo-state-state-university-of-new-york","","NY","","","","",""
"cmox2o0qy000lqtbkb5hvpuw9","Bunker Hill Community College","bunker-hill-community-college","","MA","","","","",""
"cmowzrz9y0013qt4w9muhmjp3","Bushnell","bushnell","","OR","","","","",""
"cmox1gfaz000uqtsg2kizpb3y","Butler Community College - KS","butler-community-college-ks","","KS","","","","",""
"cmou6b9zt00a9qticvdpbknf5","Butler University","butler-university","Indianapolis","IN","","","","",""
"cmox2359d001fqtfkt0k7hmwr","CC of Allegheny County","cc-of-allegheny-county","","PA","","","","",""
"cmox235ap001iqtfkim5jqg9p","CCBC Catonsville","ccbc-catonsville","","MD","","","","",""
"cmox235c3001lqtfkwf51n64p","CCBC Dundalk","ccbc-dundalk","","MD","","","","",""
"cmox235di001oqtfk48ov0qw8","CCBC Essex","ccbc-essex","","MD","","","","",""
"cmowzrzhj001iqt4wu3gf43ii","CIU","ciu","","SC","","","","",""
"cmovlhtlg0050qt20wdcy3hel","CSU Pueblo","csu-pueblo","Pueblo","Colorado","","","","",""
"cmovorn7z0039qt7gofoaab8p","Cairn University","cairn-university","","PA","","","","",""
"cmovlhs970029qt20yd3flr8f","Cal Poly Pomona","cal-poly-pomona","Pomona","California","","","","",""
"cmovlhsam002cqt20pv0oe6ri","Cal State Dominguez Hills","cal-state-dominguez-hills","Carson","California","","","","",""
"cmovlhsc0002fqt20cwit19mj","Cal State East Bay","cal-state-east-bay","Hayward","California","","","","",""
"cmovlhsde002iqt20f9btgc0e","Cal State Los Angeles","cal-state-los-angeles","Los Angeles","California","","","","",""
"cmovlhset002lqt20pjef7x4j","Cal State Monterey Bay","cal-state-monterey-bay","Seaside","California","","","","",""
"cmovlhsg9002oqt20bci04mfd","Cal State San Bernardino","cal-state-san-bernardino","San Bernardino","California","","","","",""
"cmovlhshl002rqt20c0s8gsn7","Cal State San Marcos","cal-state-san-marcos","San Marcos","California","","","","",""
"cmovlhsiz002uqt20bcz8909f","Cal State Stanislaus","cal-state-stanislaus","Turlock","California","","","","",""
"cmovlhs7t0026qt20364mi6rj","Caldwell","caldwell","Caldwell","New Jersey","","","","",""
"cmox2o0se000oqtbk5p23woms","Caldwell Community College & Technical Institute","caldwell-community-college-and-technical-institute","","NC","","","","",""
"cmox1gfce000xqtsgvavjcgow","Calhoun Community College","calhoun-community-college","","AL","","","","",""
"cmovlhskc002xqt20uytty0s7","California (PA)","california-pa","California","Pennsylvania","","","","",""
"cmou8ctii00nlqtlojaynels8","California Baptist University","california-baptist-university","Riverside","CA","","","","",""
"cmovorn9g003cqt7g3j6pvu2i","California Institute of Technology","california-institute-of-technology","","CA","","","","",""
"cmovornaw003fqt7gjgozynjs","California Lutheran University","california-lutheran-university","","CA","","","","",""
"cmou7y6to00iiqtoccnzql78p","California State University Fresno","california-state-university-fresno","Fresno","CA","","","","",""
"cmowzrzbf0016qt4wfhlncr35","Calumet","calumet","","IN","","","","",""
"cmovorncf003iqt7glut87nsf","Calvin University","calvin-university","","MI","","","","",""
"cmox2o0tx000rqtbkzs7n60v2","Camden County College","camden-county-college","","NJ","","","","",""
"cmovlhslq0030qt20qud0l15o","Cameron","cameron","Lawton","Oklahoma","","","","",""
"cmox2o0vd000uqtbkyhkbt6ij","Camp Community College","camp-community-college","","VA","","","","",""
"cmorirv530010qtm0xxcup0nz","Campbell University","campbell-university","Buies Creek","NC","","","","",""
"cmox064r0001uqtgcyhmfa4ad","Campbellsville","campbellsville","","KY","","","","",""
"cmou7g4yd00erqtkwsinl2cv7","Canisius University","canisius-university","Buffalo","NY","","","","",""
"cmovorndx003lqt7gf3ync7z5","Capital University","capital-university","","OH","","","","",""
"cmox2354r0016qtfkakmcyf2u","Carl Albert State College","carl-albert-state-college","","OK","","","","",""
"cmox235690019qtfkbqjl2dwv","Carl Sandburg College","carl-sandburg-college","","IL","","","","",""
"cmovornfe003oqt7gxb2orxhy","Carleton College","carleton-college","","MN","","","","",""
"cmovorngs003rqt7gw97aavio","Carlow University","carlow-university","","PA","","","","",""
"cmowzrzct0019qt4wgwahltd6","Carolina","carolina","","N.C.","","","","",""
"cmovorni6003uqt7gy8bee8k5","Carroll University (Wisconsin)","carroll-university-wisconsin","","WI","","","","",""
"cmorjat1z004uqt4wcy4dc9a9","Carson-Newman University","carson-newman-university","Jefferson City","TN","","","","",""
"cmovlhsn50033qt2045onupu0","Carson–Newman","carson-newman","Jefferson City","Tennessee","","","","",""
"cmovornjl003xqt7go41f8xvw","Carthage College","carthage-college","","WI","","","","",""
"cmovornl20040qt7ge5ab4ihb","Case Western Reserve University","case-western-reserve-university","","OH","","","","",""
"cmovlhsoi0036qt20a0hkubod","Catawba","catawba","Salisbury","North Carolina","","","","",""
"cmorj0gws002rqtiorgfzda9h","Catawba College","catawba-college","Salisbury","NC","","","","",""
"cmox2357y001cqtfkolbve8a8","Catawba Valley Community College","catawba-valley-community-college","","NC","","","","",""
"cmovornmy0043qt7gwhrnk0m6","Catholic University","catholic-university","","DC","","","","",""
"cmox2o0wt000xqtbk9plqcdqd","Cayuga Community College","cayuga-community-college","","NY","","","","",""
"cmox235ew001rqtfk7hveubl8","Cecil College","cecil-college","","MD","","","","",""
"cmovlhspw0039qt20xbg1u0i3","Cedarville","cedarville","Cedarville","Ohio","","","","",""
"cmovornof0046qt7g0l3xfj25","Centenary College (Louisiana)","centenary-college-louisiana","","LA","","","","",""
"cmovornpw0049qt7gy3z4yz6r","Centenary University (New Jersey)","centenary-university-new-jersey","","NJ","","","","",""
"cmox235gc001uqtfklqh3okg2","Central Alabama Community College","central-alabama-community-college","","AL","","","","",""
"cmox1gfdw0010qtsgqhkf3e53","Central Arizona College","central-arizona-college","","AZ","","","","",""
"cmowzrzeb001cqt4wjs0rswex","Central Baptist","central-baptist","","ARK.","","","","",""
"cmowzrzfr001fqt4wjyk1e88l","Central Christian","central-christian","","KS","","","","",""
"cmovornrg004cqt7gs5y6myfv","Central College (Iowa)","central-college-iowa","","IA","","","","",""
"cmou7zw9900j0qt18f8v0lvet","Central Connecticut State University","central-connecticut-state-university","New Britain","CT","","","","",""
"cmox2o0y90010qtbkd2383oke","Central Lakes College-Brainerd","central-lakes-college-brainerd","","MN","","","","",""
"cmox064v10023qtgczbgq56zf","Central Methodist","central-methodist","","MO","","","","",""
"cmou7skhl00fxqtagpa6mymfq","Central Michigan University","central-michigan-university","Mount Pleasant","MI","","","","",""
"cmovlhsra003cqt20g9m80ph7","Central Missouri","central-missouri","Warrensburg","Missouri","","","","",""
"cmovlhsso003fqt20m8hwl8fs","Central Oklahoma","central-oklahoma","Edmond","Oklahoma","","","","",""
"cmovlhsu4003iqt20zmpq4jwt","Central Washington","central-washington","Ellensburg","Washington","","","","",""
"cmovorntm004fqt7gnaky96ao","Centre College","centre-college","","KY","","","","",""
"cmox2o0zq0013qtbkuh4wv7ct","Century College","century-college","","MN","","","","",""
"cmovlhsvj003lqt209l897594","Chaminade","chaminade","Honolulu","Hawaii","","","","",""
"cmox235hr001xqtfk8edzbigb","Chandler-Gilbert Community College","chandler-gilbert-community-college","","AZ","","","","",""
"cmovornvf004iqt7g0gvvkosm","Chapman University","chapman-university","","CA","","","","",""
"cmovlhsx1003oqt20ojp6ncph","Charleston (WV)","charleston-wv","Charleston","West Virginia","","","","",""
"cmou6tv0000b6qti0uw8kd0th","Charleston Southern University","charleston-southern-university","Charleston","SC","","","","",""
"cmovornwx004lqt7gknjky6jn","Chatham University","chatham-university","","PA","","","","",""
"cmox1gffa0013qtsgti41kyix","Chattahoochee Valley Community College","chattahoochee-valley-community-college","","AL","","","","",""
"cmox1gfgo0016qtsgs9ugt5nt","Chattanooga State Community College","chattanooga-state-community-college","","TN","","","","",""
"cmox235j70020qtfkl3uukpn3","Chesapeake College","chesapeake-college","","MD","","","","",""
"cmovlhsyg003rqt20hxxyjm8v","Chestnut Hill","chestnut-hill","Philadelphia","Pennsylvania","","","","",""
"cmovlhszu003uqt20vedg0aye","Chico State","chico-state","Chico","California","","","","",""
"cmox1gfi80019qtsgps2z311s","Chipola  College","chipola-college","","FL","","","","",""
"cmovlht1a003xqt2035itxshf","Chowan","chowan","Murfreesboro","North Carolina","","","","",""
"cmovlht2n0040qt20mrxozpfq","Christian Brothers","christian-brothers","Memphis","Tennessee","","","","",""
"cmovornyc004oqt7gv7ftlyau","Christopher Newport University","christopher-newport-university","","VA","","","","",""
"cmox1gfjl001cqtsggloi1bif","Cisco College","cisco-college","","TX","","","","",""
"cmovlht420043qt20jxz6elgz","Claflin","claflin","Orangeburg","South Carolina","","","","",""
"cmovornzy004rqt7gcy4a8rhq","Claremont McKenna-Harvey Mudd-Scripps Colleges","claremont-mckenna-harvey-mudd-scripps-colleges","","CA","","","","",""
"cmox1gfl0001fqtsgrzw6ofzz","Clarendon College","clarendon-college","","TX","","","","",""
"cmovlht8k0049qt20i96vsaib","Clarion","clarion","Clarion","Pennsylvania","","","","",""
"cmovlht5k0046qt20ifm6zkcf","Clark Atlanta","clark-atlanta","Atlanta","Georgia","","","","",""
"cmox235km0023qtfkno6e1o10","Clark State College","clark-state-college","","OH","","","","",""
"cmowzrzj0001lqt4wws226tj0","Clarke","clarke","","IA","","","","",""
"cmovoro1h004uqt7gtkh9ajbi","Clarkson University","clarkson-university","","NY","","","","",""
"cmowzrzkk001oqt4wwekf7ggs","Cleary","cleary","","MI","","","","",""
"cmorihuy70003qth8lteegu87","Clemson University","clemson-university","Clemson","SC","","","","",""
"cmorjat750056qt4wgah72i8t","Cleveland Community College","cleveland-community-college","Shelby","NC","","","","",""
"cmox1gfme001iqtsg23nqcgwc","Cleveland State Community College","cleveland-state-community-college","","TN","","","","",""
"cmox1gfnw001lqtsg7fvs7z66","Cloud County Community College","cloud-county-community-college","","KS","","","","",""
"cmox235nt0029qtfkhy9cb6k7","Coahoma Community College","coahoma-community-college","","MS","","","","",""
"cmox235p7002cqtfkantrt3ir","Coastal Alabama - North","coastal-alabama-north","","AL","","","","",""
"cmox1gfp7001oqtsgbphrk1lp","Coastal Alabama - South","coastal-alabama-south","","AL","","","","",""
"cmox1gfqj001rqtsgskc12egd","Coastal Bend College","coastal-bend-college","","TX","","","","",""
"cmou3bz97005rqtvofgt7p17h","Coastal Carolina University","coastal-carolina-university","Conway","SC","","","","",""
"cmox1gfrx001uqtsgjm4zjbds","Cochise College","cochise-college","","AZ","","","","",""
"cmovoro37004xqt7gejqc062h","Coe College","coe-college","","IA","","","","",""
"cmox1gft9001xqtsg5fezijcy","Coffeyville Community College","coffeyville-community-college","","KS","","","","",""
"cmovlhtk1004xqt20njtti1j5","Coker","coker","Hartsville","South Carolina","","","","",""
"cmorj0go50029qtiomu7nhxok","Coker University","coker-university","Hartsville","SC","","","","",""
"cmovoro4q0050qt7gtqoup40h","Colby College","colby-college","","ME","","","","",""
"cmox1gfum0020qtsgezoyy7fd","Colby Community College","colby-community-college","","KS","","","","",""
"cmovoro660053qt7glc7trly7","Colby-Sawyer College","colby-sawyer-college","","NH","","","","",""
"cmox1gfvz0023qtsggc70ytsw","College of Central Florida","college-of-central-florida","","FL","","","","",""
"cmorihv0l0006qth8tj4axfti","College of Charleston","college-of-charleston","Charleston","SC","","","","",""
"cmox2o1170016qtbkgk4vxtdy","College of DuPage","college-of-dupage","","IL","","","","",""
"cmox06509002fqtgcjaki8slx","College of Idaho","college-of-idaho","","ID","","","","",""
"cmox235qm002fqtfkuqtlw0fr","College of Lake County","college-of-lake-county","","IL","","","","",""
"cmovoro7k0056qt7g26xc8nu2","College of Saint Benedict","college-of-saint-benedict","","MN","","","","",""
"cmox1gfxe0026qtsgf9u98eeg","College of Southern Idaho","college-of-southern-idaho","","ID","","","","",""
"cmox235rz002iqtfkwm4d9287","College of Southern Maryland","college-of-southern-maryland","","ND","","","","",""
"cmox1gfyv0029qtsgyyiotlq4","College of Southern Nevada","college-of-southern-nevada","","NV","","","","",""
"cmou853vy00klqtiwxsprvd34","College of the Holy Cross","college-of-the-holy-cross","Worcester","MA","","","","",""
"cmovlhta1004cqt20lxgtck5b","Colorado Christian","colorado-christian","Lakewood","Colorado","","","","",""
"cmovoro8z0059qt7goc8b9pqu","Colorado College","colorado-college","","CO","","","","",""
"cmovlhtbe004fqt20uc4nwxoq","Colorado Mesa","colorado-mesa","Grand Junction","Colorado","","","","",""
"cmovlhtcz004iqt20abm4bop1","Colorado Mines","colorado-mines","Golden","Colorado","","","","",""
"cmox1gg09002cqtsgt5n277or","Colorado Northwestern Community College","colorado-northwestern-community-college","","CO","","","","",""
"cmou3xres006rqt5sroo5bttq","Colorado State University","colorado-state-university","Fort Collins","CO","","","","",""
"cmowzrzm0001rqt4wm5n56kzt","Columbia","columbia","","MO","","","","",""
"cmox1gg1n002fqtsgwq02qnch","Columbia State Community College","columbia-state-community-college","","TN","","","","",""
"cmou7ekoe00e6qtx8h6vtazjr","Columbia University","columbia-university","New York","NY","","","","",""
"cmox2o12r0019qtbkypzghh8j","Columbia-Greene Community College","columbia-greene-community-college","","NY","","","","",""
"cmovlhtef004lqt20d2rdayo5","Columbus State","columbus-state","Columbus","Georgia","","","","",""
"cmox235tc002lqtfk1sxcqpye","Community Christian","community-christian","","MI","","","","",""
"cmox1gg33002iqtsgotxbo0qh","Community Christian College","community-christian-college","","CA","","","","",""
"cmox2o14a001cqtbkkjdwv4pc","Community College of Rhode Island","community-college-of-rhode-island","","ND","","","","",""
"cmovlhtft004oqt20oarwcrfn","Concord","concord","Athens","West Virginia","","","","",""
"cmowzrzng001uqt4wid2g788z","Concordia","concordia","","NEB.","","","","",""
"cmovoroal005cqt7gnld3llgt","Concordia College, Moorhead","concordia-college-moorhead","","MN","","","","",""
"cmovorobz005fqt7gqpjdftxm","Concordia University Chicago","concordia-university-chicago","","IL","","","","",""
"cmovorode005iqt7gp35d5oj1","Concordia University Texas","concordia-university-texas","","TX","","","","",""
"cmovoroeu005lqt7gsmf1ua9v","Concordia University Wisconsin","concordia-university-wisconsin","","WI","","","","",""
"cmovlhtha004rqt207xq6qx41","Concordia–Irvine","concordia-irvine","Irvine","California","","","","",""
"cmovlhtin004uqt20iisuiew2","Concordia–St. Paul","concordia-st-paul","Saint Paul","Minnesota","","","","",""
"cmovorog8005oqt7gzs9htl5g","Connecticut College","connecticut-college","","CT","","","","",""
"cmox1gg4l002lqtsgyq0efnp8","Connors State College","connors-state-college","","OK","","","","",""
"cmox235us002oqtfk09b6cpem","Copiah-Lincoln Community College","copiah-lincoln-community-college","","MS","","","","",""
"cmox06561002rqtgc733yszez","Corban","corban","","OR","","","","",""
"cmovorohm005rqt7gax2yf7dk","Cornell College","cornell-college","","IA","","","","",""
"cmou7ekpr00e9qtx8i7bf3vt3","Cornell University","cornell-university","Ithaca","NY","","","","",""
"cmox0657g002uqtgcg017dzgh","Cornerstone","cornerstone","","MI","","","","",""
"cmox2o15r001fqtbkhc2n30hc","Corning Community College","corning-community-college","","NY","","","","",""
"cmox235w7002rqtfkd8q4an8m","County College of Morris","county-college-of-morris","","NJ","","","","",""
"cmovoroj0005uqt7g2d0qbayr","Covenant College","covenant-college","","GA","","","","",""
"cmox1gg5y002oqtsgw42c54te","Cowley County Community College","cowley-county-community-college","","KS","","","","",""
"cmou6ba2k00afqticpp034jhc","Creighton University","creighton-university","Omaha","NE","","","","",""
"cmox1gg7d002rqtsgcljd692c","Crowder College","crowder-college","","MO","","","","",""
"cmowzrzqf0020qt4w2rmdzd30","Crowley's Ridge","crowley-s-ridge","","AR","","","","",""
"cmowzrzrv0023qt4wrvj7v2vn","Culver-Stockton","culver-stockton","","MO","","","","",""
"cmox065bi0033qtgcf3sg14rd","Cumberland","cumberland","","TENN.","","","","",""
"cmox065cu0036qtgcta2s6lf3","Cumberlands","cumberlands","","KY.","","","","",""
"cmovorokf005xqt7g09qab5qz","Curry College","curry-college","","MA","","","","",""
"cmox235xm002uqtfk3u1hzfav","Cuyahoga Community College","cuyahoga-community-college","","OH","","","","",""
"cmovlhtu5005iqt208htjif5p","D'Youville","d-youville","Buffalo","New York","","","","",""
"cmox235z0002xqtfki3pn4ocq","Dakota College at Bottineau","dakota-college-at-bottineau","","ND","","","","",""
"cmox2360h0030qtfkmgkq6t1s","Dakota County Technical College","dakota-county-technical-college","","MN","","","","",""
"cmowzrztc0026qt4w837yizhj","Dakota State","dakota-state","","SD","","","","",""
"cmowzrzus0029qt4w9fs1lx8o","Dakota Wesleyan","dakota-wesleyan","","SD","","","","",""
"cmou3xrou007fqt5sv5iwwby9","Dallas Baptist University","dallas-baptist-university","Dallas","TX","","","","",""
"cmox2o178001iqtbkmn51skku","Dallas College Brookhaven","dallas-college-brookhaven","","TX","","","","",""
"cmox2o18n001lqtbkdqz5y4sf","Dallas College Cedar Valley","dallas-college-cedar-valley","","TX","","","","",""
"cmox2o1a4001oqtbkboswlf6h","Dallas College Eastfield","dallas-college-eastfield","","TX","","","","",""
"cmox2o1bi001rqtbkyxbhum73","Dallas College Mountain View","dallas-college-mountain-view","","TX","","","","",""
"cmox2o1cx001uqtbkqil4dnpw","Dallas College North Lake","dallas-college-north-lake","","TX","","","","",""
"cmox2o1ec001xqtbkg5cf6frm","Dallas College Richland","dallas-college-richland","","ND","","","","",""
"cmox2362f0033qtfkvssb61xl","Danville Area Community College","danville-area-community-college","","IL","","","","",""
"cmou7ekr400ecqtx87gfarbw6","Dartmouth College","dartmouth-college","Hanover","NH","","","","",""
"cmovlhtmw0053qt20ujv1xnom","Davenport","davenport","Grand Rapids","Michigan","","","","",""
"cmou65q5g008fqt1ovrpzk161","Davidson College","davidson-college","Davidson","NC","","","","",""
"cmovlhtoc0056qt203tszpq3e","Davis & Elkins","davis-and-elkins","Elkins","West Virginia","","","","",""
"cmox2363r0036qtfkaf6r4wsy","Dawson Community College","dawson-community-college","","MT","","","","",""
"cmox1gg8t002uqtsgyoabv9e7","Daytona State College","daytona-state-college","","FL","","","","",""
"cmou6ba3z00aiqtickyd02vni","DePaul University","depaul-university","Chicago","IL","","","","",""
"cmovorop40066qt7gtab70dse","DePauw University","depauw-university","","IN","","","","",""
"cmovoroqk0069qt7gmpdts45s","DeSales University","desales-university","","PA","","","","",""
"cmovorolt0060qt7g72lbm0hx","Dean College","dean-college","","MA","","","","",""
"cmowzrzw9002cqt4wnsx4sgpq","Defiance College","defiance-college","","OH","","","","",""
"cmox2o1ft0020qtbkwgvp79gu","Delaware County Community College","delaware-county-community-college","","PA","","","","",""
"cmou7v13900goqtfg05v8bfsa","Delaware State University","delaware-state-university","Dover","DE","","","","",""
"cmox236580039qtfk79pauoa6","Delaware Technical Community College","delaware-technical-community-college","","DE","","","","",""
"cmox1gga3002xqtsgnsdkdx19","Delgado Community College","delgado-community-college","","LA","","","","",""
"cmox2o1h80023qtbkgkrhwidh","Delta College","delta-college","","MI","","","","",""
"cmovlhtpu0059qt201h0r10wp","Delta State","delta-state","Cleveland","Mississippi","","","","",""
"cmovorond0063qt7gfawgusgd","Denison University","denison-university","","OH","","","","",""
"cmox2366l003cqtfklwsmq2cv","Des Moines Area Community College","des-moines-area-community-college","","IA","","","","",""
"cmovoros1006cqt7g6p61fhnr","Dickinson College","dickinson-college","","PA","","","","",""
"cmowzrzxr002fqt4wstnzqq2z","Dickinson State","dickinson-state","","ND","","","","",""
"cmowzrzzj002iqt4wjp7qml4q","Dillard","dillard","","LA.","","","","",""
"cmowzs014002lqt4wj1mlkru4","Doane","doane","","NE","","","","",""
"cmox1ggbg0030qtsgkd44qs0p","Dodge City Community College","dodge-city-community-college","","KS","","","","",""
"cmovlhtr8005cqt20ld2c1q5y","Dominican (NY)","dominican-ny","Orangeburg","New York","","","","",""
"cmovoroth006fqt7gzdh22lpq","Dominican University (Illinois)","dominican-university-illinois","","IL","","","","",""
"cmowzs02p002oqt4w5u5siqo9","Dordt","dordt","","IA","","","","",""
"cmovoroux006iqt7glucxsep4","Drew University","drew-university","","NJ","","","","",""
"cmovlhtso005fqt20ogvclawh","Drury","drury","Springfield","Missouri","","","","",""
"cmoriruy1000lqtm0hg80trqj","Duke University","duke-university","Durham","NC","","","","",""
"cmox2o1iv0026qtbk20oox5ke","Dutchess Community College","dutchess-community-college","","NY","","","","",""
"cmox1ggcw0033qtsgry6iilxh","Dyersburg State Community College","dyersburg-state-community-college","","TN","","","","",""
"cmovorowg006lqt7gvy1t0vqc","Earlham College","earlham-college","","IN","","","","",""
"cmoriruzd000oqtm0np271cox","East Carolina University","east-carolina-university","Greenville","NC","","","","",""
"cmovlhtvl005lqt20ku4n4ff4","East Central","east-central","Ada","Oklahoma","","","","",""
"cmox23683003fqtfkyhppeagg","East Central College","east-central-college","","MO","","","","",""
"cmox2369i003iqtfki4kmid3s","East Central Community College","east-central-community-college","","MS","","","","",""
"cmox1ggec0036qtsgc1zh6eat","East Georgia College","east-georgia-college","","GA","","","","",""
"cmox236bb003lqtfk4mbc0epk","East Mississippi Community College","east-mississippi-community-college","","MS","","","","",""
"cmovlhtwz005oqt20z0svk0a9","East Stroudsburg","east-stroudsburg","East Stroudsburg","Pennsylvania","","","","",""
"cmorirvhn001oqtm0h339uelq","East Tennessee State University","east-tennessee-state-university","Johnson City","TN","","","","",""
"cmou87s0o00llqt8obrn2et5p","East Texas A&M University","east-texas-am-university","Commerce","TX","","","","",""
"cmovoroxx006oqt7gec8l92vr","East Texas Baptist University","east-texas-baptist-university","","TX","","","","",""
"cmox1ggfq0039qtsg3gztbswe","Eastern Arizona College","eastern-arizona-college","","AZ","","","","",""
"cmovorozd006rqt7g88eq6y5l","Eastern Connecticut State University","eastern-connecticut-state-university","","CT","","","","",""
"cmox1ggh4003cqtsg8arxhmsm","Eastern Florida State College","eastern-florida-state-college","","FL","","","","",""
"cmou8250s00joqtfonibp33ex","Eastern Illinois University","eastern-illinois-university","Charleston","IL","","","","",""
"cmou6929i009lqt1gqrj949vt","Eastern Kentucky University","eastern-kentucky-university","Richmond","KY","","","","",""
"cmovorp0t006uqt7go9kk7utz","Eastern Mennonite University","eastern-mennonite-university","","VA","","","","",""
"cmou7skj100g0qtagj06bdvsw","Eastern Michigan University","eastern-michigan-university","Ypsilanti","MI","","","","",""
"cmovlhtye005rqt207s51bh24","Eastern New Mexico","eastern-new-mexico","Portales","New Mexico","","","","",""
"cmox1ggii003fqtsgde85zy4y","Eastern Oklahoma State College","eastern-oklahoma-state-college","","OK","","","","",""
"cmox065nf003uqtgc8c0fmcjy","Eastern Oregon","eastern-oregon","","OR","","","","",""
"cmovorp29006xqt7gbgdfg0ft","Eastern University","eastern-university","","PA","","","","",""
"cmovlhtzr005uqt203t7f7leu","Eckerd","eckerd","St. Petersburg","Florida","","","","",""
"cmovorp3s0070qt7gcekls39e","Edgewood University","edgewood-university","","WI","","","","",""
"cmox236cq003oqtfk1m5g3msi","Edison State","edison-state","","OH","","","","",""
"cmovlhu17005xqt2063ojrtma","Edward Waters","edward-waters","Jacksonville","Florida","","","","",""
"cmox1ggjv003iqtsgin1vp932","El Paso Community College","el-paso-community-college","","TX","","","","",""
"cmox236e6003rqtfkqnofz1qu","Elgin Community College","elgin-community-college","","IL","","","","",""
"cmovorp570073qt7gw0uci1c0","Elizabethtown College","elizabethtown-college","","PA","","","","",""
"cmox236fj003uqtfkrdfeu43v","Ellsworth Community College","ellsworth-community-college","","IA","","","","",""
"cmovorp6m0076qt7ginws7n5j","Elmhurst University","elmhurst-university","","IL","","","","",""
"cmovorp850079qt7gk0xci16j","Elmira College","elmira-college","","NY","","","","",""
"cmovorp9j007cqt7gc6hfgz30","Elms College","elms-college","","MA","","","","",""
"cmou72rdk00c3qtt8y45siwr2","Elon University","elon-university","Elon","NC","","","","",""
"cmovlhu2n0060qt200npnptgr","Embry-Riddle","embry-riddle","Daytona Beach","AZ","","","","",""
"cmovlhu430063qt201c0s6u5e","Emmanuel","emmanuel","Franklin Springs","Georgia","","","","",""
"cmovorpb4007fqt7gbrlg3353","Emmanuel College (Massachusetts)","emmanuel-college-massachusetts","","MA","","","","",""
"cmovlhu5k0066qt20yvdrbs5z","Emory & Henry","emory-and-henry","Emory","Virginia","","","","",""
"cmorj0hct003oqtioizpyiqxx","Emory & Henry University","emory-and-henry-university","Emory","VA","","","","",""
"cmovorpcy007iqt7gzxop8pou","Emory University","emory-university","","GA","","","","",""
"cmovlhu6z0069qt20eubtapjt","Emporia State","emporia-state","Emporia","Kansas","","","","",""
"cmovorpeh007lqt7goqto02kp","Endicott College","endicott-college","","MA","","","","",""
"cmox236gw003xqtfk0srlmsdg","Enterprise State Community College","enterprise-state-community-college","","AL","","","","",""
"cmox2o1ki0029qtbkqo99ycm8","Erie Community College","erie-community-college","","NY","","","","",""
"cmovlhu8d006cqt20t8ma9i8s","Erskine","erskine","Due West","South Carolina","","","","",""
"cmorj0gr0002fqtioji2wprxy","Erskine College","erskine-college","Due West","SC","","","","",""
"cmovorpfx007oqt7get8tj245","Eureka College","eureka-college","","IL","","","","",""
"cmowzs065002uqt4wwjq3lvoj","Evangel","evangel","","MO.","","","","",""
"cmou7g4zq00euqtkwd42cysuy","Fairfield University","fairfield-university","Fairfield","CT","","","","",""
"cmou7zwas00j3qt182wcerpdp","Fairleigh Dickinson University","fairleigh-dickinson-university","Teaneck","NJ","","","","",""
"cmovorphc007rqt7gecnd8oxz","Fairleigh Dickinson University, Florham","fairleigh-dickinson-university-florham","","NJ","","","","",""
"cmovlhu9q006fqt20bnhz125g","Fairmont State","fairmont-state","Fairmont","West Virginia","","","","",""
"cmovorpiw007uqt7gyelpu9rf","Farmingdale State College","farmingdale-state-college","","NY","","","","",""
"cmowzs07m002xqt4wawsr2z9y","Faulkner","faulkner","","AL","","","","",""
"cmox236id0040qtfktpk0ftv4","Fayetteville Technical Community College","fayetteville-technical-community-college","","NC","","","","",""
"cmovlhub5006iqt20ar7e47n1","Felician","felician","Lodi","New Jersey","","","","",""
"cmovlhuck006lqt203i6443rf","Ferrum","ferrum","Ferrum","Virginia","","","","",""
"cmovorpkb007xqt7gc5w8w0m0","Ferrum College","ferrum-college","","VA","","","","",""
"cmovlhudz006oqt202w04jfcv","Findlay","findlay","Findlay","Ohio","","","","",""
"cmox2o1ly002cqtbko7xbptx3","Finger Lakes Community College","finger-lakes-community-college","","NY","","","","",""
"cmowzs0970030qt4wk3t17vg1","Fisher","fisher","","MA","","","","",""
"cmovorpm30080qt7gcy8cbon0","Fitchburg State University","fitchburg-state-university","","MA","","","","",""
"cmovlhufd006rqt20drzblp6s","Flagler","flagler","St. Augustine","Florida","","","","",""
"cmorj0hif0040qtio7bope0o8","Florence-Darlington Technical College","florence-darlington-technical-college","Florence","SC","","","","",""
"cmou8bkba00muqtuwai4k6w4f","Florida A&M University","florida-am-university","Tallahassee","FL","","","","",""
"cmou57eah007rqtdw819u1kd8","Florida Atlantic University","florida-atlantic-university","Boca Raton","FL","","","","",""
"cmou692az009oqt1gwyz2tbx3","Florida Gulf Coast University","florida-gulf-coast-university","Fort Myers","FL","","","","",""
"cmou74g3m00cuqtboxefftaxz","Florida International University","florida-international-university","Miami","FL","","","","",""
"cmox065u60049qtgczm8bph8k","Florida Memorial","florida-memorial","","FL","","","","",""
"cmox065vh004cqtgcp9njea3d","Florida National","florida-national","","FL","","","","",""
"cmovlhugr006uqt20tfzodipb","Florida Southern","florida-southern","Lakeland","Florida","","","","",""
"cmox1ggmr003oqtsg3cn8o7i8","Florida Southwestern State College","florida-southwestern-state-college","","FL","","","","",""
"cmox236jq0043qtfko5qccn8c","Florida State College at Jacksonville","florida-state-college-at-jacksonville","","FL","","","","",""
"cmosownp0000cqtuo7ukk8301","Florida State University","florida-state-university","Tallahassee","FL","","","","",""
"cmovlhui5006xqt20t3ritkxd","Florida Tech","florida-tech","Melbourne","Florida","","","","",""
"cmou65q8l008lqt1ozzkwkjhm","Fordham University","fordham-university","Bronx","NY","","","","",""
"cmovlhujl0070qt200o56auz3","Fort Hays State","fort-hays-state","Hays","Kansas","","","","",""
"cmox1ggo4003rqtsg418l5apx","Fort Scott Community College","fort-scott-community-college","","KS","","","","",""
"cmovorpnn0083qt7gx6kcifwa","Framingham State University","framingham-state-university","","MA","","","","",""
"cmovlhul10073qt20e1oaptq8","Francis Marion","francis-marion","Florence","South Carolina","","","","",""
"cmorj0gpl002cqtiopcsyaeuv","Francis Marion University","francis-marion-university","Florence","SC","","","","",""
"cmovorpp40086qt7g4f3w567l","Franciscan University of Steubenville","franciscan-university-of-steubenville","","OH","","","","",""
"cmox1ggpi003uqtsgy8kfqmqq","Frank Phillips College","frank-phillips-college","","TX","","","","",""
"cmovorpql0089qt7goy0fvobj","Franklin & Marshall College","franklin-and-marshall-college","","PA","","","","",""
"cmovorps2008cqt7g8celuv8f","Franklin College","franklin-college","","IN","","","","",""
"cmovlhumg0076qt202e1ej3qv","Franklin Pierce","franklin-pierce","Rindge","New Hampshire","","","","",""
"cmox236l30046qtfk8xqh107a","Frederick Community College","frederick-community-college","","MD","","","","",""
"cmox065wv004fqtgct0gzr6xf","Freed-Hardeman","freed-hardeman","","TENN.","","","","",""
"cmovlhunx0079qt20oxvu2vjk","Fresno Pacific","fresno-pacific","Fresno","California","","","","",""
"cmou3xrg1006uqt5s90fq7wbv","Fresno State","fresno-state","Fresno","CA","","","","",""
"cmowzs0an0033qt4whk11ikps","Friends","friends","","KS","","","","",""
"cmox1ggqw003xqtsgkvi3h0qp","Frontier Community College","frontier-community-college","","IL","","","","",""
"cmovlhupd007cqt20syw382yp","Frostburg State","frostburg-state","Frostburg","Maryland","","","","",""
"cmox2o1ne002fqtbkjdq0ry1a","Fulton-Montgomery Community College","fulton-montgomery-community-college","","NY","","","","",""
"cmox1ggs80040qtsgq3b315gk","Gadsden State Community College","gadsden-state-community-college","","AL","","","","",""
"cmovorptj008fqt7gccvymif0","Gallaudet University","gallaudet-university","","DC","","","","",""
"cmox1ggu50043qtsgg2ijv30h","Galveston College","galveston-college","","TX","","","","",""
"cmovlhuqr007fqt20vga7gqag","Gannon","gannon","Erie","Pennsylvania","","","","",""
"cmox1ggvg0046qtsgg6sclzdp","Garden City Community College","garden-city-community-college","","KS","","","","",""
"cmou6tv1f00b9qti056wd26tx","Gardner-Webb University","gardner-webb-university","Boiling Springs","NC","","","","",""
"cmox236mg0049qtfkd4dhqzk6","Garrett College","garrett-college","","MD","","","","",""
"cmorj0hh0003xqtioaqht0upc","Gaston College","gaston-college","Dallas","NC","","","","",""
"cmox236nw004cqtfkxex1lctm","GateWay Community College - AZ","gateway-community-college-az","","AZ","","","","",""
"cmox2o1ou002iqtbkuljo3neq","Genesee Community College","genesee-community-college","","NY","","","","",""
"cmovorpuy008iqt7g7i75bfup","Geneva College","geneva-college","","PA","","","","",""
"cmovorpwd008lqt7gdmk1htq2","George Fox University","george-fox-university","","OR","","","","",""
"cmou65q9z008oqt1ow67o9q0x","George Mason University","george-mason-university","Fairfax","VA","","","","",""
"cmou65qbg008rqt1omiz03mq1","George Washington University","george-washington-university","Washington","DC","","","","",""
"cmox065zl004lqtgckt3to19k","Georgetown","georgetown","","KY.","","","","",""
"cmou6ba5c00alqticm9m1ucs0","Georgetown University","georgetown-university","Washington","DC","","","","",""
"cmovlhus6007iqt20velop8oi","Georgia College","georgia-college","Milledgeville","Georgia","","","","",""
"cmox0660w004oqtgccsrumrzc","Georgia Gwinnett","georgia-gwinnett","","GA","","","","",""
"cmorj0h8n003fqtio2cfy431r","Georgia Gwinnett College","georgia-gwinnett-college","Lawrenceville","GA","","","","",""
"cmox1ggy2004cqtsgm31b5u32","Georgia Highlands College","georgia-highlands-college","","GA","","","","",""
"cmou3bzar005uqtvotuqjjtpj","Georgia Southern University","georgia-southern-university","Statesboro","GA","","","","",""
"cmovlhutm007lqt20k8bit2fy","Georgia Southwestern State","georgia-southwestern-state","Americus","Georgia","","","","",""
"cmou3bzc7005xqtvobxbfhhf1","Georgia State University","georgia-state-university","Atlanta","GA","","","","",""
"cmorirv940019qtm0y88vy537","Georgia Tech","georgia-tech","Atlanta","GA","","","","",""
"cmovlhuv0007oqt20djr71bli","Georgian Court","georgian-court","Lakewood","New Jersey","","","","",""
"cmovorpxt008oqt7g3osryi87","Gettysburg College","gettysburg-college","","PA","","","","",""
"cmox236p8004fqtfkadp9pq5g","Glen Oaks Community College","glen-oaks-community-college","","MI","","","","",""
"cmox236qo004iqtfkel4gr7m2","Glendale Community College","glendale-community-college","","AZ","","","","",""
"cmovlhuwf007rqt20nqule7un","Glenville State","glenville-state","Glenville","West Virginia","","","","",""
"cmovlhuxs007uqt20hopnn7bf","Goldey–Beacom","goldey-beacom","Pike Creek Valley","Delaware","","","","",""
"cmou3xrhd006xqt5sy8mx7xfp","Gonzaga University","gonzaga-university","Spokane","WA","","","","",""
"cmovorpz9008rqt7g0xoh602c","Gordon College","gordon-college","","MA","","","","",""
"cmox1ggzh004fqtsg10bvwc95","Gordon State College","gordon-state-college","","GA","","","","",""
"cmowzs0c60036qt4w3zl8yw6w","Goshen","goshen","","IN","","","","",""
"cmowzs0dp0039qt4wx5ce1gbn","Grace","grace","","IND.","","","","",""
"cmox06652004xqtgcdt0tmpi9","Graceland","graceland","","IA","","","","",""
"cmou8bkcv00mxqtuw4jh5usi0","Grambling State University","grambling-state-university","Grambling","LA","","","","",""
"cmou8ctjw00noqtloejv6g4yk","Grand Canyon University","grand-canyon-university","Phoenix","AZ","","","","",""
"cmox236s9004lqtfkn6j77qyp","Grand Rapids Community College","grand-rapids-community-college","","MI","","","","",""
"cmovlhuz6007xqt20vza4gnle","Grand Valley State","grand-valley-state","Allendale","Michigan","","","","",""
"cmox0666f0050qtgcpy1opj6v","Grand View","grand-view","","IA","","","","",""
"cmox1gh15004iqtsg9a2lit5i","Grayson College","grayson-college","","TX","","","","",""
"cmovorq0r008uqt7gigwovmhc","Greensboro College","greensboro-college","","NC","","","","",""
"cmovorq27008xqt7ggnh70996","Greenville University","greenville-university","","IL","","","","",""
"cmovorq3l0090qt7gunq3ok4o","Grinnell College","grinnell-college","","IA","","","","",""
"cmovorq520093qt7gm4e53spp","Grove City College","grove-city-college","","PA","","","","",""
"cmovorq6j0096qt7grkke0x2c","Guilford College","guilford-college","","NC","","","","",""
"cmox236tl004oqtfky6972w7q","Guilford Technical Community College","guilford-technical-community-college","","NC","","","","",""
"cmox1gh2k004lqtsgkrig1zq0","Gulf Coast State College","gulf-coast-state-college","","FL","","","","",""
"cmovorq890099qt7g7vho8t6x","Gustavus Adolphus College","gustavus-adolphus-college","","MN","","","","",""
"cmovorqa3009cqt7gkll8n32u","Gwynedd Mercy University","gwynedd-mercy-university","","PA","","","","",""
"cmox236v0004rqtfko4nnuwkc","Hagerstown Community College","hagerstown-community-college","","MD","","","","",""
"cmovorqbj009fqt7gn7eka0cn","Hamilton College","hamilton-college","","NY","","","","",""
"cmovorqcz009iqt7g3vnq8o1h","Hamline University","hamline-university","","MN","","","","",""
"cmovorqej009lqt7gzj3f5gau","Hampden-Sydney College","hampden-sydney-college","","VA","","","","",""
"cmowzs0f8003cqt4w2i4hkdh1","Hannibal-LaGrange","hannibal-lagrange","","MO","","","","",""
"cmovorqg0009oqt7gesxmt5yf","Hanover College","hanover-college","","IN","","","","",""
"cmovorqhl009rqt7g9ed4pr5o","Hardin-Simmons University","hardin-simmons-university","","TX","","","","",""
"cmovlhv0k0080qt20st8no11o","Harding","harding","Searcy","Arkansas","","","","",""
"cmox1gh3z004oqtsgej58d6pv","Harford Community College","harford-community-college","","MD","","","","",""
"cmox236wf004uqtfkq9k0imgp","Harper College","harper-college","","IL","","","","",""
"cmowzs0gt003fqt4wrycagik9","Harris-Stowe","harris-stowe","","MO","","","","",""
"cmou7eksh00efqtx82hcfwyn5","Harvard University","harvard-university","Cambridge","MA","","","","",""
"cmox066af0059qtgc98qcsc7y","Hastings","hastings","","NE","","","","",""
"cmovorqj0009uqt7grwbvgo9p","Haverford College","haverford-college","","PA","","","","",""
"cmovlhv1y0083qt20yeb6ygmm","Hawaiʻi Pacific","hawai-i-pacific","Honolulu","Hawaii","","","","",""
"cmox236xw004xqtfku67i1gyl","Heartland Community College","heartland-community-college","","IL","","","","",""
"cmovorqkg009xqt7gwt19hkem","Heidelberg University","heidelberg-university","","OH","","","","",""
"cmovlhv3c0086qt20w1ufi55h","Henderson State","henderson-state","Arkadelphia","Arkansas","","","","",""
"cmovorqlz00a0qt7g0ya41hvf","Hendrix College","hendrix-college","","AR","","","","",""
"cmox236za0050qtfkjjvoiyms","Henry Ford College","henry-ford-college","","MI","","","","",""
"cmox2o1rv002oqtbk1wv23lsb","Herkimer College","herkimer-college","","NY","","","","",""
"cmox2370n0053qtfkut9hq09h","Hesston College","hesston-college","","KS","","","","",""
"cmorirv3o000xqtm0dw9r5xuo","High Point University","high-point-university","High Point","NC","","","","",""
"cmox237220056qtfk1l2bot9e","Highland Community College - Illinois","highland-community-college-illinois","","IL","","","","",""
"cmox1gh5c004rqtsg3jrv94hg","Highland Community College - Kansas","highland-community-college-kansas","","KS","","","","",""
"cmovorqng00a3qt7gu0a6irp0","Hilbert College","hilbert-college","","NY","","","","",""
"cmox1gh6p004uqtsgbv70qatf","Hill College","hill-college","","TX","","","","",""
"cmox1gh83004xqtsg5nnzsgrv","Hillsborough Community College","hillsborough-community-college","","FL","","","","",""
"cmovlhv4p0089qt2006e5662h","Hillsdale","hillsdale","Hillsdale","Michigan","","","","",""
"cmox2373g0059qtfkvko4dcah","Hinds Community College","hinds-community-college","","MS","","","","",""
"cmovorqow00a6qt7gevmzuli4","Hiram College","hiram-college","","OH","","","","",""
"cmox2374u005cqtfk4dijqisw","Hocking","hocking","","OH","","","","",""
"cmox23764005fqtfky74wzucz","Holmes Community College","holmes-community-college","","MS","","","","",""
"cmovlhv66008cqt20fa4m0xab","Holy Family","holy-family","Philadelphia","Pennsylvania","","","","",""
"cmox2o1t9002rqtbkfpw7ptr0","Holyoke Community College","holyoke-community-college","","MA","","","","",""
"cmovorqqd00a9qt7gdkoh8sqj","Hood College","hood-college","","MD","","","","",""
"cmovorqrv00acqt7grthchj07","Hope College","hope-college","","MI","","","","",""
"cmox066bq005cqtgcwroasbo1","Hope International","hope-international","","CA","","","","",""
"cmovorqtc00afqt7g0yrctehp","Houghton University","houghton-university","","NY","","","","",""
"cmou87s2600loqt8ogi952e7u","Houston Christian University","houston-christian-university","Houston","TX","","","","",""
"cmox066d3005fqtgc1tg2a1cp","Houston-Victoria","houston-victoria","","TX","","","","",""
"cmox1gh9i0050qtsgegkjp2od","Howard College","howard-college","","TX","","","","",""
"cmovorquu00aiqt7gdj1esg9g","Howard Payne University","howard-payne-university","","TX","","","","",""
"cmox2o1ur002uqtbk6f6pwr6h","Hudson Valley Community College","hudson-valley-community-college","","NY","","","","",""
"cmovorqwb00alqt7gdt4gxnyy","Huntingdon College","huntingdon-college","","AL","","","","",""
"cmowzs0ic003iqt4w0udpeydi","Huntington","huntington","","IN","","","","",""
"cmovorqxq00aoqt7gsfpgl2e8","Husson University","husson-university","","ME","","","","",""
"cmox066g1005lqtgc9k82gfo7","Huston-Tillotson","huston-tillotson","","TX","","","","",""
"cmox1ghax0053qtsgc3bt8rz4","Hutchinson Community College","hutchinson-community-college","","KS","","","","",""
"cmowzs0jv003lqt4wamuq6dql","IU Columbus","iu-columbus","","IND.","","","","",""
"cmox066o70063qtgcesmejger","IU Kokomo","iu-kokomo","","IN","","","","",""
"cmovlhv8y008iqt202oxtjxdl","IUP","iup","Indiana","Pennsylvania","","","","",""
"cmox2377j005iqtfklxcbxnrb","Illinois Central College","illinois-central-college","","IL","","","","",""
"cmovorqz800arqt7g2eyh2tp1","Illinois College","illinois-college","","IL","","","","",""
"cmovorr0n00auqt7ghvxwat25","Illinois Institute of Technology","illinois-institute-of-technology","","IL","","","","",""
"cmou7wke000hcqt5sqqhjpdb9","Illinois State University","illinois-state-university","Normal","IL","","","","",""
"cmox2378w005lqtfkywoaesrx","Illinois Valley Community College","illinois-valley-community-college","","IL","","","","",""
"cmovorr2700axqt7gil3clmy4","Illinois Wesleyan University","illinois-wesleyan-university","","IL","","","","",""
"cmovorr3m00b0qt7g5wc8gzcs","Immaculata University","immaculata-university","","PA","","","","",""
"cmox1ghcd0056qtsgvfgyb4k7","Indian Hills Community College","indian-hills-community-college","","IA","","","","",""
"cmox1ghdt0059qtsg1nv7poph","Indian River State College","indian-river-state-college","","FL","","","","",""
"cmox066hf005oqtgcambkvktk","Indiana South Bend","indiana-south-bend","","IN","","","","",""
"cmox066is005rqtgc1k2001tz","Indiana Southeast","indiana-southeast","","IN","","","","",""
"cmou7wkff00hfqt5sve6yzh1q","Indiana State University","indiana-state-university","Terre Haute","IN","","","","",""
"cmox066k7005uqtgc83tqxsn0","Indiana Tech","indiana-tech","","IN","","","","",""
"cmoss3ude002rqtaoztf1hdin","Indiana University","indiana-university","Bloomington","IN","","","","",""
"cmox066lk005xqtgctz7oerky","Indiana Wesleyan","indiana-wesleyan","","IN","","","","",""
"cmovlhv7k008fqt20n34keoq5","Indianapolis","indianapolis","Indianapolis","Indiana","","","","",""
"cmox237ad005oqtfkd0s85n5f","Iowa Central Community College","iowa-central-community-college","","IA","","","","",""
"cmox237bs005rqtfkm2tjatrt","Iowa Lakes Community College","iowa-lakes-community-college","","IA","","","","",""
"cmosun0gl005iqtlg3rsb1jga","Iowa State University","iowa-state-university","Ames","IA","","","","",""
"cmox1ghf7005cqtsgi7e8tk0s","Iowa Western Community College","iowa-western-community-college","","IA","","","","",""
"cmox237d8005uqtfkbxa00o4x","Itawamba Community College","itawamba-community-college","","MS","","","","",""
"cmovorr5500b3qt7gyxz64oa8","Ithaca College","ithaca-college","","NY","","","","",""
"cmox237em005xqtfkv4mpr20b","Jackson College","jackson-college","","MI","","","","",""
"cmox1ghgl005fqtsgtp091ny4","Jackson State Community College","jackson-state-community-college","","TN","","","","",""
"cmou8bked00n0qtuwpp2lpp75","Jackson State University","jackson-state-university","Jackson","MS","","","","",""
"cmou74g4y00cxqtbo8mt66c5s","Jacksonville State University","jacksonville-state-university","Jacksonville","AL","","","","",""
"cmou692c9009rqt1gyfzu2me9","Jacksonville University","jacksonville-university","Jacksonville","FL","","","","",""
"cmorirvnh0020qtm0zmpqk8ha","James Madison University","james-madison-university","Harrisonburg","VA","","","","",""
"cmovlhvad008lqt20v64qa5f4","Jamestown","jamestown","Jamestown","N.D.","","","","",""
"cmox2o1w7002xqtbk8uk911g1","Jamestown Community College","jamestown-community-college","","NY","","","","",""
"cmox066qy0069qtgco1avrdjp","Jarvis Christian","jarvis-christian","","TX","","","","",""
"cmovlhvbq008oqt20tvfszb7x","Jefferson","jefferson","Philadelphia","Pennsylvania","","","","",""
"cmox1ghhz005iqtsg6n46ykur","Jefferson College","jefferson-college","","MO","","","","",""
"cmox2o1xq0030qtbk6hyoayko","Jefferson Community College","jefferson-community-college","","NY","","","","",""
"cmovlhvd3008rqt20ufddfexs","Jessup","jessup","Rocklin","California","","","","",""
"cmox1ghje005lqtsg4nodsmwp","John A. Logan College","john-a-logan-college","","IL","","","","",""
"cmovorr6o00b6qt7gb7bh77mx","John Carroll University","john-carroll-university","","OH","","","","",""
"cmovorr8500b9qt7ggiams4zk","John Jay College of Criminal Justice","john-jay-college-of-criminal-justice","","NY","","","","",""
"cmox237g00060qtfk2jqa1z49","John Wood Community College","john-wood-community-college","","IL","","","","",""
"cmovorr9m00bcqt7g50s195x7","Johns Hopkins University","johns-hopkins-university","","MD","","","","",""
"cmowzs0mz003rqt4w9dtclhuh","Johnson","johnson","","TN","","","","",""
"cmovorrb400bfqt7g2ssftie0","Johnson & Wales University (Providence)","johnson-and-wales-university-providence","","RI","","","","",""
"cmovorrcl00biqt7g3ozaeolh","Johnson & Wales University Charlotte","johnson-and-wales-university-charlotte","","NC","","","","",""
"cmox1ghkq005oqtsgk5vbmhcv","Johnson County Community College","johnson-county-community-college","","KS","","","","",""
"cmox2o1z70033qtbkgqy78515","Joliet Junior College","joliet-junior-college","","IL","","","","",""
"cmox237hc0063qtfk9scdv1l9","Jones College","jones-college","","MS","","","","",""
"cmowzs0og003uqt4womnogrq7","Judson","judson","","IL","","","","",""
"cmovorrec00blqt7gkf1fbm6r","Juniata College","juniata-college","","PA","","","","",""
"cmovorrft00boqt7gsrvtk2b6","Kalamazoo College","kalamazoo-college","","MI","","","","",""
"cmox237it0066qtfk4cdsi2u8","Kalamazoo Valley Community College","kalamazoo-valley-community-college","","MI","","","","",""
"cmox237k80069qtfkne4wbkhy","Kankakee Community College","kankakee-community-college","","IL","","","","",""
"cmox1ghma005rqtsgx03ukllp","Kansas City Kansas Community College","kansas-city-kansas-community-college","","KS","","","","",""
"cmosun069004uqtlgldcwzyyz","Kansas State University","kansas-state-university","Manhattan","KS","","","","",""
"cmox066v1006iqtgcllhmn9xz","Kansas Wesleyan","kansas-wesleyan","","KS","","","","",""
"cmox1ghnl005uqtsgfdpl5rhv","Kaskaskia College","kaskaskia-college","","IL","","","","",""
"cmovorrhb00brqt7g38aww4ys","Kean University","kean-university","","NJ","","","","",""
"cmovorrit00buqt7ghdtvrges","Keene State College","keene-state-college","","NH","","","","",""
"cmowzs0py003xqt4w2b5x3mjw","Keiser","keiser","","FLA.","","","","",""
"cmox237ln006cqtfk96h84b7x","Kellogg Community College","kellogg-community-college","","MI","","","","",""
"cmox1ghox005xqtsgv7iad95e","Kennedy-King College","kennedy-king-college","","IL","","","","",""
"cmorirvat001cqtm0g8f0pvoh","Kennesaw State University","kennesaw-state-university","Kennesaw","GA","","","","",""
"cmou7skkk00g3qtagy6vhez1y","Kent State University","kent-state-university","Kent","OH","","","","",""
"cmox066xq006oqtgc1hw3zms8","Kentucky Christian","kentucky-christian","","KY","","","","",""
"cmovlhveh008uqt20g1j51j3l","Kentucky State","kentucky-state","Frankfort","Kentucky","","","","",""
"cmovlhvfx008xqt20ru3022gf","Kentucky Wesleyan","kentucky-wesleyan","Owensboro","Kentucky","","","","",""
"cmovorrk900bxqt7gwu0fslf5","Kenyon College","kenyon-college","","OH","","","","",""
"cmovorrlp00c0qt7g7w3dih3w","Keuka College","keuka-college","","NY","","","","",""
"cmovorrn600c3qt7gy0hpna87","Keystone College","keystone-college","","PA","","","","",""
"cmovlhvhb0090qt200srjtjgi","King","king","Bristol","Tennessee","","","","",""
"cmovorroo00c6qt7gq91ntim0","King's College (Pennsylvania)","king-s-college-pennsylvania","","PA","","","","",""
"cmox2o20l0036qtbktb8b86z7","Kingsborough Community College","kingsborough-community-college","","NY","","","","",""
"cmox237n2006fqtfkgzdykizj","Kirkwood Community College","kirkwood-community-college","","IA","","","","",""
"cmox1ghqc0060qtsggpuqzmtv","Kishwaukee College","kishwaukee-college","","IL","","","","",""
"cmovorrq500c9qt7g1uq9vc7j","Knox College","knox-college","","IL","","","","",""
"cmovlhvis0093qt200zxi4ocb","Kutztown","kutztown","Kutztown","Pennsylvania","","","","",""
"cmou7zwdt00j9qt182aa9w7js","LIU","liu","Brookville","NY","","","","",""
"cmowzs0uo0046qt4wfr3hrw5d","LSU Alexandria","lsu-alexandria","","LA.","","","","",""
"cmowzs0w50049qt4wzavead73","LSU Shreveport","lsu-shreveport","","LA.","","","","",""
"cmovorrrm00ccqt7gc2iirde1","La Roche University","la-roche-university","","PA","","","","",""
"cmox066z4006rqtgchicxxtpc","La Sierra","la-sierra","","CA","","","","",""
"cmorj0h470036qtio3sq7jaxl","LaGrange College","lagrange-college","LaGrange","GA","","","","",""
"cmox1ghrq0063qtsgu5jtnvsk","Labette Community College","labette-community-college","","KS","","","","",""
"cmox237oi006iqtfkgxp6lx4g","Lackawanna College","lackawanna-college","","PA","","","","",""
"cmou853xc00koqtiw191jfymh","Lafayette College","lafayette-college","Easton","PA","","","","",""
"cmovlhvn2009cqt20jkns8pmz","Lake Erie","lake-erie","Painesville","Ohio","","","","",""
"cmovorrun00ciqt7gl6x34nvj","Lake Forest College","lake-forest-college","","IL","","","","",""
"cmox1ght20066qtsgtbl23of9","Lake Land College","lake-land-college","","IL","","","","",""
"cmox237pv006lqtfkxsbv2dzz","Lake Michigan College","lake-michigan-college","","MI","","","","",""
"cmox237rc006oqtfkpq5els60","Lake Region State College - ND","lake-region-state-college-nd","","ND","","","","",""
"cmox237st006rqtfkrsyytyif","Lake-Sumter State College","lake-sumter-state-college","","FL","","","","",""
"cmox237u9006uqtfkmz4ptqzv","Lakeland Community College","lakeland-community-college","","OH","","","","",""
"cmovorrw300clqt7gtimyvr8m","Lakeland University","lakeland-university","","WI","","","","",""
"cmox1ghue0069qtsgeslr90uj","Lamar Community College","lamar-community-college","","CO","","","","",""
"cmou87s5i00luqt8onj1dfzgw","Lamar University","lamar-university","Beaumont","TX","","","","",""
"cmovorrxi00coqt7gf1nuef7w","Lancaster Bible College","lancaster-bible-college","","PA","","","","",""
"cmovlhvk60096qt20jf3rktz0","Lander","lander","Greenwood","South Carolina","","","","",""
"cmorj0gmq0026qtiozjrz5w2n","Lander University","lander-university","Greenwood","SC","","","","",""
"cmovlhvln0099qt208o2etcqd","Lane","lane","Jackson","Tennessee","","","","",""
"cmox237vn006xqtfkm7btexra","Lansing Community College","lansing-community-college","","MI","","","","",""
"cmovorryw00crqt7gk8b4otu8","Lasell University","lasell-university","","MA","","","","",""
"cmox0670h006uqtgc73tzy1mv","Lawrence Tech","lawrence-tech","","MI","","","","",""
"cmovors0c00cuqt7gzthlhn7j","Lawrence University","lawrence-university","","WI","","","","",""
"cmox1ghvv006cqtsglb9vjv65","Lawson State Community College","lawson-state-community-college","","AL","","","","",""
"cmou7zwca00j6qt18z0kal3jh","Le Moyne College","le-moyne-college","Syracuse","NY","","","","",""
"cmovlhvpw009iqt20g3ft0k1o","LeMoyne–Owen","lemoyne-owen","Memphis","Tennessee","","","","",""
"cmovors6a00d6qt7gc0dqvqsn","LeTourneau University","letourneau-university","","TX","","","","",""
"cmovors1s00cxqt7g2io3pz3d","Lebanon Valley College","lebanon-valley-college","","PA","","","","",""
"cmovlhvoi009fqt20y6xfqc87","Lee","lee","Cleveland","Tennessee","","","","",""
"cmorjat0m004rqt4wygc0sl6i","Lees-McRae College","lees-mcrae-college","Banner Elk","NC","","","","",""
"cmou853yn00krqtiwxft9rpx6","Lehigh University","lehigh-university","Bethlehem","PA","","","","",""
"cmovors3c00d0qt7g4kp985zl","Lehman College","lehman-college","","NY","","","","",""
"cmox237x00070qtfkegjy06th","Lenoir Community College","lenoir-community-college","","NC","","","","",""
"cmorjasxz004lqt4w7epq8iye","Lenoir-Rhyne University","lenoir-rhyne-university","Hickory","NC","","","","",""
"cmovlhvrc009lqt20xsm15etg","Lenoir–Rhyne","lenoir-rhyne","Hickory","North Carolina","","","","",""
"cmovors4s00d3qt7gqqxgxee8","Lesley University","lesley-university","","MA","","","","",""
"cmovlhvst009oqt20ynpfzg3r","Lewis","lewis","Romeoville","Illinois","","","","",""
"cmovors7s00d9qt7gqu463d1c","Lewis & Clark College","lewis-and-clark-college","","OR","","","","",""
"cmox237ye0073qtfkashksyoi","Lewis & Clark Community College","lewis-and-clark-community-college","","IL","","","","",""
"cmowzs0ro0040qt4w6yk3fqcd","Lewis-Clark State","lewis-clark-state","","IDAHO","","","","",""
"cmorirvly001xqtm0tzybydoz","Liberty University","liberty-university","Lynchburg","VA","","","","",""
"cmorjassg0049qt4wq08n7hlq","Limestone University","limestone-university","Gaffney","SC","","","","",""
"cmovlhvu8009rqt20hm8di6b2","Lincoln (MO)","lincoln-mo","Jefferson City","Missouri","","","","",""
"cmovlhvvn009uqt20l3wifmmh","Lincoln (PA)","lincoln-pa","Oxford","Pennsylvania","","","","",""
"cmox237zs0076qtfkf1v7ckpt","Lincoln Land Community College","lincoln-land-community-college","","IL","","","","",""
"cmovlhvx5009xqt20xmn7sbfi","Lincoln Memorial","lincoln-memorial","Harrogate","Tennessee","","","","",""
"cmorjat3a004xqt4wle1hjyyv","Lincoln Memorial University","lincoln-memorial-university","Harrogate","TN","","","","",""
"cmox1ghxb006fqtsgu5re7f4u","Lincoln Trail College","lincoln-trail-college","","IL","","","","",""
"cmox067330070qtgc2vra1ndq","Lindsey Wilson","lindsey-wilson","","KY.","","","","",""
"cmovors9900dcqt7gd54eun86","Linfield University","linfield-university","","OR","","","","",""
"cmovlhvym00a0qt206nfpk7yb","Lock Haven","lock-haven","Lock Haven","Pennsylvania","","","","",""
"cmou6tv4900bfqti0dl5zm88o","Longwood University","longwood-university","Farmville","VA","","","","",""
"cmox2o2210039qtbkozottt6r","Lorain County Community College","lorain-county-community-college","","OH","","","","",""
"cmovorsap00dfqt7gibs2nlo3","Loras College","loras-college","","IA","","","","",""
"cmorjat8g0059qt4wzrxhvygw","Louisburg College","louisburg-college","Louisburg","NC","","","","",""
"cmox0674e0073qtgccuv9vkx5","Louisiana Christian","louisiana-christian","","LA","","","","",""
"cmosp9qiy001uqtygr9z70e4d","Louisiana State University","louisiana-state-university","Baton Rouge","LA","","","","",""
"cmox1ghyn006iqtsgfgt4f361","Louisiana State University Eunice","louisiana-state-university-eunice","","LA","","","","",""
"cmou74g9400d6qtbozjfls2vs","Louisiana Tech University","louisiana-tech-university","Ruston","LA","","","","",""
"cmox0675s0076qtgcqe0r7lig","Lourdes","lourdes","","OH","","","","",""
"cmowzs0t60043qt4w612g566d","Loyola","loyola","","LA.","","","","",""
"cmou8ea7q00ofqt6st8tp4yo9","Loyola Marymount University","loyola-marymount-university","Los Angeles","CA","","","","",""
"cmovlhw0200a3qt20g88kj7gf","Lubbock Christian","lubbock-christian","Lubbock","Texas","","","","",""
"cmox1gi05006lqtsg25vd4spg","Luna Community College","luna-community-college","","NM","","","","",""
"cmox2382k007cqtfk7mq3prfd","Lurleen B. Wallace Community College","lurleen-b-wallace-community-college","","AL","","","","",""
"cmox2o23h003cqtbklgs7jrdo","Luzerne County Community College","luzerne-county-community-college","","PA","","","","",""
"cmovorsc400diqt7g5el1sobk","Lycoming College","lycoming-college","","PA","","","","",""
"cmovlhw1h00a6qt20j8qnvq8y","Lynn","lynn","Boca Raton","Florida","","","","",""
"cmovorsdj00dlqt7gl12siwby","Lyon College","lyon-college","","AR","","","","",""
"cmox2383x007fqtfkyj1orrdd","Macomb Community College","macomb-community-college","","MI","","","","",""
"cmox2385c007iqtfk85vi4mbf","Madison College","madison-college","","WI","","","","",""
"cmowzs0xk004cqt4wnl1891ss","Madonna","madonna","","MICH.","","","","",""
"cmovorsez00doqt7gfytli0mo","Maine Maritime Academy","maine-maritime-academy","","ME","","","","",""
"cmovlhw2w00a9qt200cbkk1h8","Malone","malone","Canton","Ohio","","","","",""
"cmovorsgh00drqt7gf2vhlheq","Manchester University","manchester-university","","IN","","","","",""
"cmou7g51200exqtkwf7kuasw3","Manhattan University","manhattan-university","Bronx","NY","","","","",""
"cmovorsi000duqt7gwavwo3l5","Manhattanville University","manhattanville-university","","NY","","","","",""
"cmovlhw4x00acqt20fkuxpadx","Mansfield","mansfield","Mansfield","Pennsylvania","","","","",""
"cmovorsjo00dxqt7gjs7b5edl","Maranatha Baptist University","maranatha-baptist-university","","WI","","","","",""
"cmox067ch007lqtgceo3tu6aq","Marian","marian","","IN","","","","",""
"cmovorsl400e0qt7g5yda4ir5","Marian University (Wisconsin)","marian-university-wisconsin","","WI","","","","",""
"cmox2386r007lqtfk7psukvb3","Marian University Ancilla","marian-university-ancilla","","LA","","","","",""
"cmovorsmr00e3qt7g3maxnqu3","Marietta College","marietta-college","","OH","","","","",""
"cmox23886007oqtfkr7tnljl8","Marion Military Institute","marion-military-institute","","AL","","","","",""
"cmou7g52f00f0qtkwt9df4qnj","Marist University","marist-university","Poughkeepsie","NY","","","","",""
"cmou6ba6o00aoqticyii4x4fl","Marquette University","marquette-university","Milwaukee","WI","","","","",""
"cmovlhw6900afqt208i77fkyq","Mars Hill","mars-hill","Mars Hill","North Carolina","","","","",""
"cmorjaszb004oqt4wby4beihf","Mars Hill University","mars-hill-university","Mars Hill","NC","","","","",""
"cmou3bzgk0066qtvox0ta1p15","Marshall University","marshall-university","Huntington","WV","","","","",""
"cmox2389p007rqtfkqd5ig5iy","Marshalltown Community College","marshalltown-community-college","","IA","","","","",""
"cmovorso900e6qt7g5v0fru3j","Martin Luther College","martin-luther-college","","MN","","","","",""
"cmovlhw7o00aiqt20ntmptkgz","Mary","mary","Bismarck","North Dakota","","","","",""
"cmovorspp00e9qt7g4saf0ynz","Mary Baldwin University","mary-baldwin-university","","VA","","","","",""
"cmovorsr700ecqt7g6uovm0dc","Marymount University (Virginia)","marymount-university-virginia","","VA","","","","",""
"cmovlhw9s00alqt20nx98wai4","Maryville (MO)","maryville-mo","Town and Country","Missouri","","","","",""
"cmovorsst00efqt7gx7vfng7i","Marywood University","marywood-university","","PA","","","","",""
"cmovorsu800eiqt7glvybm69u","Massachusetts College of Liberal Arts","massachusetts-college-of-liberal-arts","","MA","","","","",""
"cmovorsvo00elqt7g7yhzggy1","Massachusetts Maritime Academy","massachusetts-maritime-academy","","MA","","","","",""
"cmox2o24w003fqtbkeclocvya","Massasoit Community College","massasoit-community-college","","MA","","","","",""
"cmox067dt007oqtgcup27yusi","Mayville State","mayville-state","","ND","","","","",""
"cmox1gi1h006oqtsggh1qc891","McCook Community College","mccook-community-college","","NE","","","","",""
"cmovorsx300eoqt7gdb6tfft1","McDaniel College","mcdaniel-college","","MD","","","","",""
"cmox1gi2w006rqtsgdxnmr2io","McHenry County College","mchenry-county-college","","IL","","","","",""
"cmovlhwbb00aoqt20r0lajm44","McKendree","mckendree","Lebanon","Illinois","","","","",""
"cmox1gi48006uqtsgbop2r9x2","McLennan Community College","mclennan-community-college","","TX","","","","",""
"cmovorsyj00erqt7gbsdqblc1","McMurry University","mcmurry-university","","TX","","","","",""
"cmou87s7p00lxqt8o8ol0m0nw","McNeese State University","mcneese-state-university","Lake Charles","LA","","","","",""
"cmowzs0z2004fqt4w3uj81px9","McPherson","mcpherson","","KAN.","","","","",""
"cmovort0200euqt7g2mxxqtb8","Medgar Evers College","medgar-evers-college","","NY","","","","",""
"cmovlhwcr00arqt20ptunzm1w","Menlo","menlo","Atherton","California","","","","",""
"cmox238b4007uqtfk9cdvx3p4","Mercer County Community College","mercer-county-community-college","","NJ","","","","",""
"cmorirvda001fqtm0bda9w5vn","Mercer University","mercer-university","Macon","GA","","","","",""
"cmovlhwe900auqt20ezh4cxu1","Mercy","mercy","Dobbs Ferry","New York","","","","",""
"cmox238ch007xqtfk12h0a9cz","Meridian Community College","meridian-community-college","","MS","","","","",""
"cmou7zwf900jcqt18wr5yrl6b","Merrimack College","merrimack-college","North Andover","MA","","","","",""
"cmox238du0080qtfkpv9458cx","Mesa Community College","mesa-community-college","","AZ","","","","",""
"cmovort1i00exqt7gj7a0sqda","Messiah University","messiah-university","","PA","","","","",""
"cmorj0h2u0033qtiopboyd5uc","Methodist University","methodist-university","Fayetteville","NC","","","","",""
"cmox1gi5m006xqtsg3weazvjx","Metropolitan Community College","metropolitan-community-college","","NE","","","","",""
"cmovlhwgi00axqt20i8yliabi","Metropolitan State","metropolitan-state","Denver","Colorado","","","","",""
"cmox1gi6z0070qtsgi1r423i9","Miami Dade College","miami-dade-college","","FL","","","","",""
"cmou7sknj00g9qtagx86tk6jp","Miami University","miami-university","Oxford","OH","","","","",""
"cmoss3uj00033qtao6edcy6t4","Michigan State University","michigan-state-university","East Lansing","MI","","","","",""
"cmox067gh007uqtgcqrq09vgr","Michigan-Dearborn","michigan-dearborn","","MI","","","","",""
"cmox238f90083qtfk6bq6fly3","Mid Michigan College","mid-michigan-college","","MI","","","","",""
"cmox067hw007xqtgci55b1wtd","MidAmerica Nazarene","midamerica-nazarene","","KS","","","","",""
"cmovlhwi200b0qt20um5ba9pk","Middle Georgia","middle-georgia","Cochran","Georgia","","","","",""
"cmox067j70080qtgcbr5o9igh","Middle Georgia State","middle-georgia-state","","GA","","","","",""
"cmou74gai00d9qtbom8p5uos8","Middle Tennessee State University","middle-tennessee-state-university","Murfreesboro","TN","","","","",""
"cmovort4k00f3qt7g48qk9d8g","Middlebury College","middlebury-college","","VT","","","","",""
"cmox2o26f003iqtbky03hkkhv","Middlesex College","middlesex-college","","NJ","","","","",""
"cmox067kl0083qtgczg7bx4q5","Midland","midland","","NE","","","","",""
"cmox1gi8a0073qtsg01m46kpe","Midland College","midland-college","","TX","","","","",""
"cmox067ly0086qtgcybk0ndn8","Midway","midway","","KY","","","","",""
"cmovlhwji00b3qt20m7f656pa","Miles","miles","Fairfield","Alabama","","","","",""
"cmox238go0086qtfkciy0ffja","Miles Community College","miles-community-college","","MT","","","","",""
"cmovlhwl500b6qt20y6wjrqre","Millersville","millersville","Millersville","Pennsylvania","","","","",""
"cmowzs10i004iqt4welwstpp9","Milligan","milligan","","TN","","","","",""
"cmovort6300f6qt7ge5vzudfo","Millikin University","millikin-university","","IL","","","","",""
"cmox238i20089qtfk7c9u50mt","Milwaukee Area Technical College","milwaukee-area-technical-college","","WI","","","","",""
"cmovort7j00f9qt7g840w6kws","Milwaukee School of Engineering","milwaukee-school-of-engineering","","WI","","","","",""
"cmox1gi9n0076qtsgml9pgwm3","Mineral Area College","mineral-area-college","","MO","","","","",""
"cmox2o27u003lqtbk6qb0dj7q","Minnesota North College-Hibbing","minnesota-north-college-hibbing","","MN","","","","",""
"cmox2o29b003oqtbkoza2ug5s","Minnesota North College-Itasca","minnesota-north-college-itasca","","CA","","","","",""
"cmox2o2ax003rqtbkqd0pa7ch","Minnesota North College-Mesabi Range","minnesota-north-college-mesabi-range","","MN","","","","",""
"cmox2o2cd003uqtbkjfkizfxt","Minnesota North College-Rainy River","minnesota-north-college-rainy-river","","MN","","","","",""
"cmox2o2dt003xqtbk0on6g6b3","Minnesota North College-Vermilion","minnesota-north-college-vermilion","","MN","","","","",""
"cmovlhwmk00b9qt20eudd2p43","Minnesota State","minnesota-state","Mankato","Minnesota","","","","",""
"cmox2o2fa0040qtbktxmsy47g","Minnesota State Community and Technical College","minnesota-state-community-and-technical-college","","AL","","","","",""
"cmox2o2gq0043qtbko8zjx2vu","Minnesota West Community & Technical College","minnesota-west-community-and-technical-college","","MN","","","","",""
"cmovlhwo200bcqt209icnma7q","Minnesota–Crookston","minnesota-crookston","Crookston","Minnesota","","","","",""
"cmovlhwpg00bfqt209vrqmpry","Minnesota–Duluth","minnesota-duluth","Duluth","Minnesota","","","","",""
"cmovlhwqx00biqt20v00lwdhr","Minot State","minot-state","Minot","North Dakota","","","","",""
"cmowzs11x004lqt4wcw37qxqh","Mission","mission","","MO.","","","","",""
"cmovlhwsb00blqt20p3qkehr1","Mississippi College","mississippi-college","Clinton","Mississippi","","","","",""
"cmox238ji008cqtfkmb2gsed8","Mississippi Delta Community College","mississippi-delta-community-college","","MS","","","","",""
"cmox238kv008fqtfku7mj60jc","Mississippi Gulf Coast Community College","mississippi-gulf-coast-community-college","","MS","","","","",""
"cmosp9qlj0020qtygmlse1hvz","Mississippi State University","mississippi-state-university","Starkville","MS","","","","",""
"cmou8bkft00n3qtuwhngsikpf","Mississippi Valley State University","mississippi-valley-state-university","Itta Bena","MS","","","","",""
"cmox067q3008fqtgcc3zc2s24","Missouri Baptist","missouri-baptist","","MO","","","","",""
"cmovlhwv800brqt20ba6l3r1c","Missouri S&T","missouri-s-and-t","Rolla","Missouri","","","","",""
"cmovlhwts00boqt201km39vl3","Missouri Southern","missouri-southern","Joplin","Missouri","","","","",""
"cmou7wkgw00hiqt5sseedt2ma","Missouri State University","missouri-state-university","Springfield","MO","","","","",""
"cmox1gib20079qtsg33nf3wq3","Missouri State University - West Plains","missouri-state-university-west-plains","","MO","","","","",""
"cmox067rf008iqtgcqv98xxm2","Missouri Valley","missouri-valley","","MO","","","","",""
"cmovlhwwm00buqt206mz9ewaj","Missouri Western","missouri-western","St. Joseph","Missouri","","","","",""
"cmovort9c00fcqt7g0z18daz7","Mitchell College","mitchell-college","","CT","","","","",""
"cmox238m8008iqtfk66enpn89","Moberly Area Community College","moberly-area-community-college","","MO","","","","",""
"cmowzs13d004oqt4wgedrj6i3","Mobile","mobile","","ALA.","","","","",""
"cmox2o2i50046qtbkuagcawhd","Mohawk Valley Community College","mohawk-valley-community-college","","NY","","","","",""
"cmovlhwy100bxqt20daz1sxc4","Molloy","molloy","Rockville Centre","New York","","","","",""
"cmovortaw00ffqt7gn23acp1v","Monmouth College (Illinois)","monmouth-college-illinois","","IL","","","","",""
"cmou72rez00c6qtt8vg07t3mb","Monmouth University","monmouth-university","West Long Branch","NJ","","","","",""
"cmox238nk008lqtfkckzbvcng","Monroe Community College","monroe-community-college","","NY","","","","",""
"cmox1gicg007cqtsg99jv080v","Monroe University","monroe-university","","NY","","","","",""
"cmox2o2jl0049qtbkdr59b165","Monroe University - Bronx","monroe-university-bronx","","NY","","","","",""
"cmovlhwzk00c0qt209otpug5v","Montana State–Billings","montana-state-billings","Billings","Montana","","","","",""
"cmovortcf00fiqt7g619pf3y2","Montclair State University","montclair-state-university","","NJ","","","","",""
"cmovlhx1100c3qt205lwrc951","Montevallo","montevallo","Montevallo","Alabama","","","","",""
"cmox238p1008oqtfk4xl2uiev","Montgomery College","montgomery-college","","MD","","","","",""
"cmox2o2l1004cqtbksgxg6x7x","Montgomery County Community College","montgomery-county-community-college","","PA","","","","",""
"cmowzs14u004rqt4wk2sj18ho","Montreat","montreat","","NC","","","","",""
"cmox238qg008rqtfka1sjmmka","Moraine Valley Community College","moraine-valley-community-college","","IL","","","","",""
"cmovorte000flqt7g1kz8nxgg","Moravian University","moravian-university","","PA","","","","",""
"cmou8254z00jxqtfojfw5nai9","Morehead State University","morehead-state-university","Morehead","KY","","","","",""
"cmovlhx2l00c6qt2031qyg0wu","Morehouse","morehouse","Atlanta","Georgia","","","","",""
"cmowzs16a004uqt4wruulohb5","Morningside","morningside","","IA","","","","",""
"cmox067wv008uqtgc1vodg7t1","Morris","morris","","SC","","","","",""
"cmox238ry008uqtfkz9z6kizk","Morton College","morton-college","","IL","","","","",""
"cmox1gidu007fqtsg6zpx3re1","Motlow State Community College","motlow-state-community-college","","TN","","","","",""
"cmox238te008xqtfkag0dpvhy","Mott Community College","mott-community-college","","MI","","","","",""
"cmovortfk00foqt7gfchi3pb1","Mount Aloysius College","mount-aloysius-college","","PA","","","","",""
"cmox067y8008xqtgcqmlq9nbw","Mount Marty","mount-marty","","SD","","","","",""
"cmox067zj0090qtgc8tlprwtb","Mount Mercy","mount-mercy","","IA","","","","",""
"cmovlhx4100c9qt20kqipia3l","Mount Olive","mount-olive","Mount Olive","North Carolina","","","","",""
"cmorj0gyc002uqtiog9sy3cgd","Mount Olive University","mount-olive-university","Mount Olive","NC","","","","",""
"cmovorth700frqt7gdfc20hp0","Mount Saint Mary College (New York)","mount-saint-mary-college-new-york","","NY","","","","",""
"cmovortis00fuqt7gq8n7qclm","Mount St. Joseph University","mount-st-joseph-university","","OH","","","","",""
"cmou7g53u00f3qtkwb9q8949c","Mount St. Mary's University","mount-st-marys-university","Emmitsburg","MD","","","","",""
"cmowzs17v004xqt4wvfj3aff3","Mount Vernon Nazarene","mount-vernon-nazarene","","OH","","","","",""
"cmovortkd00fxqt7gfum4tjnd","Muhlenberg College","muhlenberg-college","","PA","","","","",""
"cmox238ux0090qtfk9uava4eq","Murray State College","murray-state-college","","OK","","","","",""
"cmou7wkih00hlqt5s33909h6i","Murray State University","murray-state-university","Murray","KY","","","","",""
"cmox238w90093qtfk1xg0k5sl","Muskegon Community College","muskegon-community-college","","MI","","","","",""
"cmovortlx00g0qt7g7jhlo7eq","Muskingum University","muskingum-university","","OH","","","","",""
"cmox2o2mj004fqtbko757r4pr","Nassau Community College","nassau-community-college","","NY","","","","",""
"cmox238xn0096qtfkj0anhwpb","National Park College","national-park-college","","AR","","","","",""
"cmou8540400kuqtiws5720no0","Naval Academy","naval-academy","Annapolis","MD","","","","",""
"cmox1gif7007iqtsgefaj25w8","Navarro College","navarro-college","","TX","","","","",""
"cmovortnf00g3qt7gwmb9trk2","Nazareth University","nazareth-university","","NY","","","","",""
"cmovortow00g6qt7g3h86b0sw","Nebraska Wesleyan University","nebraska-wesleyan-university","","NE","","","","",""
"cmowzs19b0050qt4wx2g99sqw","Nelson","nelson","","TX","","","","",""
"cmox1gigo007lqtsg36v9z5kk","Neosho County Community College","neosho-county-community-college","","KS","","","","",""
"cmovortqb00g9qt7gwezhdnqp","Neumann University","neumann-university","","PA","","","","",""
"cmox068270096qtgcwygf9q49","New College of Florida","new-college-of-florida","","FL","","","","",""
"cmovortrr00gcqt7g0o81s9hm","New England College","new-england-college","","NH","","","","",""
"cmovortt800gfqt7gk3ewehk7","New Jersey City University","new-jersey-city-university","","NJ","","","","",""
"cmovlhx5i00ccqt20pwi0gmkk","New Mexico Highlands","new-mexico-highlands","Las Vegas","New Mexico","","","","",""
"cmox1gii7007oqtsgbihc8nfe","New Mexico Junior College","new-mexico-junior-college","","NM","","","","",""
"cmox1gijj007rqtsg2fppew7h","New Mexico Military Institute","new-mexico-military-institute","","NM","","","","",""
"cmou74gbw00dcqtbol3sfoqsv","New Mexico State University","new-mexico-state-university","Las Cruces","NM","","","","",""
"cmovortuq00giqt7gtidu6e1m","New York University","new-york-university","","NY","","","","",""
"cmovlhx6z00cfqt20ae1fwoz2","Newberry","newberry","Newberry","South Carolina","","","","",""
"cmorjasr50046qt4wpnm8sum8","Newberry College","newberry-college","Newberry","SC","","","","",""
"cmovlhx8d00ciqt20g6t4j0he","Newman","newman","Wichita","Kansas","","","","",""
"cmou7g55900f6qtkwnbzbwha4","Niagara University","niagara-university","Niagara University","NY","","","","",""
"cmou87sao00m3qt8o9ltpx7xj","Nicholls State University","nicholls-state-university","Thibodaux","LA","","","","",""
"cmovortw600glqt7gjew9erx8","Nichols College","nichols-college","","MA","","","","",""
"cmou7v16500guqtfgg29wl5pq","Norfolk State University","norfolk-state-university","Norfolk","VA","","","","",""
"cmox2o2nz004iqtbkbxx2wnfk","North Arkansas College","north-arkansas-college","","AR","","","","",""
"cmou72rgb00c9qtt82x6a8jc6","North Carolina A&T State University","north-carolina-at-state-university","Greensboro","NC","","","","",""
"cmou7v17l00gxqtfg0hn9bpcu","North Carolina Central University","north-carolina-central-university","Durham","NC","","","","",""
"cmoriruwm000iqtm02t4sd889","North Carolina State University","north-carolina-state-university","Raleigh","NC","","","","",""
"cmovortxl00goqt7gyra936s0","North Carolina Wesleyan University","north-carolina-wesleyan-university","","NC","","","","",""
"cmovortz200grqt7gzege7bvq","North Central College","north-central-college","","IL","","","","",""
"cmox238z30099qtfkes4ze3ts","North Central Missouri College","north-central-missouri-college","","MO","","","","",""
"cmox1gikw007uqtsggme75zyn","North Central Texas College","north-central-texas-college","","TX","","","","",""
"cmovoru0m00guqt7g2kej3n66","North Central University","north-central-university","","MN","","","","",""
"cmox2o2pe004lqtbkhb09qqb1","North Dakota State College of Science","north-dakota-state-college-of-science","","ND","","","","",""
"cmovlhx9r00clqt20g7fkb61m","North Georgia","north-georgia","Dahlonega","Georgia","","","","",""
"cmovlhxb700coqt20ixz4ht1r","North Greenville","north-greenville","Tigerville","South Carolina","","","","",""
"cmorj0gl80023qtiowcp5onup","North Greenville University","north-greenville-university","Tigerville","SC","","","","",""
"cmox2390f009cqtfk7yqu7f8q","North Iowa Area Community College","north-iowa-area-community-college","","IA","","","","",""
"cmovoru2300gxqt7g703etay1","North Park University","north-park-university","","IL","","","","",""
"cmox2o2qw004oqtbkl22srla5","Northampton Community College","northampton-community-college","","PA","","","","",""
"cmox2391w009fqtfkwzoiiu73","Northeast Community College","northeast-community-college","","NE","","","","",""
"cmox2393c009iqtfks278qq4p","Northeast Mississippi Community College","northeast-mississippi-community-college","","MS","","","","",""
"cmox1gimb007xqtsg8a3f3q0v","Northeast Texas Community College","northeast-texas-community-college","","TX","","","","",""
"cmox1ginu0080qtsgss3h6zzz","Northeastern Junior College","northeastern-junior-college","","CO","","","","",""
"cmox1gip70083qtsgqexr65bo","Northeastern Oklahoma AM College","northeastern-oklahoma-am-college","","OK","","","","",""
"cmovlhxcm00crqt209jupcmmz","Northeastern State","northeastern-state","Tahlequah","Oklahoma","","","","",""
"cmou72rhq00ccqtt8mnchz644","Northeastern University","northeastern-university","Boston","MA","","","","",""
"cmox2o2sd004rqtbk0mjj3lrs","Northern Essex Community College","northern-essex-community-college","","MA","","","","",""
"cmou7skp000gcqtag9gme0a5g","Northern Illinois University","northern-illinois-university","DeKalb","IL","","","","",""
"cmou7aqmx00duqt44ki7648cp","Northern Kentucky University","northern-kentucky-university","Highland Heights","KY","","","","",""
"cmox2394q009lqtfkzsswuqop","Northern Oklahoma College-Enid","northern-oklahoma-college-enid","","ID","","","","",""
"cmox23969009oqtfklqdhm5d3","Northern Oklahoma College-Tonkawa","northern-oklahoma-college-tonkawa","","WA","","","","",""
"cmovlhxdz00cuqt207uigs0ed","Northern State","northern-state","Aberdeen","South Dakota","","","","",""
"cmox2o2tt004uqtbkuh5a9l9i","Northland Community & Technical College","northland-community-and-technical-college","","MN","","","","",""
"cmox1giqk0086qtsgmzqum4zj","Northwest Florida State College","northwest-florida-state-college","","FL","","","","",""
"cmox2397r009rqtfkmtp9eot3","Northwest Mississippi Community College","northwest-mississippi-community-college","","MS","","","","",""
"cmovlhxfd00cxqt20qgl09l0y","Northwest Missouri State","northwest-missouri-state","Maryville","Missouri","","","","",""
"cmovlhxgs00d0qt201g9dh1r9","Northwest Nazarene","northwest-nazarene","Nampa","Idaho","","","","",""
"cmox1gis00089qtsgi4923klc","Northwest-Shoals Community College","northwest-shoals-community-college","","AL","","","","",""
"cmowzs1aw0053qt4wrwplawbf","Northwestern","northwestern","","IA","","","","",""
"cmox0684y009cqtgca2arq0at","Northwestern Ohio","northwestern-ohio","","OH","","","","",""
"cmovlhxia00d3qt20r6084hq3","Northwestern Oklahoma State","northwestern-oklahoma-state","Alva","Oklahoma","","","","",""
"cmou87sc400m6qt8og6qwpy7g","Northwestern State University","northwestern-state-university","Natchitoches","LA","","","","",""
"cmoss3un1003cqtao6c08qtft","Northwestern University","northwestern-university","Evanston","IL","","","","",""
"cmovlhxjp00d6qt20323ukp9t","Northwood","northwood","Midland","Michigan","","","","",""
"cmovoru3n00h0qt7gzttmfjan","Norwich University","norwich-university","","VT","","","","",""
"cmovoru5500h3qt7gvvnkvw4q","Notre Dame of Maryland University","notre-dame-of-maryland-university","","MD","","","","",""
"cmovlhxl300d9qt20apc8lhde","Nova Southeastern","nova-southeastern","Davie","Florida","","","","",""
"cmox1gitd008cqtsg6n5t643k","Nunez Community College","nunez-community-college","","LA","","","","",""
"cmox068ed009xqtgcluu00ea6","OUAZ","ouaz","","AZ","","","","",""
"cmowzs1cg0056qt4w6u7raqqy","Oakland City","oakland-city","","IN","","","","",""
"cmou7aqq300e0qt44815c4i48","Oakland University","oakland-university","Rochester","MI","","","","",""
"cmox2o2va004xqtbk1jhuxnfl","Oakton Community College","oakton-community-college","","IL","","","","",""
"cmowzs1dw0059qt4w4xp8tyqi","Oakwood","oakwood","","AL","","","","",""
"cmovoru6p00h6qt7gxpujwz5x","Oberlin College","oberlin-college","","OH","","","","",""
"cmovoru8400h9qt7gfjap72vr","Occidental College","occidental-college","","CA","","","","",""
"cmox2o2wy0050qtbkugl6cji9","Ocean County College","ocean-county-college","","NJ","","","","",""
"cmox1gius008fqtsga7j8hcz0","Odessa College","odessa-college","","TX","","","","",""
"cmovoru9j00hcqt7gh75qx8vt","Oglethorpe University","oglethorpe-university","","GA","","","","",""
"cmovlhxmk00dcqt209jcidi7u","Ohio Dominican","ohio-dominican","Columbus","Ohio","","","","",""
"cmovorub700hfqt7gaprtmouq","Ohio Northern University","ohio-northern-university","","OH","","","","",""
"cmoss3uob003fqtaoxl8favwc","Ohio State University","ohio-state-university","Columbus","OH","","","","",""
"cmou7skqk00gfqtagxrcr2y5r","Ohio University","ohio-university","Athens","OH","","","","",""
"cmovorucq00hiqt7gyor7s378","Ohio Wesleyan University","ohio-wesleyan-university","","OH","","","","",""
"cmovlhxnx00dfqt20hmf5qpv9","Oklahoma Baptist","oklahoma-baptist","Shawnee","Oklahoma","","","","",""
"cmovlhxpb00diqt203axxq5d8","Oklahoma Christian","oklahoma-christian","Oklahoma City","Oklahoma","","","","",""
"cmosun07l004xqtlgmfv1xuiu","Oklahoma State University","oklahoma-state-university","Stillwater","OK","","","","",""
"cmox06893009lqtgc3tmk8itu","Oklahoma Wesleyan","oklahoma-wesleyan","","OK","","","","",""
"cmou3bzi30069qtvo7egz1i63","Old Dominion University","old-dominion-university","Norfolk","VA","","","","",""
"cmox1giw4008iqtsgh7hy8lxx","Olive-Harvey College","olive-harvey-college","","IL","","","","",""
"cmowzs1fe005cqt4w0s54p5m8","Olivet Nazarene","olivet-nazarene","","IL","","","","",""
"cmox1gixk008lqtsg7kg6hwsx","Olney Central College","olney-central-college","","IL","","","","",""
"cmox2o2ye0053qtbkw0avx34g","Onondaga Community College","onondaga-community-college","","NY","","","","",""
"cmox23996009uqtfksoglfby5","Orange County Community College","orange-county-community-college","","NY","","","","",""
"cmou3xril0070qt5slpmm4icd","Oregon State University","oregon-state-university","Corvallis","OR","","","","",""
"cmox068bq009rqtgc9w14f64u","Oregon Tech","oregon-tech","","OR","","","","",""
"cmox1giz5008oqtsgjmt7hhrw","Otero College","otero-college","","CO","","","","",""
"cmowzs1gw005fqt4wv7ntre67","Ottawa","ottawa","","KAN.","","","","",""
"cmovorue700hlqt7gx65qmy9g","Otterbein University","otterbein-university","","OH","","","","",""
"cmovlhxqp00dlqt20ayxkj4v0","Ouachita Baptist","ouachita-baptist","Arkadelphia","Arkansas","","","","",""
"cmox068fn00a0qtgc5m18fxv4","Our Lady of the Lake","our-lady-of-the-lake","","TX","","","","",""
"cmox2o2zv0056qtbkvkq7qjv5","Owens Community College","owens-community-college","","OH","","","","",""
"cmovlhxs300doqt20oobjf1my","Pace","pace","Pleasantville","New York","","","","",""
"cmovorufy00hoqt7g9vufsy3i","Pacific Lutheran University","pacific-lutheran-university","","WA","","","","",""
"cmovoruhd00hrqt7go1gw32r2","Pacific University (Oregon)","pacific-university-oregon","","OR","","","","",""
"cmovlhxtf00drqt20s8jo0hvf","Palm Beach Atlantic","palm-beach-atlantic","West Palm Beach","Florida","","","","",""
"cmox239al009xqtfkvic9q7xx","Palm Beach State College","palm-beach-state-college","","FL","","","","",""
"cmox1gj0k008rqtsgfv1kv1h6","Panola College","panola-college","","TX","","","","",""
"cmox239ch00a0qtfkz09j6rwl","Paradise Valley Community College","paradise-valley-community-college","","AZ","","","","",""
"cmox1gj22008uqtsgx2lb472o","Paris Junior College","paris-junior-college","","TX","","","","",""
"cmox068h500a3qtgcyxillt4u","Park","park","","MO","","","","",""
"cmowzs1ib005iqt4w3i7tnck9","Park-Gilbert","park-gilbert","","AZ","","","","",""
"cmox239dx00a3qtfkg1liwy4c","Parkland College","parkland-college","","IL","","","","",""
"cmovlhxuv00duqt200ok5efye","Parkside","parkside","Somers","Wisconsin","","","","",""
"cmox239fc00a6qtfkm421us4p","Pasco-Hernando State College","pasco-hernando-state-college","","FL","","","","",""
"cmorj0hfm003uqtiog7x8nfgh","Patrick & Henry Community College","patrick-and-henry-community-college","Martinsville","VA","","","","",""
"cmox239i500acqtfkgxl4im62","Pearl River Community College","pearl-river-community-college","","MS","","","","",""
"cmox1gj3e008xqtsgrl4frpin","Pellissippi State Community College","pellissippi-state-community-college","","TN","","","","",""
"cmovoruit00huqt7gs5hmgxcq","Penn State Berks College","penn-state-berks-college","","PA","","","","",""
"cmovoruk900hxqt7g00s2zdsx","Penn State Brandywine","penn-state-brandywine","","PA","","","","",""
"cmoss3upz003iqtao5i62w3ay","Penn State University","penn-state-university","University Park","PA","","","","",""
"cmovorum400i0qt7gwqyr84ui","Penn State University, Abington","penn-state-university-abington","","PA","","","","",""
"cmovoruqt00i3qt7gfhte0xw1","Penn State University, Altoona","penn-state-university-altoona","","PA","","","","",""
"cmovorutc00i6qt7gjesi0x8w","Pennsylvania College of Technology","pennsylvania-college-of-technology","","PA","","","","",""
"cmovoruuv00i9qt7gzeo01l3x","Pennsylvania State Univ. Erie, the Behrend College","pennsylvania-state-univ-erie-the-behrend-college","","PA","","","","",""
"cmox1gj4r0090qtsgw4rlbl51","Pensacola State College","pensacola-state-college","","FL","","","","",""
"cmou8ea9700oiqt6sl6kxo6py","Pepperdine University","pepperdine-university","Malibu","CA","","","","",""
"cmox068jq00a9qtgc4gcrrdbl","Peru State","peru-state","","NE","","","","",""
"cmorj0h01002xqtio79vlbprn","Pfeiffer University","pfeiffer-university","Misenheimer","NC","","","","",""
"cmowzs1jr005lqt4womndsl7h","Philander Smith","philander-smith","","AR","","","","",""
"cmox239jn00afqtfkb1zwh43e","Phoenix College","phoenix-college","","AZ","","","","",""
"cmorj0h5p0039qtio5itydr8m","Piedmont University","piedmont-university","Demorest","GA","","","","",""
"cmowzs1l7005oqt4wcore2glb","Pikeville","pikeville","","KY","","","","",""
"cmox239l100aiqtfkz09l1rha","Pima Community College","pima-community-college","","AZ","","","","",""
"cmox239mf00alqtfk3vrs42cg","Pitt Community College","pitt-community-college","","NC","","","","",""
"cmovlhxw900dxqt20w6fu75hv","Pittsburg State","pittsburg-state","Pittsburg","Kansas","","","","",""
"cmovlhxxo00e0qt20r5np3ykj","Pitt–Johnstown","pitt-johnstown","Johnstown","Pennsylvania","","","","",""
"cmovoruzl00iiqt7ggmia2s4r","Plattsburgh State University of New York","plattsburgh-state-university-of-new-york","","NY","","","","",""
"cmovorv1200ilqt7g392bty6l","Plymouth State University","plymouth-state-university","","NH","","","","",""
"cmox068ny00aiqtgc74yuw2t8","Point","point","","GA","","","","",""
"cmovlhxz300e3qt20zmbj53fk","Point Loma Nazarene","point-loma-nazarene","San Diego","California","","","","",""
"cmovlhy0j00e6qt20i08bl64b","Point Park","point-park","Pittsburgh","Pennsylvania","","","","",""
"cmox1gj670093qtsgua774c0h","Polk State College","polk-state-college","","FL","","","","",""
"cmovorv2h00ioqt7g6m1xdbga","Pomona-Pitzer Colleges","pomona-pitzer-colleges","","CA","","","","",""
"cmovlhy2100e9qt20knw6rcyp","Post","post","Waterbury","Connecticut","","","","",""
"cmox239nt00aoqtfkxs8kf48a","Prairie State College","prairie-state-college","","IL","","","","",""
"cmou8bkh800n6qtuwr2b80tng","Prairie View A&M University","prairie-view-am-university","Prairie View","TX","","","","",""
"cmox1gj7j0096qtsgexvr10ot","Pratt Community College","pratt-community-college","","KS","","","","",""
"cmovorv3y00irqt7g1d9pccrh","Pratt Institute","pratt-institute","","NY","","","","",""
"cmou6tv5p00biqti096g6a7i8","Presbyterian College","presbyterian-college","Clinton","SC","","","","",""
"cmox239p700arqtfk23k3vtri","Prince George's Community College","prince-george-s-community-college","","MD","","","","",""
"cmou7ekvb00elqtx8wqvell5p","Princeton University","princeton-university","Princeton","NJ","","","","",""
"cmovorv5m00iuqt7gvnksyvar","Principia College","principia-college","","IL","","","","",""
"cmowzs1mn005rqt4wreae274s","Providence Christian","providence-christian","","CA","","","","",""
"cmou6ba8100arqtictr839l1x","Providence College","providence-college","Providence","RI","","","","",""
"cmovorv7500ixqt7gmtvlo0h4","Purchase College, State University of New York","purchase-college-state-university-of-new-york","","NY","","","","",""
"cmovlhy3j00ecqt20a4zbf1lx","Purdue Northwest","purdue-northwest","Hammond","Indiana","","","","",""
"cmoss3ura003lqtaodex5xyz9","Purdue University","purdue-university","West Lafayette","IN","","","","",""
"cmovlhy5300efqt20uit2ec6z","Queens (NY)","queens-ny","Queens","New York","","","","",""
"cmorj0gtv002lqtio6lhkp2sn","Queens University of Charlotte","queens-university-of-charlotte","Charlotte","NC","","","","",""
"cmox2o31b0059qtbkrd1etcak","Queensborough Community College","queensborough-community-college","","NY","","","","",""
"cmovlhy6j00eiqt20cx0lvxqu","Quincy","quincy","Quincy","Illinois","","","","",""
"cmou7g56n00f9qtkw20et5as4","Quinnipiac University","quinnipiac-university","Hamden","CT","","","","",""
"cmox2o32u005cqtbknbu9hei2","Quinsigamond Community College","quinsigamond-community-college","","MA","","","","",""
"cmou6tv7100blqti0ro2wk1tg","Radford University","radford-university","Radford","VA","","","","",""
"cmovorv8o00j0qt7gsnou6gev","Ramapo College","ramapo-college","","NJ","","","","",""
"cmovorva500j3qt7gj6bulmyp","Randolph College","randolph-college","","VA","","","","",""
"cmorj0he8003rqtioktmlnu94","Randolph-Macon College","randolph-macon-college","Ashland","VA","","","","",""
"cmox1gj8y0099qtsgrquvasi8","Ranger College","ranger-college","","TX","","","","",""
"cmox239qo00auqtfk68f66upa","Raritan Valley Community College","raritan-valley-community-college","","NJ","","","","",""
"cmox239s200axqtfk2tfn9rnd","Redlands Community College","redlands-community-college","","OK","","","","",""
"cmovorvde00j9qt7gvdhex5ym","Regent University","regent-university","","VA","","","","",""
"cmovlhy7y00elqt20ah7mqqah","Regis","regis","Denver","Colorado","","","","",""
"cmovorveu00jcqt7guhcq7zn7","Regis College (Massachusetts)","regis-college-massachusetts","","MA","","","","",""
"cmox239tf00b0qtfkd5vmnymk","Reid State Technical College","reid-state-technical-college","","AL","","","","",""
"cmowzs1o3005uqt4wpekfzkhk","Reinhardt","reinhardt","","GA.","","","","",""
"cmorj0h79003cqtioydx0o97u","Reinhardt University","reinhardt-university","Waleska","GA","","","","",""
"cmox1gjab009cqtsgimtjx4gp","Rend Lake College","rend-lake-college","","IL","","","","",""
"cmovorvga00jfqt7gjs9vy6kz","Rensselaer Polytechnic Institute","rensselaer-polytechnic-institute","","NY","","","","",""
"cmovorvhs00jiqt7g1uqmbhcw","Rhode Island College","rhode-island-college","","RI","","","","",""
"cmovorvjc00jlqt7g4h3pm5yf","Rhodes College","rhodes-college","","TN","","","","",""
"cmou57edu007xqtdwf0oux6v3","Rice University","rice-university","Houston","TX","","","","",""
"cmox239ut00b3qtfkxg3e034j","Richard Bland College","richard-bland-college","","VA","","","","",""
"cmou7g58200fcqtkwlr36bze7","Rider University","rider-university","Lawrenceville","NJ","","","","",""
"cmox2o349005fqtbkgb3bbdnw","Ridgewater College","ridgewater-college","","MN","","","","",""
"cmox068ry00arqtgctwx7egcp","Rio Grande","rio-grande","","OH","","","","",""
"cmovorvks00joqt7geqdjaic5","Ripon College","ripon-college","","WI","","","","",""
"cmox2o35r005iqtbkzwaj9v87","Riverland Community College","riverland-community-college","","MN","","","","",""
"cmovorvmj00jrqt7go3q4tm78","Rivier University","rivier-university","","NH","","","","",""
"cmox1gjbq009fqtsgv8e9aih2","Roane State Community College","roane-state-community-college","","TN","","","","",""
"cmowzs1pl005xqt4w10de1dc1","Rochester Christian","rochester-christian","","MICH.","","","","",""
"cmox2o378005lqtbk8ffxza60","Rochester Community and Technical College","rochester-community-and-technical-college","","MN","","","","",""
"cmovorvo000juqt7ghkdesutl","Rochester Institute of Technology","rochester-institute-of-technology","","NY","","","","",""
"cmox239w500b6qtfk3p4wbg4k","Rock Valley College","rock-valley-college","","IL","","","","",""
"cmovorvpj00jxqt7gaytikwgn","Rockford University","rockford-university","","IL","","","","",""
"cmovlhy9d00eoqt20q66jrk0c","Rockhurst","rockhurst","Kansas City","Missouri","","","","",""
"cmox2o38t005oqtbk7kvql8mr","Rockingham Community College","rockingham-community-college","","NC","","","","",""
"cmox239xj00b9qtfk9csffm3a","Rockland Community College","rockland-community-college","","NY","","","","",""
"cmovorvr100k0qt7g0r3aihqc","Roger Williams University","roger-williams-university","","RI","","","","",""
"cmovlhyau00erqt2017ori99m","Rogers State","rogers-state","Claremore","Oklahoma","","","","",""
"cmovlhycb00euqt20dzllw6mo","Rollins","rollins","Winter Park","Florida","","","","",""
"cmovlhydu00exqt20e4eyofkx","Roosevelt","roosevelt","Chicago","Illinois","","","","",""
"cmox1gjd4009iqtsg9rv924hr","Rose State College","rose-state-college","","OK","","","","",""
"cmovorvsk00k3qt7gyd0d8smw","Rose-Hulman Institute of Technology","rose-hulman-institute-of-technology","","IN","","","","",""
"cmovorvtz00k6qt7gs7tfioq1","Rosemont College","rosemont-college","","PA","","","","",""
"cmox2o3bw005uqtbkuzqvpco4","Rowan College South Jersey - Gloucester","rowan-college-south-jersey-gloucester","","NJ","","","","",""
"cmox2o3ab005rqtbktwn2g470","Rowan College of South Jersey-Cumberland","rowan-college-of-south-jersey-cumberland","","ND","","","","",""
"cmovorvvf00k9qt7gqqa41pr8","Rowan University","rowan-university","","NJ","","","","",""
"cmox2o3dd005xqtbkfawub6w0","Roxbury Community College","roxbury-community-college","","MA","","","","",""
"cmovorvwu00kcqt7gip16w0ue","Russell Sage College","russell-sage-college","","NY","","","","",""
"cmowzs1r40060qt4waqra6rcg","Rust","rust","","MS","","","","",""
"cmoss3usl003oqtaorrzcvm28","Rutgers University","rutgers-university","New Brunswick","NJ","","","","",""
"cmovorvya00kfqt7gkq618s9o","Rutgers, The State Univ. of New Jersey, Camden","rutgers-the-state-univ-of-new-jersey-camden","","NJ","","","","",""
"cmovorvzp00kiqt7gbmawgrxg","Rutgers, The State Univ. of New Jersey, Newark","rutgers-the-state-univ-of-new-jersey-newark","","NJ","","","","",""
"cmox2o3jc0069qtbkr283774r","SUNY Adirondack","suny-adirondack","","NY","","","","",""
"cmox2o3kv006cqtbkssc0iyts","SUNY Broome Community College","suny-broome-community-college","","NY","","","","",""
"cmox2o3mb006fqtbk9iqfpioj","SUNY Niagara","suny-niagara","","NY","","","","",""
"cmou7g59h00ffqtkwxjhhqadq","Sacred Heart University","sacred-heart-university","Fairfield","CT","","","","",""
"cmovlhyf800f0qt20jfr4x1hp","Saginaw Valley State","saginaw-valley-state","University Center","Michigan","","","","",""
"cmovlhygp00f3qt20wmbq24m8","Saint Anselm","saint-anselm","Goffstown","New Hampshire","","","","",""
"cmovorw1300klqt7gsq1ooj6c","Saint Elizabeth University","saint-elizabeth-university","","NJ","","","","",""
"cmowzs1sl0063qt4w2c8vrz25","Saint Francis","saint-francis","","IN","","","","",""
"cmou7zwi600jiqt182wps2oyk","Saint Francis University","saint-francis-university","Loretto","PA","","","","",""
"cmovorw2i00koqt7gzwop54e9","Saint John's University (Minnesota)","saint-john-s-university-minnesota","","MN","","","","",""
"cmovorw3z00krqt7gdq5zu3f2","Saint Joseph's College (Maine)","saint-joseph-s-college-maine","","ME","","","","",""
"cmou65qh80093qt1oh6psc6h9","Saint Joseph's University","saint-josephs-university","Philadelphia","PA","","","","",""
"cmovlhyi300f6qt20it5gxvxp","Saint Leo","saint-leo","St. Leo","Florida","","","","",""
"cmou65qio0096qt1o4osfjy36","Saint Louis University","saint-louis-university","St. Louis","MO","","","","",""
"cmovlhyjh00f9qt2024miaooh","Saint Martin's","saint-martin-s","Lacey","Washington","","","","",""
"cmox068x900b3qtgciov963rh","Saint Mary","saint-mary","","KS","","","","",""
"cmovorw5q00kuqt7gz0a9dr09","Saint Mary's College (Indiana)","saint-mary-s-college-indiana","","IN","","","","",""
"cmou8eabz00ooqt6s0y8qips5","Saint Mary's College of California","saint-marys-college-of-california","Moraga","CA","","","","",""
"cmovorw7a00kxqt7gdbv2ckxw","Saint Mary's University of Minnesota","saint-mary-s-university-of-minnesota","","MN","","","","",""
"cmovlhykw00fcqt20y8te1ju4","Saint Michael's","saint-michael-s","Colchester","Vermont","","","","",""
"cmou7g5av00fiqtkwd5p6smd8","Saint Peter's University","saint-peters-university","Jersey City","NJ","","","","",""
"cmowzs1u50066qt4whaf1rcgo","Saint Xavier","saint-xavier","","IL","","","","",""
"cmovlhyma00ffqt20pipts79a","Salem","salem","Salem","West Virginia","","","","",""
"cmox2o3eu0060qtbkzteg6b9a","Salem Community College","salem-community-college","","NJ","","","","",""
"cmovorw8s00l0qt7g7rk397w1","Salem State University","salem-state-university","","MA","","","","",""
"cmovorwa900l3qt7glrtaex0m","Salisbury University","salisbury-university","","MD","","","","",""
"cmox1gjen009lqtsgixb3jop3","Salt Lake Community College","salt-lake-community-college","","UT","","","","",""
"cmou74gda00dfqtbowljcz5qy","Sam Houston State University","sam-houston-state-university","Huntsville","TX","","","","",""
"cmou869xz00l9qtjkp3n01t3v","Samford University","samford-university","Birmingham","AL","","","","",""
"cmou3xrju0073qt5sqs3jf1rt","San Diego State University","san-diego-state-university","San Diego","CA","","","","",""
"cmovlhynq00fiqt20ar83rcxl","San Francisco State","san-francisco-state","San Francisco","California","","","","",""
"cmox1gjg2009oqtsg8cc00u2y","San Jacinto College-North","san-jacinto-college-north","","TX","","","","",""
"cmou7y6qy00icqtocgehc57zb","San Jose State University","san-jose-state-university","San Jose","CA","","","","",""
"cmou8eagb00oxqt6s7ah1xrvm","Santa Clara University","santa-clara-university","Santa Clara","CA","","","","",""
"cmox1gjhc009rqtsgss0xcbu0","Santa Fe College","santa-fe-college","","FL","","","","",""
"cmovorwbt00l6qt7gl3p59cmw","Sarah Lawrence College","sarah-lawrence-college","","NY","","","","",""
"cmox239yx00bcqtfkn5vpdmq0","Sauk Valley Community College","sauk-valley-community-college","","IL","","","","",""
"cmovlhyp600flqt207syyfzrt","Savannah State","savannah-state","Savannah","Georgia","","","","",""
"cmox23a0q00bfqtfk4uc0f3os","Schoolcraft College","schoolcraft-college","","MI","","","","",""
"cmovorwda00l9qt7gxj7d6yyq","Schreiner University","schreiner-university","","TX","","","","",""
"cmox23a2400biqtfknqf9i88p","Scottsdale Community College","scottsdale-community-college","","AZ","","","","",""
"cmou8cts300o6qtlo0noyht46","Seattle University","seattle-university","Seattle","WA","","","","",""
"cmox1gjio009uqtsghi76jial","Seminole State College","seminole-state-college","","OK","","","","",""
"cmox1gjk0009xqtsggvw0lnmp","Seminole State College of Florida","seminole-state-college-of-florida","","FL","","","","",""
"cmou6baap00axqtic1q6c8vze","Seton Hall University","seton-hall-university","South Orange","NJ","","","","",""
"cmovlhyql00foqt20q5ysfsw6","Seton Hill","seton-hill","Greensburg","Pennsylvania","","","","",""
"cmox1gjlf00a0qtsg4iqboy07","Seward County Community College","seward-county-community-college","","KS","","","","",""
"cmox1gjmt00a3qtsg03uu1u52","Shawnee Community College","shawnee-community-college","","IL","","","","",""
"cmox068zw00b9qtgcnky6lc4v","Shawnee State","shawnee-state","","OH","","","","",""
"cmox1gjo900a6qtsgt5mpdty1","Shelton State Community College","shelton-state-community-college","","AL","","","","",""
"cmovorwes00lcqt7gy2kmw2h1","Shenandoah University","shenandoah-university","","VA","","","","",""
"cmovlhyrz00frqt2094zy15lq","Shepherd","shepherd","Shepherdstown","West Virginia","","","","",""
"cmovlhytd00fuqt20mduvy71h","Shippensburg","shippensburg","Shippensburg","Pennsylvania","","","","",""
"cmovlhyuq00fxqt20631jflop","Shorter","shorter","Rome","Georgia","","","","",""
"cmou7g5c700flqtkwnuf1bsxy","Siena College","siena-college","Loudonville","NY","","","","",""
"cmox0691700bcqtgctrse79j7","Siena Heights","siena-heights","","MI","","","","",""
"cmovorwg900lfqt7gq5qe5nx8","Simmons University","simmons-university","","MA","","","","",""
"cmowzs1vl0069qt4wsqb6a8yr","Simpson","simpson","","CA","","","","",""
"cmovorwhr00liqt7ge84z7igf","Simpson College","simpson-college","","IA","","","","",""
"cmovlhyw300g0qt20y3yrg02l","Sioux Falls","sioux-falls","Sioux Falls","South Dakota","","","","",""
"cmovorwj800llqt7g2xdurwnf","Skidmore College","skidmore-college","","NY","","","","",""
"cmovlhyxh00g3qt20s6uio0us","Slippery Rock","slippery-rock","Slippery Rock","Pennsylvania","","","","",""
"cmox1gjpu00a9qtsgbl9vr26a","Snead State Community College","snead-state-community-college","","AL","","","","",""
"cmox23a3j00blqtfk5wkn3bpa","South Arkansas College","south-arkansas-college","","AR","","","","",""
"cmou7v19400h0qtfgytxc7nrk","South Carolina State University","south-carolina-state-university","Orangeburg","SC","","","","",""
"cmox23a4v00boqtfkj75nusd7","South Florida State College","south-florida-state-college","","FL","","","","",""
"cmox1gjr900acqtsgk91radq6","South Georgia State College","south-georgia-state-college","","GA","","","","",""
"cmox23a6a00brqtfky43m0ojy","South Mountain Community College","south-mountain-community-college","","AZ","","","","",""
"cmox1gjsn00afqtsgo0ngyrn5","South Suburban College","south-suburban-college","","IL","","","","",""
"cmox23a7r00buqtfkxxof53xc","Southeast Arkansas College","southeast-arkansas-college","","AR","","","","",""
"cmox1gju100aiqtsg9mi5d8p9","Southeast Community College","southeast-community-college","","NE","","","","",""
"cmou8257y00k3qtfo1yehrrpj","Southeast Missouri State University","southeast-missouri-state-university","Cape Girardeau","MO","","","","",""
"cmowzs1x2006cqt4wjutn86j4","Southeastern","southeastern","","FLA.","","","","",""
"cmox23a9600bxqtfkpqj9pkip","Southeastern Community College","southeastern-community-college","","IA","","","","",""
"cmox23aao00c0qtfkyqilmey3","Southeastern Community College-Whiteville","southeastern-community-college-whiteville","","NC","","","","",""
"cmox1gjvc00alqtsgicz8usug","Southeastern Illinois College","southeastern-illinois-college","","IL","","","","",""
"cmou87sdy00m9qt8ov075op6f","Southeastern Louisiana University","southeastern-louisiana-university","Hammond","LA","","","","",""
"cmovlhyyw00g6qt20v23d26yh","Southeastern Oklahoma State","southeastern-oklahoma-state","Durant","Oklahoma","","","","",""
"cmovlhz0800g9qt20eye733nr","Southern Arkansas","southern-arkansas","Magnolia","Arkansas","","","","",""
"cmox23ac300c3qtfkd6t3snop","Southern Arkansas University Tech","southern-arkansas-university-tech","","AR","","","","",""
"cmovlhz1m00gcqt20njnbe2m0","Southern Connecticut","southern-connecticut","New Haven","Connecticut","","","","",""
"cmou7wkli00hrqt5sdf793czs","Southern Illinois University","southern-illinois-university","Carbondale","IL","","","","",""
"cmovlhz3200gfqt2013eb6exu","Southern Nazarene","southern-nazarene","Bethany","Oklahoma","","","","",""
"cmovlhz4f00giqt20xgaegast","Southern New Hampshire","southern-new-hampshire","Manchester","New Hampshire","","","","",""
"cmox1gjwp00aoqtsgrn8xk6pf","Southern Union State Community College","southern-union-state-community-college","","AL","","","","",""
"cmou8bkiv00n9qtuw67iv0p5k","Southern University and A&M College","southern-university-and-am-college","Baton Rouge","LA","","","","",""
"cmowzs1yj006fqt4wp698q3i9","Southern University at New Orleans","southern-university-at-new-orleans","","LA","","","","",""
"cmou8ctpc00o0qtlou8fzrbpg","Southern Utah University","southern-utah-university","Cedar City","UT","","","","",""
"cmovorwkt00loqt7gxjhdszqr","Southern Virginia University","southern-virginia-university","","VA","","","","",""
"cmovlhz5u00glqt20q1q4sk69","Southern Wesleyan","southern-wesleyan","Central","South Carolina","","","","",""
"cmorjasts004cqt4w6w7jai0o","Southern Wesleyan University","southern-wesleyan-university","Central","SC","","","","",""
"cmox0696p00boqtgcoxda72a3","Southwest","southwest","","NM","","","","",""
"cmovlhz7700goqt20tn1i0i00","Southwest Baptist","southwest-baptist","Bolivar","Missouri","","","","",""
"cmovlhz8o00grqt20knhvhemp","Southwest Minnesota State","southwest-minnesota-state","Marshall","Minnesota","","","","",""
"cmox23adg00c6qtfknv2ydsft","Southwest Mississippi Community College","southwest-mississippi-community-college","","MS","","","","",""
"cmox1gjy000arqtsgip3syqp7","Southwest Tennessee Community College","southwest-tennessee-community-college","","TN","","","","",""
"cmox23aeu00c9qtfkozc5m18v","Southwest Virginia","southwest-virginia","","IA","","","","",""
"cmox0698600brqtgczygal4sl","Southwestern","southwestern","","KS","","","","",""
"cmox1gjze00auqtsgrix61vxy","Southwestern Community College","southwestern-community-college","","IA","","","","",""
"cmox1gk0u00axqtsgndbuoigc","Southwestern Illinois College","southwestern-illinois-college","","IL","","","","",""
"cmovlhza200guqt208f94o6s9","Southwestern Oklahoma State","southwestern-oklahoma-state","Weatherford","Oklahoma","","","","",""
"cmovorwm800lrqt7gf5gd6k9i","Southwestern University (Texas)","southwestern-university-texas","","TX","","","","",""
"cmovorwnp00luqt7gs61cw06r","Spalding University","spalding-university","","KY","","","","",""
"cmox0699k00buqtgcpx2iqyzz","Spartanburg Methodist","spartanburg-methodist","","SC","","","","",""
"cmox23ag600ccqtfkmccgt2nb","Spoon River College","spoon-river-college","","IL","","","","",""
"cmowzs204006iqt4wpgwrqfh7","Spring Arbor","spring-arbor","","MICH.","","","","",""
"cmovlhzbg00gxqt202oacshob","Spring Hill","spring-hill","Mobile","Alabama","","","","",""
"cmowzs21j006lqt4wffal58bl","St. Ambrose","st-ambrose","","IA","","","","",""
"cmowzs230006oqt4wqumb05n0","St. Andrews","st-andrews","","NC","","","","",""
"cmox1gk2700b0qtsginc3y1s2","St. Charles Community College","st-charles-community-college","","MO","","","","",""
"cmox23ahj00cfqtfkvbh8e2u7","St. Clair County Community College","st-clair-county-community-college","","MI","","","","",""
"cmox2o3gd0063qtbkj69yetsq","St. Cloud Technical & Community College","st-cloud-technical-and-community-college","","MN","","","","",""
"cmowzs24h006rqt4wfge0sbob","St. Francis","st-francis","","IL","","","","",""
"cmovorwp600lxqt7g3xbtdq9r","St. John Fisher University","st-john-fisher-university","","NY","","","","",""
"cmou6ba9d00auqtichfm9m8f7","St. John's University","st-johns-university","Queens","NY","","","","",""
"cmox23aiw00ciqtfk1p7zdgqr","St. Johns River State College","st-johns-river-state-college","","FL","","","","",""
"cmovorwql00m0qt7gj9w4kqe4","St. Joseph's University NY (Brooklyn)","st-joseph-s-university-ny-brooklyn","","NY","","","","",""
"cmovorws300m3qt7gif4zrh16","St. Joseph's University, New York L.I.","st-joseph-s-university-new-york-l-i","","NY","","","","",""
"cmovorwtr00m6qt7glavl0bf4","St. Lawrence University","st-lawrence-university","","NY","","","","",""
"cmox1gk3k00b3qtsgdrzhpr94","St. Louis Community College","st-louis-community-college","","MO","","","","",""
"cmovorwvz00m9qt7gqhk26msg","St. Mary's College of Maryland","st-mary-s-college-of-maryland","","MD","","","","",""
"cmovorwxh00mcqt7gwn8meujb","St. Norbert College","st-norbert-college","","WI","","","","",""
"cmovorwz300mfqt7gqvxzunrr","St. Olaf College","st-olaf-college","","MN","","","","",""
"cmox1gk4y00b6qtsgf99c4o57","St. Petersburg College","st-petersburg-college","","FL","","","","",""
"cmowzs25w006uqt4w8e2l0xp7","St. Thomas","st-thomas","","FLA.","","","","",""
"cmosowo0s0010qtuovb31mcy3","Stanford University","stanford-university","Stanford","CA","","","","",""
"cmox1gk6g00b9qtsgxzcajkcw","State College of Florida, Manatee-Sarasota","state-college-of-florida-manatee-sarasota","","FL","","","","",""
"cmox1gk7w00bcqtsg1nmdrsu7","State Fair Community College","state-fair-community-college","","MO","","","","",""
"cmovorxeh00n9qt7ga0yia3j3","State University of New York Maritime College","state-university-of-new-york-maritime-college","","NY","","","","",""
"cmovorx0l00miqt7g18xtqm92","State University of New York at Brockport","state-university-of-new-york-at-brockport","","NY","","","","",""
"cmovorx2200mlqt7gxslfx0m0","State University of New York at Canton","state-university-of-new-york-at-canton","","NY","","","","",""
"cmovorx3j00moqt7gs0bo2kob","State University of New York at Cobleskill","state-university-of-new-york-at-cobleskill","","NY","","","","",""
"cmovorx5200mrqt7ghsja9u59","State University of New York at Cortland","state-university-of-new-york-at-cortland","","NY","","","","",""
"cmovorx6j00muqt7gdm93qvyu","State University of New York at New Paltz","state-university-of-new-york-at-new-paltz","","NY","","","","",""
"cmovorx8200mxqt7gymbyrwdf","State University of New York at Old Westbury","state-university-of-new-york-at-old-westbury","","NY","","","","",""
"cmovorxa100n0qt7g0hhzwwrx","State University of New York at Oneonta","state-university-of-new-york-at-oneonta","","NY","","","","",""
"cmovorxbh00n3qt7go3l884ov","State University of New York at Oswego","state-university-of-new-york-at-oswego","","NY","","","","",""
"cmovorxcz00n6qt7gufy2kuv3","State University of New York at Potsdam","state-university-of-new-york-at-potsdam","","NY","","","","",""
"cmovlhzcv00h0qt20rf9d9j4d","Staten Island","staten-island","Staten Island","New York","","","","",""
"cmou87sfe00mcqt8omjooodxl","Stephen F. Austin State University","stephen-f-austin-state-university","Nacogdoches","TX","","","","",""
"cmox069ho00ccqtgc42y9kmfr","Sterling","sterling","","KS","","","","",""
"cmou692i900a3qt1ge0op0qbf","Stetson University","stetson-university","DeLand","FL","","","","",""
"cmovorxgd00ncqt7g6psz5unh","Stevens Institute of Technology","stevens-institute-of-technology","","NJ","","","","",""
"cmovorxhw00nfqt7gfqsi0wa3","Stevenson University","stevenson-university","","MD","","","","",""
"cmox069iz00cfqtgc6ijvh9gn","Stillman","stillman","","AL","","","","",""
"cmovorxjh00niqt7gecxe3888","Stockton University","stockton-university","","NJ","","","","",""
"cmou7zwgq00jfqt18075d1yrp","Stonehill College","stonehill-college","Easton","MA","","","","",""
"cmou72rj700cfqtt8j1fo71oa","Stony Brook University","stony-brook-university","Stony Brook","NY","","","","",""
"cmox2o3hx0066qtbk7jqqixi1","Suffolk Community College","suffolk-community-college","","NY","","","","",""
"cmovorxkx00nlqt7g5g29f4bz","Suffolk University","suffolk-university","","MA","","","","",""
"cmovlhze900h3qt20rprhdg7t","Sul Ross State","sul-ross-state","Alpine","Texas","","","","",""
"cmovorxmc00noqt7gwaxaohxc","Sul Ross State University","sul-ross-state-university","","TX","","","","",""
"cmox23aka00clqtfkny2mgqp7","Sullivan County Community College","sullivan-county-community-college","","NY","","","","",""
"cmox2o3ns006iqtbkf41vg0jo","Surry Community College","surry-community-college","","NC","","","","",""
"cmox23alx00coqtfkwwa6kfhm","Sussex County Community College","sussex-county-community-college","","NJ","","","","",""
"cmovorxnt00nrqt7gwbfswmte","Swarthmore College","swarthmore-college","","PA","","","","",""
"cmossgres0013qti43q75sz9x","Syracuse University","syracuse-university","Syracuse","NY","","","","",""
"cmosun08u0050qtlg3k28eb5j","TCU","tcu","Fort Worth","TX","","","","",""
"cmo2weddu0000ld04vi5vzrqm","TEST","test","","","","","","NCAA Division I","ACC"
"cmox069kd00ciqtgcfmpgoiet","Tabor","tabor","","KS","","","","",""
"cmowzs27g006xqt4wpaqxe1jx","Talladega","talladega","","AL","","","","",""
"cmox1gk9a00bfqtsgxqoctl3d","Tallahassee State College","tallahassee-state-college","","FL","","","","",""
"cmovlhzfn00h6qt208j4bodyc","Tampa","tampa","Tampa","Florida","","","","",""
"cmou8ctnz00nxqtlo1naql28v","Tarleton State University","tarleton-state-university","Stephenville","TX","","","","",""
"cmowzs28y0070qt4wel8w9307","Taylor","taylor","","IN","","","","",""
"cmox1gkap00biqtsgb8q7r863","Temple College","temple-college","","TX","","","","",""
"cmou57egv0083qtdw0yqps6gp","Temple University","temple-university","Philadelphia","PA","","","","",""
"cmox069oi00crqtgc031n7wau","Tennessee Southern","tennessee-southern","","TN","","","","",""
"cmou825av00k9qtfo6o2sfjmf","Tennessee Technological University","tennessee-technological-university","Cookeville","TN","","","","",""
"cmox069px00cuqtgcav6r1c9b","Tennessee Wesleyan","tennessee-wesleyan","","TN","","","","",""
"cmorj0hbg003lqtio2flk2ko3","Tennessee Wesleyan University","tennessee-wesleyan-university","Athens","TN","","","","",""
"cmox2o3pb006lqtbkfaynpac8","Terra State","terra-state","","OH","","","","",""
"cmox069rb00cxqtgc4ygzwzwx","Texas A&M  Texarkana","texas-a-and-m-texarkana","","TX","","","","",""
"cmovlhzh300h9qt20jeslwwd6","Texas A&M International","texas-a-and-m-international","Laredo","Texas","","","","",""
"cmosp9qux002iqtygai7kj7ix","Texas A&M University","texas-am-university","College Station","TX","","","","",""
"cmou87sgu00mfqt8otiseblwa","Texas A&M University Corpus Christi","texas-am-university-corpus-christi","Corpus Christi","TX","","","","",""
"cmox069sn00d0qtgcjtotjzzk","Texas College","texas-college","","TX","","","","",""
"cmovorxp800nuqt7g4uae2hny","Texas Lutheran University","texas-lutheran-university","","TX","","","","",""
"cmou8bkkf00ncqtuwvmtkd81f","Texas Southern University","texas-southern-university","Houston","TX","","","","",""
"cmou3bzmd006iqtvo520iedb5","Texas State University","texas-state-university","San Marcos","TX","","","","",""
"cmosun0a30053qtlgwqx8pc03","Texas Tech University","texas-tech-university","Lubbock","TX","","","","",""
"cmou869si00kxqtjk4hq2v3uw","The Citadel","the-citadel","Charleston","SC","","","","",""
"cmovorxqp00nxqt7gak5d6wlt","The City College of New York","the-city-college-of-new-york","","NY","","","","",""
"cmovorxs700o0qt7gx7sa4v2r","The College of New Jersey","the-college-of-new-jersey","","NJ","","","","",""
"cmovorxtm00o3qt7goo70devu","The College of St. Scholastica","the-college-of-st-scholastica","","MN","","","","",""
"cmovorxv300o6qt7glc351mdx","The College of Wooster","the-college-of-wooster","","OH","","","","",""
"cmowzs2af0073qt4wn3t65h57","The Master's","the-master-s","","CALIF.","","","","",""
"cmovorxwj00o9qt7g1xn6u07t","The State University of New York at Fredonia","the-state-university-of-new-york-at-fredonia","","NY","","","","",""
"cmovorxy200ocqt7gygeszkzf","The University of Olivet","the-university-of-olivet","","MI","","","","",""
"cmovorxzk00ofqt7g36au1dgn","Thiel College","thiel-college","","PA","","","","",""
"cmox069va00d6qtgcn0ndzzas","Thomas","thomas","","GA","","","","",""
"cmovory1600oiqt7g6g310flh","Thomas College","thomas-college","","ME","","","","",""
"cmovlhzig00hcqt20nt6ruwxn","Thomas More","thomas-more","Crestview Hills","Kentucky","","","","",""
"cmox1gkc000blqtsg0cpjkqpx","Three Rivers Community College - MO","three-rivers-community-college-mo","","MO","","","","",""
"cmovlhzjx00hfqt20rh69vt99","Tiffin","tiffin","Tiffin","Ohio","","","","",""
"cmox2o3qt006oqtbkhak9bo7b","Tompkins Cortland Community College","tompkins-cortland-community-college","","NY","","","","",""
"cmowzs2c00076qt4wck5u0njl","Tougaloo","tougaloo","","MISS.","","","","",""
"cmou72rkm00ciqtt8z62e367q","Towson University","towson-university","Towson","MD","","","","",""
"cmovory2o00olqt7gz00gydjb","Transylvania University","transylvania-university","","KY","","","","",""
"cmovlhzl900hiqt2017r2gcxq","Trevecca Nazarene","trevecca-nazarene","Nashville","Tennessee","","","","",""
"cmovory4500ooqt7glchffp1u","Trine University","trine-university","","IN","","","","",""
"cmox1gkdi00boqtsgvoj3d2eq","Trinidad State College","trinidad-state-college","","CO","","","","",""
"cmowzs2dj0079qt4w9wire00s","Trinity Christian","trinity-christian","","IL","","","","",""
"cmovory5l00orqt7gb3nwx481","Trinity College (Connecticut)","trinity-college-connecticut","","CT","","","","",""
"cmovory7300ouqt7gy4693ua5","Trinity University (Texas)","trinity-university-texas","","TX","","","","",""
"cmox1gkev00brqtsgxithpel1","Triton College","triton-college","","IL","","","","",""
"cmou3bznt006lqtvom504k4vr","Troy University","troy-university","Troy","AL","","","","",""
"cmox069zr00dfqtgcntxrsrbb","Truett McConnell","truett-mcconnell","","GA","","","","",""
"cmovlhzmn00hlqt2083yrmuwr","Truman","truman","Kirksville","Missouri","","","","",""
"cmovory8q00oxqt7g5777fg65","Tufts University","tufts-university","","MA","","","","",""
"cmou57ejn0086qtdwaxqor803","Tulane University","tulane-university","New Orleans","LA","","","","",""
"cmovlhznz00hoqt20smgedllb","Tusculum","tusculum","Tusculum","Tennessee","","","","",""
"cmorjat4k0050qt4wuinkw7vf","Tusculum University","tusculum-university","Greeneville","TN","","","","",""
"cmovlhzpc00hrqt20uz124foq","Tuskegee","tuskegee","Tuskegee","Alabama","","","","",""
"cmox1gkg900buqtsgnrq48ujw","Tyler Junior College","tyler-junior-college","","TX","","","","",""
"cmovorya900p0qt7gjl80gqj9","U.S. Merchant Marine Academy","u-s-merchant-marine-academy","","NY","","","","",""
"cmox23ana00crqtfkrw1vnvi0","UA Rich Mountain","ua-rich-mountain","","IN","","","","",""
"cmovlhzqs00huqt204srrz83h","UCCS","uccs","Colorado Springs","Colorado","","","","",""
"cmosun0bd0056qtlg87u13vxx","UCF","ucf","Orlando","FL","","","","",""
"cmossumq5003xqtpgz2376dpb","UCLA","ucla","Los Angeles","CA","","","","",""
"cmox2o3sa006rqtbkc43ldcq1","UCNJ","ucnj","","NJ","","","","",""
"cmox06a1200diqtgc2xj3i2cg","UHSP","uhsp","","MO","","","","",""
"cmovlhzs600hxqt20h9vfhr4u","UIS","uis","Springfield","Illinois","","","","",""
"cmou6tv8i00boqti0vjvm8aer","UNC Asheville","unc-asheville","Asheville","NC","","","","",""
"cmorjaswk004iqt4wj0tze6tj","UNC Pembroke","unc-pembroke","Pembroke","North Carolina","","","","",""
"cmou72rm100clqtt8q8b00o3c","UNC Wilmington","unc-wilmington","Wilmington","NC","","","","",""
"cmovlhzxu00i9qt20j0epyeh0","USC Aiken","usc-aiken","Aiken","South Carolina","","","","",""
"cmovlhzz700icqt20buljpr44","USC Beaufort","usc-beaufort","Bluffton","South Carolina","","","","",""
"cmox1gkhm00bxqtsglgq2idhq","USC Lancaster","usc-lancaster","","SC","","","","",""
"cmox1gkj000c0qtsgx1eij6lh","USC Salkehatchie","usc-salkehatchie","","SC","","","","",""
"cmox1gkkd00c3qtsgold75ly9","USC Sumter","usc-sumter","","SC","","","","",""
"cmox1gklr00c6qtsg8qezbdpk","USC Union","usc-union","","SC","","","","",""
"cmou6tv9y00brqti0h1og2mt7","USC Upstate","usc-upstate","Spartanburg","SC","","","","",""
"cmovli00o00ifqt203ot9wl06","UT Dallas","ut-dallas","Richardson","Texas","","","","",""
"cmovli02200iiqt20ippkyoyf","UT Permian Basin","ut-permian-basin","Odessa","Texas","","","","",""
"cmovli03e00ilqt209z7vjlxj","UT Tyler","ut-tyler","Tyler","Texas","","","","",""
"cmorjat5v0053qt4wzd7t66h5","UVA Wise","uva-wise","Wise","Virginia","","","","",""
"cmox23aos00cuqtfktpuiswsq","Ulster County Community College","ulster-county-community-college","","NY","","","","",""
"cmovlhzv200i3qt20d3hew93t","Union","union","Jackson","Tennessee","","","","",""
"cmovorybu00p3qt7g1xvbtz80","Union College (New York)","union-college-new-york","","NY","","","","",""
"cmox06a2l00dlqtgcos7i4rt9","Union Commonwealth","union-commonwealth","","KY","","","","",""
"cmou7y6sb00ifqtoc8y5sldt8","United States Naval Academy","united-states-naval-academy","Annapolis","MD","","","","",""
"cmou7skcx00foqtagxk69btib","University of Akron","university-of-akron","Akron","OH","","","","",""
"cmosp9qb0001cqtyg3bj9jezt","University of Alabama","university-of-alabama","Tuscaloosa","AL","","","","",""
"cmou57e5s007iqtdwb3g795nq","University of Alabama at Birmingham","university-of-alabama-at-birmingham","Birmingham","AL","","","","",""
"cmosp9qcd001fqtygqtxktpzw","University of Arkansas","university-of-arkansas","Fayetteville","AR","","","","",""
"cmou8253h00juqtfoheeskxep","University of Arkansas at Little Rock","university-of-arkansas-at-little-rock","Little Rock","AR","","","","",""
"cmou8bklv00nfqtuwyjlpx889","University of Arkansas at Pine Bluff","university-of-arkansas-at-pine-bluff","Pine Bluff","AR","","","","",""
"cmosownko0003qtuom8wxpo9s","University of California Berkeley","university-of-california-berkeley","Berkeley","CA","","","","",""
"cmovorydb00p6qt7gfhgt906u","University of California, Santa Cruz","university-of-california-santa-cruz","","CA","","","","",""
"cmou69282009iqt1gxj2iub11","University of Central Arkansas","university-of-central-arkansas","Conway","AR","","","","",""
"cmovoryeq00p9qt7g282zwgyx","University of Chicago","university-of-chicago","","IL","","","","",""
"cmosun02f004lqtlg6en5evwj","University of Cincinnati","university-of-cincinnati","Cincinnati","OH","","","","",""
"cmosun0fb005fqtlg6yhcnwdm","University of Colorado Boulder","university-of-colorado-boulder","Boulder","CO","","","","",""
"cmou6ba1700acqtict3598yzg","University of Connecticut","university-of-connecticut","Storrs","CT","","","","",""
"cmox23aq600cxqtfkyjhp3w70","University of Connecticut at Avery Point","university-of-connecticut-at-avery-point","","CT","","","","",""
"cmovoryg800pcqt7gz5j3vr2e","University of Dallas","university-of-dallas","","TX","","","","",""
"cmou65q73008iqt1o6zbgwgae","University of Dayton","university-of-dayton","Dayton","OH","","","","",""
"cmovoryhq00pfqt7gy3uj0x9o","University of Dubuque","university-of-dubuque","","IA","","","","",""
"cmou7wkb700h6qt5s0alseljc","University of Evansville","university-of-evansville","Evansville","IN","","","","",""
"cmosp9qf2001lqtyghnsfqgxe","University of Florida","university-of-florida","Gainesville","FL","","","","",""
"cmorirv7r0016qtm0u7tt6h9b","University of Georgia","university-of-georgia","Athens","GA","","","","",""
"cmovoryj700piqt7gnv1snat4","University of Hartford","university-of-hartford","","CT","","","","",""
"cmosun03o004oqtlgjeqvedtg","University of Houston","university-of-houston","Houston","TX","","","","",""
"cmoss3uby002oqtao54kmml5m","University of Illinois","university-of-illinois","Champaign","IL","","","","",""
"cmou7wkcm00h9qt5s8asylqbg","University of Illinois Chicago","university-of-illinois-chicago","Chicago","IL","","","","",""
"cmoss3uew002uqtao33d0b37y","University of Iowa","university-of-iowa","Iowa City","IA","","","","",""
"cmosun04x004rqtlgmuopyesz","University of Kansas","university-of-kansas","Lawrence","KS","","","","",""
"cmosp9qho001rqtyg0963f2ul","University of Kentucky","university-of-kentucky","Lexington","KY","","","","",""
"cmovorykp00plqt7gqrijirdr","University of La Verne","university-of-la-verne","","CA","","","","",""
"cmou3bzp7006oqtvos9t9rqg2","University of Louisiana Monroe","university-of-louisiana-monroe","Monroe","LA","","","","",""
"cmou3bzf30063qtvo9lhvxev8","University of Louisiana at Lafayette","university-of-louisiana-at-lafayette","Lafayette","LA","","","","",""
"cmosownru000iqtuo4o7sl6mq","University of Louisville","university-of-louisville","Louisville","KY","","","","",""
"cmovorym800poqt7g78ia0o4y","University of Lynchburg","university-of-lynchburg","","VA","","","","",""
"cmovorynp00prqt7gg8fqar0u","University of Maine at Presque Isle","university-of-maine-at-presque-isle","","ME","","","","",""
"cmovoryp700puqt7ga0pecw84","University of Maine, Farmington","university-of-maine-farmington","","ME","","","","",""
"cmovoryqo00pxqt7gfzt3cug3","University of Mary Hardin-Baylor","university-of-mary-hardin-baylor","","TX","","","","",""
"cmovorys400q0qt7g3mcw8v2h","University of Mary Washington","university-of-mary-washington","","VA","","","","",""
"cmoss3uga002xqtaoeu7linqc","University of Maryland","university-of-maryland","College Park","MD","","","","",""
"cmou7v14r00grqtfgqko66ld4","University of Maryland Eastern Shore","university-of-maryland-eastern-shore","Princess Anne","MD","","","","",""
"cmou65qcx008uqt1ofivi6ige","University of Massachusetts Amherst","university-of-massachusetts-amherst","Amherst","MA","","","","",""
"cmovoryti00q3qt7gbfimy7pd","University of Massachusetts Boston","university-of-massachusetts-boston","","MA","","","","",""
"cmovoryux00q6qt7gmc9p0lvn","University of Massachusetts, Dartmouth","university-of-massachusetts-dartmouth","","MA","","","","",""
"cmou57ece007uqtdws2374kvt","University of Memphis","university-of-memphis","Memphis","TN","","","","",""
"cmosowntd000lqtuoyvr4xd0q","University of Miami","university-of-miami","Coral Gables","FL","","","","",""
"cmoss3uhm0030qtaobbllk1g1","University of Michigan","university-of-michigan","Ann Arbor","MI","","","","",""
"cmoss3ukd0036qtao5inxhdyw","University of Minnesota","university-of-minnesota","Minneapolis","MN","","","","",""
"cmovorywb00q9qt7gd5kpttoy","University of Minnesota, Morris","university-of-minnesota-morris","","MN","","","","",""
"cmosp9qk8001xqtygdf9x52ry","University of Mississippi","university-of-mississippi","Oxford","MS","","","","",""
"cmosp9qmw0023qtygkzxzqlg0","University of Missouri","university-of-missouri","Columbia","MO","","","","",""
"cmovoryxr00qcqt7g9j1oq8b5","University of Mount Saint Vincent","university-of-mount-saint-vincent","","NY","","","","",""
"cmovoryz500qfqt7g81q67yhb","University of Mount Union","university-of-mount-union","","OH","","","","",""
"cmoss3ulp0039qtaosklsgdir","University of Nebraska","university-of-nebraska","Lincoln","NE","","","","",""
"cmou7y6mp00i3qtoc5mm3t20o","University of Nevada Las Vegas","university-of-nevada-las-vegas","Las Vegas","NV","","","","",""
"cmou7y6o400i6qtocedeswv8d","University of Nevada Reno","university-of-nevada-reno","Reno","NV","","","","",""
"cmovorz0j00qiqt7gwfqzh5oi","University of New England","university-of-new-england","","ME","","","","",""
"cmou7y6pk00i9qtoc6no7wm9t","University of New Mexico","university-of-new-mexico","Albuquerque","NM","","","","",""
"cmou87s9700m0qt8obe825qvw","University of New Orleans","university-of-new-orleans","New Orleans","LA","","","","",""
"cmou692dm009uqt1gk17ovy4y","University of North Alabama","university-of-north-alabama","Florence","AL","","","","",""
"cmorirv0y000rqtm0oi05g3yi","University of North Carolina Wilmington","university-of-north-carolina-wilmington","Wilmington","NC","","","","",""
"cmorihv4u000fqth8xhav3tg9","University of North Carolina at Chapel Hill","university-of-north-carolina-at-chapel-hill","Chapel Hill","NC","","","","",""
"cmou57e7n007lqtdw6grlj0yo","University of North Carolina at Charlotte","university-of-north-carolina-at-charlotte","Charlotte","NC","","","","",""
"cmou869wi00l6qtjk6ypp1qk6","University of North Carolina at Greensboro","university-of-north-carolina-at-greensboro","Greensboro","NC","","","","",""
"cmou692f9009xqt1gxdgwjsm8","University of North Florida","university-of-north-florida","Jacksonville","FL","","","","",""
"cmou7wkjz00hoqt5slulm7vp1","University of Northern Iowa","university-of-northern-iowa","Cedar Falls","IA","","","","",""
"cmovorz1x00qlqt7gj1rmn3wo","University of Northwestern-St. Paul","university-of-northwestern-st-paul","","MN","","","","",""
"cmosownxt000uqtuozt3yykq9","University of Notre Dame","university-of-notre-dame","Notre Dame","IN","","","","",""
"cmosp9qpg0026qtygji5bwcu3","University of Oklahoma","university-of-oklahoma","Norman","OK","","","","",""
"cmossumsw0043qtpgqq3re2qg","University of Oregon","university-of-oregon","Eugene","OR","","","","",""
"cmou7ektw00eiqtx8aqk8pgdt","University of Pennsylvania","university-of-pennsylvania","Philadelphia","PA","","","","",""
"cmosownzc000xqtuoxng8rral","University of Pittsburgh","university-of-pittsburgh","Pittsburgh","PA","","","","",""
"cmovorz3i00qoqt7ghg1tnbu2","University of Pittsburgh, Bradford","university-of-pittsburgh-bradford","","PA","","","","",""
"cmovorz4z00qrqt7g8ee5eav0","University of Pittsburgh, Greensburg","university-of-pittsburgh-greensburg","","PA","","","","",""
"cmou8eaal00olqt6ssp9uycb0","University of Portland","university-of-portland","Portland","OR","","","","",""
"cmovorz6f00quqt7gsbvzi3if","University of Puget Sound","university-of-puget-sound","","WA","","","","",""
"cmovorz7w00qxqt7g5mub8cth","University of Redlands","university-of-redlands","","CA","","","","",""
"cmou65qee008xqt1o7ljwn00l","University of Rhode Island","university-of-rhode-island","Kingston","RI","","","","",""
"cmou65qft0090qt1oyy3qt0xa","University of Richmond","university-of-richmond","Richmond","VA","","","","",""
"cmovorz9c00r0qt7g90rq735s","University of Rochester","university-of-rochester","","NY","","","","",""
"cmovorzar00r3qt7gjgasvnrx","University of Saint Joseph (Connecticut)","university-of-saint-joseph-connecticut","","CT","","","","",""
"cmou8eade00orqt6s9lh8sk91","University of San Diego","university-of-san-diego","San Diego","CA","","","","",""
"cmou8eaey00ouqt6s4q4bojoc","University of San Francisco","university-of-san-francisco","San Francisco","CA","","","","",""
"cmovorzc800r6qt7gcu2nioza","University of Scranton","university-of-scranton","","PA","","","","",""
"cmou3bzjh006cqtvo0kcr1a9o","University of South Alabama","university-of-south-alabama","Mobile","AL","","","","",""
"cmoeilurm0000qtiga2s54ybq","University of South Carolina","university-of-south-carolina","Columbia","SC","","","","",""
"cmou57eff0080qtdwllt5e1ya","University of South Florida","university-of-south-florida","Tampa","FL","","","","",""
"cmossumrj0040qtpg5nfsfxij","University of Southern California","university-of-southern-california","Los Angeles","CA","","","","",""
"cmou8252500jrqtfovp5vseq1","University of Southern Indiana","university-of-southern-indiana","Evansville","IN","","","","",""
"cmovorzdu00r9qt7g2t1nrqsw","University of Southern Maine","university-of-southern-maine","","ME","","","","",""
"cmou3bzky006fqtvotlln2j4q","University of Southern Mississippi","university-of-southern-mississippi","Hattiesburg","MS","","","","",""
"cmovorzfk00rcqt7g4rr2fadw","University of St. Thomas (Texas)","university-of-st-thomas-texas","","TX","","","","",""
"cmorirveq001iqtm00tv78mb7","University of Tennessee","university-of-tennessee","Knoxville","TN","","","","",""
"cmou8259h00k6qtfouj8clleo","University of Tennessee at Martin","university-of-tennessee-at-martin","Martin","TN","","","","",""
"cmosp9qth002fqtyg9zds0e99","University of Texas","university-of-texas","Austin","TX","","","","",""
"cmou8ctml00nuqtloo0hli517","University of Texas Arlington","university-of-texas-arlington","Arlington","TX","","","","",""
"cmou8ctl700nrqtlo4ao723bv","University of Texas Rio Grande Valley","university-of-texas-rio-grande-valley","Edinburg","TX","","","","",""
"cmovorzh300rfqt7gmsvcadrw","University of Texas at Dallas","university-of-texas-at-dallas","","TX","","","","",""
"cmou74gen00diqtbopd0cv1gz","University of Texas at El Paso","university-of-texas-at-el-paso","El Paso","TX","","","","",""
"cmou57el20089qtdwofatlmue","University of Texas at San Antonio","university-of-texas-at-san-antonio","San Antonio","TX","","","","",""
"cmou7skrx00giqtag4g0n7mer","University of Toledo","university-of-toledo","Toledo","OH","","","","",""
"cmosun0cp0059qtlgmyvx6gz3","University of Utah","university-of-utah","Salt Lake City","UT","","","","",""
"cmovorzlq00roqt7g02lnw2eu","University of Valley Forge","university-of-valley-forge","","PA","","","","",""
"cmorirvj4001rqtm0u610tmnb","University of Virginia","university-of-virginia","Charlottesville","VA","","","","",""
"cmossumua0046qtpg7kokmi2a","University of Washington","university-of-washington","Seattle","WA","","","","",""
"cmou692js00a6qt1g8npxqitj","University of West Georgia","university-of-west-georgia","Carrollton","GA","","","","",""
"cmoss3uty003rqtao20hszq6b","University of Wisconsin","wisconsin","Madison","WI","","","","",""
"cmou7aqlg00drqt444d9q0hb5","University of Wisconsin Milwaukee","university-of-wisconsin-milwaukee","Milwaukee","WI","","","","",""
"cmovorzn700rrqt7gy7u7yq7z","University of Wisconsin-Eau Claire","university-of-wisconsin-eau-claire","","WI","","","","",""
"cmovorzop00ruqt7gxbgmosgd","University of Wisconsin-La Crosse","university-of-wisconsin-la-crosse","","WI","","","","",""
"cmovorzq700rxqt7gg0is4b07","University of Wisconsin-Oshkosh","university-of-wisconsin-oshkosh","","WI","","","","",""
"cmovorzrn00s0qt7guqys92b2","University of Wisconsin-Platteville","university-of-wisconsin-platteville","","WI","","","","",""
"cmovorzt100s3qt7gm9csmj1v","University of Wisconsin-River Falls","university-of-wisconsin-river-falls","","WI","","","","",""
"cmovorzuf00s6qt7g6nnuw7aw","University of Wisconsin-Stevens Point","university-of-wisconsin-stevens-point","","WI","","","","",""
"cmovorzvv00s9qt7gyf1a4f34","University of Wisconsin-Stout","university-of-wisconsin-stout","","WI","","","","",""
"cmovorzxb00scqt7gmgz1schd","University of Wisconsin-Superior","university-of-wisconsin-superior","","WI","","","","",""
"cmovorzys00sfqt7gurowuj9o","University of Wisconsin-Whitewater","university-of-wisconsin-whitewater","","WI","","","","",""
"cmou7y70i00ixqtocvqf5dc9l","University of Wyoming","university-of-wyoming","Laramie","WY","","","","",""
"cmou87s3r00lrqt8ol2e0mlz0","University of the Incarnate Word","university-of-the-incarnate-word","San Antonio","TX","","","","",""
"cmovorzik00riqt7g7d3mpw6l","University of the Ozarks (Arkansas)","university-of-the-ozarks-arkansas","","AR","","","","",""
"cmou8eaho00p0qt6sjg4451ea","University of the Pacific","university-of-the-pacific","Stockton","CA","","","","",""
"cmovorzk400rlqt7g5ka9z03i","University of the South","university-of-the-south","","TN","","","","",""
"cmovlhzwg00i6qt20px13br32","Upper Iowa","upper-iowa","Fayette","Iowa","","","","",""
"cmovos00700siqt7g76rxqhur","Ursinus College","ursinus-college","","PA","","","","",""
"cmox1gkn200c9qtsgf9pf8wry","Utah State Eastern","utah-state-eastern","","UT","","","","",""
"cmou3xrmc0079qt5sgo4w6bdl","Utah State University","utah-state-university","Logan","UT","","","","",""
"cmou8cttf00o9qtlojvw16fv0","Utah Tech University","utah-tech-university","St. George","UT","","","","",""
"cmou8ctqr00o3qtlo8m1mrgsb","Utah Valley University","utah-valley-university","Orem","UT","","","","",""
"cmovos01m00slqt7gcagjpesr","Utica University","utica-university","","NY","","","","",""
"cmovli06400irqt205wmnl9o0","Valdosta State","valdosta-state","Valdosta","Georgia","","","","",""
"cmox06a3v00doqtgcld51s5r9","Valley City State","valley-city-state","","ND","","","","",""
"cmou7wkn100huqt5sh5w0xwo6","Valparaiso University","valparaiso-university","Valparaiso","IN","","","","",""
"cmorirvg7001lqtm0c5s97k3m","Vanderbilt University","vanderbilt-university","Nashville","TN","","","","",""
"cmovli07j00iuqt2070qwaiz2","Vanguard","vanguard","Costa Mesa","California","","","","",""
"cmovos03000soqt7grrp4h8bq","Vassar College","vassar-college","","NY","","","","",""
"cmovos04g00srqt7gzz3fi34o","Vermont State University Castleton","vermont-state-university-castleton","","VT","","","","",""
"cmovos05v00suqt7gsask77tf","Vermont State University Lyndon","vermont-state-university-lyndon","","VT","","","","",""
"cmox1gkog00ccqtsga0ref81z","Vernon College","vernon-college","","TX","","","","",""
"cmou6bacb00b0qtickdtwuqln","Villanova University","villanova-university","Villanova","PA","","","","",""
"cmox23ark00d0qtfkteanoym0","Vincennes University","vincennes-university","","IN","","","","",""
"cmou65qk50099qt1olu75tu27","Virginia Commonwealth University","virginia-commonwealth-university","Richmond","VA","","","","",""
"cmou869zc00lcqtjkf80ewntk","Virginia Military Institute","virginia-military-institute","Lexington","VA","","","","",""
"cmox2o3tr006uqtbkrhov0y39","Virginia Peninsula Community College","virginia-peninsula-community-college","","VA","","","","",""
"cmovli08x00ixqt207g9vsoxx","Virginia State","virginia-state","Ettrick","Virginia","","","","",""
"cmorirvkj001uqtm0xddfcy1n","Virginia Tech","virginia-tech","Blacksburg","VA","","","","",""
"cmovos07e00sxqt7g1mgh1xx5","Virginia Wesleyan University","virginia-wesleyan-university","","VA","","","","",""
"cmox06a5900drqtgcpbq8mglc","Viterbo","viterbo","","WI","","","","",""
"cmox1gkpr00cfqtsgwc2yi7pi","Volunteer State Community College","volunteer-state-community-college","","TN","","","","",""
"cmox06a6m00duqtgchsc3tg7p","Voorhees University","voorhees-university","","SC","","","","",""
"cmox1gl0t00d3qtsg0vj6iryt","WVU Potomac State College","wvu-potomac-state-college","","WV","","","","",""
"cmowzs2sk0083qt4w86xf1nts","WVU Tech","wvu-tech","","WV","","","","",""
"cmovos08t00t0qt7gqv4qsfw3","Wabash College","wabash-college","","IN","","","","",""
"cmox1gkr300ciqtsgmhl2k7f2","Wabash Valley College","wabash-valley-college","","IL","","","","",""
"cmou7zwjn00jlqt18mlkrxann","Wagner College","wagner-college","Staten Island","NY","","","","",""
"cmorirv2b000uqtm0d0xcn8m3","Wake Forest University","wake-forest-university","Winston-Salem","NC","","","","",""
"cmox23asy00d3qtfk5a7q4bqy","Wake Technical Community College","wake-technical-community-college","","NC","","","","",""
"cmox06a7z00dxqtgcs2lyeo4e","Waldorf","waldorf","","IA","","","","",""
"cmox23aub00d6qtfkuqdpvvbi","Wallace Community College-Dothan","wallace-community-college-dothan","","AL","","","","",""
"cmox23avm00d9qtfkzb7lv6gr","Wallace Community College-Selma","wallace-community-college-selma","","MA","","","","",""
"cmox1gksg00clqtsgbvxep6gl","Wallace State Community College-Hanceville","wallace-state-community-college-hanceville","","IL","","","","",""
"cmovli0ab00j0qt20zg1zizhm","Walsh","walsh","North Canton","Ohio","","","","",""
"cmox1gktv00coqtsgc6v2fzzt","Walters State Community College","walters-state-community-college","","TN","","","","",""
"cmowzs2f3007cqt4wlgcn8jot","Warner","warner","","FL","","","","",""
"cmovos0a900t3qt7gdptpx2v0","Wartburg College","wartburg-college","","IA","","","","",""
"cmovli0bt00j3qt20ctp83r4g","Washburn","washburn","Topeka","Kansas","","","","",""
"cmovos0en00tcqt7gtnt5we69","Washington College (Maryland)","washington-college-maryland","","MD","","","","",""
"cmou3xrnk007cqt5s6uwa48hy","Washington State University","washington-state-university","Pullman","WA","","","","",""
"cmovos0g400tfqt7gjgtzrzae","Washington University in St. Louis","washington-university-in-st-louis","","MO","","","","",""
"cmovos0bo00t6qt7g8sy863sh","Washington and Jefferson College","washington-and-jefferson-college","","PA","","","","",""
"cmovos0d600t9qt7gmmllgsme","Washington and Lee University","washington-and-lee-university","","VA","","","","",""
"cmox2o3v8006xqtbk0p0dpqt7","Waubonsee Community College","waubonsee-community-college","","IL","","","","",""
"cmowzs2gq007fqt4wgjsjkut7","Wayland Baptist","wayland-baptist","","TX","","","","",""
"cmovli0d800j6qt20503j547n","Wayne State (MI)","wayne-state-mi","Detroit","Michigan","","","","",""
"cmovli0el00j9qt20yqrtga3o","Wayne State (NE)","wayne-state-ne","Wayne","Nebraska","","","","",""
"cmovos0hl00tiqt7gnpyyf9j1","Waynesburg University","waynesburg-university","","PA","","","","",""
"cmox1gkv800crqtsgb7ei8hlo","Weatherford College","weatherford-college","","TX","","","","",""
"cmowzs2i6007iqt4w14hrvqae","Webber International","webber-international","","FL","","","","",""
"cmovos0j000tlqt7glqtorsyg","Webster University","webster-university","","MO","","","","",""
"cmovos0ki00toqt7ght2o90yo","Wentworth Institute of Technology","wentworth-institute-of-technology","","MA","","","","",""
"cmovos0m100trqt7g0e769xvp","Wesleyan College (Georgia)","wesleyan-college-georgia","","GA","","","","",""
"cmovos0ni00tuqt7gpjh5jzih","Wesleyan University (Connecticut)","wesleyan-university-connecticut","","CT","","","","",""
"cmovli0fz00jcqt20mzazjyyd","West Alabama","west-alabama","Livingston","Alabama","","","","",""
"cmovli0hb00jfqt206l8mp8l3","West Chester","west-chester","West Chester","Pennsylvania","","","","",""
"cmovli0im00jiqt205a1ymel3","West Florida","west-florida","Pensacola","Florida","","","","",""
"cmovli0k000jlqt20oes3jlv9","West Liberty","west-liberty","West Liberty","West Virginia","","","","",""
"cmovli0le00joqt204kai4wce","West Texas A&M","west-texas-a-and-m","Canyon","Texas","","","","",""
"cmovli0mr00jrqt20m11i5phl","West Virginia State","west-virginia-state","Institute","West Virginia","","","","",""
"cmosun0e0005cqtlgaq1vqq45","West Virginia University","west-virginia-university","Morgantown","WV","","","","",""
"cmovli0o500juqt20kyysfxez","West Virginia Wesleyan","west-virginia-wesleyan","Buckhannon","West Virginia","","","","",""
"cmox23ax100dcqtfkixn0o5r0","Westchester Community College","westchester-community-college","","NY","","","","",""
"cmowzs2jp007lqt4wmxd5vtd8","Westcliff","westcliff","","CALIF.","","","","",""
"cmou86a0n00lfqtjkf6uhpkzy","Western Carolina University","western-carolina-university","Cullowhee","NC","","","","",""
"cmovos0oz00txqt7g8lkyohq2","Western Connecticut State University","western-connecticut-state-university","","CT","","","","",""
"cmou825c800kcqtfoov9rimot","Western Illinois University","western-illinois-university","Macomb","IL","","","","",""
"cmou74gg300dlqtboxjrli6hd","Western Kentucky University","western-kentucky-university","Bowling Green","KY","","","","",""
"cmou7sktc00glqtag4fw8487m","Western Michigan University","western-michigan-university","Kalamazoo","MI","","","","",""
"cmox1gkwn00cuqtsgahiksw3o","Western Nebraska Community College","western-nebraska-community-college","","NE","","","","",""
"cmovos0qg00u0qt7gvmklzcoj","Western New England University","western-new-england-university","","MA","","","","",""
"cmox23ayg00dfqtfk1u7ly64f","Western Oklahoma State College","western-oklahoma-state-college","","OK","","","","",""
"cmovli0pi00jxqt20pjhyw40l","Western Oregon","western-oregon","Monmouth","Oregon","","","","",""
"cmox2o3wp0070qtbkiluu4rwj","Western Technical College","western-technical-college","","WI","","","","",""
"cmox1gky300cxqtsgcg0ex03r","Western Texas College","western-texas-college","","TX","","","","",""
"cmovos0rz00u3qt7gy7aqlabq","Westfield State University","westfield-state-university","","MA","","","","",""
"cmovos0tg00u6qt7g1uyblfiu","Westminster College (Missouri)","westminster-college-missouri","","MO","","","","",""
"cmovos0uy00u9qt7g8klzavto","Westminster College (Pennsylvania)","westminster-college-pennsylvania","","PA","","","","",""
"cmovli0qu00k0qt205zth5689","Westmont","westmont","Santa Barbara","California","","","","",""
"cmox23azu00diqtfkp5kot3nj","Westmoreland County Community College","westmoreland-county-community-college","","PA","","","","",""
"cmox1gkzf00d0qtsgnq4fvfir","Wharton County Junior College","wharton-county-junior-college","","TX","","","","",""
"cmovos0wm00ucqt7gxtoc3odo","Wheaton College (Illinois)","wheaton-college-illinois","","IL","","","","",""
"cmovli0s900k3qt201h86buip","Wheeling","wheeling","Wheeling","West Virginia","","","","",""
"cmovos0y800ufqt7ggbfuxkf3","Whittier College","whittier-college","","CA","","","","",""
"cmovos0zu00uiqt7gr5vts5sm","Whitworth University","whitworth-university","","WA","","","","",""
"cmou57emf008cqtdwbx84cqra","Wichita State University","wichita-state-university","Wichita","KS","","","","",""
"cmovos11b00ulqt7glv2bi76x","Widener University","widener-university","","PA","","","","",""
"cmowzs2l5007oqt4wmemu4ojg","Wilberforce","wilberforce","","OH","","","","",""
"cmowzs2ml007rqt4wz5m3qzym","Wiley","wiley","","TX","","","","",""
"cmovos12s00uoqt7ge93t8l4q","Wilkes University","wilkes-university","","PA","","","","",""
"cmou72rni00coqtt8wk6kqq0s","William & Mary","william-and-mary","Williamsburg","VA","","","","",""
"cmowzs2o1007uqt4wvnc6ovj3","William Carey","william-carey","","MISS.","","","","",""
"cmovli0tl00k6qt20yilw6lil","William Jewell","william-jewell","Liberty","Missouri","","","","",""
"cmovos14b00urqt7g7rk1vz6q","William Paterson University of New Jersey","william-paterson-university-of-new-jersey","","NJ","","","","",""
"cmovos15q00uuqt7gp86j3s82","William Peace University","william-peace-university","","NC","","","","",""
"cmowzs2pm007xqt4w66z0cj3f","William Penn","william-penn","","IA","","","","",""
"cmox06aiz00elqtgcfku2eu2a","William Woods","william-woods","","MO","","","","",""
"cmowzs2r40080qt4w48qaj7mu","Williams Baptist","williams-baptist","","AR","","","","",""
"cmovos17600uxqt7gfovoyt2l","Williams College","williams-college","","MA","","","","",""
"cmox23b1a00dlqtfkj3zj56u5","Williston State College","williston-state-college","","ND","","","","",""
"cmovli0v100k9qt20e0hyqhf7","Wilmington","wilmington","New Castle","Delaware","","","","",""
"cmovos18n00v0qt7glvl1aki9","Wilmington College (Ohio)","wilmington-college-ohio","","OH","","","","",""
"cmovos1a300v3qt7g482wpj5y","Wilson College","wilson-college","","PA","","","","",""
"cmovli0wd00kcqt20cgeygf4d","Wingate","wingate","Wingate","North Carolina","","","","",""
"cmorj0gva002oqtiogdc4aysl","Wingate University","wingate-university","Wingate","NC","","","","",""
"cmovli0xt00kfqt207z7wr2bc","Winona State","winona-state","Winona","Minnesota","","","","",""
"cmorihv3g000cqth80t0ywnkz","Winthrop University","winthrop-university","Rock Hill","SC","","","","",""
"cmovos1bj00v6qt7gyf5vy3b4","Wisconsin Lutheran College","wisconsin-lutheran-college","","WI","","","","",""
"cmovos1d100v9qt7gpwb7olke","Wittenberg University","wittenberg-university","","OH","","","","",""
"cmorihv200009qth8tpbw4u9n","Wofford College","wofford-college","Spartanburg","SC","","","","",""
"cmovos1ei00vcqt7gubr6jf4p","Worcester State University","worcester-state-university","","MA","","","","",""
"cmou7aqjy00doqt44d0xwv16o","Wright State University","wright-state-university","Dayton","OH","","","","",""
"cmowzs2u20086qt4w33qae7md","Xavier","xavier","","LA.","","","","",""
"cmou6bado00b3qticrimagx0v","Xavier University","xavier-university","Cincinnati","OH","","","","",""
"cmou7ekwq00eoqtx8hjslnjkg","Yale University","yale-university","New Haven","CT","","","","",""
"cmox1gl2700d6qtsg49sd4h9t","Yavapai College","yavapai-college","","AZ","","","","",""
"cmovos1fx00vfqt7gfknwcqrx","Yeshiva University","yeshiva-university","","NY","","","","",""
"cmowzs2vl0089qt4wbu7rzs9n","York","york","","NE","","","","",""
"cmovos1hn00viqt7gz9as766s","York College (New York)","york-college-new-york","","NY","","","","",""
"cmovos1j100vlqt7gabpeac3f","York College (Pennsylvania)","york-college-pennsylvania","","PA","","","","",""
"cmovli0zb00kiqt20sqouegsj","Young Harris","young-harris","Young Harris","Georgia","","","","",""
"cmou7aqoh00dxqt44fbtxgn7d","Youngstown State University","youngstown-state-university","Youngstown","OH","","","","",""