name,slug,city,state,region,control,schoolType,websiteUrl,admissionsUrl,academicsUrl,majorsUrl,applicationUrl,financialAidUrl,tuitionInState,tuitionOutOfState,tuitionInternational,tuitionYear,enrollmentTotal,enrollmentUndergrad,acceptanceRate,graduationRate,dataSourceUrl,verificationStatus,baseballNickname,baseballWebsiteUrl,rosterUrl,scheduleUrl,campsUrl,questionnaireUrl,generalContactUrl,generalContactEmail,division,conference,logoUrl,currentRosterSize,averageGpa,scholarshipNotes,scholarshipInfoUrl,transferHeavy,jucoFriendly,baseballDataSourceUrl,baseballVerificationStatus
Adams State,adams-state,Alamosa,Colorado,,,FOUR_YEAR,,,,,,,9824,21944,21944,2026,1250,1250,,0.3942,https://collegescorecard.ed.gov/,NEEDS_REVIEW,Grizzlies,,,,,,,,NCAA_D2,RMAC,,,,"NCAA Division II baseball programs may offer athletic scholarships, subject to NCAA and school-specific limits.",https://www.ncaa.org/sports/2014/10/6/division-ii.aspx,false,false,https://en.wikipedia.org/wiki/List_of_NCAA_Division_II_baseball_programs,NEEDS_REVIEW
Adelphi,adelphi,Garden City,New York,,,FOUR_YEAR,,,,,,,49110,49110,49110,2026,5276,5276,0.6591,0.6715,https://collegescorecard.ed.gov/,NEEDS_REVIEW,Panthers,,,,,,,,NCAA_D2,NE-10,,,,"NCAA Division II baseball programs may offer athletic scholarships, subject to NCAA and school-specific limits.",https://www.ncaa.org/sports/2014/10/6/division-ii.aspx,false,false,https://en.wikipedia.org/wiki/List_of_NCAA_Division_II_baseball_programs,NEEDS_REVIEW
Alabama–Huntsville,alabama-huntsville,Huntsville,Alabama,,,FOUR_YEAR,,,,,,,,,,2026,,,,,https://collegescorecard.ed.gov/,NEEDS_REVIEW,Chargers,,,,,,,,NCAA_D2,Gulf South,,,,"NCAA Division II baseball programs may offer athletic scholarships, subject to NCAA and school-specific limits.",https://www.ncaa.org/sports/2014/10/6/division-ii.aspx,false,false,https://en.wikipedia.org/wiki/List_of_NCAA_Division_II_baseball_programs,NEEDS_REVIEW
Albany State,albany-state,Albany,Georgia,,,FOUR_YEAR,,,,,,,,,,2026,,,,,https://collegescorecard.ed.gov/,NEEDS_REVIEW,Golden Rams,,,,,,,,NCAA_D2,SIAC,,,,"NCAA Division II baseball programs may offer athletic scholarships, subject to NCAA and school-specific limits.",https://www.ncaa.org/sports/2014/10/6/division-ii.aspx,false,false,https://en.wikipedia.org/wiki/List_of_NCAA_Division_II_baseball_programs,NEEDS_REVIEW
American International,american-international,Springfield,Massachusetts,,,FOUR_YEAR,,,,,,,,,,2026,,,,,https://collegescorecard.ed.gov/,NEEDS_REVIEW,Yellow Jackets,,,,,,,,NCAA_D2,NE-10,,,,"NCAA Division II baseball programs may offer athletic scholarships, subject to NCAA and school-specific limits.",https://www.ncaa.org/sports/2014/10/6/division-ii.aspx,false,false,https://en.wikipedia.org/wiki/List_of_NCAA_Division_II_baseball_programs,NEEDS_REVIEW
Anderson,anderson,Anderson,South Carolina,,,FOUR_YEAR,,,,,,,,,,2026,,,,,https://collegescorecard.ed.gov/,NEEDS_REVIEW,Trojans,,,,,,,,NCAA_D2,SAC,,,,"NCAA Division II baseball programs may offer athletic scholarships, subject to NCAA and school-specific limits.",https://www.ncaa.org/sports/2014/10/6/division-ii.aspx,false,false,https://en.wikipedia.org/wiki/List_of_NCAA_Division_II_baseball_programs,NEEDS_REVIEW
Angelo State,angelo-state,San Angelo,Texas,,,FOUR_YEAR,,,,,,,,,,2026,,,,,https://collegescorecard.ed.gov/,NEEDS_REVIEW,Rams,,,,,,,,NCAA_D2,Lone Star,,,,"NCAA Division II baseball programs may offer athletic scholarships, subject to NCAA and school-specific limits.",https://www.ncaa.org/sports/2014/10/6/division-ii.aspx,false,false,https://en.wikipedia.org/wiki/List_of_NCAA_Division_II_baseball_programs,NEEDS_REVIEW
Arkansas Tech,arkansas-tech,Russellville,Arkansas,,,FOUR_YEAR,,,,,,,,,,2026,,,,,https://collegescorecard.ed.gov/,NEEDS_REVIEW,Wonder Boys,,,,,,,,NCAA_D2,GAC,,,,"NCAA Division II baseball programs may offer athletic scholarships, subject to NCAA and school-specific limits.",https://www.ncaa.org/sports/2014/10/6/division-ii.aspx,false,false,https://en.wikipedia.org/wiki/List_of_NCAA_Division_II_baseball_programs,NEEDS_REVIEW
Arkansas–Fort Smith,arkansas-fort-smith,Fort Smith,Arkansas,,,FOUR_YEAR,,,,,,,,,,2026,,,,,https://collegescorecard.ed.gov/,NEEDS_REVIEW,Lions,,,,,,,,NCAA_D2,MIAA,,,,"NCAA Division II baseball programs may offer athletic scholarships, subject to NCAA and school-specific limits.",https://www.ncaa.org/sports/2014/10/6/division-ii.aspx,false,false,https://en.wikipedia.org/wiki/List_of_NCAA_Division_II_baseball_programs,NEEDS_REVIEW
Arkansas–Monticello,arkansas-monticello,Monticello,Arkansas,,,FOUR_YEAR,,,,,,,,,,2026,,,,,https://collegescorecard.ed.gov/,NEEDS_REVIEW,Boll Weevils,,,,,,,,NCAA_D2,GAC,,,,"NCAA Division II baseball programs may offer athletic scholarships, subject to NCAA and school-specific limits.",https://www.ncaa.org/sports/2014/10/6/division-ii.aspx,false,false,https://en.wikipedia.org/wiki/List_of_NCAA_Division_II_baseball_programs,NEEDS_REVIEW
Ashland,ashland,Ashland,Ohio,,,FOUR_YEAR,,,,,,,,,,2026,,,,,https://collegescorecard.ed.gov/,NEEDS_REVIEW,Eagles,,,,,,,,NCAA_D2,G-MAC,,,,"NCAA Division II baseball programs may offer athletic scholarships, subject to NCAA and school-specific limits.",https://www.ncaa.org/sports/2014/10/6/division-ii.aspx,false,false,https://en.wikipedia.org/wiki/List_of_NCAA_Division_II_baseball_programs,NEEDS_REVIEW
Assumption,assumption,Worcester,Massachusetts,,,FOUR_YEAR,,,,,,,,,,2026,,,,,https://collegescorecard.ed.gov/,NEEDS_REVIEW,Greyhounds,,,,,,,,NCAA_D2,NE-10,,,,"NCAA Division II baseball programs may offer athletic scholarships, subject to NCAA and school-specific limits.",https://www.ncaa.org/sports/2014/10/6/division-ii.aspx,false,false,https://en.wikipedia.org/wiki/List_of_NCAA_Division_II_baseball_programs,NEEDS_REVIEW
Auburn Montgomery,auburn-montgomery,Montgomery,Alabama,,,FOUR_YEAR,,,,,,,,,,2026,,,,,https://collegescorecard.ed.gov/,NEEDS_REVIEW,Warhawks,,,,,,,,NCAA_D2,Gulf South,,,,"NCAA Division II baseball programs may offer athletic scholarships, subject to NCAA and school-specific limits.",https://www.ncaa.org/sports/2014/10/6/division-ii.aspx,false,false,https://en.wikipedia.org/wiki/List_of_NCAA_Division_II_baseball_programs,NEEDS_REVIEW
Augusta,augusta,Augusta,Georgia,,,FOUR_YEAR,,,,,,,,,,2026,,,,,https://collegescorecard.ed.gov/,NEEDS_REVIEW,Jaguars,,,,,,,,NCAA_D2,Peach Belt,,,,"NCAA Division II baseball programs may offer athletic scholarships, subject to NCAA and school-specific limits.",https://www.ncaa.org/sports/2014/10/6/division-ii.aspx,false,false,https://en.wikipedia.org/wiki/List_of_NCAA_Division_II_baseball_programs,NEEDS_REVIEW
Augustana,augustana,Sioux Falls,South Dakota,,,FOUR_YEAR,,,,,,,,,,2026,,,,,https://collegescorecard.ed.gov/,NEEDS_REVIEW,Vikings,,,,,,,,NCAA_D2,NSIC,,,,"NCAA Division II baseball programs may offer athletic scholarships, subject to NCAA and school-specific limits.",https://www.ncaa.org/sports/2014/10/6/division-ii.aspx,false,false,https://en.wikipedia.org/wiki/List_of_NCAA_Division_II_baseball_programs,NEEDS_REVIEW
Azusa Pacific,azusa-pacific,Azusa,California,,,FOUR_YEAR,,,,,,,,,,2026,,,,,https://collegescorecard.ed.gov/,NEEDS_REVIEW,Cougars,,,,,,,,NCAA_D2,PacWest,,,,"NCAA Division II baseball programs may offer athletic scholarships, subject to NCAA and school-specific limits.",https://www.ncaa.org/sports/2014/10/6/division-ii.aspx,false,false,https://en.wikipedia.org/wiki/List_of_NCAA_Division_II_baseball_programs,NEEDS_REVIEW
Barry,barry,Miami Shores,Florida,,,FOUR_YEAR,,,,,,,,,,2026,,,,,https://collegescorecard.ed.gov/,NEEDS_REVIEW,Buccaneers,,,,,,,,NCAA_D2,SSC,,,,"NCAA Division II baseball programs may offer athletic scholarships, subject to NCAA and school-specific limits.",https://www.ncaa.org/sports/2014/10/6/division-ii.aspx,false,false,https://en.wikipedia.org/wiki/List_of_NCAA_Division_II_baseball_programs,NEEDS_REVIEW
Barton,barton,Wilson,North Carolina,,,FOUR_YEAR,,,,,,,,,,2026,,,,,https://collegescorecard.ed.gov/,NEEDS_REVIEW,Bulldogs,,,,,,,,NCAA_D2,Carolinas,,,,"NCAA Division II baseball programs may offer athletic scholarships, subject to NCAA and school-specific limits.",https://www.ncaa.org/sports/2014/10/6/division-ii.aspx,false,false,https://en.wikipedia.org/wiki/List_of_NCAA_Division_II_baseball_programs,NEEDS_REVIEW
Belmont Abbey,belmont-abbey,Belmont,North Carolina,,,FOUR_YEAR,,,,,,,,,,2026,,,,,https://collegescorecard.ed.gov/,NEEDS_REVIEW,Crusaders,,,,,,,,NCAA_D2,Carolinas,,,,"NCAA Division II baseball programs may offer athletic scholarships, subject to NCAA and school-specific limits.",https://www.ncaa.org/sports/2014/10/6/division-ii.aspx,false,false,https://en.wikipedia.org/wiki/List_of_NCAA_Division_II_baseball_programs,NEEDS_REVIEW
Bemidji State,bemidji-state,Bemidji,Minnesota,,,FOUR_YEAR,,,,,,,,,,2026,,,,,https://collegescorecard.ed.gov/,NEEDS_REVIEW,Beavers,,,,,,,,NCAA_D2,NSIC,,,,"NCAA Division II baseball programs may offer athletic scholarships, subject to NCAA and school-specific limits.",https://www.ncaa.org/sports/2014/10/6/division-ii.aspx,false,false,https://en.wikipedia.org/wiki/List_of_NCAA_Division_II_baseball_programs,NEEDS_REVIEW
Benedict,benedict,Columbia,South Carolina,,,FOUR_YEAR,,,,,,,,,,2026,,,,,https://collegescorecard.ed.gov/,NEEDS_REVIEW,Tigers,,,,,,,,NCAA_D2,SIAC,,,,"NCAA Division II baseball programs may offer athletic scholarships, subject to NCAA and school-specific limits.",https://www.ncaa.org/sports/2014/10/6/division-ii.aspx,false,false,https://en.wikipedia.org/wiki/List_of_NCAA_Division_II_baseball_programs,NEEDS_REVIEW
Bentley,bentley,Waltham,Massachusetts,,,FOUR_YEAR,,,,,,,,,,2026,,,,,https://collegescorecard.ed.gov/,NEEDS_REVIEW,Falcons,,,,,,,,NCAA_D2,NE-10,,,,"NCAA Division II baseball programs may offer athletic scholarships, subject to NCAA and school-specific limits.",https://www.ncaa.org/sports/2014/10/6/division-ii.aspx,false,false,https://en.wikipedia.org/wiki/List_of_NCAA_Division_II_baseball_programs,NEEDS_REVIEW
Biola,biola,La Mirada,California,,,FOUR_YEAR,,,,,,,,,,2026,,,,,https://collegescorecard.ed.gov/,NEEDS_REVIEW,Eagles,,,,,,,,NCAA_D2,PacWest,,,,"NCAA Division II baseball programs may offer athletic scholarships, subject to NCAA and school-specific limits.",https://www.ncaa.org/sports/2014/10/6/division-ii.aspx,false,false,https://en.wikipedia.org/wiki/List_of_NCAA_Division_II_baseball_programs,NEEDS_REVIEW
Bloomsburg,bloomsburg,Bloomsburg,Pennsylvania,,,FOUR_YEAR,,,,,,,,,,2026,,,,,https://collegescorecard.ed.gov/,NEEDS_REVIEW,Huskies,,,,,,,,NCAA_D2,PSAC,,,,"NCAA Division II baseball programs may offer athletic scholarships, subject to NCAA and school-specific limits.",https://www.ncaa.org/sports/2014/10/6/division-ii.aspx,false,false,https://en.wikipedia.org/wiki/List_of_NCAA_Division_II_baseball_programs,NEEDS_REVIEW
Bluefield State,bluefield-state,Bluefield,West Virginia,,,FOUR_YEAR,,,,,,,,,,2026,,,,,https://collegescorecard.ed.gov/,NEEDS_REVIEW,Big Blue,,,,,,,,NCAA_D2,Independent,,,,"NCAA Division II baseball programs may offer athletic scholarships, subject to NCAA and school-specific limits.",https://www.ncaa.org/sports/2014/10/6/division-ii.aspx,false,false,https://en.wikipedia.org/wiki/List_of_NCAA_Division_II_baseball_programs,NEEDS_REVIEW
Bridgeport,bridgeport,Bridgeport,Connecticut,,,FOUR_YEAR,,,,,,,,,,2026,,,,,https://collegescorecard.ed.gov/,NEEDS_REVIEW,Purple Knights,,,,,,,,NCAA_D2,CACC,,,,"NCAA Division II baseball programs may offer athletic scholarships, subject to NCAA and school-specific limits.",https://www.ncaa.org/sports/2014/10/6/division-ii.aspx,false,false,https://en.wikipedia.org/wiki/List_of_NCAA_Division_II_baseball_programs,NEEDS_REVIEW
Caldwell,caldwell,Caldwell,New Jersey,,,FOUR_YEAR,,,,,,,,,,2026,,,,,https://collegescorecard.ed.gov/,NEEDS_REVIEW,Cougars,,,,,,,,NCAA_D2,CACC,,,,"NCAA Division II baseball programs may offer athletic scholarships, subject to NCAA and school-specific limits.",https://www.ncaa.org/sports/2014/10/6/division-ii.aspx,false,false,https://en.wikipedia.org/wiki/List_of_NCAA_Division_II_baseball_programs,NEEDS_REVIEW
Cal Poly Pomona,cal-poly-pomona,Pomona,California,,,FOUR_YEAR,,,,,,,,,,2026,,,,,https://collegescorecard.ed.gov/,NEEDS_REVIEW,Broncos,,,,,,,,NCAA_D2,CCAA,,,,"NCAA Division II baseball programs may offer athletic scholarships, subject to NCAA and school-specific limits.",https://www.ncaa.org/sports/2014/10/6/division-ii.aspx,false,false,https://en.wikipedia.org/wiki/List_of_NCAA_Division_II_baseball_programs,NEEDS_REVIEW
Cal State Dominguez Hills,cal-state-dominguez-hills,Carson,California,,,FOUR_YEAR,,,,,,,,,,2026,,,,,https://collegescorecard.ed.gov/,NEEDS_REVIEW,Toros,,,,,,,,NCAA_D2,CCAA,,,,"NCAA Division II baseball programs may offer athletic scholarships, subject to NCAA and school-specific limits.",https://www.ncaa.org/sports/2014/10/6/division-ii.aspx,false,false,https://en.wikipedia.org/wiki/List_of_NCAA_Division_II_baseball_programs,NEEDS_REVIEW
Cal State East Bay,cal-state-east-bay,Hayward,California,,,FOUR_YEAR,,,,,,,,,,2026,,,,,https://collegescorecard.ed.gov/,NEEDS_REVIEW,Pioneers,,,,,,,,NCAA_D2,CCAA,,,,"NCAA Division II baseball programs may offer athletic scholarships, subject to NCAA and school-specific limits.",https://www.ncaa.org/sports/2014/10/6/division-ii.aspx,false,false,https://en.wikipedia.org/wiki/List_of_NCAA_Division_II_baseball_programs,NEEDS_REVIEW
Cal State Los Angeles,cal-state-los-angeles,Los Angeles,California,,,FOUR_YEAR,,,,,,,,,,2026,,,,,https://collegescorecard.ed.gov/,NEEDS_REVIEW,Golden Eagles,,,,,,,,NCAA_D2,CCAA,,,,"NCAA Division II baseball programs may offer athletic scholarships, subject to NCAA and school-specific limits.",https://www.ncaa.org/sports/2014/10/6/division-ii.aspx,false,false,https://en.wikipedia.org/wiki/List_of_NCAA_Division_II_baseball_programs,NEEDS_REVIEW
Cal State Monterey Bay,cal-state-monterey-bay,Seaside,California,,,FOUR_YEAR,,,,,,,,,,2026,,,,,https://collegescorecard.ed.gov/,NEEDS_REVIEW,Otters,,,,,,,,NCAA_D2,CCAA,,,,"NCAA Division II baseball programs may offer athletic scholarships, subject to NCAA and school-specific limits.",https://www.ncaa.org/sports/2014/10/6/division-ii.aspx,false,false,https://en.wikipedia.org/wiki/List_of_NCAA_Division_II_baseball_programs,NEEDS_REVIEW
Cal State San Bernardino,cal-state-san-bernardino,San Bernardino,California,,,FOUR_YEAR,,,,,,,,,,2026,,,,,https://collegescorecard.ed.gov/,NEEDS_REVIEW,Coyotes,,,,,,,,NCAA_D2,CCAA,,,,"NCAA Division II baseball programs may offer athletic scholarships, subject to NCAA and school-specific limits.",https://www.ncaa.org/sports/2014/10/6/division-ii.aspx,false,false,https://en.wikipedia.org/wiki/List_of_NCAA_Division_II_baseball_programs,NEEDS_REVIEW
Cal State San Marcos,cal-state-san-marcos,San Marcos,California,,,FOUR_YEAR,,,,,,,,,,2026,,,,,https://collegescorecard.ed.gov/,NEEDS_REVIEW,Cougars,,,,,,,,NCAA_D2,CCAA,,,,"NCAA Division II baseball programs may offer athletic scholarships, subject to NCAA and school-specific limits.",https://www.ncaa.org/sports/2014/10/6/division-ii.aspx,false,false,https://en.wikipedia.org/wiki/List_of_NCAA_Division_II_baseball_programs,NEEDS_REVIEW
Cal State Stanislaus,cal-state-stanislaus,Turlock,California,,,FOUR_YEAR,,,,,,,,,,2026,,,,,https://collegescorecard.ed.gov/,NEEDS_REVIEW,Warriors,,,,,,,,NCAA_D2,CCAA,,,,"NCAA Division II baseball programs may offer athletic scholarships, subject to NCAA and school-specific limits.",https://www.ncaa.org/sports/2014/10/6/division-ii.aspx,false,false,https://en.wikipedia.org/wiki/List_of_NCAA_Division_II_baseball_programs,NEEDS_REVIEW
California (PA),california-pa,California,Pennsylvania,,,FOUR_YEAR,,,,,,,,,,2026,,,,,https://collegescorecard.ed.gov/,NEEDS_REVIEW,Vulcans,,,,,,,,NCAA_D2,PSAC,,,,"NCAA Division II baseball programs may offer athletic scholarships, subject to NCAA and school-specific limits.",https://www.ncaa.org/sports/2014/10/6/division-ii.aspx,false,false,https://en.wikipedia.org/wiki/List_of_NCAA_Division_II_baseball_programs,NEEDS_REVIEW
Cameron,cameron,Lawton,Oklahoma,,,FOUR_YEAR,,,,,,,,,,2026,,,,,https://collegescorecard.ed.gov/,NEEDS_REVIEW,Aggies,,,,,,,,NCAA_D2,Lone Star,,,,"NCAA Division II baseball programs may offer athletic scholarships, subject to NCAA and school-specific limits.",https://www.ncaa.org/sports/2014/10/6/division-ii.aspx,false,false,https://en.wikipedia.org/wiki/List_of_NCAA_Division_II_baseball_programs,NEEDS_REVIEW
Carson–Newman,carson-newman,Jefferson City,Tennessee,,,FOUR_YEAR,,,,,,,,,,2026,,,,,https://collegescorecard.ed.gov/,NEEDS_REVIEW,Eagles,,,,,,,,NCAA_D2,SAC,,,,"NCAA Division II baseball programs may offer athletic scholarships, subject to NCAA and school-specific limits.",https://www.ncaa.org/sports/2014/10/6/division-ii.aspx,false,false,https://en.wikipedia.org/wiki/List_of_NCAA_Division_II_baseball_programs,NEEDS_REVIEW
Catawba,catawba,Salisbury,North Carolina,,,FOUR_YEAR,,,,,,,,,,2026,,,,,https://collegescorecard.ed.gov/,NEEDS_REVIEW,Indians,,,,,,,,NCAA_D2,SAC,,,,"NCAA Division II baseball programs may offer athletic scholarships, subject to NCAA and school-specific limits.",https://www.ncaa.org/sports/2014/10/6/division-ii.aspx,false,false,https://en.wikipedia.org/wiki/List_of_NCAA_Division_II_baseball_programs,NEEDS_REVIEW
Cedarville,cedarville,Cedarville,Ohio,,,FOUR_YEAR,,,,,,,,,,2026,,,,,https://collegescorecard.ed.gov/,NEEDS_REVIEW,Yellow Jackets,,,,,,,,NCAA_D2,G-MAC,,,,"NCAA Division II baseball programs may offer athletic scholarships, subject to NCAA and school-specific limits.",https://www.ncaa.org/sports/2014/10/6/division-ii.aspx,false,false,https://en.wikipedia.org/wiki/List_of_NCAA_Division_II_baseball_programs,NEEDS_REVIEW
Central Missouri,central-missouri,Warrensburg,Missouri,,,FOUR_YEAR,,,,,,,,,,2026,,,,,https://collegescorecard.ed.gov/,NEEDS_REVIEW,Mules,,,,,,,,NCAA_D2,MIAA,,,,"NCAA Division II baseball programs may offer athletic scholarships, subject to NCAA and school-specific limits.",https://www.ncaa.org/sports/2014/10/6/division-ii.aspx,false,false,https://en.wikipedia.org/wiki/List_of_NCAA_Division_II_baseball_programs,NEEDS_REVIEW
Central Oklahoma,central-oklahoma,Edmond,Oklahoma,,,FOUR_YEAR,,,,,,,,,,2026,,,,,https://collegescorecard.ed.gov/,NEEDS_REVIEW,Bronchos,,,,,,,,NCAA_D2,MIAA,,,,"NCAA Division II baseball programs may offer athletic scholarships, subject to NCAA and school-specific limits.",https://www.ncaa.org/sports/2014/10/6/division-ii.aspx,false,false,https://en.wikipedia.org/wiki/List_of_NCAA_Division_II_baseball_programs,NEEDS_REVIEW
Central Washington,central-washington,Ellensburg,Washington,,,FOUR_YEAR,,,,,,,,,,2026,,,,,https://collegescorecard.ed.gov/,NEEDS_REVIEW,Wildcats,,,,,,,,NCAA_D2,GNAC,,,,"NCAA Division II baseball programs may offer athletic scholarships, subject to NCAA and school-specific limits.",https://www.ncaa.org/sports/2014/10/6/division-ii.aspx,false,false,https://en.wikipedia.org/wiki/List_of_NCAA_Division_II_baseball_programs,NEEDS_REVIEW
Chaminade,chaminade,Honolulu,Hawaii,,,FOUR_YEAR,,,,,,,,,,2026,,,,,https://collegescorecard.ed.gov/,NEEDS_REVIEW,Silverswords,,,,,,,,NCAA_D2,PacWest,,,,"NCAA Division II baseball programs may offer athletic scholarships, subject to NCAA and school-specific limits.",https://www.ncaa.org/sports/2014/10/6/division-ii.aspx,false,false,https://en.wikipedia.org/wiki/List_of_NCAA_Division_II_baseball_programs,NEEDS_REVIEW
Charleston (WV),charleston-wv,Charleston,West Virginia,,,FOUR_YEAR,,,,,,,,,,2026,,,,,https://collegescorecard.ed.gov/,NEEDS_REVIEW,Golden Eagles,,,,,,,,NCAA_D2,MEC,,,,"NCAA Division II baseball programs may offer athletic scholarships, subject to NCAA and school-specific limits.",https://www.ncaa.org/sports/2014/10/6/division-ii.aspx,false,false,https://en.wikipedia.org/wiki/List_of_NCAA_Division_II_baseball_programs,NEEDS_REVIEW
Chestnut Hill,chestnut-hill,Philadelphia,Pennsylvania,,,FOUR_YEAR,,,,,,,,,,2026,,,,,https://collegescorecard.ed.gov/,NEEDS_REVIEW,Griffins,,,,,,,,NCAA_D2,CACC,,,,"NCAA Division II baseball programs may offer athletic scholarships, subject to NCAA and school-specific limits.",https://www.ncaa.org/sports/2014/10/6/division-ii.aspx,false,false,https://en.wikipedia.org/wiki/List_of_NCAA_Division_II_baseball_programs,NEEDS_REVIEW
Chico State,chico-state,Chico,California,,,FOUR_YEAR,,,,,,,,,,2026,,,,,https://collegescorecard.ed.gov/,NEEDS_REVIEW,Wildcats,,,,,,,,NCAA_D2,CCAA,,,,"NCAA Division II baseball programs may offer athletic scholarships, subject to NCAA and school-specific limits.",https://www.ncaa.org/sports/2014/10/6/division-ii.aspx,false,false,https://en.wikipedia.org/wiki/List_of_NCAA_Division_II_baseball_programs,NEEDS_REVIEW
Chowan,chowan,Murfreesboro,North Carolina,,,FOUR_YEAR,,,,,,,,,,2026,,,,,https://collegescorecard.ed.gov/,NEEDS_REVIEW,Hawks,,,,,,,,NCAA_D2,Carolinas,,,,"NCAA Division II baseball programs may offer athletic scholarships, subject to NCAA and school-specific limits.",https://www.ncaa.org/sports/2014/10/6/division-ii.aspx,false,false,https://en.wikipedia.org/wiki/List_of_NCAA_Division_II_baseball_programs,NEEDS_REVIEW
Christian Brothers,christian-brothers,Memphis,Tennessee,,,FOUR_YEAR,,,,,,,,,,2026,,,,,https://collegescorecard.ed.gov/,NEEDS_REVIEW,Buccaneers,,,,,,,,NCAA_D2,Gulf South,,,,"NCAA Division II baseball programs may offer athletic scholarships, subject to NCAA and school-specific limits.",https://www.ncaa.org/sports/2014/10/6/division-ii.aspx,false,false,https://en.wikipedia.org/wiki/List_of_NCAA_Division_II_baseball_programs,NEEDS_REVIEW
Claflin,claflin,Orangeburg,South Carolina,,,FOUR_YEAR,,,,,,,,,,2026,,,,,https://collegescorecard.ed.gov/,NEEDS_REVIEW,Panthers,,,,,,,,NCAA_D2,Peach Belt,,,,"NCAA Division II baseball programs may offer athletic scholarships, subject to NCAA and school-specific limits.",https://www.ncaa.org/sports/2014/10/6/division-ii.aspx,false,false,https://en.wikipedia.org/wiki/List_of_NCAA_Division_II_baseball_programs,NEEDS_REVIEW
Clark Atlanta,clark-atlanta,Atlanta,Georgia,,,FOUR_YEAR,,,,,,,,,,2026,,,,,https://collegescorecard.ed.gov/,NEEDS_REVIEW,Panthers,,,,,,,,NCAA_D2,SIAC,,,,"NCAA Division II baseball programs may offer athletic scholarships, subject to NCAA and school-specific limits.",https://www.ncaa.org/sports/2014/10/6/division-ii.aspx,false,false,https://en.wikipedia.org/wiki/List_of_NCAA_Division_II_baseball_programs,NEEDS_REVIEW
Clarion,clarion,Clarion,Pennsylvania,,,FOUR_YEAR,,,,,,,,,,2026,,,,,https://collegescorecard.ed.gov/,NEEDS_REVIEW,Golden Eagles,,,,,,,,NCAA_D2,PSAC,,,,"NCAA Division II baseball programs may offer athletic scholarships, subject to NCAA and school-specific limits.",https://www.ncaa.org/sports/2014/10/6/division-ii.aspx,false,false,https://en.wikipedia.org/wiki/List_of_NCAA_Division_II_baseball_programs,NEEDS_REVIEW
Colorado Christian,colorado-christian,Lakewood,Colorado,,,FOUR_YEAR,,,,,,,,,,2026,,,,,https://collegescorecard.ed.gov/,NEEDS_REVIEW,Cougars,,,,,,,,NCAA_D2,RMAC,,,,"NCAA Division II baseball programs may offer athletic scholarships, subject to NCAA and school-specific limits.",https://www.ncaa.org/sports/2014/10/6/division-ii.aspx,false,false,https://en.wikipedia.org/wiki/List_of_NCAA_Division_II_baseball_programs,NEEDS_REVIEW
Colorado Mesa,colorado-mesa,Grand Junction,Colorado,,,FOUR_YEAR,,,,,,,,,,2026,,,,,https://collegescorecard.ed.gov/,NEEDS_REVIEW,Mavericks,,,,,,,,NCAA_D2,RMAC,,,,"NCAA Division II baseball programs may offer athletic scholarships, subject to NCAA and school-specific limits.",https://www.ncaa.org/sports/2014/10/6/division-ii.aspx,false,false,https://en.wikipedia.org/wiki/List_of_NCAA_Division_II_baseball_programs,NEEDS_REVIEW
Colorado Mines,colorado-mines,Golden,Colorado,,,FOUR_YEAR,,,,,,,,,,2026,,,,,https://collegescorecard.ed.gov/,NEEDS_REVIEW,Orediggers,,,,,,,,NCAA_D2,RMAC,,,,"NCAA Division II baseball programs may offer athletic scholarships, subject to NCAA and school-specific limits.",https://www.ncaa.org/sports/2014/10/6/division-ii.aspx,false,false,https://en.wikipedia.org/wiki/List_of_NCAA_Division_II_baseball_programs,NEEDS_REVIEW
Columbus State,columbus-state,Columbus,Georgia,,,FOUR_YEAR,,,,,,,,,,2026,,,,,https://collegescorecard.ed.gov/,NEEDS_REVIEW,Cougars,,,,,,,,NCAA_D2,Peach Belt,,,,"NCAA Division II baseball programs may offer athletic scholarships, subject to NCAA and school-specific limits.",https://www.ncaa.org/sports/2014/10/6/division-ii.aspx,false,false,https://en.wikipedia.org/wiki/List_of_NCAA_Division_II_baseball_programs,NEEDS_REVIEW
Concord,concord,Athens,West Virginia,,,FOUR_YEAR,,,,,,,,,,2026,,,,,https://collegescorecard.ed.gov/,NEEDS_REVIEW,Mountain Lions,,,,,,,,NCAA_D2,MEC,,,,"NCAA Division II baseball programs may offer athletic scholarships, subject to NCAA and school-specific limits.",https://www.ncaa.org/sports/2014/10/6/division-ii.aspx,false,false,https://en.wikipedia.org/wiki/List_of_NCAA_Division_II_baseball_programs,NEEDS_REVIEW
Concordia–Irvine,concordia-irvine,Irvine,California,,,FOUR_YEAR,,,,,,,,,,2026,,,,,https://collegescorecard.ed.gov/,NEEDS_REVIEW,Golden Eagles,,,,,,,,NCAA_D2,PacWest,,,,"NCAA Division II baseball programs may offer athletic scholarships, subject to NCAA and school-specific limits.",https://www.ncaa.org/sports/2014/10/6/division-ii.aspx,false,false,https://en.wikipedia.org/wiki/List_of_NCAA_Division_II_baseball_programs,NEEDS_REVIEW
Concordia–St. Paul,concordia-st-paul,Saint Paul,Minnesota,,,FOUR_YEAR,,,,,,,,,,2026,,,,,https://collegescorecard.ed.gov/,NEEDS_REVIEW,Golden Bears,,,,,,,,NCAA_D2,NSIC,,,,"NCAA Division II baseball programs may offer athletic scholarships, subject to NCAA and school-specific limits.",https://www.ncaa.org/sports/2014/10/6/division-ii.aspx,false,false,https://en.wikipedia.org/wiki/List_of_NCAA_Division_II_baseball_programs,NEEDS_REVIEW
Coker,coker,Hartsville,South Carolina,,,FOUR_YEAR,,,,,,,,,,2026,,,,,https://collegescorecard.ed.gov/,NEEDS_REVIEW,Cobras,,,,,,,,NCAA_D2,SAC,,,,"NCAA Division II baseball programs may offer athletic scholarships, subject to NCAA and school-specific limits.",https://www.ncaa.org/sports/2014/10/6/division-ii.aspx,false,false,https://en.wikipedia.org/wiki/List_of_NCAA_Division_II_baseball_programs,NEEDS_REVIEW
CSU Pueblo,csu-pueblo,Pueblo,Colorado,,,FOUR_YEAR,,,,,,,,,,2026,,,,,https://collegescorecard.ed.gov/,NEEDS_REVIEW,ThunderWolves,,,,,,,,NCAA_D2,RMAC,,,,"NCAA Division II baseball programs may offer athletic scholarships, subject to NCAA and school-specific limits.",https://www.ncaa.org/sports/2014/10/6/division-ii.aspx,false,false,https://en.wikipedia.org/wiki/List_of_NCAA_Division_II_baseball_programs,NEEDS_REVIEW
Davenport,davenport,Grand Rapids,Michigan,,,FOUR_YEAR,,,,,,,,,,2026,,,,,https://collegescorecard.ed.gov/,NEEDS_REVIEW,Panthers,,,,,,,,NCAA_D2,GLIAC,,,,"NCAA Division II baseball programs may offer athletic scholarships, subject to NCAA and school-specific limits.",https://www.ncaa.org/sports/2014/10/6/division-ii.aspx,false,false,https://en.wikipedia.org/wiki/List_of_NCAA_Division_II_baseball_programs,NEEDS_REVIEW
Davis & Elkins,davis-and-elkins,Elkins,West Virginia,,,FOUR_YEAR,,,,,,,,,,2026,,,,,https://collegescorecard.ed.gov/,NEEDS_REVIEW,Senators,,,,,,,,NCAA_D2,MEC,,,,"NCAA Division II baseball programs may offer athletic scholarships, subject to NCAA and school-specific limits.",https://www.ncaa.org/sports/2014/10/6/division-ii.aspx,false,false,https://en.wikipedia.org/wiki/List_of_NCAA_Division_II_baseball_programs,NEEDS_REVIEW
Delta State,delta-state,Cleveland,Mississippi,,,FOUR_YEAR,,,,,,,,,,2026,,,,,https://collegescorecard.ed.gov/,NEEDS_REVIEW,Statesmen,,,,,,,,NCAA_D2,Gulf South,,,,"NCAA Division II baseball programs may offer athletic scholarships, subject to NCAA and school-specific limits.",https://www.ncaa.org/sports/2014/10/6/division-ii.aspx,false,false,https://en.wikipedia.org/wiki/List_of_NCAA_Division_II_baseball_programs,NEEDS_REVIEW
Dominican (NY),dominican-ny,Orangeburg,New York,,,FOUR_YEAR,,,,,,,,,,2026,,,,,https://collegescorecard.ed.gov/,NEEDS_REVIEW,Chargers,,,,,,,,NCAA_D2,CACC,,,,"NCAA Division II baseball programs may offer athletic scholarships, subject to NCAA and school-specific limits.",https://www.ncaa.org/sports/2014/10/6/division-ii.aspx,false,false,https://en.wikipedia.org/wiki/List_of_NCAA_Division_II_baseball_programs,NEEDS_REVIEW
Drury,drury,Springfield,Missouri,,,FOUR_YEAR,,,,,,,,,,2026,,,,,https://collegescorecard.ed.gov/,NEEDS_REVIEW,Panthers,,,,,,,,NCAA_D2,GLVC,,,,"NCAA Division II baseball programs may offer athletic scholarships, subject to NCAA and school-specific limits.",https://www.ncaa.org/sports/2014/10/6/division-ii.aspx,false,false,https://en.wikipedia.org/wiki/List_of_NCAA_Division_II_baseball_programs,NEEDS_REVIEW
D'Youville,d-youville,Buffalo,New York,,,FOUR_YEAR,,,,,,,,,,2026,,,,,https://collegescorecard.ed.gov/,NEEDS_REVIEW,Saints,,,,,,,,NCAA_D2,ECC,,,,"NCAA Division II baseball programs may offer athletic scholarships, subject to NCAA and school-specific limits.",https://www.ncaa.org/sports/2014/10/6/division-ii.aspx,false,false,https://en.wikipedia.org/wiki/List_of_NCAA_Division_II_baseball_programs,NEEDS_REVIEW
East Central,east-central,Ada,Oklahoma,,,FOUR_YEAR,,,,,,,,,,2026,,,,,https://collegescorecard.ed.gov/,NEEDS_REVIEW,Tigers,,,,,,,,NCAA_D2,GAC,,,,"NCAA Division II baseball programs may offer athletic scholarships, subject to NCAA and school-specific limits.",https://www.ncaa.org/sports/2014/10/6/division-ii.aspx,false,false,https://en.wikipedia.org/wiki/List_of_NCAA_Division_II_baseball_programs,NEEDS_REVIEW
East Stroudsburg,east-stroudsburg,East Stroudsburg,Pennsylvania,,,FOUR_YEAR,,,,,,,,,,2026,,,,,https://collegescorecard.ed.gov/,NEEDS_REVIEW,Warriors,,,,,,,,NCAA_D2,PSAC,,,,"NCAA Division II baseball programs may offer athletic scholarships, subject to NCAA and school-specific limits.",https://www.ncaa.org/sports/2014/10/6/division-ii.aspx,false,false,https://en.wikipedia.org/wiki/List_of_NCAA_Division_II_baseball_programs,NEEDS_REVIEW
Eastern New Mexico,eastern-new-mexico,Portales,New Mexico,,,FOUR_YEAR,,,,,,,,,,2026,,,,,https://collegescorecard.ed.gov/,NEEDS_REVIEW,Greyhounds,,,,,,,,NCAA_D2,Lone Star,,,,"NCAA Division II baseball programs may offer athletic scholarships, subject to NCAA and school-specific limits.",https://www.ncaa.org/sports/2014/10/6/division-ii.aspx,false,false,https://en.wikipedia.org/wiki/List_of_NCAA_Division_II_baseball_programs,NEEDS_REVIEW
Eckerd,eckerd,St. Petersburg,Florida,,,FOUR_YEAR,,,,,,,,,,2026,,,,,https://collegescorecard.ed.gov/,NEEDS_REVIEW,Tritons,,,,,,,,NCAA_D2,SSC,,,,"NCAA Division II baseball programs may offer athletic scholarships, subject to NCAA and school-specific limits.",https://www.ncaa.org/sports/2014/10/6/division-ii.aspx,false,false,https://en.wikipedia.org/wiki/List_of_NCAA_Division_II_baseball_programs,NEEDS_REVIEW
Edward Waters,edward-waters,Jacksonville,Florida,,,FOUR_YEAR,,,,,,,,,,2026,,,,,https://collegescorecard.ed.gov/,NEEDS_REVIEW,Tigers,,,,,,,,NCAA_D2,SIAC,,,,"NCAA Division II baseball programs may offer athletic scholarships, subject to NCAA and school-specific limits.",https://www.ncaa.org/sports/2014/10/6/division-ii.aspx,false,false,https://en.wikipedia.org/wiki/List_of_NCAA_Division_II_baseball_programs,NEEDS_REVIEW
Embry–Riddle,embry-riddle,Daytona Beach,Florida,,,FOUR_YEAR,,,,,,,,,,2026,,,,,https://collegescorecard.ed.gov/,NEEDS_REVIEW,Eagles,,,,,,,,NCAA_D2,SSC,,,,"NCAA Division II baseball programs may offer athletic scholarships, subject to NCAA and school-specific limits.",https://www.ncaa.org/sports/2014/10/6/division-ii.aspx,false,false,https://en.wikipedia.org/wiki/List_of_NCAA_Division_II_baseball_programs,NEEDS_REVIEW
Emmanuel,emmanuel,Franklin Springs,Georgia,,,FOUR_YEAR,,,,,,,,,,2026,,,,,https://collegescorecard.ed.gov/,NEEDS_REVIEW,Lions,,,,,,,,NCAA_D2,Carolinas,,,,"NCAA Division II baseball programs may offer athletic scholarships, subject to NCAA and school-specific limits.",https://www.ncaa.org/sports/2014/10/6/division-ii.aspx,false,false,https://en.wikipedia.org/wiki/List_of_NCAA_Division_II_baseball_programs,NEEDS_REVIEW
Emory & Henry,emory-and-henry,Emory,Virginia,,,FOUR_YEAR,,,,,,,,,,2026,,,,,https://collegescorecard.ed.gov/,NEEDS_REVIEW,Wasps,,,,,,,,NCAA_D2,SAC,,,,"NCAA Division II baseball programs may offer athletic scholarships, subject to NCAA and school-specific limits.",https://www.ncaa.org/sports/2014/10/6/division-ii.aspx,false,false,https://en.wikipedia.org/wiki/List_of_NCAA_Division_II_baseball_programs,NEEDS_REVIEW
Emporia State,emporia-state,Emporia,Kansas,,,FOUR_YEAR,,,,,,,,,,2026,,,,,https://collegescorecard.ed.gov/,NEEDS_REVIEW,Hornets,,,,,,,,NCAA_D2,MIAA,,,,"NCAA Division II baseball programs may offer athletic scholarships, subject to NCAA and school-specific limits.",https://www.ncaa.org/sports/2014/10/6/division-ii.aspx,false,false,https://en.wikipedia.org/wiki/List_of_NCAA_Division_II_baseball_programs,NEEDS_REVIEW
Erskine,erskine,Due West,South Carolina,,,FOUR_YEAR,,,,,,,,,,2026,,,,,https://collegescorecard.ed.gov/,NEEDS_REVIEW,Flying Fleet,,,,,,,,NCAA_D2,Carolinas,,,,"NCAA Division II baseball programs may offer athletic scholarships, subject to NCAA and school-specific limits.",https://www.ncaa.org/sports/2014/10/6/division-ii.aspx,false,false,https://en.wikipedia.org/wiki/List_of_NCAA_Division_II_baseball_programs,NEEDS_REVIEW
Fairmont State,fairmont-state,Fairmont,West Virginia,,,FOUR_YEAR,,,,,,,,,,2026,,,,,https://collegescorecard.ed.gov/,NEEDS_REVIEW,Fighting Falcons,,,,,,,,NCAA_D2,MEC,,,,"NCAA Division II baseball programs may offer athletic scholarships, subject to NCAA and school-specific limits.",https://www.ncaa.org/sports/2014/10/6/division-ii.aspx,false,false,https://en.wikipedia.org/wiki/List_of_NCAA_Division_II_baseball_programs,NEEDS_REVIEW
Felician,felician,Lodi,New Jersey,,,FOUR_YEAR,,,,,,,,,,2026,,,,,https://collegescorecard.ed.gov/,NEEDS_REVIEW,Golden Falcons,,,,,,,,NCAA_D2,CACC,,,,"NCAA Division II baseball programs may offer athletic scholarships, subject to NCAA and school-specific limits.",https://www.ncaa.org/sports/2014/10/6/division-ii.aspx,false,false,https://en.wikipedia.org/wiki/List_of_NCAA_Division_II_baseball_programs,NEEDS_REVIEW
Ferrum,ferrum,Ferrum,Virginia,,,FOUR_YEAR,,,,,,,,,,2026,,,,,https://collegescorecard.ed.gov/,NEEDS_REVIEW,Panthers,,,,,,,,NCAA_D2,Carolinas,,,,"NCAA Division II baseball programs may offer athletic scholarships, subject to NCAA and school-specific limits.",https://www.ncaa.org/sports/2014/10/6/division-ii.aspx,false,false,https://en.wikipedia.org/wiki/List_of_NCAA_Division_II_baseball_programs,NEEDS_REVIEW
Findlay,findlay,Findlay,Ohio,,,FOUR_YEAR,,,,,,,,,,2026,,,,,https://collegescorecard.ed.gov/,NEEDS_REVIEW,Oilers,,,,,,,,NCAA_D2,G-MAC,,,,"NCAA Division II baseball programs may offer athletic scholarships, subject to NCAA and school-specific limits.",https://www.ncaa.org/sports/2014/10/6/division-ii.aspx,false,false,https://en.wikipedia.org/wiki/List_of_NCAA_Division_II_baseball_programs,NEEDS_REVIEW
Flagler,flagler,St. Augustine,Florida,,,FOUR_YEAR,,,,,,,,,,2026,,,,,https://collegescorecard.ed.gov/,NEEDS_REVIEW,Saints,,,,,,,,NCAA_D2,Peach Belt,,,,"NCAA Division II baseball programs may offer athletic scholarships, subject to NCAA and school-specific limits.",https://www.ncaa.org/sports/2014/10/6/division-ii.aspx,false,false,https://en.wikipedia.org/wiki/List_of_NCAA_Division_II_baseball_programs,NEEDS_REVIEW
Florida Southern,florida-southern,Lakeland,Florida,,,FOUR_YEAR,,,,,,,,,,2026,,,,,https://collegescorecard.ed.gov/,NEEDS_REVIEW,Moccasins,,,,,,,,NCAA_D2,SSC,,,,"NCAA Division II baseball programs may offer athletic scholarships, subject to NCAA and school-specific limits.",https://www.ncaa.org/sports/2014/10/6/division-ii.aspx,false,false,https://en.wikipedia.org/wiki/List_of_NCAA_Division_II_baseball_programs,NEEDS_REVIEW
Florida Tech,florida-tech,Melbourne,Florida,,,FOUR_YEAR,,,,,,,,,,2026,,,,,https://collegescorecard.ed.gov/,NEEDS_REVIEW,Panthers,,,,,,,,NCAA_D2,SSC,,,,"NCAA Division II baseball programs may offer athletic scholarships, subject to NCAA and school-specific limits.",https://www.ncaa.org/sports/2014/10/6/division-ii.aspx,false,false,https://en.wikipedia.org/wiki/List_of_NCAA_Division_II_baseball_programs,NEEDS_REVIEW
Fort Hays State,fort-hays-state,Hays,Kansas,,,FOUR_YEAR,,,,,,,,,,2026,,,,,https://collegescorecard.ed.gov/,NEEDS_REVIEW,Tigers,,,,,,,,NCAA_D2,MIAA,,,,"NCAA Division II baseball programs may offer athletic scholarships, subject to NCAA and school-specific limits.",https://www.ncaa.org/sports/2014/10/6/division-ii.aspx,false,false,https://en.wikipedia.org/wiki/List_of_NCAA_Division_II_baseball_programs,NEEDS_REVIEW
Francis Marion,francis-marion,Florence,South Carolina,,,FOUR_YEAR,,,,,,,,,,2026,,,,,https://collegescorecard.ed.gov/,NEEDS_REVIEW,Patriots,,,,,,,,NCAA_D2,Carolinas,,,,"NCAA Division II baseball programs may offer athletic scholarships, subject to NCAA and school-specific limits.",https://www.ncaa.org/sports/2014/10/6/division-ii.aspx,false,false,https://en.wikipedia.org/wiki/List_of_NCAA_Division_II_baseball_programs,NEEDS_REVIEW
Franklin Pierce,franklin-pierce,Rindge,New Hampshire,,,FOUR_YEAR,,,,,,,,,,2026,,,,,https://collegescorecard.ed.gov/,NEEDS_REVIEW,Ravens,,,,,,,,NCAA_D2,NE-10,,,,"NCAA Division II baseball programs may offer athletic scholarships, subject to NCAA and school-specific limits.",https://www.ncaa.org/sports/2014/10/6/division-ii.aspx,false,false,https://en.wikipedia.org/wiki/List_of_NCAA_Division_II_baseball_programs,NEEDS_REVIEW
Fresno Pacific,fresno-pacific,Fresno,California,,,FOUR_YEAR,,,,,,,,,,2026,,,,,https://collegescorecard.ed.gov/,NEEDS_REVIEW,Sunbirds,,,,,,,,NCAA_D2,PacWest,,,,"NCAA Division II baseball programs may offer athletic scholarships, subject to NCAA and school-specific limits.",https://www.ncaa.org/sports/2014/10/6/division-ii.aspx,false,false,https://en.wikipedia.org/wiki/List_of_NCAA_Division_II_baseball_programs,NEEDS_REVIEW
Frostburg State,frostburg-state,Frostburg,Maryland,,,FOUR_YEAR,,,,,,,,,,2026,,,,,https://collegescorecard.ed.gov/,NEEDS_REVIEW,Bobcats,,,,,,,,NCAA_D2,MEC,,,,"NCAA Division II baseball programs may offer athletic scholarships, subject to NCAA and school-specific limits.",https://www.ncaa.org/sports/2014/10/6/division-ii.aspx,false,false,https://en.wikipedia.org/wiki/List_of_NCAA_Division_II_baseball_programs,NEEDS_REVIEW
Gannon,gannon,Erie,Pennsylvania,,,FOUR_YEAR,,,,,,,,,,2026,,,,,https://collegescorecard.ed.gov/,NEEDS_REVIEW,Golden Knights,,,,,,,,NCAA_D2,PSAC,,,,"NCAA Division II baseball programs may offer athletic scholarships, subject to NCAA and school-specific limits.",https://www.ncaa.org/sports/2014/10/6/division-ii.aspx,false,false,https://en.wikipedia.org/wiki/List_of_NCAA_Division_II_baseball_programs,NEEDS_REVIEW
Georgia College,georgia-college,Milledgeville,Georgia,,,FOUR_YEAR,,,,,,,,,,2026,,,,,https://collegescorecard.ed.gov/,NEEDS_REVIEW,Bobcats,,,,,,,,NCAA_D2,Peach Belt,,,,"NCAA Division II baseball programs may offer athletic scholarships, subject to NCAA and school-specific limits.",https://www.ncaa.org/sports/2014/10/6/division-ii.aspx,false,false,https://en.wikipedia.org/wiki/List_of_NCAA_Division_II_baseball_programs,NEEDS_REVIEW
Georgia Southwestern State,georgia-southwestern-state,Americus,Georgia,,,FOUR_YEAR,,,,,,,,,,2026,,,,,https://collegescorecard.ed.gov/,NEEDS_REVIEW,Hurricanes,,,,,,,,NCAA_D2,Peach Belt,,,,"NCAA Division II baseball programs may offer athletic scholarships, subject to NCAA and school-specific limits.",https://www.ncaa.org/sports/2014/10/6/division-ii.aspx,false,false,https://en.wikipedia.org/wiki/List_of_NCAA_Division_II_baseball_programs,NEEDS_REVIEW
Georgian Court,georgian-court,Lakewood,New Jersey,,,FOUR_YEAR,,,,,,,,,,2026,,,,,https://collegescorecard.ed.gov/,NEEDS_REVIEW,Lions,,,,,,,,NCAA_D2,CACC,,,,"NCAA Division II baseball programs may offer athletic scholarships, subject to NCAA and school-specific limits.",https://www.ncaa.org/sports/2014/10/6/division-ii.aspx,false,false,https://en.wikipedia.org/wiki/List_of_NCAA_Division_II_baseball_programs,NEEDS_REVIEW
Glenville State,glenville-state,Glenville,West Virginia,,,FOUR_YEAR,,,,,,,,,,2026,,,,,https://collegescorecard.ed.gov/,NEEDS_REVIEW,Pioneers,,,,,,,,NCAA_D2,MEC,,,,"NCAA Division II baseball programs may offer athletic scholarships, subject to NCAA and school-specific limits.",https://www.ncaa.org/sports/2014/10/6/division-ii.aspx,false,false,https://en.wikipedia.org/wiki/List_of_NCAA_Division_II_baseball_programs,NEEDS_REVIEW
Goldey–Beacom,goldey-beacom,Pike Creek Valley,Delaware,,,FOUR_YEAR,,,,,,,,,,2026,,,,,https://collegescorecard.ed.gov/,NEEDS_REVIEW,Lightning,,,,,,,,NCAA_D2,CACC,,,,"NCAA Division II baseball programs may offer athletic scholarships, subject to NCAA and school-specific limits.",https://www.ncaa.org/sports/2014/10/6/division-ii.aspx,false,false,https://en.wikipedia.org/wiki/List_of_NCAA_Division_II_baseball_programs,NEEDS_REVIEW
Grand Valley State,grand-valley-state,Allendale,Michigan,,,FOUR_YEAR,,,,,,,,,,2026,,,,,https://collegescorecard.ed.gov/,NEEDS_REVIEW,Lakers,,,,,,,,NCAA_D2,GLIAC,,,,"NCAA Division II baseball programs may offer athletic scholarships, subject to NCAA and school-specific limits.",https://www.ncaa.org/sports/2014/10/6/division-ii.aspx,false,false,https://en.wikipedia.org/wiki/List_of_NCAA_Division_II_baseball_programs,NEEDS_REVIEW
Harding,harding,Searcy,Arkansas,,,FOUR_YEAR,,,,,,,,,,2026,,,,,https://collegescorecard.ed.gov/,NEEDS_REVIEW,Bisons,,,,,,,,NCAA_D2,GAC,,,,"NCAA Division II baseball programs may offer athletic scholarships, subject to NCAA and school-specific limits.",https://www.ncaa.org/sports/2014/10/6/division-ii.aspx,false,false,https://en.wikipedia.org/wiki/List_of_NCAA_Division_II_baseball_programs,NEEDS_REVIEW
Hawaiʻi Pacific,hawai-i-pacific,Honolulu,Hawaii,,,FOUR_YEAR,,,,,,,,,,2026,,,,,https://collegescorecard.ed.gov/,NEEDS_REVIEW,Sharks,,,,,,,,NCAA_D2,PacWest,,,,"NCAA Division II baseball programs may offer athletic scholarships, subject to NCAA and school-specific limits.",https://www.ncaa.org/sports/2014/10/6/division-ii.aspx,false,false,https://en.wikipedia.org/wiki/List_of_NCAA_Division_II_baseball_programs,NEEDS_REVIEW
Henderson State,henderson-state,Arkadelphia,Arkansas,,,FOUR_YEAR,,,,,,,,,,2026,,,,,https://collegescorecard.ed.gov/,NEEDS_REVIEW,Reddies,,,,,,,,NCAA_D2,GAC,,,,"NCAA Division II baseball programs may offer athletic scholarships, subject to NCAA and school-specific limits.",https://www.ncaa.org/sports/2014/10/6/division-ii.aspx,false,false,https://en.wikipedia.org/wiki/List_of_NCAA_Division_II_baseball_programs,NEEDS_REVIEW
Hillsdale,hillsdale,Hillsdale,Michigan,,,FOUR_YEAR,,,,,,,,,,2026,,,,,https://collegescorecard.ed.gov/,NEEDS_REVIEW,Chargers,,,,,,,,NCAA_D2,G-MAC,,,,"NCAA Division II baseball programs may offer athletic scholarships, subject to NCAA and school-specific limits.",https://www.ncaa.org/sports/2014/10/6/division-ii.aspx,false,false,https://en.wikipedia.org/wiki/List_of_NCAA_Division_II_baseball_programs,NEEDS_REVIEW
Holy Family,holy-family,Philadelphia,Pennsylvania,,,FOUR_YEAR,,,,,,,,,,2026,,,,,https://collegescorecard.ed.gov/,NEEDS_REVIEW,Tigers,,,,,,,,NCAA_D2,CACC,,,,"NCAA Division II baseball programs may offer athletic scholarships, subject to NCAA and school-specific limits.",https://www.ncaa.org/sports/2014/10/6/division-ii.aspx,false,false,https://en.wikipedia.org/wiki/List_of_NCAA_Division_II_baseball_programs,NEEDS_REVIEW
Indianapolis,indianapolis,Indianapolis,Indiana,,,FOUR_YEAR,,,,,,,,,,2026,,,,,https://collegescorecard.ed.gov/,NEEDS_REVIEW,Greyhounds,,,,,,,,NCAA_D2,GLVC,,,,"NCAA Division II baseball programs may offer athletic scholarships, subject to NCAA and school-specific limits.",https://www.ncaa.org/sports/2014/10/6/division-ii.aspx,false,false,https://en.wikipedia.org/wiki/List_of_NCAA_Division_II_baseball_programs,NEEDS_REVIEW
IUP,iup,Indiana,Pennsylvania,,,FOUR_YEAR,,,,,,,,,,2026,,,,,https://collegescorecard.ed.gov/,NEEDS_REVIEW,Crimson Hawks,,,,,,,,NCAA_D2,PSAC,,,,"NCAA Division II baseball programs may offer athletic scholarships, subject to NCAA and school-specific limits.",https://www.ncaa.org/sports/2014/10/6/division-ii.aspx,false,false,https://en.wikipedia.org/wiki/List_of_NCAA_Division_II_baseball_programs,NEEDS_REVIEW
Jamestown,jamestown,Jamestown,North Dakota,,,FOUR_YEAR,,,,,,,,,,2026,,,,,https://collegescorecard.ed.gov/,NEEDS_REVIEW,Jimmies,,,,,,,,NCAA_D2,NSIC,,,,"NCAA Division II baseball programs may offer athletic scholarships, subject to NCAA and school-specific limits.",https://www.ncaa.org/sports/2014/10/6/division-ii.aspx,false,false,https://en.wikipedia.org/wiki/List_of_NCAA_Division_II_baseball_programs,NEEDS_REVIEW
Jefferson,jefferson,Philadelphia,Pennsylvania,,,FOUR_YEAR,,,,,,,,,,2026,,,,,https://collegescorecard.ed.gov/,NEEDS_REVIEW,Rams,,,,,,,,NCAA_D2,CACC,,,,"NCAA Division II baseball programs may offer athletic scholarships, subject to NCAA and school-specific limits.",https://www.ncaa.org/sports/2014/10/6/division-ii.aspx,false,false,https://en.wikipedia.org/wiki/List_of_NCAA_Division_II_baseball_programs,NEEDS_REVIEW
Jessup,jessup,Rocklin,California,,,FOUR_YEAR,,,,,,,,,,2026,,,,,https://collegescorecard.ed.gov/,NEEDS_REVIEW,Warriors,,,,,,,,NCAA_D2,PacWest,,,,"NCAA Division II baseball programs may offer athletic scholarships, subject to NCAA and school-specific limits.",https://www.ncaa.org/sports/2014/10/6/division-ii.aspx,false,false,https://en.wikipedia.org/wiki/List_of_NCAA_Division_II_baseball_programs,NEEDS_REVIEW
Kentucky State,kentucky-state,Frankfort,Kentucky,,,FOUR_YEAR,,,,,,,,,,2026,,,,,https://collegescorecard.ed.gov/,NEEDS_REVIEW,Thorobreds,,,,,,,,NCAA_D2,SIAC,,,,"NCAA Division II baseball programs may offer athletic scholarships, subject to NCAA and school-specific limits.",https://www.ncaa.org/sports/2014/10/6/division-ii.aspx,false,false,https://en.wikipedia.org/wiki/List_of_NCAA_Division_II_baseball_programs,NEEDS_REVIEW
Kentucky Wesleyan,kentucky-wesleyan,Owensboro,Kentucky,,,FOUR_YEAR,,,,,,,,,,2026,,,,,https://collegescorecard.ed.gov/,NEEDS_REVIEW,Panthers,,,,,,,,NCAA_D2,G-MAC,,,,"NCAA Division II baseball programs may offer athletic scholarships, subject to NCAA and school-specific limits.",https://www.ncaa.org/sports/2014/10/6/division-ii.aspx,false,false,https://en.wikipedia.org/wiki/List_of_NCAA_Division_II_baseball_programs,NEEDS_REVIEW
King,king,Bristol,Tennessee,,,FOUR_YEAR,,,,,,,,,,2026,,,,,https://collegescorecard.ed.gov/,NEEDS_REVIEW,Tornado,,,,,,,,NCAA_D2,Carolinas,,,,"NCAA Division II baseball programs may offer athletic scholarships, subject to NCAA and school-specific limits.",https://www.ncaa.org/sports/2014/10/6/division-ii.aspx,false,false,https://en.wikipedia.org/wiki/List_of_NCAA_Division_II_baseball_programs,NEEDS_REVIEW
Kutztown,kutztown,Kutztown,Pennsylvania,,,FOUR_YEAR,,,,,,,,,,2026,,,,,https://collegescorecard.ed.gov/,NEEDS_REVIEW,Golden Bears,,,,,,,,NCAA_D2,PSAC,,,,"NCAA Division II baseball programs may offer athletic scholarships, subject to NCAA and school-specific limits.",https://www.ncaa.org/sports/2014/10/6/division-ii.aspx,false,false,https://en.wikipedia.org/wiki/List_of_NCAA_Division_II_baseball_programs,NEEDS_REVIEW
Lander,lander,Greenwood,South Carolina,,,FOUR_YEAR,,,,,,,,,,2026,,,,,https://collegescorecard.ed.gov/,NEEDS_REVIEW,Bearcats,,,,,,,,NCAA_D2,Peach Belt,,,,"NCAA Division II baseball programs may offer athletic scholarships, subject to NCAA and school-specific limits.",https://www.ncaa.org/sports/2014/10/6/division-ii.aspx,false,false,https://en.wikipedia.org/wiki/List_of_NCAA_Division_II_baseball_programs,NEEDS_REVIEW
Lane,lane,Jackson,Tennessee,,,FOUR_YEAR,,,,,,,,,,2026,,,,,https://collegescorecard.ed.gov/,NEEDS_REVIEW,Dragons,,,,,,,,NCAA_D2,SIAC,,,,"NCAA Division II baseball programs may offer athletic scholarships, subject to NCAA and school-specific limits.",https://www.ncaa.org/sports/2014/10/6/division-ii.aspx,false,false,https://en.wikipedia.org/wiki/List_of_NCAA_Division_II_baseball_programs,NEEDS_REVIEW
Lake Erie,lake-erie,Painesville,Ohio,,,FOUR_YEAR,,,,,,,,,,2026,,,,,https://collegescorecard.ed.gov/,NEEDS_REVIEW,Storm,,,,,,,,NCAA_D2,G-MAC,,,,"NCAA Division II baseball programs may offer athletic scholarships, subject to NCAA and school-specific limits.",https://www.ncaa.org/sports/2014/10/6/division-ii.aspx,false,false,https://en.wikipedia.org/wiki/List_of_NCAA_Division_II_baseball_programs,NEEDS_REVIEW
Lee,lee,Cleveland,Tennessee,,,FOUR_YEAR,,,,,,,,,,2026,,,,,https://collegescorecard.ed.gov/,NEEDS_REVIEW,Flames,,,,,,,,NCAA_D2,Gulf South,,,,"NCAA Division II baseball programs may offer athletic scholarships, subject to NCAA and school-specific limits.",https://www.ncaa.org/sports/2014/10/6/division-ii.aspx,false,false,https://en.wikipedia.org/wiki/List_of_NCAA_Division_II_baseball_programs,NEEDS_REVIEW
LeMoyne–Owen,lemoyne-owen,Memphis,Tennessee,,,FOUR_YEAR,,,,,,,,,,2026,,,,,https://collegescorecard.ed.gov/,NEEDS_REVIEW,Magicians,,,,,,,,NCAA_D2,SIAC,,,,"NCAA Division II baseball programs may offer athletic scholarships, subject to NCAA and school-specific limits.",https://www.ncaa.org/sports/2014/10/6/division-ii.aspx,false,false,https://en.wikipedia.org/wiki/List_of_NCAA_Division_II_baseball_programs,NEEDS_REVIEW
Lenoir–Rhyne,lenoir-rhyne,Hickory,North Carolina,,,FOUR_YEAR,,,,,,,,,,2026,,,,,https://collegescorecard.ed.gov/,NEEDS_REVIEW,Bears,,,,,,,,NCAA_D2,SAC,,,,"NCAA Division II baseball programs may offer athletic scholarships, subject to NCAA and school-specific limits.",https://www.ncaa.org/sports/2014/10/6/division-ii.aspx,false,false,https://en.wikipedia.org/wiki/List_of_NCAA_Division_II_baseball_programs,NEEDS_REVIEW
Lewis,lewis,Romeoville,Illinois,,,FOUR_YEAR,,,,,,,,,,2026,,,,,https://collegescorecard.ed.gov/,NEEDS_REVIEW,Flyers,,,,,,,,NCAA_D2,GLVC,,,,"NCAA Division II baseball programs may offer athletic scholarships, subject to NCAA and school-specific limits.",https://www.ncaa.org/sports/2014/10/6/division-ii.aspx,false,false,https://en.wikipedia.org/wiki/List_of_NCAA_Division_II_baseball_programs,NEEDS_REVIEW
Lincoln (MO),lincoln-mo,Jefferson City,Missouri,,,FOUR_YEAR,,,,,,,,,,2026,,,,,https://collegescorecard.ed.gov/,NEEDS_REVIEW,Blue Tigers,,,,,,,,NCAA_D2,GLVC,,,,"NCAA Division II baseball programs may offer athletic scholarships, subject to NCAA and school-specific limits.",https://www.ncaa.org/sports/2014/10/6/division-ii.aspx,false,false,https://en.wikipedia.org/wiki/List_of_NCAA_Division_II_baseball_programs,NEEDS_REVIEW
Lincoln (PA),lincoln-pa,Oxford,Pennsylvania,,,FOUR_YEAR,,,,,,,,,,2026,,,,,https://collegescorecard.ed.gov/,NEEDS_REVIEW,Lions,,,,,,,,NCAA_D2,CACC,,,,"NCAA Division II baseball programs may offer athletic scholarships, subject to NCAA and school-specific limits.",https://www.ncaa.org/sports/2014/10/6/division-ii.aspx,false,false,https://en.wikipedia.org/wiki/List_of_NCAA_Division_II_baseball_programs,NEEDS_REVIEW
Lincoln Memorial,lincoln-memorial,Harrogate,Tennessee,,,FOUR_YEAR,,,,,,,,,,2026,,,,,https://collegescorecard.ed.gov/,NEEDS_REVIEW,Railsplitters,,,,,,,,NCAA_D2,SAC,,,,"NCAA Division II baseball programs may offer athletic scholarships, subject to NCAA and school-specific limits.",https://www.ncaa.org/sports/2014/10/6/division-ii.aspx,false,false,https://en.wikipedia.org/wiki/List_of_NCAA_Division_II_baseball_programs,NEEDS_REVIEW
Lock Haven,lock-haven,Lock Haven,Pennsylvania,,,FOUR_YEAR,,,,,,,,,,2026,,,,,https://collegescorecard.ed.gov/,NEEDS_REVIEW,Bald Eagles,,,,,,,,NCAA_D2,PSAC,,,,"NCAA Division II baseball programs may offer athletic scholarships, subject to NCAA and school-specific limits.",https://www.ncaa.org/sports/2014/10/6/division-ii.aspx,false,false,https://en.wikipedia.org/wiki/List_of_NCAA_Division_II_baseball_programs,NEEDS_REVIEW
Lubbock Christian,lubbock-christian,Lubbock,Texas,,,FOUR_YEAR,,,,,,,,,,2026,,,,,https://collegescorecard.ed.gov/,NEEDS_REVIEW,Chaparrals,,,,,,,,NCAA_D2,Lone Star,,,,"NCAA Division II baseball programs may offer athletic scholarships, subject to NCAA and school-specific limits.",https://www.ncaa.org/sports/2014/10/6/division-ii.aspx,false,false,https://en.wikipedia.org/wiki/List_of_NCAA_Division_II_baseball_programs,NEEDS_REVIEW
Lynn,lynn,Boca Raton,Florida,,,FOUR_YEAR,,,,,,,,,,2026,,,,,https://collegescorecard.ed.gov/,NEEDS_REVIEW,Fighting Knights,,,,,,,,NCAA_D2,SSC,,,,"NCAA Division II baseball programs may offer athletic scholarships, subject to NCAA and school-specific limits.",https://www.ncaa.org/sports/2014/10/6/division-ii.aspx,false,false,https://en.wikipedia.org/wiki/List_of_NCAA_Division_II_baseball_programs,NEEDS_REVIEW
Malone,malone,Canton,Ohio,,,FOUR_YEAR,,,,,,,,,,2026,,,,,https://collegescorecard.ed.gov/,NEEDS_REVIEW,Pioneers,,,,,,,,NCAA_D2,G-MAC,,,,"NCAA Division II baseball programs may offer athletic scholarships, subject to NCAA and school-specific limits.",https://www.ncaa.org/sports/2014/10/6/division-ii.aspx,false,false,https://en.wikipedia.org/wiki/List_of_NCAA_Division_II_baseball_programs,NEEDS_REVIEW
Mansfield,mansfield,Mansfield,Pennsylvania,,,FOUR_YEAR,,,,,,,,,,2026,,,,,https://collegescorecard.ed.gov/,NEEDS_REVIEW,Mountaineers,,,,,,,,NCAA_D2,PSAC,,,,"NCAA Division II baseball programs may offer athletic scholarships, subject to NCAA and school-specific limits.",https://www.ncaa.org/sports/2014/10/6/division-ii.aspx,false,false,https://en.wikipedia.org/wiki/List_of_NCAA_Division_II_baseball_programs,NEEDS_REVIEW
Mars Hill,mars-hill,Mars Hill,North Carolina,,,FOUR_YEAR,,,,,,,,,,2026,,,,,https://collegescorecard.ed.gov/,NEEDS_REVIEW,Lions,,,,,,,,NCAA_D2,SAC,,,,"NCAA Division II baseball programs may offer athletic scholarships, subject to NCAA and school-specific limits.",https://www.ncaa.org/sports/2014/10/6/division-ii.aspx,false,false,https://en.wikipedia.org/wiki/List_of_NCAA_Division_II_baseball_programs,NEEDS_REVIEW
Mary,mary,Bismarck,North Dakota,,,FOUR_YEAR,,,,,,,,,,2026,,,,,https://collegescorecard.ed.gov/,NEEDS_REVIEW,Marauders,,,,,,,,NCAA_D2,NSIC,,,,"NCAA Division II baseball programs may offer athletic scholarships, subject to NCAA and school-specific limits.",https://www.ncaa.org/sports/2014/10/6/division-ii.aspx,false,false,https://en.wikipedia.org/wiki/List_of_NCAA_Division_II_baseball_programs,NEEDS_REVIEW
Maryville (MO),maryville-mo,Town and Country,Missouri,,,FOUR_YEAR,,,,,,,,,,2026,,,,,https://collegescorecard.ed.gov/,NEEDS_REVIEW,Saints,,,,,,,,NCAA_D2,GLVC,,,,"NCAA Division II baseball programs may offer athletic scholarships, subject to NCAA and school-specific limits.",https://www.ncaa.org/sports/2014/10/6/division-ii.aspx,false,false,https://en.wikipedia.org/wiki/List_of_NCAA_Division_II_baseball_programs,NEEDS_REVIEW
McKendree,mckendree,Lebanon,Illinois,,,FOUR_YEAR,,,,,,,,,,2026,,,,,https://collegescorecard.ed.gov/,NEEDS_REVIEW,Bearcats,,,,,,,,NCAA_D2,GLVC,,,,"NCAA Division II baseball programs may offer athletic scholarships, subject to NCAA and school-specific limits.",https://www.ncaa.org/sports/2014/10/6/division-ii.aspx,false,false,https://en.wikipedia.org/wiki/List_of_NCAA_Division_II_baseball_programs,NEEDS_REVIEW
Menlo,menlo,Atherton,California,,,FOUR_YEAR,,,,,,,,,,2026,,,,,https://collegescorecard.ed.gov/,NEEDS_REVIEW,Oaks,,,,,,,,NCAA_D2,PacWest,,,,"NCAA Division II baseball programs may offer athletic scholarships, subject to NCAA and school-specific limits.",https://www.ncaa.org/sports/2014/10/6/division-ii.aspx,false,false,https://en.wikipedia.org/wiki/List_of_NCAA_Division_II_baseball_programs,NEEDS_REVIEW
Mercy,mercy,Dobbs Ferry,New York,,,FOUR_YEAR,,,,,,,,,,2026,,,,,https://collegescorecard.ed.gov/,NEEDS_REVIEW,Mavericks,,,,,,,,NCAA_D2,ECC,,,,"NCAA Division II baseball programs may offer athletic scholarships, subject to NCAA and school-specific limits.",https://www.ncaa.org/sports/2014/10/6/division-ii.aspx,false,false,https://en.wikipedia.org/wiki/List_of_NCAA_Division_II_baseball_programs,NEEDS_REVIEW
Metropolitan State,metropolitan-state,Denver,Colorado,,,FOUR_YEAR,,,,,,,,,,2026,,,,,https://collegescorecard.ed.gov/,NEEDS_REVIEW,Roadrunners,,,,,,,,NCAA_D2,RMAC,,,,"NCAA Division II baseball programs may offer athletic scholarships, subject to NCAA and school-specific limits.",https://www.ncaa.org/sports/2014/10/6/division-ii.aspx,false,false,https://en.wikipedia.org/wiki/List_of_NCAA_Division_II_baseball_programs,NEEDS_REVIEW
Middle Georgia,middle-georgia,Cochran,Georgia,,,FOUR_YEAR,,,,,,,,,,2026,,,,,https://collegescorecard.ed.gov/,NEEDS_REVIEW,Knights,,,,,,,,NCAA_D2,Peach Belt,,,,"NCAA Division II baseball programs may offer athletic scholarships, subject to NCAA and school-specific limits.",https://www.ncaa.org/sports/2014/10/6/division-ii.aspx,false,false,https://en.wikipedia.org/wiki/List_of_NCAA_Division_II_baseball_programs,NEEDS_REVIEW
Miles,miles,Fairfield,Alabama,,,FOUR_YEAR,,,,,,,,,,2026,,,,,https://collegescorecard.ed.gov/,NEEDS_REVIEW,Golden Bears,,,,,,,,NCAA_D2,SIAC,,,,"NCAA Division II baseball programs may offer athletic scholarships, subject to NCAA and school-specific limits.",https://www.ncaa.org/sports/2014/10/6/division-ii.aspx,false,false,https://en.wikipedia.org/wiki/List_of_NCAA_Division_II_baseball_programs,NEEDS_REVIEW
Millersville,millersville,Millersville,Pennsylvania,,,FOUR_YEAR,,,,,,,,,,2026,,,,,https://collegescorecard.ed.gov/,NEEDS_REVIEW,Marauders,,,,,,,,NCAA_D2,PSAC,,,,"NCAA Division II baseball programs may offer athletic scholarships, subject to NCAA and school-specific limits.",https://www.ncaa.org/sports/2014/10/6/division-ii.aspx,false,false,https://en.wikipedia.org/wiki/List_of_NCAA_Division_II_baseball_programs,NEEDS_REVIEW
Minnesota State,minnesota-state,Mankato,Minnesota,,,FOUR_YEAR,,,,,,,,,,2026,,,,,https://collegescorecard.ed.gov/,NEEDS_REVIEW,Mavericks,,,,,,,,NCAA_D2,NSIC,,,,"NCAA Division II baseball programs may offer athletic scholarships, subject to NCAA and school-specific limits.",https://www.ncaa.org/sports/2014/10/6/division-ii.aspx,false,false,https://en.wikipedia.org/wiki/List_of_NCAA_Division_II_baseball_programs,NEEDS_REVIEW
Minnesota–Crookston,minnesota-crookston,Crookston,Minnesota,,,FOUR_YEAR,,,,,,,,,,2026,,,,,https://collegescorecard.ed.gov/,NEEDS_REVIEW,Golden Eagles,,,,,,,,NCAA_D2,NSIC,,,,"NCAA Division II baseball programs may offer athletic scholarships, subject to NCAA and school-specific limits.",https://www.ncaa.org/sports/2014/10/6/division-ii.aspx,false,false,https://en.wikipedia.org/wiki/List_of_NCAA_Division_II_baseball_programs,NEEDS_REVIEW
Minnesota–Duluth,minnesota-duluth,Duluth,Minnesota,,,FOUR_YEAR,,,,,,,,,,2026,,,,,https://collegescorecard.ed.gov/,NEEDS_REVIEW,Bulldogs,,,,,,,,NCAA_D2,NSIC,,,,"NCAA Division II baseball programs may offer athletic scholarships, subject to NCAA and school-specific limits.",https://www.ncaa.org/sports/2014/10/6/division-ii.aspx,false,false,https://en.wikipedia.org/wiki/List_of_NCAA_Division_II_baseball_programs,NEEDS_REVIEW
Minot State,minot-state,Minot,North Dakota,,,FOUR_YEAR,,,,,,,,,,2026,,,,,https://collegescorecard.ed.gov/,NEEDS_REVIEW,Beavers,,,,,,,,NCAA_D2,NSIC,,,,"NCAA Division II baseball programs may offer athletic scholarships, subject to NCAA and school-specific limits.",https://www.ncaa.org/sports/2014/10/6/division-ii.aspx,false,false,https://en.wikipedia.org/wiki/List_of_NCAA_Division_II_baseball_programs,NEEDS_REVIEW
Mississippi College,mississippi-college,Clinton,Mississippi,,,FOUR_YEAR,,,,,,,,,,2026,,,,,https://collegescorecard.ed.gov/,NEEDS_REVIEW,Choctaws,,,,,,,,NCAA_D2,Gulf South,,,,"NCAA Division II baseball programs may offer athletic scholarships, subject to NCAA and school-specific limits.",https://www.ncaa.org/sports/2014/10/6/division-ii.aspx,false,false,https://en.wikipedia.org/wiki/List_of_NCAA_Division_II_baseball_programs,NEEDS_REVIEW
Missouri Southern,missouri-southern,Joplin,Missouri,,,FOUR_YEAR,,,,,,,,,,2026,,,,,https://collegescorecard.ed.gov/,NEEDS_REVIEW,Lions,,,,,,,,NCAA_D2,MIAA,,,,"NCAA Division II baseball programs may offer athletic scholarships, subject to NCAA and school-specific limits.",https://www.ncaa.org/sports/2014/10/6/division-ii.aspx,false,false,https://en.wikipedia.org/wiki/List_of_NCAA_Division_II_baseball_programs,NEEDS_REVIEW
Missouri S&T,missouri-s-and-t,Rolla,Missouri,,,FOUR_YEAR,,,,,,,,,,2026,,,,,https://collegescorecard.ed.gov/,NEEDS_REVIEW,Miners,,,,,,,,NCAA_D2,GLVC,,,,"NCAA Division II baseball programs may offer athletic scholarships, subject to NCAA and school-specific limits.",https://www.ncaa.org/sports/2014/10/6/division-ii.aspx,false,false,https://en.wikipedia.org/wiki/List_of_NCAA_Division_II_baseball_programs,NEEDS_REVIEW
Missouri Western,missouri-western,St. Joseph,Missouri,,,FOUR_YEAR,,,,,,,,,,2026,,,,,https://collegescorecard.ed.gov/,NEEDS_REVIEW,Griffons,,,,,,,,NCAA_D2,MIAA,,,,"NCAA Division II baseball programs may offer athletic scholarships, subject to NCAA and school-specific limits.",https://www.ncaa.org/sports/2014/10/6/division-ii.aspx,false,false,https://en.wikipedia.org/wiki/List_of_NCAA_Division_II_baseball_programs,NEEDS_REVIEW
Molloy,molloy,Rockville Centre,New York,,,FOUR_YEAR,,,,,,,,,,2026,,,,,https://collegescorecard.ed.gov/,NEEDS_REVIEW,Lions,,,,,,,,NCAA_D2,ECC,,,,"NCAA Division II baseball programs may offer athletic scholarships, subject to NCAA and school-specific limits.",https://www.ncaa.org/sports/2014/10/6/division-ii.aspx,false,false,https://en.wikipedia.org/wiki/List_of_NCAA_Division_II_baseball_programs,NEEDS_REVIEW
Montana State–Billings,montana-state-billings,Billings,Montana,,,FOUR_YEAR,,,,,,,,,,2026,,,,,https://collegescorecard.ed.gov/,NEEDS_REVIEW,Yellowjackets,,,,,,,,NCAA_D2,GNAC,,,,"NCAA Division II baseball programs may offer athletic scholarships, subject to NCAA and school-specific limits.",https://www.ncaa.org/sports/2014/10/6/division-ii.aspx,false,false,https://en.wikipedia.org/wiki/List_of_NCAA_Division_II_baseball_programs,NEEDS_REVIEW
Montevallo,montevallo,Montevallo,Alabama,,,FOUR_YEAR,,,,,,,,,,2026,,,,,https://collegescorecard.ed.gov/,NEEDS_REVIEW,Falcons,,,,,,,,NCAA_D2,Gulf South,,,,"NCAA Division II baseball programs may offer athletic scholarships, subject to NCAA and school-specific limits.",https://www.ncaa.org/sports/2014/10/6/division-ii.aspx,false,false,https://en.wikipedia.org/wiki/List_of_NCAA_Division_II_baseball_programs,NEEDS_REVIEW
Morehouse,morehouse,Atlanta,Georgia,,,FOUR_YEAR,,,,,,,,,,2026,,,,,https://collegescorecard.ed.gov/,NEEDS_REVIEW,Maroon Tigers,,,,,,,,NCAA_D2,SIAC,,,,"NCAA Division II baseball programs may offer athletic scholarships, subject to NCAA and school-specific limits.",https://www.ncaa.org/sports/2014/10/6/division-ii.aspx,false,false,https://en.wikipedia.org/wiki/List_of_NCAA_Division_II_baseball_programs,NEEDS_REVIEW
Mount Olive,mount-olive,Mount Olive,North Carolina,,,FOUR_YEAR,,,,,,,,,,2026,,,,,https://collegescorecard.ed.gov/,NEEDS_REVIEW,Trojans,,,,,,,,NCAA_D2,Carolinas,,,,"NCAA Division II baseball programs may offer athletic scholarships, subject to NCAA and school-specific limits.",https://www.ncaa.org/sports/2014/10/6/division-ii.aspx,false,false,https://en.wikipedia.org/wiki/List_of_NCAA_Division_II_baseball_programs,NEEDS_REVIEW
New Mexico Highlands,new-mexico-highlands,Las Vegas,New Mexico,,,FOUR_YEAR,,,,,,,,,,2026,,,,,https://collegescorecard.ed.gov/,NEEDS_REVIEW,Cowboys,,,,,,,,NCAA_D2,RMAC,,,,"NCAA Division II baseball programs may offer athletic scholarships, subject to NCAA and school-specific limits.",https://www.ncaa.org/sports/2014/10/6/division-ii.aspx,false,false,https://en.wikipedia.org/wiki/List_of_NCAA_Division_II_baseball_programs,NEEDS_REVIEW
Newberry,newberry,Newberry,South Carolina,,,FOUR_YEAR,,,,,,,,,,2026,,,,,https://collegescorecard.ed.gov/,NEEDS_REVIEW,Wolves,,,,,,,,NCAA_D2,SAC,,,,"NCAA Division II baseball programs may offer athletic scholarships, subject to NCAA and school-specific limits.",https://www.ncaa.org/sports/2014/10/6/division-ii.aspx,false,false,https://en.wikipedia.org/wiki/List_of_NCAA_Division_II_baseball_programs,NEEDS_REVIEW
Newman,newman,Wichita,Kansas,,,FOUR_YEAR,,,,,,,,,,2026,,,,,https://collegescorecard.ed.gov/,NEEDS_REVIEW,Jets,,,,,,,,NCAA_D2,MIAA,,,,"NCAA Division II baseball programs may offer athletic scholarships, subject to NCAA and school-specific limits.",https://www.ncaa.org/sports/2014/10/6/division-ii.aspx,false,false,https://en.wikipedia.org/wiki/List_of_NCAA_Division_II_baseball_programs,NEEDS_REVIEW
North Georgia,north-georgia,Dahlonega,Georgia,,,FOUR_YEAR,,,,,,,,,,2026,,,,,https://collegescorecard.ed.gov/,NEEDS_REVIEW,Nighthawks,,,,,,,,NCAA_D2,Peach Belt,,,,"NCAA Division II baseball programs may offer athletic scholarships, subject to NCAA and school-specific limits.",https://www.ncaa.org/sports/2014/10/6/division-ii.aspx,false,false,https://en.wikipedia.org/wiki/List_of_NCAA_Division_II_baseball_programs,NEEDS_REVIEW
North Greenville,north-greenville,Tigerville,South Carolina,,,FOUR_YEAR,,,,,,,,,,2026,,,,,https://collegescorecard.ed.gov/,NEEDS_REVIEW,Crusaders,,,,,,,,NCAA_D2,Carolinas,,,,"NCAA Division II baseball programs may offer athletic scholarships, subject to NCAA and school-specific limits.",https://www.ncaa.org/sports/2014/10/6/division-ii.aspx,false,false,https://en.wikipedia.org/wiki/List_of_NCAA_Division_II_baseball_programs,NEEDS_REVIEW
Northeastern State,northeastern-state,Tahlequah,Oklahoma,,,FOUR_YEAR,,,,,,,,,,2026,,,,,https://collegescorecard.ed.gov/,NEEDS_REVIEW,RiverHawks,,,,,,,,NCAA_D2,MIAA,,,,"NCAA Division II baseball programs may offer athletic scholarships, subject to NCAA and school-specific limits.",https://www.ncaa.org/sports/2014/10/6/division-ii.aspx,false,false,https://en.wikipedia.org/wiki/List_of_NCAA_Division_II_baseball_programs,NEEDS_REVIEW
Northern State,northern-state,Aberdeen,South Dakota,,,FOUR_YEAR,,,,,,,,,,2026,,,,,https://collegescorecard.ed.gov/,NEEDS_REVIEW,Wolves,,,,,,,,NCAA_D2,NSIC,,,,"NCAA Division II baseball programs may offer athletic scholarships, subject to NCAA and school-specific limits.",https://www.ncaa.org/sports/2014/10/6/division-ii.aspx,false,false,https://en.wikipedia.org/wiki/List_of_NCAA_Division_II_baseball_programs,NEEDS_REVIEW
Northwest Missouri State,northwest-missouri-state,Maryville,Missouri,,,FOUR_YEAR,,,,,,,,,,2026,,,,,https://collegescorecard.ed.gov/,NEEDS_REVIEW,Bearcats,,,,,,,,NCAA_D2,MIAA,,,,"NCAA Division II baseball programs may offer athletic scholarships, subject to NCAA and school-specific limits.",https://www.ncaa.org/sports/2014/10/6/division-ii.aspx,false,false,https://en.wikipedia.org/wiki/List_of_NCAA_Division_II_baseball_programs,NEEDS_REVIEW
Northwest Nazarene,northwest-nazarene,Nampa,Idaho,,,FOUR_YEAR,,,,,,,,,,2026,,,,,https://collegescorecard.ed.gov/,NEEDS_REVIEW,Nighthawks,,,,,,,,NCAA_D2,GNAC,,,,"NCAA Division II baseball programs may offer athletic scholarships, subject to NCAA and school-specific limits.",https://www.ncaa.org/sports/2014/10/6/division-ii.aspx,false,false,https://en.wikipedia.org/wiki/List_of_NCAA_Division_II_baseball_programs,NEEDS_REVIEW
Northwestern Oklahoma State,northwestern-oklahoma-state,Alva,Oklahoma,,,FOUR_YEAR,,,,,,,,,,2026,,,,,https://collegescorecard.ed.gov/,NEEDS_REVIEW,Rangers,,,,,,,,NCAA_D2,GAC,,,,"NCAA Division II baseball programs may offer athletic scholarships, subject to NCAA and school-specific limits.",https://www.ncaa.org/sports/2014/10/6/division-ii.aspx,false,false,https://en.wikipedia.org/wiki/List_of_NCAA_Division_II_baseball_programs,NEEDS_REVIEW
Northwood,northwood,Midland,Michigan,,,FOUR_YEAR,,,,,,,,,,2026,,,,,https://collegescorecard.ed.gov/,NEEDS_REVIEW,Timberwolves,,,,,,,,NCAA_D2,G-MAC,,,,"NCAA Division II baseball programs may offer athletic scholarships, subject to NCAA and school-specific limits.",https://www.ncaa.org/sports/2014/10/6/division-ii.aspx,false,false,https://en.wikipedia.org/wiki/List_of_NCAA_Division_II_baseball_programs,NEEDS_REVIEW
Nova Southeastern,nova-southeastern,Davie,Florida,,,FOUR_YEAR,,,,,,,,,,2026,,,,,https://collegescorecard.ed.gov/,NEEDS_REVIEW,Sharks,,,,,,,,NCAA_D2,SSC,,,,"NCAA Division II baseball programs may offer athletic scholarships, subject to NCAA and school-specific limits.",https://www.ncaa.org/sports/2014/10/6/division-ii.aspx,false,false,https://en.wikipedia.org/wiki/List_of_NCAA_Division_II_baseball_programs,NEEDS_REVIEW
Ohio Dominican,ohio-dominican,Columbus,Ohio,,,FOUR_YEAR,,,,,,,,,,2026,,,,,https://collegescorecard.ed.gov/,NEEDS_REVIEW,Panthers,,,,,,,,NCAA_D2,G-MAC,,,,"NCAA Division II baseball programs may offer athletic scholarships, subject to NCAA and school-specific limits.",https://www.ncaa.org/sports/2014/10/6/division-ii.aspx,false,false,https://en.wikipedia.org/wiki/List_of_NCAA_Division_II_baseball_programs,NEEDS_REVIEW
Oklahoma Baptist,oklahoma-baptist,Shawnee,Oklahoma,,,FOUR_YEAR,,,,,,,,,,2026,,,,,https://collegescorecard.ed.gov/,NEEDS_REVIEW,Bison,,,,,,,,NCAA_D2,GAC,,,,"NCAA Division II baseball programs may offer athletic scholarships, subject to NCAA and school-specific limits.",https://www.ncaa.org/sports/2014/10/6/division-ii.aspx,false,false,https://en.wikipedia.org/wiki/List_of_NCAA_Division_II_baseball_programs,NEEDS_REVIEW
Oklahoma Christian,oklahoma-christian,Oklahoma City,Oklahoma,,,FOUR_YEAR,,,,,,,,,,2026,,,,,https://collegescorecard.ed.gov/,NEEDS_REVIEW,Eagles,,,,,,,,NCAA_D2,Lone Star,,,,"NCAA Division II baseball programs may offer athletic scholarships, subject to NCAA and school-specific limits.",https://www.ncaa.org/sports/2014/10/6/division-ii.aspx,false,false,https://en.wikipedia.org/wiki/List_of_NCAA_Division_II_baseball_programs,NEEDS_REVIEW
Ouachita Baptist,ouachita-baptist,Arkadelphia,Arkansas,,,FOUR_YEAR,,,,,,,,,,2026,,,,,https://collegescorecard.ed.gov/,NEEDS_REVIEW,Tigers,,,,,,,,NCAA_D2,GAC,,,,"NCAA Division II baseball programs may offer athletic scholarships, subject to NCAA and school-specific limits.",https://www.ncaa.org/sports/2014/10/6/division-ii.aspx,false,false,https://en.wikipedia.org/wiki/List_of_NCAA_Division_II_baseball_programs,NEEDS_REVIEW
Pace,pace,Pleasantville,New York,,,FOUR_YEAR,,,,,,,,,,2026,,,,,https://collegescorecard.ed.gov/,NEEDS_REVIEW,Setters,,,,,,,,NCAA_D2,NE-10,,,,"NCAA Division II baseball programs may offer athletic scholarships, subject to NCAA and school-specific limits.",https://www.ncaa.org/sports/2014/10/6/division-ii.aspx,false,false,https://en.wikipedia.org/wiki/List_of_NCAA_Division_II_baseball_programs,NEEDS_REVIEW
Palm Beach Atlantic,palm-beach-atlantic,West Palm Beach,Florida,,,FOUR_YEAR,,,,,,,,,,2026,,,,,https://collegescorecard.ed.gov/,NEEDS_REVIEW,Sailfish,,,,,,,,NCAA_D2,SSC,,,,"NCAA Division II baseball programs may offer athletic scholarships, subject to NCAA and school-specific limits.",https://www.ncaa.org/sports/2014/10/6/division-ii.aspx,false,false,https://en.wikipedia.org/wiki/List_of_NCAA_Division_II_baseball_programs,NEEDS_REVIEW
Parkside,parkside,Somers,Wisconsin,,,FOUR_YEAR,,,,,,,,,,2026,,,,,https://collegescorecard.ed.gov/,NEEDS_REVIEW,Rangers,,,,,,,,NCAA_D2,GLIAC,,,,"NCAA Division II baseball programs may offer athletic scholarships, subject to NCAA and school-specific limits.",https://www.ncaa.org/sports/2014/10/6/division-ii.aspx,false,false,https://en.wikipedia.org/wiki/List_of_NCAA_Division_II_baseball_programs,NEEDS_REVIEW
Pittsburg State,pittsburg-state,Pittsburg,Kansas,,,FOUR_YEAR,,,,,,,,,,2026,,,,,https://collegescorecard.ed.gov/,NEEDS_REVIEW,Gorillas,,,,,,,,NCAA_D2,MIAA,,,,"NCAA Division II baseball programs may offer athletic scholarships, subject to NCAA and school-specific limits.",https://www.ncaa.org/sports/2014/10/6/division-ii.aspx,false,false,https://en.wikipedia.org/wiki/List_of_NCAA_Division_II_baseball_programs,NEEDS_REVIEW
Pitt–Johnstown,pitt-johnstown,Johnstown,Pennsylvania,,,FOUR_YEAR,,,,,,,,,,2026,,,,,https://collegescorecard.ed.gov/,NEEDS_REVIEW,Mountain Cats,,,,,,,,NCAA_D2,PSAC,,,,"NCAA Division II baseball programs may offer athletic scholarships, subject to NCAA and school-specific limits.",https://www.ncaa.org/sports/2014/10/6/division-ii.aspx,false,false,https://en.wikipedia.org/wiki/List_of_NCAA_Division_II_baseball_programs,NEEDS_REVIEW
Point Loma Nazarene,point-loma-nazarene,San Diego,California,,,FOUR_YEAR,,,,,,,,,,2026,,,,,https://collegescorecard.ed.gov/,NEEDS_REVIEW,Sea Lions,,,,,,,,NCAA_D2,PacWest,,,,"NCAA Division II baseball programs may offer athletic scholarships, subject to NCAA and school-specific limits.",https://www.ncaa.org/sports/2014/10/6/division-ii.aspx,false,false,https://en.wikipedia.org/wiki/List_of_NCAA_Division_II_baseball_programs,NEEDS_REVIEW
Point Park,point-park,Pittsburgh,Pennsylvania,,,FOUR_YEAR,,,,,,,,,,2026,,,,,https://collegescorecard.ed.gov/,NEEDS_REVIEW,Pioneers,,,,,,,,NCAA_D2,MEC,,,,"NCAA Division II baseball programs may offer athletic scholarships, subject to NCAA and school-specific limits.",https://www.ncaa.org/sports/2014/10/6/division-ii.aspx,false,false,https://en.wikipedia.org/wiki/List_of_NCAA_Division_II_baseball_programs,NEEDS_REVIEW
Post,post,Waterbury,Connecticut,,,FOUR_YEAR,,,,,,,,,,2026,,,,,https://collegescorecard.ed.gov/,NEEDS_REVIEW,Eagles,,,,,,,,NCAA_D2,CACC,,,,"NCAA Division II baseball programs may offer athletic scholarships, subject to NCAA and school-specific limits.",https://www.ncaa.org/sports/2014/10/6/division-ii.aspx,false,false,https://en.wikipedia.org/wiki/List_of_NCAA_Division_II_baseball_programs,NEEDS_REVIEW
Purdue Northwest,purdue-northwest,Hammond,Indiana,,,FOUR_YEAR,,,,,,,,,,2026,,,,,https://collegescorecard.ed.gov/,NEEDS_REVIEW,Pride,,,,,,,,NCAA_D2,GLIAC,,,,"NCAA Division II baseball programs may offer athletic scholarships, subject to NCAA and school-specific limits.",https://www.ncaa.org/sports/2014/10/6/division-ii.aspx,false,false,https://en.wikipedia.org/wiki/List_of_NCAA_Division_II_baseball_programs,NEEDS_REVIEW
Queens (NY),queens-ny,Queens,New York,,,FOUR_YEAR,,,,,,,,,,2026,,,,,https://collegescorecard.ed.gov/,NEEDS_REVIEW,Knights,,,,,,,,NCAA_D2,ECC,,,,"NCAA Division II baseball programs may offer athletic scholarships, subject to NCAA and school-specific limits.",https://www.ncaa.org/sports/2014/10/6/division-ii.aspx,false,false,https://en.wikipedia.org/wiki/List_of_NCAA_Division_II_baseball_programs,NEEDS_REVIEW
Quincy,quincy,Quincy,Illinois,,,FOUR_YEAR,,,,,,,,,,2026,,,,,https://collegescorecard.ed.gov/,NEEDS_REVIEW,Hawks,,,,,,,,NCAA_D2,GLVC,,,,"NCAA Division II baseball programs may offer athletic scholarships, subject to NCAA and school-specific limits.",https://www.ncaa.org/sports/2014/10/6/division-ii.aspx,false,false,https://en.wikipedia.org/wiki/List_of_NCAA_Division_II_baseball_programs,NEEDS_REVIEW
Regis,regis,Denver,Colorado,,,FOUR_YEAR,,,,,,,,,,2026,,,,,https://collegescorecard.ed.gov/,NEEDS_REVIEW,Rangers,,,,,,,,NCAA_D2,RMAC,,,,"NCAA Division II baseball programs may offer athletic scholarships, subject to NCAA and school-specific limits.",https://www.ncaa.org/sports/2014/10/6/division-ii.aspx,false,false,https://en.wikipedia.org/wiki/List_of_NCAA_Division_II_baseball_programs,NEEDS_REVIEW
Rockhurst,rockhurst,Kansas City,Missouri,,,FOUR_YEAR,,,,,,,,,,2026,,,,,https://collegescorecard.ed.gov/,NEEDS_REVIEW,Hawks,,,,,,,,NCAA_D2,GLVC,,,,"NCAA Division II baseball programs may offer athletic scholarships, subject to NCAA and school-specific limits.",https://www.ncaa.org/sports/2014/10/6/division-ii.aspx,false,false,https://en.wikipedia.org/wiki/List_of_NCAA_Division_II_baseball_programs,NEEDS_REVIEW
Rogers State,rogers-state,Claremore,Oklahoma,,,FOUR_YEAR,,,,,,,,,,2026,,,,,https://collegescorecard.ed.gov/,NEEDS_REVIEW,Hillcats,,,,,,,,NCAA_D2,MIAA,,,,"NCAA Division II baseball programs may offer athletic scholarships, subject to NCAA and school-specific limits.",https://www.ncaa.org/sports/2014/10/6/division-ii.aspx,false,false,https://en.wikipedia.org/wiki/List_of_NCAA_Division_II_baseball_programs,NEEDS_REVIEW
Rollins,rollins,Winter Park,Florida,,,FOUR_YEAR,,,,,,,,,,2026,,,,,https://collegescorecard.ed.gov/,NEEDS_REVIEW,Tars,,,,,,,,NCAA_D2,SSC,,,,"NCAA Division II baseball programs may offer athletic scholarships, subject to NCAA and school-specific limits.",https://www.ncaa.org/sports/2014/10/6/division-ii.aspx,false,false,https://en.wikipedia.org/wiki/List_of_NCAA_Division_II_baseball_programs,NEEDS_REVIEW
Roosevelt,roosevelt,Chicago,Illinois,,,FOUR_YEAR,,,,,,,,,,2026,,,,,https://collegescorecard.ed.gov/,NEEDS_REVIEW,Lakers,,,,,,,,NCAA_D2,GLIAC,,,,"NCAA Division II baseball programs may offer athletic scholarships, subject to NCAA and school-specific limits.",https://www.ncaa.org/sports/2014/10/6/division-ii.aspx,false,false,https://en.wikipedia.org/wiki/List_of_NCAA_Division_II_baseball_programs,NEEDS_REVIEW
Saginaw Valley State,saginaw-valley-state,University Center,Michigan,,,FOUR_YEAR,,,,,,,,,,2026,,,,,https://collegescorecard.ed.gov/,NEEDS_REVIEW,Cardinals,,,,,,,,NCAA_D2,GLIAC,,,,"NCAA Division II baseball programs may offer athletic scholarships, subject to NCAA and school-specific limits.",https://www.ncaa.org/sports/2014/10/6/division-ii.aspx,false,false,https://en.wikipedia.org/wiki/List_of_NCAA_Division_II_baseball_programs,NEEDS_REVIEW
Saint Anselm,saint-anselm,Goffstown,New Hampshire,,,FOUR_YEAR,,,,,,,,,,2026,,,,,https://collegescorecard.ed.gov/,NEEDS_REVIEW,Hawks,,,,,,,,NCAA_D2,NE-10,,,,"NCAA Division II baseball programs may offer athletic scholarships, subject to NCAA and school-specific limits.",https://www.ncaa.org/sports/2014/10/6/division-ii.aspx,false,false,https://en.wikipedia.org/wiki/List_of_NCAA_Division_II_baseball_programs,NEEDS_REVIEW
Saint Leo,saint-leo,St. Leo,Florida,,,FOUR_YEAR,,,,,,,,,,2026,,,,,https://collegescorecard.ed.gov/,NEEDS_REVIEW,Lions,,,,,,,,NCAA_D2,SSC,,,,"NCAA Division II baseball programs may offer athletic scholarships, subject to NCAA and school-specific limits.",https://www.ncaa.org/sports/2014/10/6/division-ii.aspx,false,false,https://en.wikipedia.org/wiki/List_of_NCAA_Division_II_baseball_programs,NEEDS_REVIEW
Saint Martin's,saint-martin-s,Lacey,Washington,,,FOUR_YEAR,,,,,,,,,,2026,,,,,https://collegescorecard.ed.gov/,NEEDS_REVIEW,Saints,,,,,,,,NCAA_D2,GNAC,,,,"NCAA Division II baseball programs may offer athletic scholarships, subject to NCAA and school-specific limits.",https://www.ncaa.org/sports/2014/10/6/division-ii.aspx,false,false,https://en.wikipedia.org/wiki/List_of_NCAA_Division_II_baseball_programs,NEEDS_REVIEW
Saint Michael's,saint-michael-s,Colchester,Vermont,,,FOUR_YEAR,,,,,,,,,,2026,,,,,https://collegescorecard.ed.gov/,NEEDS_REVIEW,Purple Knights,,,,,,,,NCAA_D2,NE-10,,,,"NCAA Division II baseball programs may offer athletic scholarships, subject to NCAA and school-specific limits.",https://www.ncaa.org/sports/2014/10/6/division-ii.aspx,false,false,https://en.wikipedia.org/wiki/List_of_NCAA_Division_II_baseball_programs,NEEDS_REVIEW
Salem,salem,Salem,West Virginia,,,FOUR_YEAR,,,,,,,,,,2026,,,,,https://collegescorecard.ed.gov/,NEEDS_REVIEW,Tigers,,,,,,,,NCAA_D2,Independent,,,,"NCAA Division II baseball programs may offer athletic scholarships, subject to NCAA and school-specific limits.",https://www.ncaa.org/sports/2014/10/6/division-ii.aspx,false,false,https://en.wikipedia.org/wiki/List_of_NCAA_Division_II_baseball_programs,NEEDS_REVIEW
San Francisco State,san-francisco-state,San Francisco,California,,,FOUR_YEAR,,,,,,,,,,2026,,,,,https://collegescorecard.ed.gov/,NEEDS_REVIEW,Gators,,,,,,,,NCAA_D2,CCAA,,,,"NCAA Division II baseball programs may offer athletic scholarships, subject to NCAA and school-specific limits.",https://www.ncaa.org/sports/2014/10/6/division-ii.aspx,false,false,https://en.wikipedia.org/wiki/List_of_NCAA_Division_II_baseball_programs,NEEDS_REVIEW
Savannah State,savannah-state,Savannah,Georgia,,,FOUR_YEAR,,,,,,,,,,2026,,,,,https://collegescorecard.ed.gov/,NEEDS_REVIEW,Tigers,,,,,,,,NCAA_D2,SIAC,,,,"NCAA Division II baseball programs may offer athletic scholarships, subject to NCAA and school-specific limits.",https://www.ncaa.org/sports/2014/10/6/division-ii.aspx,false,false,https://en.wikipedia.org/wiki/List_of_NCAA_Division_II_baseball_programs,NEEDS_REVIEW
Seton Hill,seton-hill,Greensburg,Pennsylvania,,,FOUR_YEAR,,,,,,,,,,2026,,,,,https://collegescorecard.ed.gov/,NEEDS_REVIEW,Griffins,,,,,,,,NCAA_D2,PSAC,,,,"NCAA Division II baseball programs may offer athletic scholarships, subject to NCAA and school-specific limits.",https://www.ncaa.org/sports/2014/10/6/division-ii.aspx,false,false,https://en.wikipedia.org/wiki/List_of_NCAA_Division_II_baseball_programs,NEEDS_REVIEW
Shepherd,shepherd,Shepherdstown,West Virginia,,,FOUR_YEAR,,,,,,,,,,2026,,,,,https://collegescorecard.ed.gov/,NEEDS_REVIEW,Rams,,,,,,,,NCAA_D2,PSAC,,,,"NCAA Division II baseball programs may offer athletic scholarships, subject to NCAA and school-specific limits.",https://www.ncaa.org/sports/2014/10/6/division-ii.aspx,false,false,https://en.wikipedia.org/wiki/List_of_NCAA_Division_II_baseball_programs,NEEDS_REVIEW
Shippensburg,shippensburg,Shippensburg,Pennsylvania,,,FOUR_YEAR,,,,,,,,,,2026,,,,,https://collegescorecard.ed.gov/,NEEDS_REVIEW,Raiders,,,,,,,,NCAA_D2,PSAC,,,,"NCAA Division II baseball programs may offer athletic scholarships, subject to NCAA and school-specific limits.",https://www.ncaa.org/sports/2014/10/6/division-ii.aspx,false,false,https://en.wikipedia.org/wiki/List_of_NCAA_Division_II_baseball_programs,NEEDS_REVIEW
Shorter,shorter,Rome,Georgia,,,FOUR_YEAR,,,,,,,,,,2026,,,,,https://collegescorecard.ed.gov/,NEEDS_REVIEW,Hawks,,,,,,,,NCAA_D2,Carolinas,,,,"NCAA Division II baseball programs may offer athletic scholarships, subject to NCAA and school-specific limits.",https://www.ncaa.org/sports/2014/10/6/division-ii.aspx,false,false,https://en.wikipedia.org/wiki/List_of_NCAA_Division_II_baseball_programs,NEEDS_REVIEW
Sioux Falls,sioux-falls,Sioux Falls,South Dakota,,,FOUR_YEAR,,,,,,,,,,2026,,,,,https://collegescorecard.ed.gov/,NEEDS_REVIEW,Cougars,,,,,,,,NCAA_D2,NSIC,,,,"NCAA Division II baseball programs may offer athletic scholarships, subject to NCAA and school-specific limits.",https://www.ncaa.org/sports/2014/10/6/division-ii.aspx,false,false,https://en.wikipedia.org/wiki/List_of_NCAA_Division_II_baseball_programs,NEEDS_REVIEW
Slippery Rock,slippery-rock,Slippery Rock,Pennsylvania,,,FOUR_YEAR,,,,,,,,,,2026,,,,,https://collegescorecard.ed.gov/,NEEDS_REVIEW,The Rock,,,,,,,,NCAA_D2,PSAC,,,,"NCAA Division II baseball programs may offer athletic scholarships, subject to NCAA and school-specific limits.",https://www.ncaa.org/sports/2014/10/6/division-ii.aspx,false,false,https://en.wikipedia.org/wiki/List_of_NCAA_Division_II_baseball_programs,NEEDS_REVIEW
Southeastern Oklahoma State,southeastern-oklahoma-state,Durant,Oklahoma,,,FOUR_YEAR,,,,,,,,,,2026,,,,,https://collegescorecard.ed.gov/,NEEDS_REVIEW,Savage Storm,,,,,,,,NCAA_D2,GAC,,,,"NCAA Division II baseball programs may offer athletic scholarships, subject to NCAA and school-specific limits.",https://www.ncaa.org/sports/2014/10/6/division-ii.aspx,false,false,https://en.wikipedia.org/wiki/List_of_NCAA_Division_II_baseball_programs,NEEDS_REVIEW
Southern Arkansas,southern-arkansas,Magnolia,Arkansas,,,FOUR_YEAR,,,,,,,,,,2026,,,,,https://collegescorecard.ed.gov/,NEEDS_REVIEW,Muleriders,,,,,,,,NCAA_D2,GAC,,,,"NCAA Division II baseball programs may offer athletic scholarships, subject to NCAA and school-specific limits.",https://www.ncaa.org/sports/2014/10/6/division-ii.aspx,false,false,https://en.wikipedia.org/wiki/List_of_NCAA_Division_II_baseball_programs,NEEDS_REVIEW
Southern Connecticut,southern-connecticut,New Haven,Connecticut,,,FOUR_YEAR,,,,,,,,,,2026,,,,,https://collegescorecard.ed.gov/,NEEDS_REVIEW,Owls,,,,,,,,NCAA_D2,NE-10,,,,"NCAA Division II baseball programs may offer athletic scholarships, subject to NCAA and school-specific limits.",https://www.ncaa.org/sports/2014/10/6/division-ii.aspx,false,false,https://en.wikipedia.org/wiki/List_of_NCAA_Division_II_baseball_programs,NEEDS_REVIEW
Southern Nazarene,southern-nazarene,Bethany,Oklahoma,,,FOUR_YEAR,,,,,,,,,,2026,,,,,https://collegescorecard.ed.gov/,NEEDS_REVIEW,Crimson Storm,,,,,,,,NCAA_D2,GAC,,,,"NCAA Division II baseball programs may offer athletic scholarships, subject to NCAA and school-specific limits.",https://www.ncaa.org/sports/2014/10/6/division-ii.aspx,false,false,https://en.wikipedia.org/wiki/List_of_NCAA_Division_II_baseball_programs,NEEDS_REVIEW
Southern New Hampshire,southern-new-hampshire,Manchester,New Hampshire,,,FOUR_YEAR,,,,,,,,,,2026,,,,,https://collegescorecard.ed.gov/,NEEDS_REVIEW,Penmen,,,,,,,,NCAA_D2,NE-10,,,,"NCAA Division II baseball programs may offer athletic scholarships, subject to NCAA and school-specific limits.",https://www.ncaa.org/sports/2014/10/6/division-ii.aspx,false,false,https://en.wikipedia.org/wiki/List_of_NCAA_Division_II_baseball_programs,NEEDS_REVIEW
Southern Wesleyan,southern-wesleyan,Central,South Carolina,,,FOUR_YEAR,,,,,,,,,,2026,,,,,https://collegescorecard.ed.gov/,NEEDS_REVIEW,Warriors,,,,,,,,NCAA_D2,Carolinas,,,,"NCAA Division II baseball programs may offer athletic scholarships, subject to NCAA and school-specific limits.",https://www.ncaa.org/sports/2014/10/6/division-ii.aspx,false,false,https://en.wikipedia.org/wiki/List_of_NCAA_Division_II_baseball_programs,NEEDS_REVIEW
Southwest Baptist,southwest-baptist,Bolivar,Missouri,,,FOUR_YEAR,,,,,,,,,,2026,,,,,https://collegescorecard.ed.gov/,NEEDS_REVIEW,Bearcats,,,,,,,,NCAA_D2,GLVC,,,,"NCAA Division II baseball programs may offer athletic scholarships, subject to NCAA and school-specific limits.",https://www.ncaa.org/sports/2014/10/6/division-ii.aspx,false,false,https://en.wikipedia.org/wiki/List_of_NCAA_Division_II_baseball_programs,NEEDS_REVIEW
Southwest Minnesota State,southwest-minnesota-state,Marshall,Minnesota,,,FOUR_YEAR,,,,,,,,,,2026,,,,,https://collegescorecard.ed.gov/,NEEDS_REVIEW,Mustangs,,,,,,,,NCAA_D2,NSIC,,,,"NCAA Division II baseball programs may offer athletic scholarships, subject to NCAA and school-specific limits.",https://www.ncaa.org/sports/2014/10/6/division-ii.aspx,false,false,https://en.wikipedia.org/wiki/List_of_NCAA_Division_II_baseball_programs,NEEDS_REVIEW
Southwestern Oklahoma State,southwestern-oklahoma-state,Weatherford,Oklahoma,,,FOUR_YEAR,,,,,,,,,,2026,,,,,https://collegescorecard.ed.gov/,NEEDS_REVIEW,Bulldogs,,,,,,,,NCAA_D2,GAC,,,,"NCAA Division II baseball programs may offer athletic scholarships, subject to NCAA and school-specific limits.",https://www.ncaa.org/sports/2014/10/6/division-ii.aspx,false,false,https://en.wikipedia.org/wiki/List_of_NCAA_Division_II_baseball_programs,NEEDS_REVIEW
Spring Hill,spring-hill,Mobile,Alabama,,,FOUR_YEAR,,,,,,,,,,2026,,,,,https://collegescorecard.ed.gov/,NEEDS_REVIEW,Badgers,,,,,,,,NCAA_D2,SIAC,,,,"NCAA Division II baseball programs may offer athletic scholarships, subject to NCAA and school-specific limits.",https://www.ncaa.org/sports/2014/10/6/division-ii.aspx,false,false,https://en.wikipedia.org/wiki/List_of_NCAA_Division_II_baseball_programs,NEEDS_REVIEW
Staten Island,staten-island,Staten Island,New York,,,FOUR_YEAR,,,,,,,,,,2026,,,,,https://collegescorecard.ed.gov/,NEEDS_REVIEW,Dolphins,,,,,,,,NCAA_D2,ECC,,,,"NCAA Division II baseball programs may offer athletic scholarships, subject to NCAA and school-specific limits.",https://www.ncaa.org/sports/2014/10/6/division-ii.aspx,false,false,https://en.wikipedia.org/wiki/List_of_NCAA_Division_II_baseball_programs,NEEDS_REVIEW
Sul Ross State,sul-ross-state,Alpine,Texas,,,FOUR_YEAR,,,,,,,,,,2026,,,,,https://collegescorecard.ed.gov/,NEEDS_REVIEW,Lobos,,,,,,,,NCAA_D2,Lone Star,,,,"NCAA Division II baseball programs may offer athletic scholarships, subject to NCAA and school-specific limits.",https://www.ncaa.org/sports/2014/10/6/division-ii.aspx,false,false,https://en.wikipedia.org/wiki/List_of_NCAA_Division_II_baseball_programs,NEEDS_REVIEW
Tampa,tampa,Tampa,Florida,,,FOUR_YEAR,,,,,,,,,,2026,,,,,https://collegescorecard.ed.gov/,NEEDS_REVIEW,Spartans,,,,,,,,NCAA_D2,SSC,,,,"NCAA Division II baseball programs may offer athletic scholarships, subject to NCAA and school-specific limits.",https://www.ncaa.org/sports/2014/10/6/division-ii.aspx,false,false,https://en.wikipedia.org/wiki/List_of_NCAA_Division_II_baseball_programs,NEEDS_REVIEW
Texas A&M International,texas-a-and-m-international,Laredo,Texas,,,FOUR_YEAR,,,,,,,,,,2026,,,,,https://collegescorecard.ed.gov/,NEEDS_REVIEW,Dustdevils,,,,,,,,NCAA_D2,Lone Star,,,,"NCAA Division II baseball programs may offer athletic scholarships, subject to NCAA and school-specific limits.",https://www.ncaa.org/sports/2014/10/6/division-ii.aspx,false,false,https://en.wikipedia.org/wiki/List_of_NCAA_Division_II_baseball_programs,NEEDS_REVIEW
Thomas More,thomas-more,Crestview Hills,Kentucky,,,FOUR_YEAR,,,,,,,,,,2026,,,,,https://collegescorecard.ed.gov/,NEEDS_REVIEW,Saints,,,,,,,,NCAA_D2,G-MAC,,,,"NCAA Division II baseball programs may offer athletic scholarships, subject to NCAA and school-specific limits.",https://www.ncaa.org/sports/2014/10/6/division-ii.aspx,false,false,https://en.wikipedia.org/wiki/List_of_NCAA_Division_II_baseball_programs,NEEDS_REVIEW
Tiffin,tiffin,Tiffin,Ohio,,,FOUR_YEAR,,,,,,,,,,2026,,,,,https://collegescorecard.ed.gov/,NEEDS_REVIEW,Dragons,,,,,,,,NCAA_D2,G-MAC,,,,"NCAA Division II baseball programs may offer athletic scholarships, subject to NCAA and school-specific limits.",https://www.ncaa.org/sports/2014/10/6/division-ii.aspx,false,false,https://en.wikipedia.org/wiki/List_of_NCAA_Division_II_baseball_programs,NEEDS_REVIEW
Trevecca Nazarene,trevecca-nazarene,Nashville,Tennessee,,,FOUR_YEAR,,,,,,,,,,2026,,,,,https://collegescorecard.ed.gov/,NEEDS_REVIEW,Trojans,,,,,,,,NCAA_D2,Gulf South,,,,"NCAA Division II baseball programs may offer athletic scholarships, subject to NCAA and school-specific limits.",https://www.ncaa.org/sports/2014/10/6/division-ii.aspx,false,false,https://en.wikipedia.org/wiki/List_of_NCAA_Division_II_baseball_programs,NEEDS_REVIEW
Truman,truman,Kirksville,Missouri,,,FOUR_YEAR,,,,,,,,,,2026,,,,,https://collegescorecard.ed.gov/,NEEDS_REVIEW,Bulldogs,,,,,,,,NCAA_D2,GLVC,,,,"NCAA Division II baseball programs may offer athletic scholarships, subject to NCAA and school-specific limits.",https://www.ncaa.org/sports/2014/10/6/division-ii.aspx,false,false,https://en.wikipedia.org/wiki/List_of_NCAA_Division_II_baseball_programs,NEEDS_REVIEW
Tusculum,tusculum,Tusculum,Tennessee,,,FOUR_YEAR,,,,,,,,,,2026,,,,,https://collegescorecard.ed.gov/,NEEDS_REVIEW,Pioneers,,,,,,,,NCAA_D2,SAC,,,,"NCAA Division II baseball programs may offer athletic scholarships, subject to NCAA and school-specific limits.",https://www.ncaa.org/sports/2014/10/6/division-ii.aspx,false,false,https://en.wikipedia.org/wiki/List_of_NCAA_Division_II_baseball_programs,NEEDS_REVIEW
Tuskegee,tuskegee,Tuskegee,Alabama,,,FOUR_YEAR,,,,,,,,,,2026,,,,,https://collegescorecard.ed.gov/,NEEDS_REVIEW,Golden Tigers,,,,,,,,NCAA_D2,SIAC,,,,"NCAA Division II baseball programs may offer athletic scholarships, subject to NCAA and school-specific limits.",https://www.ncaa.org/sports/2014/10/6/division-ii.aspx,false,false,https://en.wikipedia.org/wiki/List_of_NCAA_Division_II_baseball_programs,NEEDS_REVIEW
UCCS,uccs,Colorado Springs,Colorado,,,FOUR_YEAR,,,,,,,,,,2026,,,,,https://collegescorecard.ed.gov/,NEEDS_REVIEW,Mountain Lions,,,,,,,,NCAA_D2,RMAC,,,,"NCAA Division II baseball programs may offer athletic scholarships, subject to NCAA and school-specific limits.",https://www.ncaa.org/sports/2014/10/6/division-ii.aspx,false,false,https://en.wikipedia.org/wiki/List_of_NCAA_Division_II_baseball_programs,NEEDS_REVIEW
UIS,uis,Springfield,Illinois,,,FOUR_YEAR,,,,,,,,,,2026,,,,,https://collegescorecard.ed.gov/,NEEDS_REVIEW,Prairie Stars,,,,,,,,NCAA_D2,GLVC,,,,"NCAA Division II baseball programs may offer athletic scholarships, subject to NCAA and school-specific limits.",https://www.ncaa.org/sports/2014/10/6/division-ii.aspx,false,false,https://en.wikipedia.org/wiki/List_of_NCAA_Division_II_baseball_programs,NEEDS_REVIEW
UNC Pembroke,unc-pembroke,Pembroke,North Carolina,,,FOUR_YEAR,,,,,,,,,,2026,,,,,https://collegescorecard.ed.gov/,NEEDS_REVIEW,Braves,,,,,,,,NCAA_D2,Carolinas,,,,"NCAA Division II baseball programs may offer athletic scholarships, subject to NCAA and school-specific limits.",https://www.ncaa.org/sports/2014/10/6/division-ii.aspx,false,false,https://en.wikipedia.org/wiki/List_of_NCAA_Division_II_baseball_programs,NEEDS_REVIEW
Union,union,Jackson,Tennessee,,,FOUR_YEAR,,,,,,,,,,2026,,,,,https://collegescorecard.ed.gov/,NEEDS_REVIEW,Bulldogs,,,,,,,,NCAA_D2,Gulf South,,,,"NCAA Division II baseball programs may offer athletic scholarships, subject to NCAA and school-specific limits.",https://www.ncaa.org/sports/2014/10/6/division-ii.aspx,false,false,https://en.wikipedia.org/wiki/List_of_NCAA_Division_II_baseball_programs,NEEDS_REVIEW
Upper Iowa,upper-iowa,Fayette,Iowa,,,FOUR_YEAR,,,,,,,,,,2026,,,,,https://collegescorecard.ed.gov/,NEEDS_REVIEW,Peacocks,,,,,,,,NCAA_D2,GLVC,,,,"NCAA Division II baseball programs may offer athletic scholarships, subject to NCAA and school-specific limits.",https://www.ncaa.org/sports/2014/10/6/division-ii.aspx,false,false,https://en.wikipedia.org/wiki/List_of_NCAA_Division_II_baseball_programs,NEEDS_REVIEW
USC Aiken,usc-aiken,Aiken,South Carolina,,,FOUR_YEAR,,,,,,,,,,2026,,,,,https://collegescorecard.ed.gov/,NEEDS_REVIEW,Pacers,,,,,,,,NCAA_D2,Peach Belt,,,,"NCAA Division II baseball programs may offer athletic scholarships, subject to NCAA and school-specific limits.",https://www.ncaa.org/sports/2014/10/6/division-ii.aspx,false,false,https://en.wikipedia.org/wiki/List_of_NCAA_Division_II_baseball_programs,NEEDS_REVIEW
USC Beaufort,usc-beaufort,Bluffton,South Carolina,,,FOUR_YEAR,,,,,,,,,,2026,,,,,https://collegescorecard.ed.gov/,NEEDS_REVIEW,Sand Sharks,,,,,,,,NCAA_D2,Peach Belt,,,,"NCAA Division II baseball programs may offer athletic scholarships, subject to NCAA and school-specific limits.",https://www.ncaa.org/sports/2014/10/6/division-ii.aspx,false,false,https://en.wikipedia.org/wiki/List_of_NCAA_Division_II_baseball_programs,NEEDS_REVIEW
UT Dallas,ut-dallas,Richardson,Texas,,,FOUR_YEAR,,,,,,,,,,2026,,,,,https://collegescorecard.ed.gov/,NEEDS_REVIEW,Comets,,,,,,,,NCAA_D2,Lone Star,,,,"NCAA Division II baseball programs may offer athletic scholarships, subject to NCAA and school-specific limits.",https://www.ncaa.org/sports/2014/10/6/division-ii.aspx,false,false,https://en.wikipedia.org/wiki/List_of_NCAA_Division_II_baseball_programs,NEEDS_REVIEW
UT Permian Basin,ut-permian-basin,Odessa,Texas,,,FOUR_YEAR,,,,,,,,,,2026,,,,,https://collegescorecard.ed.gov/,NEEDS_REVIEW,Falcons,,,,,,,,NCAA_D2,Lone Star,,,,"NCAA Division II baseball programs may offer athletic scholarships, subject to NCAA and school-specific limits.",https://www.ncaa.org/sports/2014/10/6/division-ii.aspx,false,false,https://en.wikipedia.org/wiki/List_of_NCAA_Division_II_baseball_programs,NEEDS_REVIEW
UT Tyler,ut-tyler,Tyler,Texas,,,FOUR_YEAR,,,,,,,,,,2026,,,,,https://collegescorecard.ed.gov/,NEEDS_REVIEW,Patriots,,,,,,,,NCAA_D2,Lone Star,,,,"NCAA Division II baseball programs may offer athletic scholarships, subject to NCAA and school-specific limits.",https://www.ncaa.org/sports/2014/10/6/division-ii.aspx,false,false,https://en.wikipedia.org/wiki/List_of_NCAA_Division_II_baseball_programs,NEEDS_REVIEW
UVA Wise,uva-wise,Wise,Virginia,,,FOUR_YEAR,,,,,,,,,,2026,,,,,https://collegescorecard.ed.gov/,NEEDS_REVIEW,Cavaliers,,,,,,,,NCAA_D2,SAC,,,,"NCAA Division II baseball programs may offer athletic scholarships, subject to NCAA and school-specific limits.",https://www.ncaa.org/sports/2014/10/6/division-ii.aspx,false,false,https://en.wikipedia.org/wiki/List_of_NCAA_Division_II_baseball_programs,NEEDS_REVIEW
Valdosta State,valdosta-state,Valdosta,Georgia,,,FOUR_YEAR,,,,,,,,,,2026,,,,,https://collegescorecard.ed.gov/,NEEDS_REVIEW,Blazers,,,,,,,,NCAA_D2,Gulf South,,,,"NCAA Division II baseball programs may offer athletic scholarships, subject to NCAA and school-specific limits.",https://www.ncaa.org/sports/2014/10/6/division-ii.aspx,false,false,https://en.wikipedia.org/wiki/List_of_NCAA_Division_II_baseball_programs,NEEDS_REVIEW
Vanguard,vanguard,Costa Mesa,California,,,FOUR_YEAR,,,,,,,,,,2026,,,,,https://collegescorecard.ed.gov/,NEEDS_REVIEW,Lions,,,,,,,,NCAA_D2,PacWest,,,,"NCAA Division II baseball programs may offer athletic scholarships, subject to NCAA and school-specific limits.",https://www.ncaa.org/sports/2014/10/6/division-ii.aspx,false,false,https://en.wikipedia.org/wiki/List_of_NCAA_Division_II_baseball_programs,NEEDS_REVIEW
Virginia State,virginia-state,Ettrick,Virginia,,,FOUR_YEAR,,,,,,,,,,2026,,,,,https://collegescorecard.ed.gov/,NEEDS_REVIEW,Trojans,,,,,,,,NCAA_D2,Independent,,,,"NCAA Division II baseball programs may offer athletic scholarships, subject to NCAA and school-specific limits.",https://www.ncaa.org/sports/2014/10/6/division-ii.aspx,false,false,https://en.wikipedia.org/wiki/List_of_NCAA_Division_II_baseball_programs,NEEDS_REVIEW
Walsh,walsh,North Canton,Ohio,,,FOUR_YEAR,,,,,,,,,,2026,,,,,https://collegescorecard.ed.gov/,NEEDS_REVIEW,Cavaliers,,,,,,,,NCAA_D2,G-MAC,,,,"NCAA Division II baseball programs may offer athletic scholarships, subject to NCAA and school-specific limits.",https://www.ncaa.org/sports/2014/10/6/division-ii.aspx,false,false,https://en.wikipedia.org/wiki/List_of_NCAA_Division_II_baseball_programs,NEEDS_REVIEW
Washburn,washburn,Topeka,Kansas,,,FOUR_YEAR,,,,,,,,,,2026,,,,,https://collegescorecard.ed.gov/,NEEDS_REVIEW,Ichabods,,,,,,,,NCAA_D2,MIAA,,,,"NCAA Division II baseball programs may offer athletic scholarships, subject to NCAA and school-specific limits.",https://www.ncaa.org/sports/2014/10/6/division-ii.aspx,false,false,https://en.wikipedia.org/wiki/List_of_NCAA_Division_II_baseball_programs,NEEDS_REVIEW
Wayne State (MI),wayne-state-mi,Detroit,Michigan,,,FOUR_YEAR,,,,,,,,,,2026,,,,,https://collegescorecard.ed.gov/,NEEDS_REVIEW,Warriors,,,,,,,,NCAA_D2,GLIAC,,,,"NCAA Division II baseball programs may offer athletic scholarships, subject to NCAA and school-specific limits.",https://www.ncaa.org/sports/2014/10/6/division-ii.aspx,false,false,https://en.wikipedia.org/wiki/List_of_NCAA_Division_II_baseball_programs,NEEDS_REVIEW
Wayne State (NE),wayne-state-ne,Wayne,Nebraska,,,FOUR_YEAR,,,,,,,,,,2026,,,,,https://collegescorecard.ed.gov/,NEEDS_REVIEW,Wildcats,,,,,,,,NCAA_D2,NSIC,,,,"NCAA Division II baseball programs may offer athletic scholarships, subject to NCAA and school-specific limits.",https://www.ncaa.org/sports/2014/10/6/division-ii.aspx,false,false,https://en.wikipedia.org/wiki/List_of_NCAA_Division_II_baseball_programs,NEEDS_REVIEW
West Alabama,west-alabama,Livingston,Alabama,,,FOUR_YEAR,,,,,,,,,,2026,,,,,https://collegescorecard.ed.gov/,NEEDS_REVIEW,Tigers,,,,,,,,NCAA_D2,Gulf South,,,,"NCAA Division II baseball programs may offer athletic scholarships, subject to NCAA and school-specific limits.",https://www.ncaa.org/sports/2014/10/6/division-ii.aspx,false,false,https://en.wikipedia.org/wiki/List_of_NCAA_Division_II_baseball_programs,NEEDS_REVIEW
West Chester,west-chester,West Chester,Pennsylvania,,,FOUR_YEAR,,,,,,,,,,2026,,,,,https://collegescorecard.ed.gov/,NEEDS_REVIEW,Golden Rams,,,,,,,,NCAA_D2,PSAC,,,,"NCAA Division II baseball programs may offer athletic scholarships, subject to NCAA and school-specific limits.",https://www.ncaa.org/sports/2014/10/6/division-ii.aspx,false,false,https://en.wikipedia.org/wiki/List_of_NCAA_Division_II_baseball_programs,NEEDS_REVIEW
West Florida,west-florida,Pensacola,Florida,,,FOUR_YEAR,,,,,,,,,,2026,,,,,https://collegescorecard.ed.gov/,NEEDS_REVIEW,Argonauts,,,,,,,,NCAA_D2,Gulf South,,,,"NCAA Division II baseball programs may offer athletic scholarships, subject to NCAA and school-specific limits.",https://www.ncaa.org/sports/2014/10/6/division-ii.aspx,false,false,https://en.wikipedia.org/wiki/List_of_NCAA_Division_II_baseball_programs,NEEDS_REVIEW
West Liberty,west-liberty,West Liberty,West Virginia,,,FOUR_YEAR,,,,,,,,,,2026,,,,,https://collegescorecard.ed.gov/,NEEDS_REVIEW,Hilltoppers,,,,,,,,NCAA_D2,MEC,,,,"NCAA Division II baseball programs may offer athletic scholarships, subject to NCAA and school-specific limits.",https://www.ncaa.org/sports/2014/10/6/division-ii.aspx,false,false,https://en.wikipedia.org/wiki/List_of_NCAA_Division_II_baseball_programs,NEEDS_REVIEW
West Texas A&M,west-texas-a-and-m,Canyon,Texas,,,FOUR_YEAR,,,,,,,,,,2026,,,,,https://collegescorecard.ed.gov/,NEEDS_REVIEW,Buffaloes,,,,,,,,NCAA_D2,Lone Star,,,,"NCAA Division II baseball programs may offer athletic scholarships, subject to NCAA and school-specific limits.",https://www.ncaa.org/sports/2014/10/6/division-ii.aspx,false,false,https://en.wikipedia.org/wiki/List_of_NCAA_Division_II_baseball_programs,NEEDS_REVIEW
West Virginia State,west-virginia-state,Institute,West Virginia,,,FOUR_YEAR,,,,,,,,,,2026,,,,,https://collegescorecard.ed.gov/,NEEDS_REVIEW,Yellow Jackets,,,,,,,,NCAA_D2,MEC,,,,"NCAA Division II baseball programs may offer athletic scholarships, subject to NCAA and school-specific limits.",https://www.ncaa.org/sports/2014/10/6/division-ii.aspx,false,false,https://en.wikipedia.org/wiki/List_of_NCAA_Division_II_baseball_programs,NEEDS_REVIEW
West Virginia Wesleyan,west-virginia-wesleyan,Buckhannon,West Virginia,,,FOUR_YEAR,,,,,,,,,,2026,,,,,https://collegescorecard.ed.gov/,NEEDS_REVIEW,Bobcats,,,,,,,,NCAA_D2,MEC,,,,"NCAA Division II baseball programs may offer athletic scholarships, subject to NCAA and school-specific limits.",https://www.ncaa.org/sports/2014/10/6/division-ii.aspx,false,false,https://en.wikipedia.org/wiki/List_of_NCAA_Division_II_baseball_programs,NEEDS_REVIEW
Western Oregon,western-oregon,Monmouth,Oregon,,,FOUR_YEAR,,,,,,,,,,2026,,,,,https://collegescorecard.ed.gov/,NEEDS_REVIEW,Wolves,,,,,,,,NCAA_D2,GNAC,,,,"NCAA Division II baseball programs may offer athletic scholarships, subject to NCAA and school-specific limits.",https://www.ncaa.org/sports/2014/10/6/division-ii.aspx,false,false,https://en.wikipedia.org/wiki/List_of_NCAA_Division_II_baseball_programs,NEEDS_REVIEW
Westmont,westmont,Santa Barbara,California,,,FOUR_YEAR,,,,,,,,,,2026,,,,,https://collegescorecard.ed.gov/,NEEDS_REVIEW,Warriors,,,,,,,,NCAA_D2,PacWest,,,,"NCAA Division II baseball programs may offer athletic scholarships, subject to NCAA and school-specific limits.",https://www.ncaa.org/sports/2014/10/6/division-ii.aspx,false,false,https://en.wikipedia.org/wiki/List_of_NCAA_Division_II_baseball_programs,NEEDS_REVIEW
Wheeling,wheeling,Wheeling,West Virginia,,,FOUR_YEAR,,,,,,,,,,2026,,,,,https://collegescorecard.ed.gov/,NEEDS_REVIEW,Cardinals,,,,,,,,NCAA_D2,MEC,,,,"NCAA Division II baseball programs may offer athletic scholarships, subject to NCAA and school-specific limits.",https://www.ncaa.org/sports/2014/10/6/division-ii.aspx,false,false,https://en.wikipedia.org/wiki/List_of_NCAA_Division_II_baseball_programs,NEEDS_REVIEW
William Jewell,william-jewell,Liberty,Missouri,,,FOUR_YEAR,,,,,,,,,,2026,,,,,https://collegescorecard.ed.gov/,NEEDS_REVIEW,Cardinals,,,,,,,,NCAA_D2,GLVC,,,,"NCAA Division II baseball programs may offer athletic scholarships, subject to NCAA and school-specific limits.",https://www.ncaa.org/sports/2014/10/6/division-ii.aspx,false,false,https://en.wikipedia.org/wiki/List_of_NCAA_Division_II_baseball_programs,NEEDS_REVIEW
Wilmington,wilmington,New Castle,Delaware,,,FOUR_YEAR,,,,,,,,,,2026,,,,,https://collegescorecard.ed.gov/,NEEDS_REVIEW,Wildcats,,,,,,,,NCAA_D2,CACC,,,,"NCAA Division II baseball programs may offer athletic scholarships, subject to NCAA and school-specific limits.",https://www.ncaa.org/sports/2014/10/6/division-ii.aspx,false,false,https://en.wikipedia.org/wiki/List_of_NCAA_Division_II_baseball_programs,NEEDS_REVIEW
Wingate,wingate,Wingate,North Carolina,,,FOUR_YEAR,,,,,,,,,,2026,,,,,https://collegescorecard.ed.gov/,NEEDS_REVIEW,Bulldogs,,,,,,,,NCAA_D2,SAC,,,,"NCAA Division II baseball programs may offer athletic scholarships, subject to NCAA and school-specific limits.",https://www.ncaa.org/sports/2014/10/6/division-ii.aspx,false,false,https://en.wikipedia.org/wiki/List_of_NCAA_Division_II_baseball_programs,NEEDS_REVIEW
Winona State,winona-state,Winona,Minnesota,,,FOUR_YEAR,,,,,,,,,,2026,,,,,https://collegescorecard.ed.gov/,NEEDS_REVIEW,Warriors,,,,,,,,NCAA_D2,NSIC,,,,"NCAA Division II baseball programs may offer athletic scholarships, subject to NCAA and school-specific limits.",https://www.ncaa.org/sports/2014/10/6/division-ii.aspx,false,false,https://en.wikipedia.org/wiki/List_of_NCAA_Division_II_baseball_programs,NEEDS_REVIEW
Young Harris,young-harris,Young Harris,Georgia,,,FOUR_YEAR,,,,,,,,,,2026,,,,,https://collegescorecard.ed.gov/,NEEDS_REVIEW,Mountain Lions,,,,,,,,NCAA_D2,Carolinas,,,,"NCAA Division II baseball programs may offer athletic scholarships, subject to NCAA and school-specific limits.",https://www.ncaa.org/sports/2014/10/6/division-ii.aspx,false,false,https://en.wikipedia.org/wiki/List_of_NCAA_Division_II_baseball_programs,NEEDS_REVIEW