name,slug,city,state,region,control,schoolType,websiteUrl,admissionsUrl,academicsUrl,majorsUrl,applicationUrl,financialAidUrl,tuitionInState,tuitionOutOfState,tuitionInternational,tuitionYear,enrollmentTotal,enrollmentUndergrad,acceptanceRate,graduationRate,dataSourceUrl,verificationStatus,baseballNickname,baseballWebsiteUrl,rosterUrl,scheduleUrl,campsUrl,questionnaireUrl,generalContactUrl,generalContactEmail,division,conference,logoUrl,currentRosterSize,averageGpa,scholarshipNotes,scholarshipInfoUrl,transferHeavy,jucoFriendly,baseballDataSourceUrl,baseballVerificationStatus
Adrian College,adrian-college,,MI,,PRIVATE,FOUR_YEAR,https://www.adrian.edu,,,,,,41684,41684,41684,2026,1604,1604,0.7253,0.4842,https://collegescorecard.ed.gov/,NEEDS_REVIEW,,https://www.adrianbulldogs.com,,,,,,,NCAA_D3,Michigan Intercollegiate Athletic Association,,,,"NCAA Division III programs do not award athletic scholarships, but student-athletes may receive academic, need-based, and other non-athletic aid.",https://www.ncaa.org/sports/2014/10/6/division-iii.aspx,false,false,https://web3.ncaa.org/directory/memberList?type=12&division=3,NEEDS_REVIEW
Albertus Magnus College,albertus-magnus-college,,CT,,PRIVATE,FOUR_YEAR,https://www.albertus.edu,,,,,,41908,41908,41908,2026,991,991,0.5931,0.5148,https://collegescorecard.ed.gov/,NEEDS_REVIEW,,https://www.albertusfalcons.com,,,,,,,NCAA_D3,Great Northeast Athletic Conference,,,,"NCAA Division III programs do not award athletic scholarships, but student-athletes may receive academic, need-based, and other non-athletic aid.",https://www.ncaa.org/sports/2014/10/6/division-iii.aspx,false,false,https://web3.ncaa.org/directory/memberList?type=12&division=3,NEEDS_REVIEW
Albion College,albion-college,,MI,,PRIVATE,FOUR_YEAR,https://www.albion.edu,,,,,,56950,56950,56950,2026,1300,1300,0.807,0.6159,https://collegescorecard.ed.gov/,NEEDS_REVIEW,,https://www.gobrits.com,,,,,,,NCAA_D3,Michigan Intercollegiate Athletic Association,,,,"NCAA Division III programs do not award athletic scholarships, but student-athletes may receive academic, need-based, and other non-athletic aid.",https://www.ncaa.org/sports/2014/10/6/division-iii.aspx,false,false,https://web3.ncaa.org/directory/memberList?type=12&division=3,NEEDS_REVIEW
Albright College,albright-college,,PA,,PRIVATE,FOUR_YEAR,https://www.albright.edu,,,,,,29082,29082,29082,2026,1217,1217,0.7633,0.507,https://collegescorecard.ed.gov/,NEEDS_REVIEW,,https://www.albrightathletics.com,,,,,,,NCAA_D3,Middle Atlantic Conferences,,,,"NCAA Division III programs do not award athletic scholarships, but student-athletes may receive academic, need-based, and other non-athletic aid.",https://www.ncaa.org/sports/2014/10/6/division-iii.aspx,false,false,https://web3.ncaa.org/directory/memberList?type=12&division=3,NEEDS_REVIEW
Alfred State College,alfred-state-college,,NY,,PUBLIC,FOUR_YEAR,https://www.alfredstate.edu,,,,,,8892,16837,16837,2026,3563,3563,0.7568,0.5506,https://collegescorecard.ed.gov/,NEEDS_REVIEW,,https://www.alfredstateathletics.com,,,,,,,NCAA_D3,Allegheny Mountain Collegiate Conference,,,,"NCAA Division III programs do not award athletic scholarships, but student-athletes may receive academic, need-based, and other non-athletic aid.",https://www.ncaa.org/sports/2014/10/6/division-iii.aspx,false,false,https://web3.ncaa.org/directory/memberList?type=12&division=3,NEEDS_REVIEW
Alfred University,alfred-university,,NY,,PRIVATE,FOUR_YEAR,https://www.alfred.edu,,,,,,41500,41500,41500,2026,1423,1423,0.7384,0.5698,https://collegescorecard.ed.gov/,NEEDS_REVIEW,,https://www.gosaxons.com,,,,,,,NCAA_D3,Empire 8,,,,"NCAA Division III programs do not award athletic scholarships, but student-athletes may receive academic, need-based, and other non-athletic aid.",https://www.ncaa.org/sports/2014/10/6/division-iii.aspx,false,false,https://web3.ncaa.org/directory/memberList?type=12&division=3,NEEDS_REVIEW
Allegheny College,allegheny-college,,PA,,PRIVATE,FOUR_YEAR,https://www.allegheny.edu,,,,,,56550,56550,56550,2026,1156,1156,0.5457,0.7255,https://collegescorecard.ed.gov/,NEEDS_REVIEW,,https://www.alleghenygators.com,https://www.alleghenygators.com/sports/baseball/roster,,,,,,NCAA_D3,Presidents' Athletic Conference,,,,"NCAA Division III programs do not award athletic scholarships, but student-athletes may receive academic, need-based, and other non-athletic aid.",https://www.ncaa.org/sports/2014/10/6/division-iii.aspx,false,false,https://web3.ncaa.org/directory/memberList?type=12&division=3,NEEDS_REVIEW
Alma College,alma-college,,MI,,PRIVATE,FOUR_YEAR,https://www.alma.edu,,,,,,49552,49552,49552,2026,1148,1148,0.5703,0.6287,https://collegescorecard.ed.gov/,NEEDS_REVIEW,,https://www.almascots.com,,,,,,,NCAA_D3,Michigan Intercollegiate Athletic Association,,,,"NCAA Division III programs do not award athletic scholarships, but student-athletes may receive academic, need-based, and other non-athletic aid.",https://www.ncaa.org/sports/2014/10/6/division-iii.aspx,false,false,https://web3.ncaa.org/directory/memberList?type=12&division=3,NEEDS_REVIEW
Alvernia University,alvernia-university,,PA,,PRIVATE,FOUR_YEAR,https://www.alvernia.edu,,,,,,45000,45000,45000,2026,2152,2152,0.5806,0.5553,https://collegescorecard.ed.gov/,NEEDS_REVIEW,,https://athletics.alvernia.edu,,,,,,,NCAA_D3,Middle Atlantic Conferences,,,,"NCAA Division III programs do not award athletic scholarships, but student-athletes may receive academic, need-based, and other non-athletic aid.",https://www.ncaa.org/sports/2014/10/6/division-iii.aspx,false,false,https://web3.ncaa.org/directory/memberList?type=12&division=3,NEEDS_REVIEW
Alverno College,alverno-college,,WI,,PRIVATE,FOUR_YEAR,https://www.alverno.edu,,,,,,34086,34086,34086,2026,631,631,0.8574,0.4918,https://collegescorecard.ed.gov/,NEEDS_REVIEW,,https://athletics.alverno.edu/,,,,,,,NCAA_D3,Northern Athletics Collegiate Conference,,,,"NCAA Division III programs do not award athletic scholarships, but student-athletes may receive academic, need-based, and other non-athletic aid.",https://www.ncaa.org/sports/2014/10/6/division-iii.aspx,false,false,https://web3.ncaa.org/directory/memberList?type=12&division=3,NEEDS_REVIEW
Amherst College,amherst-college,,MA,,PRIVATE,FOUR_YEAR,https://www.amherst.edu,,,,,,70480,70480,70480,2026,1911,1911,0.0901,0.939,https://collegescorecard.ed.gov/,NEEDS_REVIEW,,https://athletics.amherst.edu/landing/index,,,,,,,NCAA_D3,New England Small College Athletic Conference,,,,"NCAA Division III programs do not award athletic scholarships, but student-athletes may receive academic, need-based, and other non-athletic aid.",https://www.ncaa.org/sports/2014/10/6/division-iii.aspx,false,false,https://web3.ncaa.org/directory/memberList?type=12&division=3,NEEDS_REVIEW
Anderson University (Indiana),anderson-university-indiana,,IN,,PRIVATE,FOUR_YEAR,https://www.anderson.edu,,,,,,,,,2026,,,,,https://collegescorecard.ed.gov/,NEEDS_REVIEW,,https://athletics.anderson.edu,,,,,,,NCAA_D3,Heartland Collegiate Athletic Conference,,,,"NCAA Division III programs do not award athletic scholarships, but student-athletes may receive academic, need-based, and other non-athletic aid.",https://www.ncaa.org/sports/2014/10/6/division-iii.aspx,false,false,https://web3.ncaa.org/directory/memberList?type=12&division=3,NEEDS_REVIEW
Anna Maria College,anna-maria-college,,MA,,PRIVATE,FOUR_YEAR,https://www.annamaria.edu,,,,,,44571,44571,44571,2026,906,906,0.503,0.4623,https://collegescorecard.ed.gov/,NEEDS_REVIEW,,https://goamcats.com/landing/index,,,,,,,NCAA_D3,Massachusetts State Collegiate Athletic Conference,,,,"NCAA Division III programs do not award athletic scholarships, but student-athletes may receive academic, need-based, and other non-athletic aid.",https://www.ncaa.org/sports/2014/10/6/division-iii.aspx,false,false,https://web3.ncaa.org/directory/memberList?type=12&division=3,NEEDS_REVIEW
Arcadia University,arcadia-university,,PA,,PRIVATE,FOUR_YEAR,https://www.arcadia.edu,,,,,,49610,49610,49610,2026,1948,1948,0.8022,0.6674,https://collegescorecard.ed.gov/,NEEDS_REVIEW,,https://www.arcadiaknights.com/,,,,,,,NCAA_D3,Middle Atlantic Conferences,,,,"NCAA Division III programs do not award athletic scholarships, but student-athletes may receive academic, need-based, and other non-athletic aid.",https://www.ncaa.org/sports/2014/10/6/division-iii.aspx,false,false,https://web3.ncaa.org/directory/memberList?type=12&division=3,NEEDS_REVIEW
Asbury University,asbury-university,,KY,,PRIVATE,FOUR_YEAR,https://www.asbury.edu,,,,,,33640,33640,33640,2026,1420,1420,0.634,0.6498,https://collegescorecard.ed.gov/,NEEDS_REVIEW,,https://www.asburyeagles.com,,,,,,,NCAA_D3,Collegiate Conference of the South,,,,"NCAA Division III programs do not award athletic scholarships, but student-athletes may receive academic, need-based, and other non-athletic aid.",https://www.ncaa.org/sports/2014/10/6/division-iii.aspx,false,false,https://web3.ncaa.org/directory/memberList?type=12&division=3,NEEDS_REVIEW
Augsburg University,augsburg-university,,MN,,PRIVATE,FOUR_YEAR,https://www.augsburg.edu,,,,,,45452,45452,45452,2026,2494,2494,0.8198,0.5167,https://collegescorecard.ed.gov/,NEEDS_REVIEW,,https://athletics.augsburg.edu,,,,,,,NCAA_D3,Minnesota Intercollegiate Athletic Conference,,,,"NCAA Division III programs do not award athletic scholarships, but student-athletes may receive academic, need-based, and other non-athletic aid.",https://www.ncaa.org/sports/2014/10/6/division-iii.aspx,false,false,https://web3.ncaa.org/directory/memberList?type=12&division=3,NEEDS_REVIEW
Augustana College (Illinois),augustana-college-illinois,,IL,,PRIVATE,FOUR_YEAR,https://www.augustana.edu,,,,,,,,,2026,,,,,https://collegescorecard.ed.gov/,NEEDS_REVIEW,,https://www.athletics.augustana.edu/,,,,,,,NCAA_D3,College Conference of Illinois & Wisconsin,,,,"NCAA Division III programs do not award athletic scholarships, but student-athletes may receive academic, need-based, and other non-athletic aid.",https://www.ncaa.org/sports/2014/10/6/division-iii.aspx,false,false,https://web3.ncaa.org/directory/memberList?type=12&division=3,NEEDS_REVIEW
Aurora University,aurora-university,,IL,,PRIVATE,FOUR_YEAR,https://www.aurora.edu,,,,,,29170,29170,29170,2026,3974,3974,0.8085,0.6032,https://collegescorecard.ed.gov/,NEEDS_REVIEW,,https://athletics.aurora.edu,,,,,,,NCAA_D3,Northern Athletics Collegiate Conference,,,,"NCAA Division III programs do not award athletic scholarships, but student-athletes may receive academic, need-based, and other non-athletic aid.",https://www.ncaa.org/sports/2014/10/6/division-iii.aspx,false,false,https://web3.ncaa.org/directory/memberList?type=12&division=3,NEEDS_REVIEW
Austin College,austin-college,,TX,,PRIVATE,FOUR_YEAR,https://www.austincollege.edu,,,,,,48680,48680,48680,2026,1165,1165,0.4765,0.6705,https://collegescorecard.ed.gov/,NEEDS_REVIEW,,https://www.acroos.com,,,,,,,NCAA_D3,Southern Collegiate Athletic Conference,,,,"NCAA Division III programs do not award athletic scholarships, but student-athletes may receive academic, need-based, and other non-athletic aid.",https://www.ncaa.org/sports/2014/10/6/division-iii.aspx,false,false,https://web3.ncaa.org/directory/memberList?type=12&division=3,NEEDS_REVIEW
Averett University,averett-university,,VA,,PRIVATE,FOUR_YEAR,https://www.averett.edu,,,,,,38550,38550,38550,2026,1231,1231,0.5659,0.4814,https://collegescorecard.ed.gov/,NEEDS_REVIEW,,https://www.averettcougars.com,,,,,,,NCAA_D3,Old Dominion Athletic Conf.,,,,"NCAA Division III programs do not award athletic scholarships, but student-athletes may receive academic, need-based, and other non-athletic aid.",https://www.ncaa.org/sports/2014/10/6/division-iii.aspx,false,false,https://web3.ncaa.org/directory/memberList?type=12&division=3,NEEDS_REVIEW
Baldwin Wallace University,baldwin-wallace-university,,OH,,PRIVATE,FOUR_YEAR,https://www.bw.edu,,,,,,39832,39832,39832,2026,2842,2842,0.757,0.6677,https://collegescorecard.ed.gov/,NEEDS_REVIEW,,https://www.bwyellowjackets.com/landing/index,,,,,,,NCAA_D3,Ohio Athletic Conference,,,,"NCAA Division III programs do not award athletic scholarships, but student-athletes may receive academic, need-based, and other non-athletic aid.",https://www.ncaa.org/sports/2014/10/6/division-iii.aspx,false,false,https://web3.ncaa.org/directory/memberList?type=12&division=3,NEEDS_REVIEW
Bard College,bard-college,,NY,,PRIVATE,FOUR_YEAR,https://www.bard.edu,,,,,,66436,66436,66436,2026,2414,2414,0.5212,0.6756,https://collegescorecard.ed.gov/,NEEDS_REVIEW,,https://www.bardathletics.com,,,,,,,NCAA_D3,Liberty League,,,,"NCAA Division III programs do not award athletic scholarships, but student-athletes may receive academic, need-based, and other non-athletic aid.",https://www.ncaa.org/sports/2014/10/6/division-iii.aspx,false,false,https://web3.ncaa.org/directory/memberList?type=12&division=3,NEEDS_REVIEW
Bates College,bates-college,,ME,,PRIVATE,FOUR_YEAR,https://www.bates.edu,,,,,,66590,66590,66590,2026,1760,1760,0.1332,0.8969,https://collegescorecard.ed.gov/,NEEDS_REVIEW,,https://www.gobatesbobcats.com,,,,,,,NCAA_D3,New England Small College Athletic Conference,,,,"NCAA Division III programs do not award athletic scholarships, but student-athletes may receive academic, need-based, and other non-athletic aid.",https://www.ncaa.org/sports/2014/10/6/division-iii.aspx,false,false,https://web3.ncaa.org/directory/memberList?type=12&division=3,NEEDS_REVIEW
Belhaven University,belhaven-university,,MS,,PRIVATE,FOUR_YEAR,https://www.belhaven.edu,,,,,,30250,30250,30250,2026,1471,1471,0.4975,0.4854,https://collegescorecard.ed.gov/,NEEDS_REVIEW,,https://blazers.belhaven.edu,,,,,,,NCAA_D3,Collegiate Conference of the South,,,,"NCAA Division III programs do not award athletic scholarships, but student-athletes may receive academic, need-based, and other non-athletic aid.",https://www.ncaa.org/sports/2014/10/6/division-iii.aspx,false,false,https://web3.ncaa.org/directory/memberList?type=12&division=3,NEEDS_REVIEW
Beloit College,beloit-college,,WI,,PRIVATE,FOUR_YEAR,https://www.beloit.edu,,,,,,60886,60886,60886,2026,926,926,0.6304,0.7105,https://collegescorecard.ed.gov/,NEEDS_REVIEW,,https://www.beloit.edu/bucs/,,,,,,,NCAA_D3,Midwest Conference,,,,"NCAA Division III programs do not award athletic scholarships, but student-athletes may receive academic, need-based, and other non-athletic aid.",https://www.ncaa.org/sports/2014/10/6/division-iii.aspx,false,false,https://web3.ncaa.org/directory/memberList?type=12&division=3,NEEDS_REVIEW
Benedictine University (Illinois),benedictine-university-illinois,,IL,,PRIVATE,FOUR_YEAR,https://www.ben.edu,,,,,,,,,2026,,,,,https://collegescorecard.ed.gov/,NEEDS_REVIEW,,https://www.benueagles.com,,,,,,,NCAA_D3,Northern Athletics Collegiate Conference,,,,"NCAA Division III programs do not award athletic scholarships, but student-athletes may receive academic, need-based, and other non-athletic aid.",https://www.ncaa.org/sports/2014/10/6/division-iii.aspx,false,false,https://web3.ncaa.org/directory/memberList?type=12&division=3,NEEDS_REVIEW
Berea College,berea-college,,KY,,PRIVATE,FOUR_YEAR,https://www.berea.edu,,,,,,51658,51658,51658,2026,1513,1513,0.1934,0.5822,https://collegescorecard.ed.gov/,NEEDS_REVIEW,,https://www.bereaathletics.com,,,,,,,NCAA_D3,Heartland Collegiate Athletic Conference,,,,"NCAA Division III programs do not award athletic scholarships, but student-athletes may receive academic, need-based, and other non-athletic aid.",https://www.ncaa.org/sports/2014/10/6/division-iii.aspx,false,false,https://web3.ncaa.org/directory/memberList?type=12&division=3,NEEDS_REVIEW
Berry College,berry-college,,GA,,PRIVATE,FOUR_YEAR,https://www.berry.edu,,,,,,41686,41686,41686,2026,2245,2245,0.64,0.6949,https://collegescorecard.ed.gov/,NEEDS_REVIEW,,https://www.berryvikings.com,,,,,,,NCAA_D3,Southern Athletic Association,,,,"NCAA Division III programs do not award athletic scholarships, but student-athletes may receive academic, need-based, and other non-athletic aid.",https://www.ncaa.org/sports/2014/10/6/division-iii.aspx,false,false,https://web3.ncaa.org/directory/memberList?type=12&division=3,NEEDS_REVIEW
Bethany College (West Virginia),bethany-college-west-virginia,,WV,,PRIVATE,FOUR_YEAR,https://www.bethanywv.edu,,,,,,,,,2026,,,,,https://collegescorecard.ed.gov/,NEEDS_REVIEW,,https://bethanybison.com,,,,,,,NCAA_D3,Presidents' Athletic Conference,,,,"NCAA Division III programs do not award athletic scholarships, but student-athletes may receive academic, need-based, and other non-athletic aid.",https://www.ncaa.org/sports/2014/10/6/division-iii.aspx,false,false,https://web3.ncaa.org/directory/memberList?type=12&division=3,NEEDS_REVIEW
Bethany Lutheran College,bethany-lutheran-college,,MN,,PRIVATE,FOUR_YEAR,https://www.blc.edu,,,,,,31360,31360,31360,2026,669,669,0.3897,0.5486,https://collegescorecard.ed.gov/,NEEDS_REVIEW,,https://www.blcvikings.com,,,,,,,NCAA_D3,Upper Midwest Athletic Conference,,,,"NCAA Division III programs do not award athletic scholarships, but student-athletes may receive academic, need-based, and other non-athletic aid.",https://www.ncaa.org/sports/2014/10/6/division-iii.aspx,false,false,https://web3.ncaa.org/directory/memberList?type=12&division=3,NEEDS_REVIEW
Bethel University (Minnesota),bethel-university-minnesota,,MN,,PRIVATE,FOUR_YEAR,https://www.bethel.edu,,,,,,,,,2026,,,,,https://collegescorecard.ed.gov/,NEEDS_REVIEW,,https://athletics.bethel.edu/,,,,,,,NCAA_D3,Minnesota Intercollegiate Athletic Conference,,,,"NCAA Division III programs do not award athletic scholarships, but student-athletes may receive academic, need-based, and other non-athletic aid.",https://www.ncaa.org/sports/2014/10/6/division-iii.aspx,false,false,https://web3.ncaa.org/directory/memberList?type=12&division=3,NEEDS_REVIEW
Blackburn College,blackburn-college,,IL,,PRIVATE,FOUR_YEAR,https://www.blackburn.edu,,,,,,28149,28149,28149,2026,471,471,0.6319,0.5749,https://collegescorecard.ed.gov/,NEEDS_REVIEW,,https://blackburnbeavers.com,,,,,,,NCAA_D3,St. Louis Intercollegiate Athletic Conference,,,,"NCAA Division III programs do not award athletic scholarships, but student-athletes may receive academic, need-based, and other non-athletic aid.",https://www.ncaa.org/sports/2014/10/6/division-iii.aspx,false,false,https://web3.ncaa.org/directory/memberList?type=12&division=3,NEEDS_REVIEW
Bluffton University,bluffton-university,,OH,,PRIVATE,FOUR_YEAR,https://www.bluffton.edu,,,,,,37362,37362,37362,2026,582,582,0.6723,0.5294,https://collegescorecard.ed.gov/,NEEDS_REVIEW,,https://www.blufftonbeavers.com,,,,,,,NCAA_D3,Heartland Collegiate Athletic Conference,,,,"NCAA Division III programs do not award athletic scholarships, but student-athletes may receive academic, need-based, and other non-athletic aid.",https://www.ncaa.org/sports/2014/10/6/division-iii.aspx,false,false,https://web3.ncaa.org/directory/memberList?type=12&division=3,NEEDS_REVIEW
Brandeis University,brandeis-university,,MA,,PRIVATE,FOUR_YEAR,https://www.brandeis.edu,,,,,,68080,68080,68080,2026,3618,3618,0.405,0.8603,https://collegescorecard.ed.gov/,NEEDS_REVIEW,,https://www.brandeisjudges.com,,,,,,,NCAA_D3,University Athletic Association,,,,"NCAA Division III programs do not award athletic scholarships, but student-athletes may receive academic, need-based, and other non-athletic aid.",https://www.ncaa.org/sports/2014/10/6/division-iii.aspx,false,false,https://web3.ncaa.org/directory/memberList?type=12&division=3,NEEDS_REVIEW
Brevard College,brevard-college,,NC,,PRIVATE,FOUR_YEAR,https://www.brevard.edu,,,,,,32280,32280,32280,2026,815,815,0.4216,0.4884,https://collegescorecard.ed.gov/,NEEDS_REVIEW,,https://www.bctornados.com,,,,,,,NCAA_D3,USA South Athletic Conference,,,,"NCAA Division III programs do not award athletic scholarships, but student-athletes may receive academic, need-based, and other non-athletic aid.",https://www.ncaa.org/sports/2014/10/6/division-iii.aspx,false,false,https://web3.ncaa.org/directory/memberList?type=12&division=3,NEEDS_REVIEW
Bridgewater College (Virginia),bridgewater-college-virginia,,VA,,PRIVATE,FOUR_YEAR,https://www.bridgewater.edu,,,,,,,,,2026,,,,,https://collegescorecard.ed.gov/,NEEDS_REVIEW,,https://www.bridgewatereagles.com,,,,,,,NCAA_D3,Old Dominion Athletic Conf.,,,,"NCAA Division III programs do not award athletic scholarships, but student-athletes may receive academic, need-based, and other non-athletic aid.",https://www.ncaa.org/sports/2014/10/6/division-iii.aspx,false,false,https://web3.ncaa.org/directory/memberList?type=12&division=3,NEEDS_REVIEW
Bridgewater State University,bridgewater-state-university,,MA,,PUBLIC,FOUR_YEAR,https://www.bridgew.edu,,,,,,11808,17948,17948,2026,7829,7829,0.8781,0.5341,https://collegescorecard.ed.gov/,NEEDS_REVIEW,,https://www.bsubears.com,,,,,,,NCAA_D3,Massachusetts State Collegiate Athletic Conference,,,,"NCAA Division III programs do not award athletic scholarships, but student-athletes may receive academic, need-based, and other non-athletic aid.",https://www.ncaa.org/sports/2014/10/6/division-iii.aspx,false,false,https://web3.ncaa.org/directory/memberList?type=12&division=3,NEEDS_REVIEW
Buena Vista University,buena-vista-university,,IA,,PRIVATE,FOUR_YEAR,https://www.bvu.edu,,,,,,41798,41798,41798,2026,1366,1366,0.7761,0.6169,https://collegescorecard.ed.gov/,NEEDS_REVIEW,,https://www.bvuathletics.com,,,,,,,NCAA_D3,American Rivers Conference,,,,"NCAA Division III programs do not award athletic scholarships, but student-athletes may receive academic, need-based, and other non-athletic aid.",https://www.ncaa.org/sports/2014/10/6/division-iii.aspx,false,false,https://web3.ncaa.org/directory/memberList?type=12&division=3,NEEDS_REVIEW
"Buffalo State, State University of New York",buffalo-state-state-university-of-new-york,,NY,,PUBLIC,FOUR_YEAR,https://www.buffalostate.edu,,,,,,,,,2026,,,,,https://collegescorecard.ed.gov/,NEEDS_REVIEW,,https://www.buffalostateathletics.com,,,,,,,NCAA_D3,State University of New York Athletic Conference,,,,"NCAA Division III programs do not award athletic scholarships, but student-athletes may receive academic, need-based, and other non-athletic aid.",https://www.ncaa.org/sports/2014/10/6/division-iii.aspx,false,false,https://web3.ncaa.org/directory/memberList?type=12&division=3,NEEDS_REVIEW
Cairn University,cairn-university,,PA,,PRIVATE,FOUR_YEAR,https://www.cairn.edu,,,,,,34009,34009,34009,2026,775,775,0.8817,0.5968,https://collegescorecard.ed.gov/,NEEDS_REVIEW,,https://www.cairnhighlanders.com,,,,,,,NCAA_D3,United East Conference,,,,"NCAA Division III programs do not award athletic scholarships, but student-athletes may receive academic, need-based, and other non-athletic aid.",https://www.ncaa.org/sports/2014/10/6/division-iii.aspx,false,false,https://web3.ncaa.org/directory/memberList?type=12&division=3,NEEDS_REVIEW
California Institute of Technology,california-institute-of-technology,,CA,,PRIVATE,FOUR_YEAR,https://www.caltech.edu,,,,,,65898,65898,65898,2026,987,987,0.0257,0.9437,https://collegescorecard.ed.gov/,NEEDS_REVIEW,,https://www.gocaltech.com,,,,,,,NCAA_D3,Southern California Intercollegiate Athletic Conf.,,,,"NCAA Division III programs do not award athletic scholarships, but student-athletes may receive academic, need-based, and other non-athletic aid.",https://www.ncaa.org/sports/2014/10/6/division-iii.aspx,false,false,https://web3.ncaa.org/directory/memberList?type=12&division=3,NEEDS_REVIEW
California Lutheran University,california-lutheran-university,,CA,,PRIVATE,FOUR_YEAR,https://www.callutheran.edu,,,,,,52560,52560,52560,2026,2296,2296,0.7567,0.696,https://collegescorecard.ed.gov/,NEEDS_REVIEW,,https://www.clusports.com,,,,,,,NCAA_D3,Southern California Intercollegiate Athletic Conf.,,,,"NCAA Division III programs do not award athletic scholarships, but student-athletes may receive academic, need-based, and other non-athletic aid.",https://www.ncaa.org/sports/2014/10/6/division-iii.aspx,false,false,https://web3.ncaa.org/directory/memberList?type=12&division=3,NEEDS_REVIEW
Calvin University,calvin-university,,MI,,PRIVATE,FOUR_YEAR,https://www.calvin.edu,,,,,,39350,39350,39350,2026,3193,3193,0.7091,0.7406,https://collegescorecard.ed.gov/,NEEDS_REVIEW,,https://calvinknights.com,,,,,,,NCAA_D3,Michigan Intercollegiate Athletic Association,,,,"NCAA Division III programs do not award athletic scholarships, but student-athletes may receive academic, need-based, and other non-athletic aid.",https://www.ncaa.org/sports/2014/10/6/division-iii.aspx,false,false,https://web3.ncaa.org/directory/memberList?type=12&division=3,NEEDS_REVIEW
Capital University,capital-university,,OH,,PRIVATE,FOUR_YEAR,https://www.capital.edu,,,,,,43234,43234,43234,2026,1585,1585,0.7022,0.6027,https://collegescorecard.ed.gov/,NEEDS_REVIEW,,https://www.capital.edu/athletics,,,,,,,NCAA_D3,Ohio Athletic Conference,,,,"NCAA Division III programs do not award athletic scholarships, but student-athletes may receive academic, need-based, and other non-athletic aid.",https://www.ncaa.org/sports/2014/10/6/division-iii.aspx,false,false,https://web3.ncaa.org/directory/memberList?type=12&division=3,NEEDS_REVIEW
Carleton College,carleton-college,,MN,,PRIVATE,FOUR_YEAR,https://www.carleton.edu,,,,,,68892,68892,68892,2026,2086,2086,0.2041,0.896,https://collegescorecard.ed.gov/,NEEDS_REVIEW,,https://apps.carleton.edu/athletics/,,,,,,,NCAA_D3,Minnesota Intercollegiate Athletic Conference,,,,"NCAA Division III programs do not award athletic scholarships, but student-athletes may receive academic, need-based, and other non-athletic aid.",https://www.ncaa.org/sports/2014/10/6/division-iii.aspx,false,false,https://web3.ncaa.org/directory/memberList?type=12&division=3,NEEDS_REVIEW
Carlow University,carlow-university,,PA,,PUBLIC,FOUR_YEAR,https://www.carlow.edu/,,,,,,35874,35874,35874,2026,1348,1348,0.8695,0.5992,https://collegescorecard.ed.gov/,NEEDS_REVIEW,,https://athletics.carlow.edu/,,,,,,,NCAA_D3,Allegheny Mountain Collegiate Conference,,,,"NCAA Division III programs do not award athletic scholarships, but student-athletes may receive academic, need-based, and other non-athletic aid.",https://www.ncaa.org/sports/2014/10/6/division-iii.aspx,false,false,https://web3.ncaa.org/directory/memberList?type=12&division=3,NEEDS_REVIEW
Carroll University (Wisconsin),carroll-university-wisconsin,,WI,,PRIVATE,FOUR_YEAR,https://www.carrollu.edu,,,,,,,,,2026,,,,,https://collegescorecard.ed.gov/,NEEDS_REVIEW,,https://www.gopios.com,,,,,,,NCAA_D3,College Conference of Illinois & Wisconsin,,,,"NCAA Division III programs do not award athletic scholarships, but student-athletes may receive academic, need-based, and other non-athletic aid.",https://www.ncaa.org/sports/2014/10/6/division-iii.aspx,false,false,https://web3.ncaa.org/directory/memberList?type=12&division=3,NEEDS_REVIEW
Carthage College,carthage-college,,WI,,PRIVATE,FOUR_YEAR,https://www.carthage.edu,,,,,,38750,38750,38750,2026,2660,2660,0.8706,0.6426,https://collegescorecard.ed.gov/,NEEDS_REVIEW,,https://athletics.carthage.edu,,,,,,,NCAA_D3,College Conference of Illinois & Wisconsin,,,,"NCAA Division III programs do not award athletic scholarships, but student-athletes may receive academic, need-based, and other non-athletic aid.",https://www.ncaa.org/sports/2014/10/6/division-iii.aspx,false,false,https://web3.ncaa.org/directory/memberList?type=12&division=3,NEEDS_REVIEW
Case Western Reserve University,case-western-reserve-university,,OH,,PRIVATE,FOUR_YEAR,https://www.case.edu,,,,,,66608,66608,66608,2026,6437,6437,0.3654,0.8717,https://collegescorecard.ed.gov/,NEEDS_REVIEW,,https://athletics.case.edu,,,,,,,NCAA_D3,University Athletic Association,,,,"NCAA Division III programs do not award athletic scholarships, but student-athletes may receive academic, need-based, and other non-athletic aid.",https://www.ncaa.org/sports/2014/10/6/division-iii.aspx,false,false,https://web3.ncaa.org/directory/memberList?type=12&division=3,NEEDS_REVIEW
Catholic University,catholic-university,,DC,,PRIVATE,FOUR_YEAR,https://www.catholic.edu,,,,,,58378,58378,58378,2026,3154,3154,0.8278,0.7947,https://collegescorecard.ed.gov/,NEEDS_REVIEW,,https://www.catholicathletics.com/,,,,,,,NCAA_D3,Landmark Conference,,,,"NCAA Division III programs do not award athletic scholarships, but student-athletes may receive academic, need-based, and other non-athletic aid.",https://www.ncaa.org/sports/2014/10/6/division-iii.aspx,false,false,https://web3.ncaa.org/directory/memberList?type=12&division=3,NEEDS_REVIEW
Centenary College (Louisiana),centenary-college-louisiana,,LA,,PRIVATE,FOUR_YEAR,https://www.centenary.edu,,,,,,41200,41200,41200,2026,685,685,0.5574,0.5621,https://collegescorecard.ed.gov/,NEEDS_REVIEW,,https://www.GoCentenary.com,,,,,,,NCAA_D3,Southern Collegiate Athletic Conference,,,,"NCAA Division III programs do not award athletic scholarships, but student-athletes may receive academic, need-based, and other non-athletic aid.",https://www.ncaa.org/sports/2014/10/6/division-iii.aspx,false,false,https://web3.ncaa.org/directory/memberList?type=12&division=3,NEEDS_REVIEW
Centenary University (New Jersey),centenary-university-new-jersey,,NJ,,PRIVATE,FOUR_YEAR,https://www.centenaryuniversity.edu,,,,,,,,,2026,,,,,https://collegescorecard.ed.gov/,NEEDS_REVIEW,,https://www.centenarycyclones.com,,,,,,,NCAA_D3,Atlantic East Conference,,,,"NCAA Division III programs do not award athletic scholarships, but student-athletes may receive academic, need-based, and other non-athletic aid.",https://www.ncaa.org/sports/2014/10/6/division-iii.aspx,false,false,https://web3.ncaa.org/directory/memberList?type=12&division=3,NEEDS_REVIEW
Central College (Iowa),central-college-iowa,,IA,,PRIVATE,FOUR_YEAR,https://www.central.edu,,,,,,5496,7788,7788,2026,3103,3103,,,https://collegescorecard.ed.gov/,NEEDS_REVIEW,,https://www.central.edu/athletics,,,,,,,NCAA_D3,American Rivers Conference,,,,"NCAA Division III programs do not award athletic scholarships, but student-athletes may receive academic, need-based, and other non-athletic aid.",https://www.ncaa.org/sports/2014/10/6/division-iii.aspx,false,false,https://web3.ncaa.org/directory/memberList?type=12&division=3,NEEDS_REVIEW
Centre College,centre-college,,KY,,PRIVATE,FOUR_YEAR,https://www.centre.edu,,,,,,52820,52820,52820,2026,1400,1400,0.5436,0.8067,https://collegescorecard.ed.gov/,NEEDS_REVIEW,,https://www.centrecolonels.com,,,,,,,NCAA_D3,Southern Athletic Association,,,,"NCAA Division III programs do not award athletic scholarships, but student-athletes may receive academic, need-based, and other non-athletic aid.",https://www.ncaa.org/sports/2014/10/6/division-iii.aspx,false,false,https://web3.ncaa.org/directory/memberList?type=12&division=3,NEEDS_REVIEW
Chapman University,chapman-university,,CA,,PRIVATE,FOUR_YEAR,https://www.chapman.edu,,,,,,64984,64984,64984,2026,7478,7478,0.6543,0.8188,https://collegescorecard.ed.gov/,NEEDS_REVIEW,,https://www.chapmanathletics.com,,,,,,,NCAA_D3,Southern California Intercollegiate Athletic Conf.,,,,"NCAA Division III programs do not award athletic scholarships, but student-athletes may receive academic, need-based, and other non-athletic aid.",https://www.ncaa.org/sports/2014/10/6/division-iii.aspx,false,false,https://web3.ncaa.org/directory/memberList?type=12&division=3,NEEDS_REVIEW
Chatham University,chatham-university,,PA,,PRIVATE,FOUR_YEAR,https://www.chatham.edu,,,,,,44626,44626,44626,2026,1232,1232,0.6196,0.6306,https://collegescorecard.ed.gov/,NEEDS_REVIEW,,https://www.gochathamcougars.com,,,,,,,NCAA_D3,Presidents' Athletic Conference,,,,"NCAA Division III programs do not award athletic scholarships, but student-athletes may receive academic, need-based, and other non-athletic aid.",https://www.ncaa.org/sports/2014/10/6/division-iii.aspx,false,false,https://web3.ncaa.org/directory/memberList?type=12&division=3,NEEDS_REVIEW
Christopher Newport University,christopher-newport-university,,VA,,PUBLIC,FOUR_YEAR,https://www.cnu.edu,,,,,,16828,31178,31178,2026,4365,4365,0.8604,0.7164,https://collegescorecard.ed.gov/,NEEDS_REVIEW,,https://CNUsports.com,,,,,,,NCAA_D3,Coast-To-Coast Athletic Conference,,,,"NCAA Division III programs do not award athletic scholarships, but student-athletes may receive academic, need-based, and other non-athletic aid.",https://www.ncaa.org/sports/2014/10/6/division-iii.aspx,false,false,https://web3.ncaa.org/directory/memberList?type=12&division=3,NEEDS_REVIEW
Claremont McKenna-Harvey Mudd-Scripps Colleges,claremont-mckenna-harvey-mudd-scripps-colleges,,CA,,PRIVATE,FOUR_YEAR,https://www.claremontmckenna.edu,,,,,,,,,2026,,,,,https://collegescorecard.ed.gov/,NEEDS_REVIEW,,https://www.cmsathletics.org,,,,,,,NCAA_D3,Southern California Intercollegiate Athletic Conf.,,,,"NCAA Division III programs do not award athletic scholarships, but student-athletes may receive academic, need-based, and other non-athletic aid.",https://www.ncaa.org/sports/2014/10/6/division-iii.aspx,false,false,https://web3.ncaa.org/directory/memberList?type=12&division=3,NEEDS_REVIEW
Clarkson University,clarkson-university,,NY,,PRIVATE,FOUR_YEAR,https://www.clarkson.edu,,,,,,59398,59398,59398,2026,2196,2196,0.7736,0.7491,https://collegescorecard.ed.gov/,NEEDS_REVIEW,,https://www.clarksonathletics.com,,,,,,,NCAA_D3,Liberty League,,,,"NCAA Division III programs do not award athletic scholarships, but student-athletes may receive academic, need-based, and other non-athletic aid.",https://www.ncaa.org/sports/2014/10/6/division-iii.aspx,false,false,https://web3.ncaa.org/directory/memberList?type=12&division=3,NEEDS_REVIEW
Coe College,coe-college,,IA,,PRIVATE,FOUR_YEAR,https://www.coe.edu,,,,,,54666,54666,54666,2026,1164,1164,0.6404,0.659,https://collegescorecard.ed.gov/,NEEDS_REVIEW,,https://www.kohawkathletics.com,,,,,,,NCAA_D3,American Rivers Conference,,,,"NCAA Division III programs do not award athletic scholarships, but student-athletes may receive academic, need-based, and other non-athletic aid.",https://www.ncaa.org/sports/2014/10/6/division-iii.aspx,false,false,https://web3.ncaa.org/directory/memberList?type=12&division=3,NEEDS_REVIEW
Colby College,colby-college,,ME,,PRIVATE,FOUR_YEAR,https://www.colby.edu,,,,,,69600,69600,69600,2026,2407,2407,0.0709,0.8879,https://collegescorecard.ed.gov/,NEEDS_REVIEW,,https://www.colby.edu/athletics,,,,,,,NCAA_D3,New England Small College Athletic Conference,,,,"NCAA Division III programs do not award athletic scholarships, but student-athletes may receive academic, need-based, and other non-athletic aid.",https://www.ncaa.org/sports/2014/10/6/division-iii.aspx,false,false,https://web3.ncaa.org/directory/memberList?type=12&division=3,NEEDS_REVIEW
Colby-Sawyer College,colby-sawyer-college,,NH,,PRIVATE,FOUR_YEAR,https://www.colby-sawyer.edu,,,,,,19125,19125,19125,2026,771,771,0.8008,0.5745,https://collegescorecard.ed.gov/,NEEDS_REVIEW,,https://www.colby-sawyerathletics.com/,,,,,,,NCAA_D3,Great Northeast Athletic Conference,,,,"NCAA Division III programs do not award athletic scholarships, but student-athletes may receive academic, need-based, and other non-athletic aid.",https://www.ncaa.org/sports/2014/10/6/division-iii.aspx,false,false,https://web3.ncaa.org/directory/memberList?type=12&division=3,NEEDS_REVIEW
College of Saint Benedict,college-of-saint-benedict,,MN,,PRIVATE,FOUR_YEAR,https://www.csbsju.edu,,,,,,55756,55756,55756,2026,1370,1370,0.9152,0.7712,https://collegescorecard.ed.gov/,NEEDS_REVIEW,,https://www.gobennies.com,,,,,,,NCAA_D3,Minnesota Intercollegiate Athletic Conference,,,,"NCAA Division III programs do not award athletic scholarships, but student-athletes may receive academic, need-based, and other non-athletic aid.",https://www.ncaa.org/sports/2014/10/6/division-iii.aspx,false,false,https://web3.ncaa.org/directory/memberList?type=12&division=3,NEEDS_REVIEW
Colorado College,colorado-college,,CO,,PRIVATE,FOUR_YEAR,https://www.coloradocollege.edu/,,,,,,70734,70734,70734,2026,2014,2014,0.1847,0.8766,https://collegescorecard.ed.gov/,NEEDS_REVIEW,,https://www.cctigers.com,,,,,,,NCAA_D3,Southern Collegiate Athletic Conference,,,,"NCAA Division III programs do not award athletic scholarships, but student-athletes may receive academic, need-based, and other non-athletic aid.",https://www.ncaa.org/sports/2014/10/6/division-iii.aspx,false,false,https://web3.ncaa.org/directory/memberList?type=12&division=3,NEEDS_REVIEW
"Concordia College, Moorhead",concordia-college-moorhead,,MN,,PRIVATE,FOUR_YEAR,https://www.concordiacollege.edu,,,,,,,,,2026,,,,,https://collegescorecard.ed.gov/,NEEDS_REVIEW,,https://www.gocobbers.com,,,,,,,NCAA_D3,Minnesota Intercollegiate Athletic Conference,,,,"NCAA Division III programs do not award athletic scholarships, but student-athletes may receive academic, need-based, and other non-athletic aid.",https://www.ncaa.org/sports/2014/10/6/division-iii.aspx,false,false,https://web3.ncaa.org/directory/memberList?type=12&division=3,NEEDS_REVIEW
Concordia University Chicago,concordia-university-chicago,,IL,,PRIVATE,FOUR_YEAR,https://www.cuchicago.edu,,,,,,37488,37488,37488,2026,1323,1323,0.9279,0.3646,https://collegescorecard.ed.gov/,NEEDS_REVIEW,,https://www.CUCougars.com,,,,,,,NCAA_D3,Northern Athletics Collegiate Conference,,,,"NCAA Division III programs do not award athletic scholarships, but student-athletes may receive academic, need-based, and other non-athletic aid.",https://www.ncaa.org/sports/2014/10/6/division-iii.aspx,false,false,https://web3.ncaa.org/directory/memberList?type=12&division=3,NEEDS_REVIEW
Concordia University Texas,concordia-university-texas,,TX,,PRIVATE,FOUR_YEAR,https://www.concordia.edu/,,,,,,23500,23500,23500,2026,1185,1185,0.9125,0.446,https://collegescorecard.ed.gov/,NEEDS_REVIEW,,https://athletics.concordia.edu/index.aspx,,,,,,,NCAA_D3,Southern Collegiate Athletic Conference,,,,"NCAA Division III programs do not award athletic scholarships, but student-athletes may receive academic, need-based, and other non-athletic aid.",https://www.ncaa.org/sports/2014/10/6/division-iii.aspx,false,false,https://web3.ncaa.org/directory/memberList?type=12&division=3,NEEDS_REVIEW
Concordia University Wisconsin,concordia-university-wisconsin,,WI,,PRIVATE,FOUR_YEAR,https://www.cuw.edu,,,,,,35470,35470,35470,2026,2197,2197,0.782,0.6835,https://collegescorecard.ed.gov/,NEEDS_REVIEW,,https://www.cuwfalcons.com,,,,,,,NCAA_D3,Northern Athletics Collegiate Conference,,,,"NCAA Division III programs do not award athletic scholarships, but student-athletes may receive academic, need-based, and other non-athletic aid.",https://www.ncaa.org/sports/2014/10/6/division-iii.aspx,false,false,https://web3.ncaa.org/directory/memberList?type=12&division=3,NEEDS_REVIEW
Connecticut College,connecticut-college,,CT,,PRIVATE,FOUR_YEAR,https://www.conncoll.edu,,,,,,67242,67242,67242,2026,1937,1937,0.3704,0.8205,https://collegescorecard.ed.gov/,NEEDS_REVIEW,,https://camelathletics.com/,,,,,,,NCAA_D3,New England Small College Athletic Conference,,,,"NCAA Division III programs do not award athletic scholarships, but student-athletes may receive academic, need-based, and other non-athletic aid.",https://www.ncaa.org/sports/2014/10/6/division-iii.aspx,false,false,https://web3.ncaa.org/directory/memberList?type=12&division=3,NEEDS_REVIEW
Cornell College,cornell-college,,IA,,PRIVATE,FOUR_YEAR,https://www.cornellcollege.edu,,,,,,52660,52660,52660,2026,1086,1086,0.799,0.6182,https://collegescorecard.ed.gov/,NEEDS_REVIEW,,https://www.cornellrams.com,,,,,,,NCAA_D3,Midwest Conference,,,,"NCAA Division III programs do not award athletic scholarships, but student-athletes may receive academic, need-based, and other non-athletic aid.",https://www.ncaa.org/sports/2014/10/6/division-iii.aspx,false,false,https://web3.ncaa.org/directory/memberList?type=12&division=3,NEEDS_REVIEW
Covenant College,covenant-college,,GA,,PRIVATE,FOUR_YEAR,https://www.covenant.edu,,,,,,42040,42040,42040,2026,939,939,0.8651,0.7149,https://collegescorecard.ed.gov/,NEEDS_REVIEW,,https://athletics.covenant.edu/,,,,,,,NCAA_D3,Collegiate Conference of the South,,,,"NCAA Division III programs do not award athletic scholarships, but student-athletes may receive academic, need-based, and other non-athletic aid.",https://www.ncaa.org/sports/2014/10/6/division-iii.aspx,false,false,https://web3.ncaa.org/directory/memberList?type=12&division=3,NEEDS_REVIEW
Curry College,curry-college,,MA,,PRIVATE,FOUR_YEAR,https://www.curry.edu,,,,,,47970,47970,47970,2026,1780,1780,0.8765,0.5112,https://collegescorecard.ed.gov/,NEEDS_REVIEW,,https://www.curryathletics.com,,,,,,,NCAA_D3,Conference of New England,,,,"NCAA Division III programs do not award athletic scholarships, but student-athletes may receive academic, need-based, and other non-athletic aid.",https://www.ncaa.org/sports/2014/10/6/division-iii.aspx,false,false,https://web3.ncaa.org/directory/memberList?type=12&division=3,NEEDS_REVIEW
Dean College,dean-college,,MA,,PRIVATE,FOUR_YEAR,https://www.dean.edu/,,,,,,46526,46526,46526,2026,1089,1089,0.7371,0.5359,https://collegescorecard.ed.gov/,NEEDS_REVIEW,,https://www.deanbulldogs.com/landing/index,,,,,,,NCAA_D3,Great Northeast Athletic Conference,,,,"NCAA Division III programs do not award athletic scholarships, but student-athletes may receive academic, need-based, and other non-athletic aid.",https://www.ncaa.org/sports/2014/10/6/division-iii.aspx,false,false,https://web3.ncaa.org/directory/memberList?type=12&division=3,NEEDS_REVIEW
Denison University,denison-university,,OH,,PRIVATE,FOUR_YEAR,https://www.denison.edu,,,,,,67000,67000,67000,2026,2380,2380,0.1739,0.789,https://collegescorecard.ed.gov/,NEEDS_REVIEW,,https://www.denisonbigred.com,,,,,,,NCAA_D3,North Coast Athletic Conference,,,,"NCAA Division III programs do not award athletic scholarships, but student-athletes may receive academic, need-based, and other non-athletic aid.",https://www.ncaa.org/sports/2014/10/6/division-iii.aspx,false,false,https://web3.ncaa.org/directory/memberList?type=12&division=3,NEEDS_REVIEW
DePauw University,depauw-university,,IN,,PRIVATE,FOUR_YEAR,https://www.depauw.edu,,,,,,59070,59070,59070,2026,1905,1905,0.5719,0.7469,https://collegescorecard.ed.gov/,NEEDS_REVIEW,,https://depauwtigers.com/landing/index,,,,,,,NCAA_D3,North Coast Athletic Conference,,,,"NCAA Division III programs do not award athletic scholarships, but student-athletes may receive academic, need-based, and other non-athletic aid.",https://www.ncaa.org/sports/2014/10/6/division-iii.aspx,false,false,https://web3.ncaa.org/directory/memberList?type=12&division=3,NEEDS_REVIEW
DeSales University,desales-university,,PA,,PRIVATE,FOUR_YEAR,https://www.desales.edu,,,,,,46800,46800,46800,2026,2128,2128,0.7709,0.722,https://collegescorecard.ed.gov/,NEEDS_REVIEW,,https://athletics.desales.edu,,,,,,,NCAA_D3,Middle Atlantic Conferences,,,,"NCAA Division III programs do not award athletic scholarships, but student-athletes may receive academic, need-based, and other non-athletic aid.",https://www.ncaa.org/sports/2014/10/6/division-iii.aspx,false,false,https://web3.ncaa.org/directory/memberList?type=12&division=3,NEEDS_REVIEW
Dickinson College,dickinson-college,,PA,,PRIVATE,FOUR_YEAR,https://www.dickinson.edu,,,,,,65650,65650,65650,2026,2273,2273,0.4209,0.7978,https://collegescorecard.ed.gov/,NEEDS_REVIEW,,https://www.dickinsonathletics.com,,,,,,,NCAA_D3,Centennial Conference,,,,"NCAA Division III programs do not award athletic scholarships, but student-athletes may receive academic, need-based, and other non-athletic aid.",https://www.ncaa.org/sports/2014/10/6/division-iii.aspx,false,false,https://web3.ncaa.org/directory/memberList?type=12&division=3,NEEDS_REVIEW
Dominican University (Illinois),dominican-university-illinois,,IL,,PRIVATE,FOUR_YEAR,https://www.dom.edu,,,,,,,,,2026,,,,,https://collegescorecard.ed.gov/,NEEDS_REVIEW,,https://www.dustars.com,,,,,,,NCAA_D3,Northern Athletics Collegiate Conference,,,,"NCAA Division III programs do not award athletic scholarships, but student-athletes may receive academic, need-based, and other non-athletic aid.",https://www.ncaa.org/sports/2014/10/6/division-iii.aspx,false,false,https://web3.ncaa.org/directory/memberList?type=12&division=3,NEEDS_REVIEW
Drew University,drew-university,,NJ,,PRIVATE,FOUR_YEAR,https://www.drew.edu,,,,,,47100,47100,47100,2026,1533,1533,0.6783,0.7048,https://collegescorecard.ed.gov/,NEEDS_REVIEW,,https://www.drewrangers.com,,,,,,,NCAA_D3,Landmark Conference,,,,"NCAA Division III programs do not award athletic scholarships, but student-athletes may receive academic, need-based, and other non-athletic aid.",https://www.ncaa.org/sports/2014/10/6/division-iii.aspx,false,false,https://web3.ncaa.org/directory/memberList?type=12&division=3,NEEDS_REVIEW
Earlham College,earlham-college,,IN,,PRIVATE,FOUR_YEAR,https://www.earlham.edu,,,,,,53930,53930,53930,2026,670,670,0.7311,0.69,https://collegescorecard.ed.gov/,NEEDS_REVIEW,,https://www.goearlham.com,,,,,,,NCAA_D3,Heartland Collegiate Athletic Conference,,,,"NCAA Division III programs do not award athletic scholarships, but student-athletes may receive academic, need-based, and other non-athletic aid.",https://www.ncaa.org/sports/2014/10/6/division-iii.aspx,false,false,https://web3.ncaa.org/directory/memberList?type=12&division=3,NEEDS_REVIEW
East Texas Baptist University,east-texas-baptist-university,,TX,,PRIVATE,FOUR_YEAR,https://www.etbu.edu,,,,,,30680,30680,30680,2026,1352,1352,0.5776,0.4712,https://collegescorecard.ed.gov/,NEEDS_REVIEW,,https://www.goetbutigers.com,,,,,,,NCAA_D3,American Southwest Conference,,,,"NCAA Division III programs do not award athletic scholarships, but student-athletes may receive academic, need-based, and other non-athletic aid.",https://www.ncaa.org/sports/2014/10/6/division-iii.aspx,false,false,https://web3.ncaa.org/directory/memberList?type=12&division=3,NEEDS_REVIEW
Eastern Connecticut State University,eastern-connecticut-state-university,,CT,,PUBLIC,FOUR_YEAR,https://www.easternct.edu,,,,,,13928,17428,17428,2026,3418,3418,0.8298,0.5752,https://collegescorecard.ed.gov/,NEEDS_REVIEW,,https://gowarriorathletics.com,,,,,,,NCAA_D3,Little East Conference,,,,"NCAA Division III programs do not award athletic scholarships, but student-athletes may receive academic, need-based, and other non-athletic aid.",https://www.ncaa.org/sports/2014/10/6/division-iii.aspx,false,false,https://web3.ncaa.org/directory/memberList?type=12&division=3,NEEDS_REVIEW
Eastern Mennonite University,eastern-mennonite-university,,VA,,PRIVATE,FOUR_YEAR,https://www.emu.edu,,,,,,43920,43920,43920,2026,754,754,1,0.67,https://collegescorecard.ed.gov/,NEEDS_REVIEW,,https://www.emuroyals.com,https://www.emuroyals.com/sports/baseball/roster,,,,,,NCAA_D3,Old Dominion Athletic Conf.,,,,"NCAA Division III programs do not award athletic scholarships, but student-athletes may receive academic, need-based, and other non-athletic aid.",https://www.ncaa.org/sports/2014/10/6/division-iii.aspx,false,false,https://web3.ncaa.org/directory/memberList?type=12&division=3,NEEDS_REVIEW
Eastern University,eastern-university,,PA,,PRIVATE,FOUR_YEAR,https://www.eastern.edu,,,,,,38400,38400,38400,2026,2404,2404,0.9077,0.54,https://collegescorecard.ed.gov/,NEEDS_REVIEW,,https://www.goeasterneagles.com,,,,,,,NCAA_D3,Middle Atlantic Conferences,,,,"NCAA Division III programs do not award athletic scholarships, but student-athletes may receive academic, need-based, and other non-athletic aid.",https://www.ncaa.org/sports/2014/10/6/division-iii.aspx,false,false,https://web3.ncaa.org/directory/memberList?type=12&division=3,NEEDS_REVIEW
Edgewood University,edgewood-university,,WI,,PRIVATE,FOUR_YEAR,https://www.edgewood.edu,,,,,,,,,2026,,,,,https://collegescorecard.ed.gov/,NEEDS_REVIEW,,https://www.EdgewoodEagles.com,,,,,,,NCAA_D3,Northern Athletics Collegiate Conference,,,,"NCAA Division III programs do not award athletic scholarships, but student-athletes may receive academic, need-based, and other non-athletic aid.",https://www.ncaa.org/sports/2014/10/6/division-iii.aspx,false,false,https://web3.ncaa.org/directory/memberList?type=12&division=3,NEEDS_REVIEW
Elizabethtown College,elizabethtown-college,,PA,,PRIVATE,FOUR_YEAR,https://www.etown.edu,,,,,,37950,37950,37950,2026,1868,1868,0.7787,0.7617,https://collegescorecard.ed.gov/,NEEDS_REVIEW,,https://www.etownbluejays.com,,,,,,,NCAA_D3,Landmark Conference,,,,"NCAA Division III programs do not award athletic scholarships, but student-athletes may receive academic, need-based, and other non-athletic aid.",https://www.ncaa.org/sports/2014/10/6/division-iii.aspx,false,false,https://web3.ncaa.org/directory/memberList?type=12&division=3,NEEDS_REVIEW
Elmhurst University,elmhurst-university,,IL,,PRIVATE,FOUR_YEAR,https://public.elmhurst.edu/,,,,,,42955,42955,42955,2026,3006,3006,0.7364,0.7,https://collegescorecard.ed.gov/,NEEDS_REVIEW,,https://elmhurstbluejays.com/,,,,,,,NCAA_D3,College Conference of Illinois & Wisconsin,,,,"NCAA Division III programs do not award athletic scholarships, but student-athletes may receive academic, need-based, and other non-athletic aid.",https://www.ncaa.org/sports/2014/10/6/division-iii.aspx,false,false,https://web3.ncaa.org/directory/memberList?type=12&division=3,NEEDS_REVIEW
Elmira College,elmira-college,,NY,,PRIVATE,FOUR_YEAR,https://www.elmira.edu,,,,,,38976,38976,38976,2026,708,708,0.7696,0.6471,https://collegescorecard.ed.gov/,NEEDS_REVIEW,,https://athletics.elmira.edu,,,,,,,NCAA_D3,Empire 8,,,,"NCAA Division III programs do not award athletic scholarships, but student-athletes may receive academic, need-based, and other non-athletic aid.",https://www.ncaa.org/sports/2014/10/6/division-iii.aspx,false,false,https://web3.ncaa.org/directory/memberList?type=12&division=3,NEEDS_REVIEW
Elms College,elms-college,,MA,,PRIVATE,FOUR_YEAR,https://www.elms.edu,,,,,,43325,43325,43325,2026,949,949,0.8526,0.6809,https://collegescorecard.ed.gov/,NEEDS_REVIEW,,https://ecblazers.com,,,,,,,NCAA_D3,Great Northeast Athletic Conference,,,,"NCAA Division III programs do not award athletic scholarships, but student-athletes may receive academic, need-based, and other non-athletic aid.",https://www.ncaa.org/sports/2014/10/6/division-iii.aspx,false,false,https://web3.ncaa.org/directory/memberList?type=12&division=3,NEEDS_REVIEW
Emmanuel College (Massachusetts),emmanuel-college-massachusetts,,MA,,PRIVATE,FOUR_YEAR,https://www.emmanuel.edu,,,,,,,,,2026,,,,,https://collegescorecard.ed.gov/,NEEDS_REVIEW,,https://www.goecsaints.com,,,,,,,NCAA_D3,Great Northeast Athletic Conference,,,,"NCAA Division III programs do not award athletic scholarships, but student-athletes may receive academic, need-based, and other non-athletic aid.",https://www.ncaa.org/sports/2014/10/6/division-iii.aspx,false,false,https://web3.ncaa.org/directory/memberList?type=12&division=3,NEEDS_REVIEW
Emory University,emory-university,,GA,,PRIVATE,FOUR_YEAR,https://www.emory.edu,,,,,,64280,64280,64280,2026,7298,7298,0.1065,0.9109,https://collegescorecard.ed.gov/,NEEDS_REVIEW,,https://www.emoryathletics.com,,,,,,,NCAA_D3,University Athletic Association,,,,"NCAA Division III programs do not award athletic scholarships, but student-athletes may receive academic, need-based, and other non-athletic aid.",https://www.ncaa.org/sports/2014/10/6/division-iii.aspx,false,false,https://web3.ncaa.org/directory/memberList?type=12&division=3,NEEDS_REVIEW
Endicott College,endicott-college,,MA,,PRIVATE,FOUR_YEAR,https://www.endicott.edu,,,,,,40650,40650,40650,2026,3125,3125,0.7121,0.7556,https://collegescorecard.ed.gov/,NEEDS_REVIEW,,https://www.ecgulls.com,,,,,,,NCAA_D3,Conference of New England,,,,"NCAA Division III programs do not award athletic scholarships, but student-athletes may receive academic, need-based, and other non-athletic aid.",https://www.ncaa.org/sports/2014/10/6/division-iii.aspx,false,false,https://web3.ncaa.org/directory/memberList?type=12&division=3,NEEDS_REVIEW
Eureka College,eureka-college,,IL,,PRIVATE,FOUR_YEAR,https://www.eureka.edu,,,,,,29096,29096,29096,2026,522,522,0.8499,0.4161,https://collegescorecard.ed.gov/,NEEDS_REVIEW,,https://www.eurekareddevils.com,,,,,,,NCAA_D3,St. Louis Intercollegiate Athletic Conference,,,,"NCAA Division III programs do not award athletic scholarships, but student-athletes may receive academic, need-based, and other non-athletic aid.",https://www.ncaa.org/sports/2014/10/6/division-iii.aspx,false,false,https://web3.ncaa.org/directory/memberList?type=12&division=3,NEEDS_REVIEW
"Fairleigh Dickinson University, Florham",fairleigh-dickinson-university-florham,,NJ,,PRIVATE,FOUR_YEAR,https://www.fdu.edu,,,,,,,,,2026,,,,,https://collegescorecard.ed.gov/,NEEDS_REVIEW,,https://www.fdudevils.com,,,,,,,NCAA_D3,Middle Atlantic Conferences,,,,"NCAA Division III programs do not award athletic scholarships, but student-athletes may receive academic, need-based, and other non-athletic aid.",https://www.ncaa.org/sports/2014/10/6/division-iii.aspx,false,false,https://web3.ncaa.org/directory/memberList?type=12&division=3,NEEDS_REVIEW
Farmingdale State College,farmingdale-state-college,,NY,,PUBLIC,FOUR_YEAR,https://www.farmingdale.edu,,,,,,8626,18536,18536,2026,9552,9552,0.6329,0.5278,https://collegescorecard.ed.gov/,NEEDS_REVIEW,,https://www.farmingdalesports.com,,,,,,,NCAA_D3,Skyline Conference,,,,"NCAA Division III programs do not award athletic scholarships, but student-athletes may receive academic, need-based, and other non-athletic aid.",https://www.ncaa.org/sports/2014/10/6/division-iii.aspx,false,false,https://web3.ncaa.org/directory/memberList?type=12&division=3,NEEDS_REVIEW
Ferrum College,ferrum-college,,VA,,PRIVATE,FOUR_YEAR,https://www.ferrum.edu,,,,,,28520,28520,28520,2026,699,699,0.8898,0.319,https://collegescorecard.ed.gov/,NEEDS_REVIEW,,https://www.ferrumpanthers.com,,,,,,,NCAA_D3,Conference Carolinas,,,,"NCAA Division III programs do not award athletic scholarships, but student-athletes may receive academic, need-based, and other non-athletic aid.",https://www.ncaa.org/sports/2014/10/6/division-iii.aspx,false,false,https://web3.ncaa.org/directory/memberList?type=12&division=3,NEEDS_REVIEW
Fitchburg State University,fitchburg-state-university,,MA,,PUBLIC,FOUR_YEAR,https://www.fitchburgstate.edu,,,,,,11346,17426,17426,2026,2752,2752,0.8693,0.5512,https://collegescorecard.ed.gov/,NEEDS_REVIEW,,https://www.fitchburgfalcons.com,,,,,,,NCAA_D3,Massachusetts State Collegiate Athletic Conference,,,,"NCAA Division III programs do not award athletic scholarships, but student-athletes may receive academic, need-based, and other non-athletic aid.",https://www.ncaa.org/sports/2014/10/6/division-iii.aspx,false,false,https://web3.ncaa.org/directory/memberList?type=12&division=3,NEEDS_REVIEW
Framingham State University,framingham-state-university,,MA,,PUBLIC,FOUR_YEAR,https://www.framingham.edu,,,,,,11920,18000,18000,2026,2566,2566,0.8361,0.478,https://collegescorecard.ed.gov/,NEEDS_REVIEW,,https://www.fsurams.com,,,,,,,NCAA_D3,Massachusetts State Collegiate Athletic Conference,,,,"NCAA Division III programs do not award athletic scholarships, but student-athletes may receive academic, need-based, and other non-athletic aid.",https://www.ncaa.org/sports/2014/10/6/division-iii.aspx,false,false,https://web3.ncaa.org/directory/memberList?type=12&division=3,NEEDS_REVIEW
Franciscan University of Steubenville,franciscan-university-of-steubenville,,OH,,PRIVATE,FOUR_YEAR,https://www.franciscan.edu,,,,,,,,,2026,,,,,https://collegescorecard.ed.gov/,NEEDS_REVIEW,,https://www.franciscanathletics.com,,,,,,,NCAA_D3,Presidents' Athletic Conference,,,,"NCAA Division III programs do not award athletic scholarships, but student-athletes may receive academic, need-based, and other non-athletic aid.",https://www.ncaa.org/sports/2014/10/6/division-iii.aspx,false,false,https://web3.ncaa.org/directory/memberList?type=12&division=3,NEEDS_REVIEW
Franklin & Marshall College,franklin-and-marshall-college,,PA,,PRIVATE,FOUR_YEAR,https://www.fandm.edu,,,,,,,,,2026,,,,,https://collegescorecard.ed.gov/,NEEDS_REVIEW,,https://www.godiplomats.com,,,,,,,NCAA_D3,Centennial Conference,,,,"NCAA Division III programs do not award athletic scholarships, but student-athletes may receive academic, need-based, and other non-athletic aid.",https://www.ncaa.org/sports/2014/10/6/division-iii.aspx,false,false,https://web3.ncaa.org/directory/memberList?type=12&division=3,NEEDS_REVIEW
Franklin College,franklin-college,,IN,,PRIVATE,FOUR_YEAR,https://www.franklincollege.edu,,,,,,,,,2026,,,,,https://collegescorecard.ed.gov/,NEEDS_REVIEW,,https://franklingrizzlies.com/landing/index,,,,,,,NCAA_D3,Heartland Collegiate Athletic Conference,,,,"NCAA Division III programs do not award athletic scholarships, but student-athletes may receive academic, need-based, and other non-athletic aid.",https://www.ncaa.org/sports/2014/10/6/division-iii.aspx,false,false,https://web3.ncaa.org/directory/memberList?type=12&division=3,NEEDS_REVIEW
Gallaudet University,gallaudet-university,,DC,,PRIVATE,FOUR_YEAR,https://www.gallaudet.edu,,,,,,,,,2026,,,,,https://collegescorecard.ed.gov/,NEEDS_REVIEW,,https://www.gallaudetbison.com,,,,,,,NCAA_D3,United East Conference,,,,"NCAA Division III programs do not award athletic scholarships, but student-athletes may receive academic, need-based, and other non-athletic aid.",https://www.ncaa.org/sports/2014/10/6/division-iii.aspx,false,false,https://web3.ncaa.org/directory/memberList?type=12&division=3,NEEDS_REVIEW
Geneva College,geneva-college,,PA,,PRIVATE,FOUR_YEAR,https://www.geneva.edu,,,,,,,,,2026,,,,,https://collegescorecard.ed.gov/,NEEDS_REVIEW,,https://athletics.geneva.edu,,,,,,,NCAA_D3,Presidents' Athletic Conference,,,,"NCAA Division III programs do not award athletic scholarships, but student-athletes may receive academic, need-based, and other non-athletic aid.",https://www.ncaa.org/sports/2014/10/6/division-iii.aspx,false,false,https://web3.ncaa.org/directory/memberList?type=12&division=3,NEEDS_REVIEW
George Fox University,george-fox-university,,OR,,PRIVATE,FOUR_YEAR,https://www.georgefox.edu,,,,,,,,,2026,,,,,https://collegescorecard.ed.gov/,NEEDS_REVIEW,,https://www.gfubruins.com,,,,,,,NCAA_D3,Northwest Conference,,,,"NCAA Division III programs do not award athletic scholarships, but student-athletes may receive academic, need-based, and other non-athletic aid.",https://www.ncaa.org/sports/2014/10/6/division-iii.aspx,false,false,https://web3.ncaa.org/directory/memberList?type=12&division=3,NEEDS_REVIEW
Gettysburg College,gettysburg-college,,PA,,PRIVATE,FOUR_YEAR,https://www.gettysburg.edu,,,,,,,,,2026,,,,,https://collegescorecard.ed.gov/,NEEDS_REVIEW,,https://www.gettysburgsports.com,,,,,,,NCAA_D3,Centennial Conference,,,,"NCAA Division III programs do not award athletic scholarships, but student-athletes may receive academic, need-based, and other non-athletic aid.",https://www.ncaa.org/sports/2014/10/6/division-iii.aspx,false,false,https://web3.ncaa.org/directory/memberList?type=12&division=3,NEEDS_REVIEW
Gordon College,gordon-college,,MA,,PRIVATE,FOUR_YEAR,https://www.gordon.edu,,,,,,,,,2026,,,,,https://collegescorecard.ed.gov/,NEEDS_REVIEW,,https://athletics.gordon.edu/index.aspx,,,,,,,NCAA_D3,Conference of New England,,,,"NCAA Division III programs do not award athletic scholarships, but student-athletes may receive academic, need-based, and other non-athletic aid.",https://www.ncaa.org/sports/2014/10/6/division-iii.aspx,false,false,https://web3.ncaa.org/directory/memberList?type=12&division=3,NEEDS_REVIEW
Greensboro College,greensboro-college,,NC,,PRIVATE,FOUR_YEAR,https://www.greensboro.edu,,,,,,,,,2026,,,,,https://collegescorecard.ed.gov/,NEEDS_REVIEW,,https://www.greensborocollegesports.com,,,,,,,NCAA_D3,USA South Athletic Conference,,,,"NCAA Division III programs do not award athletic scholarships, but student-athletes may receive academic, need-based, and other non-athletic aid.",https://www.ncaa.org/sports/2014/10/6/division-iii.aspx,false,false,https://web3.ncaa.org/directory/memberList?type=12&division=3,NEEDS_REVIEW
Greenville University,greenville-university,,IL,,PRIVATE,FOUR_YEAR,https://www.greenville.edu,,,,,,,,,2026,,,,,https://collegescorecard.ed.gov/,NEEDS_REVIEW,,https://www.greenville.edu/athletics,,,,,,,NCAA_D3,St. Louis Intercollegiate Athletic Conference,,,,"NCAA Division III programs do not award athletic scholarships, but student-athletes may receive academic, need-based, and other non-athletic aid.",https://www.ncaa.org/sports/2014/10/6/division-iii.aspx,false,false,https://web3.ncaa.org/directory/memberList?type=12&division=3,NEEDS_REVIEW
Grinnell College,grinnell-college,,IA,,PRIVATE,FOUR_YEAR,https://www.grinnell.edu/,,,,,,,,,2026,,,,,https://collegescorecard.ed.gov/,NEEDS_REVIEW,,https://pioneers.grinnell.edu/,,,,,,,NCAA_D3,Midwest Conference,,,,"NCAA Division III programs do not award athletic scholarships, but student-athletes may receive academic, need-based, and other non-athletic aid.",https://www.ncaa.org/sports/2014/10/6/division-iii.aspx,false,false,https://web3.ncaa.org/directory/memberList?type=12&division=3,NEEDS_REVIEW
Grove City College,grove-city-college,,PA,,PRIVATE,FOUR_YEAR,https://www.gcc.edu,,,,,,,,,2026,,,,,https://collegescorecard.ed.gov/,NEEDS_REVIEW,,https://athletics.gcc.edu,,,,,,,NCAA_D3,Presidents' Athletic Conference,,,,"NCAA Division III programs do not award athletic scholarships, but student-athletes may receive academic, need-based, and other non-athletic aid.",https://www.ncaa.org/sports/2014/10/6/division-iii.aspx,false,false,https://web3.ncaa.org/directory/memberList?type=12&division=3,NEEDS_REVIEW
Guilford College,guilford-college,,NC,,PRIVATE,FOUR_YEAR,https://www.guilford.edu,,,,,,,,,2026,,,,,https://collegescorecard.ed.gov/,NEEDS_REVIEW,,https://www.guilford.edu/athletics,,,,,,,NCAA_D3,Old Dominion Athletic Conf.,,,,"NCAA Division III programs do not award athletic scholarships, but student-athletes may receive academic, need-based, and other non-athletic aid.",https://www.ncaa.org/sports/2014/10/6/division-iii.aspx,false,false,https://web3.ncaa.org/directory/memberList?type=12&division=3,NEEDS_REVIEW
Gustavus Adolphus College,gustavus-adolphus-college,,MN,,PRIVATE,FOUR_YEAR,https://www.gustavus.edu,,,,,,,,,2026,,,,,https://collegescorecard.ed.gov/,NEEDS_REVIEW,,https://www.gustavus.edu/athletics/,,,,,,,NCAA_D3,Minnesota Intercollegiate Athletic Conference,,,,"NCAA Division III programs do not award athletic scholarships, but student-athletes may receive academic, need-based, and other non-athletic aid.",https://www.ncaa.org/sports/2014/10/6/division-iii.aspx,false,false,https://web3.ncaa.org/directory/memberList?type=12&division=3,NEEDS_REVIEW
Gwynedd Mercy University,gwynedd-mercy-university,,PA,,PRIVATE,FOUR_YEAR,https://www.gmercyu.edu,,,,,,,,,2026,,,,,https://collegescorecard.ed.gov/,NEEDS_REVIEW,,https://gwyneddathletics.com/,,,,,,,NCAA_D3,Atlantic East Conference,,,,"NCAA Division III programs do not award athletic scholarships, but student-athletes may receive academic, need-based, and other non-athletic aid.",https://www.ncaa.org/sports/2014/10/6/division-iii.aspx,false,false,https://web3.ncaa.org/directory/memberList?type=12&division=3,NEEDS_REVIEW
Hamilton College,hamilton-college,,NY,,PRIVATE,FOUR_YEAR,https://www.hamilton.edu,,,,,,,,,2026,,,,,https://collegescorecard.ed.gov/,NEEDS_REVIEW,,https://www.hamilton.edu/athletics,,,,,,,NCAA_D3,New England Small College Athletic Conference,,,,"NCAA Division III programs do not award athletic scholarships, but student-athletes may receive academic, need-based, and other non-athletic aid.",https://www.ncaa.org/sports/2014/10/6/division-iii.aspx,false,false,https://web3.ncaa.org/directory/memberList?type=12&division=3,NEEDS_REVIEW
Hamline University,hamline-university,,MN,,PRIVATE,FOUR_YEAR,https://www.hamline.edu,,,,,,,,,2026,,,,,https://collegescorecard.ed.gov/,NEEDS_REVIEW,,https://www.hamlineathletics.com,,,,,,,NCAA_D3,Minnesota Intercollegiate Athletic Conference,,,,"NCAA Division III programs do not award athletic scholarships, but student-athletes may receive academic, need-based, and other non-athletic aid.",https://www.ncaa.org/sports/2014/10/6/division-iii.aspx,false,false,https://web3.ncaa.org/directory/memberList?type=12&division=3,NEEDS_REVIEW
Hampden-Sydney College,hampden-sydney-college,,VA,,PRIVATE,FOUR_YEAR,https://www.hsc.edu/,,,,,,,,,2026,,,,,https://collegescorecard.ed.gov/,NEEDS_REVIEW,,https://www.hscathletics.com,,,,,,,NCAA_D3,Old Dominion Athletic Conf.,,,,"NCAA Division III programs do not award athletic scholarships, but student-athletes may receive academic, need-based, and other non-athletic aid.",https://www.ncaa.org/sports/2014/10/6/division-iii.aspx,false,false,https://web3.ncaa.org/directory/memberList?type=12&division=3,NEEDS_REVIEW
Hanover College,hanover-college,,IN,,PRIVATE,FOUR_YEAR,https://www.hanover.edu,,,,,,,,,2026,,,,,https://collegescorecard.ed.gov/,NEEDS_REVIEW,,https://athletics.hanover.edu/landing/index,,,,,,,NCAA_D3,Heartland Collegiate Athletic Conference,,,,"NCAA Division III programs do not award athletic scholarships, but student-athletes may receive academic, need-based, and other non-athletic aid.",https://www.ncaa.org/sports/2014/10/6/division-iii.aspx,false,false,https://web3.ncaa.org/directory/memberList?type=12&division=3,NEEDS_REVIEW
Hardin-Simmons University,hardin-simmons-university,,TX,,PRIVATE,FOUR_YEAR,https://www.hsutx.edu,,,,,,,,,2026,,,,,https://collegescorecard.ed.gov/,NEEDS_REVIEW,,https://hsuathletics.com,,,,,,,NCAA_D3,American Southwest Conference,,,,"NCAA Division III programs do not award athletic scholarships, but student-athletes may receive academic, need-based, and other non-athletic aid.",https://www.ncaa.org/sports/2014/10/6/division-iii.aspx,false,false,https://web3.ncaa.org/directory/memberList?type=12&division=3,NEEDS_REVIEW
Haverford College,haverford-college,,PA,,PRIVATE,FOUR_YEAR,https://www.haverford.edu,,,,,,,,,2026,,,,,https://collegescorecard.ed.gov/,NEEDS_REVIEW,,https://www.haverfordathletics.com,https://www.haverfordathletics.com/sports/baseball/roster,,,,,,NCAA_D3,Centennial Conference,,,,"NCAA Division III programs do not award athletic scholarships, but student-athletes may receive academic, need-based, and other non-athletic aid.",https://www.ncaa.org/sports/2014/10/6/division-iii.aspx,false,false,https://web3.ncaa.org/directory/memberList?type=12&division=3,NEEDS_REVIEW
Heidelberg University,heidelberg-university,,OH,,PRIVATE,FOUR_YEAR,https://www.heidelberg.edu,,,,,,,,,2026,,,,,https://collegescorecard.ed.gov/,NEEDS_REVIEW,,https://bergathletics.com,,,,,,,NCAA_D3,Ohio Athletic Conference,,,,"NCAA Division III programs do not award athletic scholarships, but student-athletes may receive academic, need-based, and other non-athletic aid.",https://www.ncaa.org/sports/2014/10/6/division-iii.aspx,false,false,https://web3.ncaa.org/directory/memberList?type=12&division=3,NEEDS_REVIEW
Hendrix College,hendrix-college,,AR,,PRIVATE,FOUR_YEAR,https://www.hendrix.edu,,,,,,,,,2026,,,,,https://collegescorecard.ed.gov/,NEEDS_REVIEW,,https://www.hendrixwarriors.com,,,,,,,NCAA_D3,Southern Collegiate Athletic Conference,,,,"NCAA Division III programs do not award athletic scholarships, but student-athletes may receive academic, need-based, and other non-athletic aid.",https://www.ncaa.org/sports/2014/10/6/division-iii.aspx,false,false,https://web3.ncaa.org/directory/memberList?type=12&division=3,NEEDS_REVIEW
Hilbert College,hilbert-college,,NY,,PRIVATE,FOUR_YEAR,https://www.hilbert.edu,,,,,,,,,2026,,,,,https://collegescorecard.ed.gov/,NEEDS_REVIEW,,https://www.hilberthawks.com,,,,,,,NCAA_D3,Allegheny Mountain Collegiate Conference,,,,"NCAA Division III programs do not award athletic scholarships, but student-athletes may receive academic, need-based, and other non-athletic aid.",https://www.ncaa.org/sports/2014/10/6/division-iii.aspx,false,false,https://web3.ncaa.org/directory/memberList?type=12&division=3,NEEDS_REVIEW
Hiram College,hiram-college,,OH,,PRIVATE,FOUR_YEAR,https://www.hiram.edu,,,,,,,,,2026,,,,,https://collegescorecard.ed.gov/,NEEDS_REVIEW,,https://www.hiramterriers.com,https://www.hiramterriers.com/sports/baseball/roster,,,,,,NCAA_D3,Presidents' Athletic Conference,,,,"NCAA Division III programs do not award athletic scholarships, but student-athletes may receive academic, need-based, and other non-athletic aid.",https://www.ncaa.org/sports/2014/10/6/division-iii.aspx,false,false,https://web3.ncaa.org/directory/memberList?type=12&division=3,NEEDS_REVIEW
Hood College,hood-college,,MD,,PRIVATE,FOUR_YEAR,https://www.hood.edu,,,,,,,,,2026,,,,,https://collegescorecard.ed.gov/,NEEDS_REVIEW,,https://www.hoodathletics.com,,,,,,,NCAA_D3,Middle Atlantic Conferences,,,,"NCAA Division III programs do not award athletic scholarships, but student-athletes may receive academic, need-based, and other non-athletic aid.",https://www.ncaa.org/sports/2014/10/6/division-iii.aspx,false,false,https://web3.ncaa.org/directory/memberList?type=12&division=3,NEEDS_REVIEW
Hope College,hope-college,,MI,,PRIVATE,FOUR_YEAR,https://www.hope.edu,,,,,,,,,2026,,,,,https://collegescorecard.ed.gov/,NEEDS_REVIEW,,https://athletics.hope.edu,,,,,,,NCAA_D3,Michigan Intercollegiate Athletic Association,,,,"NCAA Division III programs do not award athletic scholarships, but student-athletes may receive academic, need-based, and other non-athletic aid.",https://www.ncaa.org/sports/2014/10/6/division-iii.aspx,false,false,https://web3.ncaa.org/directory/memberList?type=12&division=3,NEEDS_REVIEW
Houghton University,houghton-university,,NY,,PRIVATE,FOUR_YEAR,https://www.houghton.edu,,,,,,,,,2026,,,,,https://collegescorecard.ed.gov/,NEEDS_REVIEW,,https://athletics.houghton.edu,,,,,,,NCAA_D3,Empire 8,,,,"NCAA Division III programs do not award athletic scholarships, but student-athletes may receive academic, need-based, and other non-athletic aid.",https://www.ncaa.org/sports/2014/10/6/division-iii.aspx,false,false,https://web3.ncaa.org/directory/memberList?type=12&division=3,NEEDS_REVIEW
Howard Payne University,howard-payne-university,,TX,,PRIVATE,FOUR_YEAR,https://www.hputx.edu,,,,,,,,,2026,,,,,https://collegescorecard.ed.gov/,NEEDS_REVIEW,,https://www.hpusports.com,,,,,,,NCAA_D3,American Southwest Conference,,,,"NCAA Division III programs do not award athletic scholarships, but student-athletes may receive academic, need-based, and other non-athletic aid.",https://www.ncaa.org/sports/2014/10/6/division-iii.aspx,false,false,https://web3.ncaa.org/directory/memberList?type=12&division=3,NEEDS_REVIEW
Huntingdon College,huntingdon-college,,AL,,PRIVATE,FOUR_YEAR,https://www.huntingdon.edu,,,,,,,,,2026,,,,,https://collegescorecard.ed.gov/,NEEDS_REVIEW,,https://www.huntingdonhawks.com,,,,,,,NCAA_D3,Collegiate Conference of the South,,,,"NCAA Division III programs do not award athletic scholarships, but student-athletes may receive academic, need-based, and other non-athletic aid.",https://www.ncaa.org/sports/2014/10/6/division-iii.aspx,false,false,https://web3.ncaa.org/directory/memberList?type=12&division=3,NEEDS_REVIEW
Husson University,husson-university,,ME,,PRIVATE,FOUR_YEAR,https://www.husson.edu,,,,,,,,,2026,,,,,https://collegescorecard.ed.gov/,NEEDS_REVIEW,,https://www.hussoneagles.com,,,,,,,NCAA_D3,North Atlantic Conference,,,,"NCAA Division III programs do not award athletic scholarships, but student-athletes may receive academic, need-based, and other non-athletic aid.",https://www.ncaa.org/sports/2014/10/6/division-iii.aspx,false,false,https://web3.ncaa.org/directory/memberList?type=12&division=3,NEEDS_REVIEW
Illinois College,illinois-college,,IL,,PRIVATE,FOUR_YEAR,https://www.ic.edu,,,,,,,,,2026,,,,,https://collegescorecard.ed.gov/,NEEDS_REVIEW,,https://www.illinoiscollegeathletics.com/,,,,,,,NCAA_D3,Midwest Conference,,,,"NCAA Division III programs do not award athletic scholarships, but student-athletes may receive academic, need-based, and other non-athletic aid.",https://www.ncaa.org/sports/2014/10/6/division-iii.aspx,false,false,https://web3.ncaa.org/directory/memberList?type=12&division=3,NEEDS_REVIEW
Illinois Institute of Technology,illinois-institute-of-technology,,IL,,PRIVATE,FOUR_YEAR,https://www.iit.edu,,,,,,,,,2026,,,,,https://collegescorecard.ed.gov/,NEEDS_REVIEW,,https://www.illinoistechathletics.com,,,,,,,NCAA_D3,Northern Athletics Collegiate Conference,,,,"NCAA Division III programs do not award athletic scholarships, but student-athletes may receive academic, need-based, and other non-athletic aid.",https://www.ncaa.org/sports/2014/10/6/division-iii.aspx,false,false,https://web3.ncaa.org/directory/memberList?type=12&division=3,NEEDS_REVIEW
Illinois Wesleyan University,illinois-wesleyan-university,,IL,,PRIVATE,FOUR_YEAR,https://www.iwu.edu/,,,,,,,,,2026,,,,,https://collegescorecard.ed.gov/,NEEDS_REVIEW,,https://www.iwusports.com,,,,,,,NCAA_D3,College Conference of Illinois & Wisconsin,,,,"NCAA Division III programs do not award athletic scholarships, but student-athletes may receive academic, need-based, and other non-athletic aid.",https://www.ncaa.org/sports/2014/10/6/division-iii.aspx,false,false,https://web3.ncaa.org/directory/memberList?type=12&division=3,NEEDS_REVIEW
Immaculata University,immaculata-university,,PA,,PRIVATE,FOUR_YEAR,https://www.immaculata.edu,,,,,,,,,2026,,,,,https://collegescorecard.ed.gov/,NEEDS_REVIEW,,https://www.gomightymacs.com,,,,,,,NCAA_D3,Atlantic East Conference,,,,"NCAA Division III programs do not award athletic scholarships, but student-athletes may receive academic, need-based, and other non-athletic aid.",https://www.ncaa.org/sports/2014/10/6/division-iii.aspx,false,false,https://web3.ncaa.org/directory/memberList?type=12&division=3,NEEDS_REVIEW
Ithaca College,ithaca-college,,NY,,PRIVATE,FOUR_YEAR,https://www.ithaca.edu/,,,,,,,,,2026,,,,,https://collegescorecard.ed.gov/,NEEDS_REVIEW,,https://athletics.ithaca.edu,,,,,,,NCAA_D3,Liberty League,,,,"NCAA Division III programs do not award athletic scholarships, but student-athletes may receive academic, need-based, and other non-athletic aid.",https://www.ncaa.org/sports/2014/10/6/division-iii.aspx,false,false,https://web3.ncaa.org/directory/memberList?type=12&division=3,NEEDS_REVIEW
John Carroll University,john-carroll-university,,OH,,PRIVATE,FOUR_YEAR,https://www.jcu.edu,,,,,,,,,2026,,,,,https://collegescorecard.ed.gov/,NEEDS_REVIEW,,https://www.jcusports.com,,,,,,,NCAA_D3,North Coast Athletic Conference,,,,"NCAA Division III programs do not award athletic scholarships, but student-athletes may receive academic, need-based, and other non-athletic aid.",https://www.ncaa.org/sports/2014/10/6/division-iii.aspx,false,false,https://web3.ncaa.org/directory/memberList?type=12&division=3,NEEDS_REVIEW
John Jay College of Criminal Justice,john-jay-college-of-criminal-justice,,NY,,PUBLIC,FOUR_YEAR,https://www.jjay.cuny.edu/,,,,,,,,,2026,,,,,https://collegescorecard.ed.gov/,NEEDS_REVIEW,,https://www.johnjayathletics.com,,,,,,,NCAA_D3,City University of New York Athletic Conference,,,,"NCAA Division III programs do not award athletic scholarships, but student-athletes may receive academic, need-based, and other non-athletic aid.",https://www.ncaa.org/sports/2014/10/6/division-iii.aspx,false,false,https://web3.ncaa.org/directory/memberList?type=12&division=3,NEEDS_REVIEW
Johns Hopkins University,johns-hopkins-university,,MD,,PRIVATE,FOUR_YEAR,https://www.jhu.edu/,,,,,,,,,2026,,,,,https://collegescorecard.ed.gov/,NEEDS_REVIEW,,https://www.hopkinssports.com,,,,,,,NCAA_D3,Centennial Conference,,,,"NCAA Division III programs do not award athletic scholarships, but student-athletes may receive academic, need-based, and other non-athletic aid.",https://www.ncaa.org/sports/2014/10/6/division-iii.aspx,false,false,https://web3.ncaa.org/directory/memberList?type=12&division=3,NEEDS_REVIEW
Johnson & Wales University (Providence),johnson-and-wales-university-providence,,RI,,PRIVATE,FOUR_YEAR,https://www.jwu.edu,,,,,,,,,2026,,,,,https://collegescorecard.ed.gov/,NEEDS_REVIEW,,https://providence.jwuathletics.com,,,,,,,NCAA_D3,Conference of New England,,,,"NCAA Division III programs do not award athletic scholarships, but student-athletes may receive academic, need-based, and other non-athletic aid.",https://www.ncaa.org/sports/2014/10/6/division-iii.aspx,false,false,https://web3.ncaa.org/directory/memberList?type=12&division=3,NEEDS_REVIEW
Johnson & Wales University Charlotte,johnson-and-wales-university-charlotte,,NC,,PRIVATE,FOUR_YEAR,https://www.jwu.edu/campuses/charlotte/,,,,,,,,,2026,,,,,https://collegescorecard.ed.gov/,NEEDS_REVIEW,,https://charlotte.jwuathletics.com/,,,,,,,NCAA_D3,Coast-To-Coast Athletic Conference,,,,"NCAA Division III programs do not award athletic scholarships, but student-athletes may receive academic, need-based, and other non-athletic aid.",https://www.ncaa.org/sports/2014/10/6/division-iii.aspx,false,false,https://web3.ncaa.org/directory/memberList?type=12&division=3,NEEDS_REVIEW
Juniata College,juniata-college,,PA,,PRIVATE,FOUR_YEAR,https://www.juniata.edu/,,,,,,,,,2026,,,,,https://collegescorecard.ed.gov/,NEEDS_REVIEW,,https://www.juniatasports.net,,,,,,,NCAA_D3,Landmark Conference,,,,"NCAA Division III programs do not award athletic scholarships, but student-athletes may receive academic, need-based, and other non-athletic aid.",https://www.ncaa.org/sports/2014/10/6/division-iii.aspx,false,false,https://web3.ncaa.org/directory/memberList?type=12&division=3,NEEDS_REVIEW
Kalamazoo College,kalamazoo-college,,MI,,PRIVATE,FOUR_YEAR,https://www.kzoo.edu/,,,,,,,,,2026,,,,,https://collegescorecard.ed.gov/,NEEDS_REVIEW,,https://hornets.kzoo.edu/landing/index/,,,,,,,NCAA_D3,Michigan Intercollegiate Athletic Association,,,,"NCAA Division III programs do not award athletic scholarships, but student-athletes may receive academic, need-based, and other non-athletic aid.",https://www.ncaa.org/sports/2014/10/6/division-iii.aspx,false,false,https://web3.ncaa.org/directory/memberList?type=12&division=3,NEEDS_REVIEW
Kean University,kean-university,,NJ,,PUBLIC,FOUR_YEAR,https://www.kean.edu,,,,,,,,,2026,,,,,https://collegescorecard.ed.gov/,NEEDS_REVIEW,,https://www.keanathletics.com,,,,,,,NCAA_D3,New Jersey Athletic Conference,,,,"NCAA Division III programs do not award athletic scholarships, but student-athletes may receive academic, need-based, and other non-athletic aid.",https://www.ncaa.org/sports/2014/10/6/division-iii.aspx,false,false,https://web3.ncaa.org/directory/memberList?type=12&division=3,NEEDS_REVIEW
Keene State College,keene-state-college,,NH,,PUBLIC,FOUR_YEAR,https://www.keene.edu,,,,,,,,,2026,,,,,https://collegescorecard.ed.gov/,NEEDS_REVIEW,,https://www.keeneowls.com,,,,,,,NCAA_D3,Little East Conference,,,,"NCAA Division III programs do not award athletic scholarships, but student-athletes may receive academic, need-based, and other non-athletic aid.",https://www.ncaa.org/sports/2014/10/6/division-iii.aspx,false,false,https://web3.ncaa.org/directory/memberList?type=12&division=3,NEEDS_REVIEW
Kenyon College,kenyon-college,,OH,,PRIVATE,FOUR_YEAR,https://www.kenyon.edu,,,,,,,,,2026,,,,,https://collegescorecard.ed.gov/,NEEDS_REVIEW,,https://athletics.kenyon.edu,,,,,,,NCAA_D3,North Coast Athletic Conference,,,,"NCAA Division III programs do not award athletic scholarships, but student-athletes may receive academic, need-based, and other non-athletic aid.",https://www.ncaa.org/sports/2014/10/6/division-iii.aspx,false,false,https://web3.ncaa.org/directory/memberList?type=12&division=3,NEEDS_REVIEW
Keuka College,keuka-college,,NY,,PRIVATE,FOUR_YEAR,https://www.keuka.edu/,,,,,,,,,2026,,,,,https://collegescorecard.ed.gov/,NEEDS_REVIEW,,https://www.keukaathletics.com,,,,,,,NCAA_D3,Empire 8,,,,"NCAA Division III programs do not award athletic scholarships, but student-athletes may receive academic, need-based, and other non-athletic aid.",https://www.ncaa.org/sports/2014/10/6/division-iii.aspx,false,false,https://web3.ncaa.org/directory/memberList?type=12&division=3,NEEDS_REVIEW
Keystone College,keystone-college,,PA,,PRIVATE,FOUR_YEAR,https://www.keystone.edu,,,,,,,,,2026,,,,,https://collegescorecard.ed.gov/,NEEDS_REVIEW,,https://www.gokcgiants.com,,,,,,,NCAA_D3,United East Conference,,,,"NCAA Division III programs do not award athletic scholarships, but student-athletes may receive academic, need-based, and other non-athletic aid.",https://www.ncaa.org/sports/2014/10/6/division-iii.aspx,false,false,https://web3.ncaa.org/directory/memberList?type=12&division=3,NEEDS_REVIEW
King's College (Pennsylvania),king-s-college-pennsylvania,,PA,,PRIVATE,FOUR_YEAR,https://www.kings.edu/,,,,,,,,,2026,,,,,https://collegescorecard.ed.gov/,NEEDS_REVIEW,,https://www.kings.edu/athletics,,,,,,,NCAA_D3,Middle Atlantic Conferences,,,,"NCAA Division III programs do not award athletic scholarships, but student-athletes may receive academic, need-based, and other non-athletic aid.",https://www.ncaa.org/sports/2014/10/6/division-iii.aspx,false,false,https://web3.ncaa.org/directory/memberList?type=12&division=3,NEEDS_REVIEW
Knox College,knox-college,,IL,,PRIVATE,FOUR_YEAR,https://www.knox.edu,,,,,,,,,2026,,,,,https://collegescorecard.ed.gov/,NEEDS_REVIEW,,https://prairiefire.knox.edu,,,,,,,NCAA_D3,Midwest Conference,,,,"NCAA Division III programs do not award athletic scholarships, but student-athletes may receive academic, need-based, and other non-athletic aid.",https://www.ncaa.org/sports/2014/10/6/division-iii.aspx,false,false,https://web3.ncaa.org/directory/memberList?type=12&division=3,NEEDS_REVIEW
La Roche University,la-roche-university,,PA,,PRIVATE,FOUR_YEAR,https://www.laroche.edu,,,,,,,,,2026,,,,,https://collegescorecard.ed.gov/,NEEDS_REVIEW,,https://larochesports.com,,,,,,,NCAA_D3,Allegheny Mountain Collegiate Conference,,,,"NCAA Division III programs do not award athletic scholarships, but student-athletes may receive academic, need-based, and other non-athletic aid.",https://www.ncaa.org/sports/2014/10/6/division-iii.aspx,false,false,https://web3.ncaa.org/directory/memberList?type=12&division=3,NEEDS_REVIEW
LaGrange College,lagrange-college,,GA,,PRIVATE,FOUR_YEAR,https://www.lagrange.edu,,,,,,,,,2026,,,,,https://collegescorecard.ed.gov/,NEEDS_REVIEW,,https://www.lagrangepanthers.com,,,,,,,NCAA_D3,Collegiate Conference of the South,,,,"NCAA Division III programs do not award athletic scholarships, but student-athletes may receive academic, need-based, and other non-athletic aid.",https://www.ncaa.org/sports/2014/10/6/division-iii.aspx,false,false,https://web3.ncaa.org/directory/memberList?type=12&division=3,NEEDS_REVIEW
Lake Forest College,lake-forest-college,,IL,,PRIVATE,FOUR_YEAR,https://www.lakeforest.edu,,,,,,,,,2026,,,,,https://collegescorecard.ed.gov/,NEEDS_REVIEW,,https://www.goforesters.com,,,,,,,NCAA_D3,Midwest Conference,,,,"NCAA Division III programs do not award athletic scholarships, but student-athletes may receive academic, need-based, and other non-athletic aid.",https://www.ncaa.org/sports/2014/10/6/division-iii.aspx,false,false,https://web3.ncaa.org/directory/memberList?type=12&division=3,NEEDS_REVIEW
Lakeland University,lakeland-university,,WI,,PRIVATE,FOUR_YEAR,https://www.lakeland.edu/,,,,,,,,,2026,,,,,https://collegescorecard.ed.gov/,NEEDS_REVIEW,,https://lakelandmuskies.com/,,,,,,,NCAA_D3,Northern Athletics Collegiate Conference,,,,"NCAA Division III programs do not award athletic scholarships, but student-athletes may receive academic, need-based, and other non-athletic aid.",https://www.ncaa.org/sports/2014/10/6/division-iii.aspx,false,false,https://web3.ncaa.org/directory/memberList?type=12&division=3,NEEDS_REVIEW
Lancaster Bible College,lancaster-bible-college,,PA,,PRIVATE,FOUR_YEAR,https://www.lbc.edu,,,,,,,,,2026,,,,,https://collegescorecard.ed.gov/,NEEDS_REVIEW,,https://www.lbcchargers.com,,,,,,,NCAA_D3,United East Conference,,,,"NCAA Division III programs do not award athletic scholarships, but student-athletes may receive academic, need-based, and other non-athletic aid.",https://www.ncaa.org/sports/2014/10/6/division-iii.aspx,false,false,https://web3.ncaa.org/directory/memberList?type=12&division=3,NEEDS_REVIEW
Lasell University,lasell-university,,MA,,PRIVATE,FOUR_YEAR,https://www.lasell.edu,,,,,,,,,2026,,,,,https://collegescorecard.ed.gov/,NEEDS_REVIEW,,https://laserpride.lasell.edu,,,,,,,NCAA_D3,Great Northeast Athletic Conference,,,,"NCAA Division III programs do not award athletic scholarships, but student-athletes may receive academic, need-based, and other non-athletic aid.",https://www.ncaa.org/sports/2014/10/6/division-iii.aspx,false,false,https://web3.ncaa.org/directory/memberList?type=12&division=3,NEEDS_REVIEW
Lawrence University,lawrence-university,,WI,,PRIVATE,FOUR_YEAR,https://www.lawrence.edu/,,,,,,,,,2026,,,,,https://collegescorecard.ed.gov/,NEEDS_REVIEW,,https://vikings.lawrence.edu/index.aspx,,,,,,,NCAA_D3,Midwest Conference,,,,"NCAA Division III programs do not award athletic scholarships, but student-athletes may receive academic, need-based, and other non-athletic aid.",https://www.ncaa.org/sports/2014/10/6/division-iii.aspx,false,false,https://web3.ncaa.org/directory/memberList?type=12&division=3,NEEDS_REVIEW
Lebanon Valley College,lebanon-valley-college,,PA,,PRIVATE,FOUR_YEAR,https://www.lvc.edu,,,,,,,,,2026,,,,,https://collegescorecard.ed.gov/,NEEDS_REVIEW,,https://www.godutchmen.com,,,,,,,NCAA_D3,Middle Atlantic Conferences,,,,"NCAA Division III programs do not award athletic scholarships, but student-athletes may receive academic, need-based, and other non-athletic aid.",https://www.ncaa.org/sports/2014/10/6/division-iii.aspx,false,false,https://web3.ncaa.org/directory/memberList?type=12&division=3,NEEDS_REVIEW
Lehman College,lehman-college,,NY,,PUBLIC,FOUR_YEAR,https://www.lehman.edu,,,,,,,,,2026,,,,,https://collegescorecard.ed.gov/,NEEDS_REVIEW,,https://www.lehmanathletics.com,,,,,,,NCAA_D3,City University of New York Athletic Conference,,,,"NCAA Division III programs do not award athletic scholarships, but student-athletes may receive academic, need-based, and other non-athletic aid.",https://www.ncaa.org/sports/2014/10/6/division-iii.aspx,false,false,https://web3.ncaa.org/directory/memberList?type=12&division=3,NEEDS_REVIEW
Lesley University,lesley-university,,MA,,PRIVATE,FOUR_YEAR,https://www.lesley.edu,,,,,,,,,2026,,,,,https://collegescorecard.ed.gov/,NEEDS_REVIEW,,https://lesleyathletics.com,,,,,,,NCAA_D3,North Atlantic Conference,,,,"NCAA Division III programs do not award athletic scholarships, but student-athletes may receive academic, need-based, and other non-athletic aid.",https://www.ncaa.org/sports/2014/10/6/division-iii.aspx,false,false,https://web3.ncaa.org/directory/memberList?type=12&division=3,NEEDS_REVIEW
LeTourneau University,letourneau-university,,TX,,PRIVATE,FOUR_YEAR,https://www.letu.edu,,,,,,,,,2026,,,,,https://collegescorecard.ed.gov/,NEEDS_REVIEW,,https://www.letuathletics.com,,,,,,,NCAA_D3,Southern Collegiate Athletic Conference,,,,"NCAA Division III programs do not award athletic scholarships, but student-athletes may receive academic, need-based, and other non-athletic aid.",https://www.ncaa.org/sports/2014/10/6/division-iii.aspx,false,false,https://web3.ncaa.org/directory/memberList?type=12&division=3,NEEDS_REVIEW
Lewis & Clark College,lewis-and-clark-college,,OR,,PRIVATE,FOUR_YEAR,https://www.lclark.edu,,,,,,,,,2026,,,,,https://collegescorecard.ed.gov/,NEEDS_REVIEW,,https://www.lcpioneers.com,,,,,,,NCAA_D3,Northwest Conference,,,,"NCAA Division III programs do not award athletic scholarships, but student-athletes may receive academic, need-based, and other non-athletic aid.",https://www.ncaa.org/sports/2014/10/6/division-iii.aspx,false,false,https://web3.ncaa.org/directory/memberList?type=12&division=3,NEEDS_REVIEW
Linfield University,linfield-university,,OR,,PRIVATE,FOUR_YEAR,https://www.linfield.edu,,,,,,,,,2026,,,,,https://collegescorecard.ed.gov/,NEEDS_REVIEW,,https://golinfieldwildcats.com/,,,,,,,NCAA_D3,Northwest Conference,,,,"NCAA Division III programs do not award athletic scholarships, but student-athletes may receive academic, need-based, and other non-athletic aid.",https://www.ncaa.org/sports/2014/10/6/division-iii.aspx,false,false,https://web3.ncaa.org/directory/memberList?type=12&division=3,NEEDS_REVIEW
Loras College,loras-college,,IA,,PRIVATE,FOUR_YEAR,https://www.loras.edu,,,,,,,,,2026,,,,,https://collegescorecard.ed.gov/,NEEDS_REVIEW,,https://www.duhawks.com,,,,,,,NCAA_D3,American Rivers Conference,,,,"NCAA Division III programs do not award athletic scholarships, but student-athletes may receive academic, need-based, and other non-athletic aid.",https://www.ncaa.org/sports/2014/10/6/division-iii.aspx,false,false,https://web3.ncaa.org/directory/memberList?type=12&division=3,NEEDS_REVIEW
Lycoming College,lycoming-college,,PA,,PRIVATE,FOUR_YEAR,https://www.lycoming.edu,,,,,,,,,2026,,,,,https://collegescorecard.ed.gov/,NEEDS_REVIEW,,https://lycomingathletics.com,,,,,,,NCAA_D3,Landmark Conference,,,,"NCAA Division III programs do not award athletic scholarships, but student-athletes may receive academic, need-based, and other non-athletic aid.",https://www.ncaa.org/sports/2014/10/6/division-iii.aspx,false,false,https://web3.ncaa.org/directory/memberList?type=12&division=3,NEEDS_REVIEW
Lyon College,lyon-college,,AR,,PRIVATE,FOUR_YEAR,https://www.lyon.edu/,,,,,,,,,2026,,,,,https://collegescorecard.ed.gov/,NEEDS_REVIEW,,https://lyonscots.com/,,,,,,,NCAA_D3,St. Louis Intercollegiate Athletic Conference,,,,"NCAA Division III programs do not award athletic scholarships, but student-athletes may receive academic, need-based, and other non-athletic aid.",https://www.ncaa.org/sports/2014/10/6/division-iii.aspx,false,false,https://web3.ncaa.org/directory/memberList?type=12&division=3,NEEDS_REVIEW
Maine Maritime Academy,maine-maritime-academy,,ME,,PUBLIC,FOUR_YEAR,https://www.mainemaritime.edu/,,,,,,,,,2026,,,,,https://collegescorecard.ed.gov/,NEEDS_REVIEW,,https://www.marinersports.org,,,,,,,NCAA_D3,North Atlantic Conference,,,,"NCAA Division III programs do not award athletic scholarships, but student-athletes may receive academic, need-based, and other non-athletic aid.",https://www.ncaa.org/sports/2014/10/6/division-iii.aspx,false,false,https://web3.ncaa.org/directory/memberList?type=12&division=3,NEEDS_REVIEW
Manchester University,manchester-university,,IN,,PRIVATE,FOUR_YEAR,https://www.manchester.edu,,,,,,,,,2026,,,,,https://collegescorecard.ed.gov/,NEEDS_REVIEW,,https://www.muspartans.com,,,,,,,NCAA_D3,Heartland Collegiate Athletic Conference,,,,"NCAA Division III programs do not award athletic scholarships, but student-athletes may receive academic, need-based, and other non-athletic aid.",https://www.ncaa.org/sports/2014/10/6/division-iii.aspx,false,false,https://web3.ncaa.org/directory/memberList?type=12&division=3,NEEDS_REVIEW
Manhattanville University,manhattanville-university,,NY,,PRIVATE,FOUR_YEAR,https://www.mville.edu,,,,,,,,,2026,,,,,https://collegescorecard.ed.gov/,NEEDS_REVIEW,,https://www.govaliants.com,,,,,,,NCAA_D3,Skyline Conference,,,,"NCAA Division III programs do not award athletic scholarships, but student-athletes may receive academic, need-based, and other non-athletic aid.",https://www.ncaa.org/sports/2014/10/6/division-iii.aspx,false,false,https://web3.ncaa.org/directory/memberList?type=12&division=3,NEEDS_REVIEW
Maranatha Baptist University,maranatha-baptist-university,,WI,,PRIVATE,FOUR_YEAR,https://www.mbu.edu/,,,,,,,,,2026,,,,,https://collegescorecard.ed.gov/,NEEDS_REVIEW,,https://mbusabercats.com,,,,,,,NCAA_D3,Independent,,,,"NCAA Division III programs do not award athletic scholarships, but student-athletes may receive academic, need-based, and other non-athletic aid.",https://www.ncaa.org/sports/2014/10/6/division-iii.aspx,false,false,https://web3.ncaa.org/directory/memberList?type=12&division=3,NEEDS_REVIEW
Marian University (Wisconsin),marian-university-wisconsin,,WI,,PRIVATE,FOUR_YEAR,https://www.marianuniversity.edu,,,,,,,,,2026,,,,,https://collegescorecard.ed.gov/,NEEDS_REVIEW,,https://www.sabreathletics.com,,,,,,,NCAA_D3,Northern Athletics Collegiate Conference,,,,"NCAA Division III programs do not award athletic scholarships, but student-athletes may receive academic, need-based, and other non-athletic aid.",https://www.ncaa.org/sports/2014/10/6/division-iii.aspx,false,false,https://web3.ncaa.org/directory/memberList?type=12&division=3,NEEDS_REVIEW
Marietta College,marietta-college,,OH,,PRIVATE,FOUR_YEAR,https://www.marietta.edu/,,,,,,,,,2026,,,,,https://collegescorecard.ed.gov/,NEEDS_REVIEW,,https://pioneers.marietta.edu/,,,,,,,NCAA_D3,Ohio Athletic Conference,,,,"NCAA Division III programs do not award athletic scholarships, but student-athletes may receive academic, need-based, and other non-athletic aid.",https://www.ncaa.org/sports/2014/10/6/division-iii.aspx,false,false,https://web3.ncaa.org/directory/memberList?type=12&division=3,NEEDS_REVIEW
Martin Luther College,martin-luther-college,,MN,,PRIVATE,FOUR_YEAR,https://www.mlc-wels.edu,,,,,,,,,2026,,,,,https://collegescorecard.ed.gov/,NEEDS_REVIEW,,https://www.mlcknights.com,,,,,,,NCAA_D3,Upper Midwest Athletic Conference,,,,"NCAA Division III programs do not award athletic scholarships, but student-athletes may receive academic, need-based, and other non-athletic aid.",https://www.ncaa.org/sports/2014/10/6/division-iii.aspx,false,false,https://web3.ncaa.org/directory/memberList?type=12&division=3,NEEDS_REVIEW
Mary Baldwin University,mary-baldwin-university,,VA,,PRIVATE,FOUR_YEAR,https://www.marybaldwin.edu/,,,,,,,,,2026,,,,,https://collegescorecard.ed.gov/,NEEDS_REVIEW,,https://www.marybaldwinathletics.com,,,,,,,NCAA_D3,USA South Athletic Conference,,,,"NCAA Division III programs do not award athletic scholarships, but student-athletes may receive academic, need-based, and other non-athletic aid.",https://www.ncaa.org/sports/2014/10/6/division-iii.aspx,false,false,https://web3.ncaa.org/directory/memberList?type=12&division=3,NEEDS_REVIEW
Marymount University (Virginia),marymount-university-virginia,,VA,,PRIVATE,FOUR_YEAR,https://www.marymount.edu/,,,,,,,,,2026,,,,,https://collegescorecard.ed.gov/,NEEDS_REVIEW,,https://www.marymountsaints.com,,,,,,,NCAA_D3,Atlantic East Conference,,,,"NCAA Division III programs do not award athletic scholarships, but student-athletes may receive academic, need-based, and other non-athletic aid.",https://www.ncaa.org/sports/2014/10/6/division-iii.aspx,false,false,https://web3.ncaa.org/directory/memberList?type=12&division=3,NEEDS_REVIEW
Marywood University,marywood-university,,PA,,PRIVATE,FOUR_YEAR,https://www.marywood.edu,,,,,,,,,2026,,,,,https://collegescorecard.ed.gov/,NEEDS_REVIEW,,https://www.marywoodpacers.com,,,,,,,NCAA_D3,Atlantic East Conference,,,,"NCAA Division III programs do not award athletic scholarships, but student-athletes may receive academic, need-based, and other non-athletic aid.",https://www.ncaa.org/sports/2014/10/6/division-iii.aspx,false,false,https://web3.ncaa.org/directory/memberList?type=12&division=3,NEEDS_REVIEW
Massachusetts College of Liberal Arts,massachusetts-college-of-liberal-arts,,MA,,PUBLIC,FOUR_YEAR,https://www.mcla.edu/,,,,,,,,,2026,,,,,https://collegescorecard.ed.gov/,NEEDS_REVIEW,,https://athletics.mcla.edu/,,,,,,,NCAA_D3,Massachusetts State Collegiate Athletic Conference,,,,"NCAA Division III programs do not award athletic scholarships, but student-athletes may receive academic, need-based, and other non-athletic aid.",https://www.ncaa.org/sports/2014/10/6/division-iii.aspx,false,false,https://web3.ncaa.org/directory/memberList?type=12&division=3,NEEDS_REVIEW
Massachusetts Maritime Academy,massachusetts-maritime-academy,,MA,,PUBLIC,FOUR_YEAR,https://www.maritime.edu,,,,,,,,,2026,,,,,https://collegescorecard.ed.gov/,NEEDS_REVIEW,,https://www.mmabucs.com,,,,,,,NCAA_D3,Massachusetts State Collegiate Athletic Conference,,,,"NCAA Division III programs do not award athletic scholarships, but student-athletes may receive academic, need-based, and other non-athletic aid.",https://www.ncaa.org/sports/2014/10/6/division-iii.aspx,false,false,https://web3.ncaa.org/directory/memberList?type=12&division=3,NEEDS_REVIEW
McDaniel College,mcdaniel-college,,MD,,PRIVATE,FOUR_YEAR,https://www.mcdaniel.edu/,,,,,,,,,2026,,,,,https://collegescorecard.ed.gov/,NEEDS_REVIEW,,https://www.mcdaniel.edu/athletics,,,,,,,NCAA_D3,Centennial Conference,,,,"NCAA Division III programs do not award athletic scholarships, but student-athletes may receive academic, need-based, and other non-athletic aid.",https://www.ncaa.org/sports/2014/10/6/division-iii.aspx,false,false,https://web3.ncaa.org/directory/memberList?type=12&division=3,NEEDS_REVIEW
McMurry University,mcmurry-university,,TX,,PRIVATE,FOUR_YEAR,https://www.mcm.edu,,,,,,,,,2026,,,,,https://collegescorecard.ed.gov/,NEEDS_REVIEW,,https://www.mcmurrysports.com,,,,,,,NCAA_D3,Southern Collegiate Athletic Conference,,,,"NCAA Division III programs do not award athletic scholarships, but student-athletes may receive academic, need-based, and other non-athletic aid.",https://www.ncaa.org/sports/2014/10/6/division-iii.aspx,false,false,https://web3.ncaa.org/directory/memberList?type=12&division=3,NEEDS_REVIEW
Medgar Evers College,medgar-evers-college,,NY,,PUBLIC,FOUR_YEAR,https://www.mec.cuny.edu,,,,,,,,,2026,,,,,https://collegescorecard.ed.gov/,NEEDS_REVIEW,,https://www.mecathletics.com,,,,,,,NCAA_D3,City University of New York Athletic Conference,,,,"NCAA Division III programs do not award athletic scholarships, but student-athletes may receive academic, need-based, and other non-athletic aid.",https://www.ncaa.org/sports/2014/10/6/division-iii.aspx,false,false,https://web3.ncaa.org/directory/memberList?type=12&division=3,NEEDS_REVIEW
Messiah University,messiah-university,,PA,,PRIVATE,FOUR_YEAR,https://www.messiah.edu,,,,,,,,,2026,,,,,https://collegescorecard.ed.gov/,NEEDS_REVIEW,,https://www.gomessiah.com,,,,,,,NCAA_D3,Middle Atlantic Conferences,,,,"NCAA Division III programs do not award athletic scholarships, but student-athletes may receive academic, need-based, and other non-athletic aid.",https://www.ncaa.org/sports/2014/10/6/division-iii.aspx,false,false,https://web3.ncaa.org/directory/memberList?type=12&division=3,NEEDS_REVIEW
Methodist University,methodist-university,,NC,,PRIVATE,FOUR_YEAR,https://www.methodist.edu,,,,,,,,,2026,,,,,https://collegescorecard.ed.gov/,NEEDS_REVIEW,,https://www.mumonarchs.com,,,,,,,NCAA_D3,USA South Athletic Conference,,,,"NCAA Division III programs do not award athletic scholarships, but student-athletes may receive academic, need-based, and other non-athletic aid.",https://www.ncaa.org/sports/2014/10/6/division-iii.aspx,false,false,https://web3.ncaa.org/directory/memberList?type=12&division=3,NEEDS_REVIEW
Middlebury College,middlebury-college,,VT,,PRIVATE,FOUR_YEAR,https://www.middlebury.edu/,,,,,,,,,2026,,,,,https://collegescorecard.ed.gov/,NEEDS_REVIEW,,https://www.middlebury.edu/athletics,,,,,,,NCAA_D3,New England Small College Athletic Conference,,,,"NCAA Division III programs do not award athletic scholarships, but student-athletes may receive academic, need-based, and other non-athletic aid.",https://www.ncaa.org/sports/2014/10/6/division-iii.aspx,false,false,https://web3.ncaa.org/directory/memberList?type=12&division=3,NEEDS_REVIEW
Millikin University,millikin-university,,IL,,PRIVATE,FOUR_YEAR,https://www.millikin.edu/,,,,,,,,,2026,,,,,https://collegescorecard.ed.gov/,NEEDS_REVIEW,,https://athletics.millikin.edu,,,,,,,NCAA_D3,College Conference of Illinois & Wisconsin,,,,"NCAA Division III programs do not award athletic scholarships, but student-athletes may receive academic, need-based, and other non-athletic aid.",https://www.ncaa.org/sports/2014/10/6/division-iii.aspx,false,false,https://web3.ncaa.org/directory/memberList?type=12&division=3,NEEDS_REVIEW
Milwaukee School of Engineering,milwaukee-school-of-engineering,,WI,,PRIVATE,FOUR_YEAR,https://www.msoe.edu/,,,,,,,,,2026,,,,,https://collegescorecard.ed.gov/,NEEDS_REVIEW,,https://go-raiders.com,,,,,,,NCAA_D3,Northern Athletics Collegiate Conference,,,,"NCAA Division III programs do not award athletic scholarships, but student-athletes may receive academic, need-based, and other non-athletic aid.",https://www.ncaa.org/sports/2014/10/6/division-iii.aspx,false,false,https://web3.ncaa.org/directory/memberList?type=12&division=3,NEEDS_REVIEW
Mitchell College,mitchell-college,,CT,,PRIVATE,FOUR_YEAR,https://www.mitchell.edu,,,,,,,,,2026,,,,,https://collegescorecard.ed.gov/,NEEDS_REVIEW,,https://www.mitchellathletics.com,,,,,,,NCAA_D3,Great Northeast Athletic Conference,,,,"NCAA Division III programs do not award athletic scholarships, but student-athletes may receive academic, need-based, and other non-athletic aid.",https://www.ncaa.org/sports/2014/10/6/division-iii.aspx,false,false,https://web3.ncaa.org/directory/memberList?type=12&division=3,NEEDS_REVIEW
Monmouth College (Illinois),monmouth-college-illinois,,IL,,PRIVATE,FOUR_YEAR,https://www.monmouthcollege.edu,,,,,,,,,2026,,,,,https://collegescorecard.ed.gov/,NEEDS_REVIEW,,https://monmouthscots.com,,,,,,,NCAA_D3,Midwest Conference,,,,"NCAA Division III programs do not award athletic scholarships, but student-athletes may receive academic, need-based, and other non-athletic aid.",https://www.ncaa.org/sports/2014/10/6/division-iii.aspx,false,false,https://web3.ncaa.org/directory/memberList?type=12&division=3,NEEDS_REVIEW
Montclair State University,montclair-state-university,,NJ,,PUBLIC,FOUR_YEAR,https://www.montclair.edu/,,,,,,,,,2026,,,,,https://collegescorecard.ed.gov/,NEEDS_REVIEW,,https://www.montclairathletics.com,,,,,,,NCAA_D3,New Jersey Athletic Conference,,,,"NCAA Division III programs do not award athletic scholarships, but student-athletes may receive academic, need-based, and other non-athletic aid.",https://www.ncaa.org/sports/2014/10/6/division-iii.aspx,false,false,https://web3.ncaa.org/directory/memberList?type=12&division=3,NEEDS_REVIEW
Moravian University,moravian-university,,PA,,PRIVATE,FOUR_YEAR,https://www.moravian.edu,,,,,,,,,2026,,,,,https://collegescorecard.ed.gov/,NEEDS_REVIEW,,https://moraviansports.com/landing/index,,,,,,,NCAA_D3,Landmark Conference,,,,"NCAA Division III programs do not award athletic scholarships, but student-athletes may receive academic, need-based, and other non-athletic aid.",https://www.ncaa.org/sports/2014/10/6/division-iii.aspx,false,false,https://web3.ncaa.org/directory/memberList?type=12&division=3,NEEDS_REVIEW
Mount Aloysius College,mount-aloysius-college,,PA,,PRIVATE,FOUR_YEAR,https://www.mtaloy.edu,,,,,,,,,2026,,,,,https://collegescorecard.ed.gov/,NEEDS_REVIEW,,https://www.mountieathletics.com,,,,,,,NCAA_D3,Allegheny Mountain Collegiate Conference,,,,"NCAA Division III programs do not award athletic scholarships, but student-athletes may receive academic, need-based, and other non-athletic aid.",https://www.ncaa.org/sports/2014/10/6/division-iii.aspx,false,false,https://web3.ncaa.org/directory/memberList?type=12&division=3,NEEDS_REVIEW
Mount Saint Mary College (New York),mount-saint-mary-college-new-york,,NY,,PRIVATE,FOUR_YEAR,https://www.msmc.edu/,,,,,,,,,2026,,,,,https://collegescorecard.ed.gov/,NEEDS_REVIEW,,https://www.msmcknights.com/,,,,,,,NCAA_D3,Skyline Conference,,,,"NCAA Division III programs do not award athletic scholarships, but student-athletes may receive academic, need-based, and other non-athletic aid.",https://www.ncaa.org/sports/2014/10/6/division-iii.aspx,false,false,https://web3.ncaa.org/directory/memberList?type=12&division=3,NEEDS_REVIEW
Mount St. Joseph University,mount-st-joseph-university,,OH,,PRIVATE,FOUR_YEAR,https://www.msj.edu/,,,,,,,,,2026,,,,,https://collegescorecard.ed.gov/,NEEDS_REVIEW,,https://www.msjlions.com,,,,,,,NCAA_D3,Heartland Collegiate Athletic Conference,,,,"NCAA Division III programs do not award athletic scholarships, but student-athletes may receive academic, need-based, and other non-athletic aid.",https://www.ncaa.org/sports/2014/10/6/division-iii.aspx,false,false,https://web3.ncaa.org/directory/memberList?type=12&division=3,NEEDS_REVIEW
Muhlenberg College,muhlenberg-college,,PA,,PRIVATE,FOUR_YEAR,https://www.muhlenberg.edu,,,,,,,,,2026,,,,,https://collegescorecard.ed.gov/,NEEDS_REVIEW,,https://www.muhlenbergsports.com,,,,,,,NCAA_D3,Centennial Conference,,,,"NCAA Division III programs do not award athletic scholarships, but student-athletes may receive academic, need-based, and other non-athletic aid.",https://www.ncaa.org/sports/2014/10/6/division-iii.aspx,false,false,https://web3.ncaa.org/directory/memberList?type=12&division=3,NEEDS_REVIEW
Muskingum University,muskingum-university,,OH,,PRIVATE,FOUR_YEAR,https://www.muskingum.edu,,,,,,,,,2026,,,,,https://collegescorecard.ed.gov/,NEEDS_REVIEW,,https://www.fightingmuskies.com/landing/index,,,,,,,NCAA_D3,Ohio Athletic Conference,,,,"NCAA Division III programs do not award athletic scholarships, but student-athletes may receive academic, need-based, and other non-athletic aid.",https://www.ncaa.org/sports/2014/10/6/division-iii.aspx,false,false,https://web3.ncaa.org/directory/memberList?type=12&division=3,NEEDS_REVIEW
Nazareth University,nazareth-university,,NY,,PRIVATE,FOUR_YEAR,https://www.naz.edu,,,,,,,,,2026,,,,,https://collegescorecard.ed.gov/,NEEDS_REVIEW,,https://www.nazathletics.com,,,,,,,NCAA_D3,Empire 8,,,,"NCAA Division III programs do not award athletic scholarships, but student-athletes may receive academic, need-based, and other non-athletic aid.",https://www.ncaa.org/sports/2014/10/6/division-iii.aspx,false,false,https://web3.ncaa.org/directory/memberList?type=12&division=3,NEEDS_REVIEW
Nebraska Wesleyan University,nebraska-wesleyan-university,,NE,,PRIVATE,FOUR_YEAR,https://www.nebrwesleyan.edu/,,,,,,,,,2026,,,,,https://collegescorecard.ed.gov/,NEEDS_REVIEW,,https://www.nwusports.com/,,,,,,,NCAA_D3,American Rivers Conference,,,,"NCAA Division III programs do not award athletic scholarships, but student-athletes may receive academic, need-based, and other non-athletic aid.",https://www.ncaa.org/sports/2014/10/6/division-iii.aspx,false,false,https://web3.ncaa.org/directory/memberList?type=12&division=3,NEEDS_REVIEW
Neumann University,neumann-university,,PA,,PRIVATE,FOUR_YEAR,https://www.neumann.edu,,,,,,,,,2026,,,,,https://collegescorecard.ed.gov/,NEEDS_REVIEW,,https://www.neumannathletics.com,,,,,,,NCAA_D3,Atlantic East Conference,,,,"NCAA Division III programs do not award athletic scholarships, but student-athletes may receive academic, need-based, and other non-athletic aid.",https://www.ncaa.org/sports/2014/10/6/division-iii.aspx,false,false,https://web3.ncaa.org/directory/memberList?type=12&division=3,NEEDS_REVIEW
New England College,new-england-college,,NH,,PRIVATE,FOUR_YEAR,https://www.nec.edu/,,,,,,,,,2026,,,,,https://collegescorecard.ed.gov/,NEEDS_REVIEW,,https://athletics.nec.edu/,,,,,,,NCAA_D3,Great Northeast Athletic Conference,,,,"NCAA Division III programs do not award athletic scholarships, but student-athletes may receive academic, need-based, and other non-athletic aid.",https://www.ncaa.org/sports/2014/10/6/division-iii.aspx,false,false,https://web3.ncaa.org/directory/memberList?type=12&division=3,NEEDS_REVIEW
New Jersey City University,new-jersey-city-university,,NJ,,PUBLIC,FOUR_YEAR,https://www.njcu.edu,,,,,,,,,2026,,,,,https://collegescorecard.ed.gov/,NEEDS_REVIEW,,https://www.njcugothicknights.com,,,,,,,NCAA_D3,New Jersey Athletic Conference,,,,"NCAA Division III programs do not award athletic scholarships, but student-athletes may receive academic, need-based, and other non-athletic aid.",https://www.ncaa.org/sports/2014/10/6/division-iii.aspx,false,false,https://web3.ncaa.org/directory/memberList?type=12&division=3,NEEDS_REVIEW
New York University,new-york-university,,NY,,PRIVATE,FOUR_YEAR,https://www.nyu.edu,,,,,,,,,2026,,,,,https://collegescorecard.ed.gov/,NEEDS_REVIEW,,https://www.gonyuathletics.com,,,,,,,NCAA_D3,University Athletic Association,,,,"NCAA Division III programs do not award athletic scholarships, but student-athletes may receive academic, need-based, and other non-athletic aid.",https://www.ncaa.org/sports/2014/10/6/division-iii.aspx,false,false,https://web3.ncaa.org/directory/memberList?type=12&division=3,NEEDS_REVIEW
Nichols College,nichols-college,,MA,,PRIVATE,FOUR_YEAR,https://www.nichols.edu,,,,,,,,,2026,,,,,https://collegescorecard.ed.gov/,NEEDS_REVIEW,,https://www.nicholsathletics.com,,,,,,,NCAA_D3,Conference of New England,,,,"NCAA Division III programs do not award athletic scholarships, but student-athletes may receive academic, need-based, and other non-athletic aid.",https://www.ncaa.org/sports/2014/10/6/division-iii.aspx,false,false,https://web3.ncaa.org/directory/memberList?type=12&division=3,NEEDS_REVIEW
North Carolina Wesleyan University,north-carolina-wesleyan-university,,NC,,PRIVATE,FOUR_YEAR,https://ncwu.edu/,,,,,,,,,2026,,,,,https://collegescorecard.ed.gov/,NEEDS_REVIEW,,https://ncwsports.com/,,,,,,,NCAA_D3,USA South Athletic Conference,,,,"NCAA Division III programs do not award athletic scholarships, but student-athletes may receive academic, need-based, and other non-athletic aid.",https://www.ncaa.org/sports/2014/10/6/division-iii.aspx,false,false,https://web3.ncaa.org/directory/memberList?type=12&division=3,NEEDS_REVIEW
North Central College,north-central-college,,IL,,PRIVATE,FOUR_YEAR,https://noctrl.edu/,,,,,,,,,2026,,,,,https://collegescorecard.ed.gov/,NEEDS_REVIEW,,https://northcentralcardinals.com,,,,,,,NCAA_D3,College Conference of Illinois & Wisconsin,,,,"NCAA Division III programs do not award athletic scholarships, but student-athletes may receive academic, need-based, and other non-athletic aid.",https://www.ncaa.org/sports/2014/10/6/division-iii.aspx,false,false,https://web3.ncaa.org/directory/memberList?type=12&division=3,NEEDS_REVIEW
North Central University,north-central-university,,MN,,PRIVATE,FOUR_YEAR,https://www.northcentral.edu/,,,,,,,,,2026,,,,,https://collegescorecard.ed.gov/,NEEDS_REVIEW,,https://www.ncurams.com,,,,,,,NCAA_D3,Upper Midwest Athletic Conference,,,,"NCAA Division III programs do not award athletic scholarships, but student-athletes may receive academic, need-based, and other non-athletic aid.",https://www.ncaa.org/sports/2014/10/6/division-iii.aspx,false,false,https://web3.ncaa.org/directory/memberList?type=12&division=3,NEEDS_REVIEW
North Park University,north-park-university,,IL,,PRIVATE,FOUR_YEAR,https://www.northpark.edu/,,,,,,,,,2026,,,,,https://collegescorecard.ed.gov/,NEEDS_REVIEW,,https://www.northpark.edu/athletics/,,,,,,,NCAA_D3,College Conference of Illinois & Wisconsin,,,,"NCAA Division III programs do not award athletic scholarships, but student-athletes may receive academic, need-based, and other non-athletic aid.",https://www.ncaa.org/sports/2014/10/6/division-iii.aspx,false,false,https://web3.ncaa.org/directory/memberList?type=12&division=3,NEEDS_REVIEW
Norwich University,norwich-university,,VT,,PRIVATE,FOUR_YEAR,https://www.norwich.edu,,,,,,,,,2026,,,,,https://collegescorecard.ed.gov/,NEEDS_REVIEW,,https://www.norwichathletics.com,,,,,,,NCAA_D3,Great Northeast Athletic Conference,,,,"NCAA Division III programs do not award athletic scholarships, but student-athletes may receive academic, need-based, and other non-athletic aid.",https://www.ncaa.org/sports/2014/10/6/division-iii.aspx,false,false,https://web3.ncaa.org/directory/memberList?type=12&division=3,NEEDS_REVIEW
Notre Dame of Maryland University,notre-dame-of-maryland-university,,MD,,PRIVATE,FOUR_YEAR,https://www.ndm.edu,,,,,,,,,2026,,,,,https://collegescorecard.ed.gov/,NEEDS_REVIEW,,https://www.notredamegators.com,,,,,,,NCAA_D3,United East Conference,,,,"NCAA Division III programs do not award athletic scholarships, but student-athletes may receive academic, need-based, and other non-athletic aid.",https://www.ncaa.org/sports/2014/10/6/division-iii.aspx,false,false,https://web3.ncaa.org/directory/memberList?type=12&division=3,NEEDS_REVIEW
Oberlin College,oberlin-college,,OH,,PRIVATE,FOUR_YEAR,https://www.oberlin.edu/,,,,,,,,,2026,,,,,https://collegescorecard.ed.gov/,NEEDS_REVIEW,,https://www.goyeo.com,,,,,,,NCAA_D3,North Coast Athletic Conference,,,,"NCAA Division III programs do not award athletic scholarships, but student-athletes may receive academic, need-based, and other non-athletic aid.",https://www.ncaa.org/sports/2014/10/6/division-iii.aspx,false,false,https://web3.ncaa.org/directory/memberList?type=12&division=3,NEEDS_REVIEW
Occidental College,occidental-college,,CA,,PRIVATE,FOUR_YEAR,https://www.oxy.edu,,,,,,,,,2026,,,,,https://collegescorecard.ed.gov/,NEEDS_REVIEW,,https://www.oxyathletics.com,,,,,,,NCAA_D3,Southern California Intercollegiate Athletic Conf.,,,,"NCAA Division III programs do not award athletic scholarships, but student-athletes may receive academic, need-based, and other non-athletic aid.",https://www.ncaa.org/sports/2014/10/6/division-iii.aspx,false,false,https://web3.ncaa.org/directory/memberList?type=12&division=3,NEEDS_REVIEW
Oglethorpe University,oglethorpe-university,,GA,,PRIVATE,FOUR_YEAR,https://www.oglethorpe.edu,,,,,,,,,2026,,,,,https://collegescorecard.ed.gov/,NEEDS_REVIEW,,https://www.gopetrels.com,,,,,,,NCAA_D3,Southern Athletic Association,,,,"NCAA Division III programs do not award athletic scholarships, but student-athletes may receive academic, need-based, and other non-athletic aid.",https://www.ncaa.org/sports/2014/10/6/division-iii.aspx,false,false,https://web3.ncaa.org/directory/memberList?type=12&division=3,NEEDS_REVIEW
Ohio Northern University,ohio-northern-university,,OH,,PRIVATE,FOUR_YEAR,https://www.onu.edu/,,,,,,,,,2026,,,,,https://collegescorecard.ed.gov/,NEEDS_REVIEW,,https://onusports.com/landing/index,,,,,,,NCAA_D3,Ohio Athletic Conference,,,,"NCAA Division III programs do not award athletic scholarships, but student-athletes may receive academic, need-based, and other non-athletic aid.",https://www.ncaa.org/sports/2014/10/6/division-iii.aspx,false,false,https://web3.ncaa.org/directory/memberList?type=12&division=3,NEEDS_REVIEW
Ohio Wesleyan University,ohio-wesleyan-university,,OH,,PRIVATE,FOUR_YEAR,https://www.owu.edu,,,,,,,,,2026,,,,,https://collegescorecard.ed.gov/,NEEDS_REVIEW,,https://battlingbishops.com/,,,,,,,NCAA_D3,North Coast Athletic Conference,,,,"NCAA Division III programs do not award athletic scholarships, but student-athletes may receive academic, need-based, and other non-athletic aid.",https://www.ncaa.org/sports/2014/10/6/division-iii.aspx,false,false,https://web3.ncaa.org/directory/memberList?type=12&division=3,NEEDS_REVIEW
Otterbein University,otterbein-university,,OH,,PRIVATE,FOUR_YEAR,https://www.otterbein.edu/,,,,,,,,,2026,,,,,https://collegescorecard.ed.gov/,NEEDS_REVIEW,,https://www.otterbeincardinals.com,,,,,,,NCAA_D3,Ohio Athletic Conference,,,,"NCAA Division III programs do not award athletic scholarships, but student-athletes may receive academic, need-based, and other non-athletic aid.",https://www.ncaa.org/sports/2014/10/6/division-iii.aspx,false,false,https://web3.ncaa.org/directory/memberList?type=12&division=3,NEEDS_REVIEW
Pacific Lutheran University,pacific-lutheran-university,,WA,,PRIVATE,FOUR_YEAR,https://www.plu.edu/,,,,,,,,,2026,,,,,https://collegescorecard.ed.gov/,NEEDS_REVIEW,,https://www.golutes.com,,,,,,,NCAA_D3,Northwest Conference,,,,"NCAA Division III programs do not award athletic scholarships, but student-athletes may receive academic, need-based, and other non-athletic aid.",https://www.ncaa.org/sports/2014/10/6/division-iii.aspx,false,false,https://web3.ncaa.org/directory/memberList?type=12&division=3,NEEDS_REVIEW
Pacific University (Oregon),pacific-university-oregon,,OR,,PRIVATE,FOUR_YEAR,https://www.pacificu.edu/,,,,,,,,,2026,,,,,https://collegescorecard.ed.gov/,NEEDS_REVIEW,,https://www.goboxers.com,,,,,,,NCAA_D3,Northwest Conference,,,,"NCAA Division III programs do not award athletic scholarships, but student-athletes may receive academic, need-based, and other non-athletic aid.",https://www.ncaa.org/sports/2014/10/6/division-iii.aspx,false,false,https://web3.ncaa.org/directory/memberList?type=12&division=3,NEEDS_REVIEW
Penn State Berks College,penn-state-berks-college,,PA,,PUBLIC,FOUR_YEAR,https://www.berks.psu.edu,,,,,,,,,2026,,,,,https://collegescorecard.ed.gov/,NEEDS_REVIEW,,https://www.psuberksathletics.com,,,,,,,NCAA_D3,United East Conference,,,,"NCAA Division III programs do not award athletic scholarships, but student-athletes may receive academic, need-based, and other non-athletic aid.",https://www.ncaa.org/sports/2014/10/6/division-iii.aspx,false,false,https://web3.ncaa.org/directory/memberList?type=12&division=3,NEEDS_REVIEW
Penn State Brandywine,penn-state-brandywine,,PA,,PUBLIC,FOUR_YEAR,https://www.brandywine.psu.edu/,,,,,,,,,2026,,,,,https://collegescorecard.ed.gov/,NEEDS_REVIEW,,https://www.psubrandywineathletics.com/landing/index,,,,,,,NCAA_D3,United East Conference,,,,"NCAA Division III programs do not award athletic scholarships, but student-athletes may receive academic, need-based, and other non-athletic aid.",https://www.ncaa.org/sports/2014/10/6/division-iii.aspx,false,false,https://web3.ncaa.org/directory/memberList?type=12&division=3,NEEDS_REVIEW
"Penn State University, Abington",penn-state-university-abington,,PA,,PUBLIC,FOUR_YEAR,https://www.abington.psu.edu,,,,,,,,,2026,,,,,https://collegescorecard.ed.gov/,NEEDS_REVIEW,,https://www.abingtonsports.com,,,,,,,NCAA_D3,United East Conference,,,,"NCAA Division III programs do not award athletic scholarships, but student-athletes may receive academic, need-based, and other non-athletic aid.",https://www.ncaa.org/sports/2014/10/6/division-iii.aspx,false,false,https://web3.ncaa.org/directory/memberList?type=12&division=3,NEEDS_REVIEW
"Penn State University, Altoona",penn-state-university-altoona,,PA,,PUBLIC,FOUR_YEAR,https://www.altoona.psu.edu,,,,,,,,,2026,,,,,https://collegescorecard.ed.gov/,NEEDS_REVIEW,,https://www.psaltoonalions.com,,,,,,,NCAA_D3,Allegheny Mountain Collegiate Conference,,,,"NCAA Division III programs do not award athletic scholarships, but student-athletes may receive academic, need-based, and other non-athletic aid.",https://www.ncaa.org/sports/2014/10/6/division-iii.aspx,false,false,https://web3.ncaa.org/directory/memberList?type=12&division=3,NEEDS_REVIEW
Pennsylvania College of Technology,pennsylvania-college-of-technology,,PA,,PUBLIC,FOUR_YEAR,https://www.pct.edu,,,,,,,,,2026,,,,,https://collegescorecard.ed.gov/,NEEDS_REVIEW,,https://athletics.pct.edu,,,,,,,NCAA_D3,United East Conference,,,,"NCAA Division III programs do not award athletic scholarships, but student-athletes may receive academic, need-based, and other non-athletic aid.",https://www.ncaa.org/sports/2014/10/6/division-iii.aspx,false,false,https://web3.ncaa.org/directory/memberList?type=12&division=3,NEEDS_REVIEW
"Pennsylvania State Univ. Erie, the Behrend College",pennsylvania-state-univ-erie-the-behrend-college,,PA,,PUBLIC,FOUR_YEAR,https://pserie.psu.edu,,,,,,,,,2026,,,,,https://collegescorecard.ed.gov/,NEEDS_REVIEW,,https://PSBLions.com,,,,,,,NCAA_D3,Allegheny Mountain Collegiate Conference,,,,"NCAA Division III programs do not award athletic scholarships, but student-athletes may receive academic, need-based, and other non-athletic aid.",https://www.ncaa.org/sports/2014/10/6/division-iii.aspx,false,false,https://web3.ncaa.org/directory/memberList?type=12&division=3,NEEDS_REVIEW
Pfeiffer University,pfeiffer-university,,NC,,PRIVATE,FOUR_YEAR,https://www.Pfeiffer.edu,,,,,,,,,2026,,,,,https://collegescorecard.ed.gov/,NEEDS_REVIEW,,https://www.gofalconsports.com,,,,,,,NCAA_D3,USA South Athletic Conference,,,,"NCAA Division III programs do not award athletic scholarships, but student-athletes may receive academic, need-based, and other non-athletic aid.",https://www.ncaa.org/sports/2014/10/6/division-iii.aspx,false,false,https://web3.ncaa.org/directory/memberList?type=12&division=3,NEEDS_REVIEW
Piedmont University,piedmont-university,,GA,,PRIVATE,FOUR_YEAR,https://www.piedmont.edu/,,,,,,,,,2026,,,,,https://collegescorecard.ed.gov/,NEEDS_REVIEW,,https://www.piedmontlions.com,,,,,,,NCAA_D3,Collegiate Conference of the South,,,,"NCAA Division III programs do not award athletic scholarships, but student-athletes may receive academic, need-based, and other non-athletic aid.",https://www.ncaa.org/sports/2014/10/6/division-iii.aspx,false,false,https://web3.ncaa.org/directory/memberList?type=12&division=3,NEEDS_REVIEW
Plattsburgh State University of New York,plattsburgh-state-university-of-new-york,,NY,,PUBLIC,FOUR_YEAR,https://www.plattsburgh.edu/,,,,,,,,,2026,,,,,https://collegescorecard.ed.gov/,NEEDS_REVIEW,,https://www.gocardinalsports.com/,,,,,,,NCAA_D3,State University of New York Athletic Conference,,,,"NCAA Division III programs do not award athletic scholarships, but student-athletes may receive academic, need-based, and other non-athletic aid.",https://www.ncaa.org/sports/2014/10/6/division-iii.aspx,false,false,https://web3.ncaa.org/directory/memberList?type=12&division=3,NEEDS_REVIEW
Plymouth State University,plymouth-state-university,,NH,,PUBLIC,FOUR_YEAR,https://www.plymouth.edu/,,,,,,,,,2026,,,,,https://collegescorecard.ed.gov/,NEEDS_REVIEW,,https://athletics.plymouth.edu/,,,,,,,NCAA_D3,Little East Conference,,,,"NCAA Division III programs do not award athletic scholarships, but student-athletes may receive academic, need-based, and other non-athletic aid.",https://www.ncaa.org/sports/2014/10/6/division-iii.aspx,false,false,https://web3.ncaa.org/directory/memberList?type=12&division=3,NEEDS_REVIEW
Pomona-Pitzer Colleges,pomona-pitzer-colleges,,CA,,PRIVATE,FOUR_YEAR,https://www.pomona.edu; www.pitzer.edu,,,,,,,,,2026,,,,,https://collegescorecard.ed.gov/,NEEDS_REVIEW,,https://www.sagehens.com,,,,,,,NCAA_D3,Southern California Intercollegiate Athletic Conf.,,,,"NCAA Division III programs do not award athletic scholarships, but student-athletes may receive academic, need-based, and other non-athletic aid.",https://www.ncaa.org/sports/2014/10/6/division-iii.aspx,false,false,https://web3.ncaa.org/directory/memberList?type=12&division=3,NEEDS_REVIEW
Pratt Institute,pratt-institute,,NY,,PRIVATE,FOUR_YEAR,https://www.pratt.edu,,,,,,,,,2026,,,,,https://collegescorecard.ed.gov/,NEEDS_REVIEW,,https://www.goprattgo.com,,,,,,,NCAA_D3,Atlantic East Conference,,,,"NCAA Division III programs do not award athletic scholarships, but student-athletes may receive academic, need-based, and other non-athletic aid.",https://www.ncaa.org/sports/2014/10/6/division-iii.aspx,false,false,https://web3.ncaa.org/directory/memberList?type=12&division=3,NEEDS_REVIEW
Principia College,principia-college,,IL,,PRIVATE,FOUR_YEAR,https://www.principiacollege.edu,,,,,,,,,2026,,,,,https://collegescorecard.ed.gov/,NEEDS_REVIEW,,https://www.principiaathletics.com,,,,,,,NCAA_D3,St. Louis Intercollegiate Athletic Conference,,,,"NCAA Division III programs do not award athletic scholarships, but student-athletes may receive academic, need-based, and other non-athletic aid.",https://www.ncaa.org/sports/2014/10/6/division-iii.aspx,false,false,https://web3.ncaa.org/directory/memberList?type=12&division=3,NEEDS_REVIEW
"Purchase College, State University of New York",purchase-college-state-university-of-new-york,,NY,,PUBLIC,FOUR_YEAR,https://www.purchase.edu,,,,,,,,,2026,,,,,https://collegescorecard.ed.gov/,NEEDS_REVIEW,,https://www.purchasecollegeathletics.com,,,,,,,NCAA_D3,Skyline Conference,,,,"NCAA Division III programs do not award athletic scholarships, but student-athletes may receive academic, need-based, and other non-athletic aid.",https://www.ncaa.org/sports/2014/10/6/division-iii.aspx,false,false,https://web3.ncaa.org/directory/memberList?type=12&division=3,NEEDS_REVIEW
Ramapo College,ramapo-college,,NJ,,PUBLIC,FOUR_YEAR,https://www.ramapo.edu,,,,,,,,,2026,,,,,https://collegescorecard.ed.gov/,NEEDS_REVIEW,,https://www.ramapoathletics.com,,,,,,,NCAA_D3,New Jersey Athletic Conference,,,,"NCAA Division III programs do not award athletic scholarships, but student-athletes may receive academic, need-based, and other non-athletic aid.",https://www.ncaa.org/sports/2014/10/6/division-iii.aspx,false,false,https://web3.ncaa.org/directory/memberList?type=12&division=3,NEEDS_REVIEW
Randolph College,randolph-college,,VA,,PRIVATE,FOUR_YEAR,https://www.randolphcollege.edu,,,,,,,,,2026,,,,,https://collegescorecard.ed.gov/,NEEDS_REVIEW,,https://www.randolphwildcats.com,,,,,,,NCAA_D3,Old Dominion Athletic Conf.,,,,"NCAA Division III programs do not award athletic scholarships, but student-athletes may receive academic, need-based, and other non-athletic aid.",https://www.ncaa.org/sports/2014/10/6/division-iii.aspx,false,false,https://web3.ncaa.org/directory/memberList?type=12&division=3,NEEDS_REVIEW
Randolph-Macon College,randolph-macon-college,,VA,,PRIVATE,FOUR_YEAR,https://www.rmc.edu,,,,,,,,,2026,,,,,https://collegescorecard.ed.gov/,NEEDS_REVIEW,,https://www.rmcathletics.com,,,,,,,NCAA_D3,Old Dominion Athletic Conf.,,,,"NCAA Division III programs do not award athletic scholarships, but student-athletes may receive academic, need-based, and other non-athletic aid.",https://www.ncaa.org/sports/2014/10/6/division-iii.aspx,false,false,https://web3.ncaa.org/directory/memberList?type=12&division=3,NEEDS_REVIEW
Regent University,regent-university,,VA,,PUBLIC,FOUR_YEAR,https://www.regent.edu,,,,,,,,,2026,,,,,https://collegescorecard.ed.gov/,NEEDS_REVIEW,,https://www.regent.edu/athletics/,,,,,,,NCAA_D3,Coast-To-Coast Athletic Conference,,,,"NCAA Division III programs do not award athletic scholarships, but student-athletes may receive academic, need-based, and other non-athletic aid.",https://www.ncaa.org/sports/2014/10/6/division-iii.aspx,false,false,https://web3.ncaa.org/directory/memberList?type=12&division=3,NEEDS_REVIEW
Regis College (Massachusetts),regis-college-massachusetts,,MA,,PRIVATE,FOUR_YEAR,https://www.regiscollege.edu/,,,,,,,,,2026,,,,,https://collegescorecard.ed.gov/,NEEDS_REVIEW,,https://www.goregispride.com,,,,,,,NCAA_D3,Great Northeast Athletic Conference,,,,"NCAA Division III programs do not award athletic scholarships, but student-athletes may receive academic, need-based, and other non-athletic aid.",https://www.ncaa.org/sports/2014/10/6/division-iii.aspx,false,false,https://web3.ncaa.org/directory/memberList?type=12&division=3,NEEDS_REVIEW
Rensselaer Polytechnic Institute,rensselaer-polytechnic-institute,,NY,,PRIVATE,FOUR_YEAR,https://www.rpi.edu,,,,,,,,,2026,,,,,https://collegescorecard.ed.gov/,NEEDS_REVIEW,,https://www.rpiathletics.com,https://www.rpiathletics.com/sports/baseball/roster,,,,,,NCAA_D3,Liberty League,,,,"NCAA Division III programs do not award athletic scholarships, but student-athletes may receive academic, need-based, and other non-athletic aid.",https://www.ncaa.org/sports/2014/10/6/division-iii.aspx,false,false,https://web3.ncaa.org/directory/memberList?type=12&division=3,NEEDS_REVIEW
Rhode Island College,rhode-island-college,,RI,,PUBLIC,FOUR_YEAR,https://www.ric.edu,,,,,,,,,2026,,,,,https://collegescorecard.ed.gov/,NEEDS_REVIEW,,https://www.goanchormen.com,,,,,,,NCAA_D3,Little East Conference,,,,"NCAA Division III programs do not award athletic scholarships, but student-athletes may receive academic, need-based, and other non-athletic aid.",https://www.ncaa.org/sports/2014/10/6/division-iii.aspx,false,false,https://web3.ncaa.org/directory/memberList?type=12&division=3,NEEDS_REVIEW
Rhodes College,rhodes-college,,TN,,PRIVATE,FOUR_YEAR,https://www.rhodes.edu/,,,,,,,,,2026,,,,,https://collegescorecard.ed.gov/,NEEDS_REVIEW,,https://www.rhodeslynx.com,,,,,,,NCAA_D3,Southern Athletic Association,,,,"NCAA Division III programs do not award athletic scholarships, but student-athletes may receive academic, need-based, and other non-athletic aid.",https://www.ncaa.org/sports/2014/10/6/division-iii.aspx,false,false,https://web3.ncaa.org/directory/memberList?type=12&division=3,NEEDS_REVIEW
Ripon College,ripon-college,,WI,,PRIVATE,FOUR_YEAR,https://www.ripon.edu,,,,,,,,,2026,,,,,https://collegescorecard.ed.gov/,NEEDS_REVIEW,,https://riponredhawks.com/,,,,,,,NCAA_D3,Midwest Conference,,,,"NCAA Division III programs do not award athletic scholarships, but student-athletes may receive academic, need-based, and other non-athletic aid.",https://www.ncaa.org/sports/2014/10/6/division-iii.aspx,false,false,https://web3.ncaa.org/directory/memberList?type=12&division=3,NEEDS_REVIEW
Rivier University,rivier-university,,NH,,PRIVATE,FOUR_YEAR,https://www.rivier.edu,,,,,,,,,2026,,,,,https://collegescorecard.ed.gov/,NEEDS_REVIEW,,https://www.rivierathletics.com,,,,,,,NCAA_D3,Great Northeast Athletic Conference,,,,"NCAA Division III programs do not award athletic scholarships, but student-athletes may receive academic, need-based, and other non-athletic aid.",https://www.ncaa.org/sports/2014/10/6/division-iii.aspx,false,false,https://web3.ncaa.org/directory/memberList?type=12&division=3,NEEDS_REVIEW
Rochester Institute of Technology,rochester-institute-of-technology,,NY,,PRIVATE,FOUR_YEAR,https://www.rit.edu/,,,,,,,,,2026,,,,,https://collegescorecard.ed.gov/,NEEDS_REVIEW,,https://www.ritathletics.com,,,,,,,NCAA_D3,Liberty League,,,,"NCAA Division III programs do not award athletic scholarships, but student-athletes may receive academic, need-based, and other non-athletic aid.",https://www.ncaa.org/sports/2014/10/6/division-iii.aspx,false,false,https://web3.ncaa.org/directory/memberList?type=12&division=3,NEEDS_REVIEW
Rockford University,rockford-university,,IL,,PRIVATE,FOUR_YEAR,https://www.rockford.edu,,,,,,,,,2026,,,,,https://collegescorecard.ed.gov/,NEEDS_REVIEW,,https://www.rockfordregents.com,,,,,,,NCAA_D3,Northern Athletics Collegiate Conference,,,,"NCAA Division III programs do not award athletic scholarships, but student-athletes may receive academic, need-based, and other non-athletic aid.",https://www.ncaa.org/sports/2014/10/6/division-iii.aspx,false,false,https://web3.ncaa.org/directory/memberList?type=12&division=3,NEEDS_REVIEW
Roger Williams University,roger-williams-university,,RI,,PRIVATE,FOUR_YEAR,https://www.rwu.edu/,,,,,,,,,2026,,,,,https://collegescorecard.ed.gov/,NEEDS_REVIEW,,https://www.rwuhawks.com,,,,,,,NCAA_D3,Conference of New England,,,,"NCAA Division III programs do not award athletic scholarships, but student-athletes may receive academic, need-based, and other non-athletic aid.",https://www.ncaa.org/sports/2014/10/6/division-iii.aspx,false,false,https://web3.ncaa.org/directory/memberList?type=12&division=3,NEEDS_REVIEW
Rose-Hulman Institute of Technology,rose-hulman-institute-of-technology,,IN,,PRIVATE,FOUR_YEAR,https://www.rose-hulman.edu/,,,,,,,,,2026,,,,,https://collegescorecard.ed.gov/,NEEDS_REVIEW,,https://www.rose-hulman.edu/athletics,,,,,,,NCAA_D3,Heartland Collegiate Athletic Conference,,,,"NCAA Division III programs do not award athletic scholarships, but student-athletes may receive academic, need-based, and other non-athletic aid.",https://www.ncaa.org/sports/2014/10/6/division-iii.aspx,false,false,https://web3.ncaa.org/directory/memberList?type=12&division=3,NEEDS_REVIEW
Rosemont College,rosemont-college,,PA,,PRIVATE,FOUR_YEAR,https://www.rosemont.edu/,,,,,,,,,2026,,,,,https://collegescorecard.ed.gov/,NEEDS_REVIEW,,https://www.rosemont-ravens.com,,,,,,,NCAA_D3,Independent,,,,"NCAA Division III programs do not award athletic scholarships, but student-athletes may receive academic, need-based, and other non-athletic aid.",https://www.ncaa.org/sports/2014/10/6/division-iii.aspx,false,false,https://web3.ncaa.org/directory/memberList?type=12&division=3,NEEDS_REVIEW
Rowan University,rowan-university,,NJ,,PUBLIC,FOUR_YEAR,https://www.rowan.edu/,,,,,,,,,2026,,,,,https://collegescorecard.ed.gov/,NEEDS_REVIEW,,https://www.rowanathletics.com,,,,,,,NCAA_D3,New Jersey Athletic Conference,,,,"NCAA Division III programs do not award athletic scholarships, but student-athletes may receive academic, need-based, and other non-athletic aid.",https://www.ncaa.org/sports/2014/10/6/division-iii.aspx,false,false,https://web3.ncaa.org/directory/memberList?type=12&division=3,NEEDS_REVIEW
Russell Sage College,russell-sage-college,,NY,,PRIVATE,FOUR_YEAR,https://www.sage.edu/,,,,,,,,,2026,,,,,https://collegescorecard.ed.gov/,NEEDS_REVIEW,,https://www.sagegators.com,,,,,,,NCAA_D3,Empire 8,,,,"NCAA Division III programs do not award athletic scholarships, but student-athletes may receive academic, need-based, and other non-athletic aid.",https://www.ncaa.org/sports/2014/10/6/division-iii.aspx,false,false,https://web3.ncaa.org/directory/memberList?type=12&division=3,NEEDS_REVIEW
"Rutgers, The State Univ. of New Jersey, Camden",rutgers-the-state-univ-of-new-jersey-camden,,NJ,,PUBLIC,FOUR_YEAR,https://www.camden.rutgers.edu,,,,,,,,,2026,,,,,https://collegescorecard.ed.gov/,NEEDS_REVIEW,,https://www.scarletraptors.com,,,,,,,NCAA_D3,New Jersey Athletic Conference,,,,"NCAA Division III programs do not award athletic scholarships, but student-athletes may receive academic, need-based, and other non-athletic aid.",https://www.ncaa.org/sports/2014/10/6/division-iii.aspx,false,false,https://web3.ncaa.org/directory/memberList?type=12&division=3,NEEDS_REVIEW
"Rutgers, The State Univ. of New Jersey, Newark",rutgers-the-state-univ-of-new-jersey-newark,,NJ,,PUBLIC,FOUR_YEAR,https://www.newark.rutgers.edu,,,,,,,,,2026,,,,,https://collegescorecard.ed.gov/,NEEDS_REVIEW,,https://www.rutgersnewarkathletics.com,,,,,,,NCAA_D3,New Jersey Athletic Conference,,,,"NCAA Division III programs do not award athletic scholarships, but student-athletes may receive academic, need-based, and other non-athletic aid.",https://www.ncaa.org/sports/2014/10/6/division-iii.aspx,false,false,https://web3.ncaa.org/directory/memberList?type=12&division=3,NEEDS_REVIEW
Saint Elizabeth University,saint-elizabeth-university,,NJ,,PRIVATE,FOUR_YEAR,https://www.steu.edu,,,,,,,,,2026,,,,,https://collegescorecard.ed.gov/,NEEDS_REVIEW,,https://seueagles.com,,,,,,,NCAA_D3,Atlantic East Conference,,,,"NCAA Division III programs do not award athletic scholarships, but student-athletes may receive academic, need-based, and other non-athletic aid.",https://www.ncaa.org/sports/2014/10/6/division-iii.aspx,false,false,https://web3.ncaa.org/directory/memberList?type=12&division=3,NEEDS_REVIEW
Saint John's University (Minnesota),saint-john-s-university-minnesota,,MN,,PRIVATE,FOUR_YEAR,https://www.csbsju.edu,,,,,,,,,2026,,,,,https://collegescorecard.ed.gov/,NEEDS_REVIEW,,https://www.gojohnnies.com,,,,,,,NCAA_D3,Minnesota Intercollegiate Athletic Conference,,,,"NCAA Division III programs do not award athletic scholarships, but student-athletes may receive academic, need-based, and other non-athletic aid.",https://www.ncaa.org/sports/2014/10/6/division-iii.aspx,false,false,https://web3.ncaa.org/directory/memberList?type=12&division=3,NEEDS_REVIEW
Saint Joseph's College (Maine),saint-joseph-s-college-maine,,ME,,PRIVATE,FOUR_YEAR,https://www.sjcme.edu,,,,,,,,,2026,,,,,https://collegescorecard.ed.gov/,NEEDS_REVIEW,,https://www.gomonks.com,,,,,,,NCAA_D3,Great Northeast Athletic Conference,,,,"NCAA Division III programs do not award athletic scholarships, but student-athletes may receive academic, need-based, and other non-athletic aid.",https://www.ncaa.org/sports/2014/10/6/division-iii.aspx,false,false,https://web3.ncaa.org/directory/memberList?type=12&division=3,NEEDS_REVIEW
Saint Mary's College (Indiana),saint-mary-s-college-indiana,,IN,,PRIVATE,FOUR_YEAR,https://www.saintmarys.edu/,,,,,,,,,2026,,,,,https://collegescorecard.ed.gov/,NEEDS_REVIEW,,https://belles.saintmarys.edu,,,,,,,NCAA_D3,Michigan Intercollegiate Athletic Association,,,,"NCAA Division III programs do not award athletic scholarships, but student-athletes may receive academic, need-based, and other non-athletic aid.",https://www.ncaa.org/sports/2014/10/6/division-iii.aspx,false,false,https://web3.ncaa.org/directory/memberList?type=12&division=3,NEEDS_REVIEW
Saint Mary's University of Minnesota,saint-mary-s-university-of-minnesota,,MN,,PRIVATE,FOUR_YEAR,https://www.smumn.edu,,,,,,,,,2026,,,,,https://collegescorecard.ed.gov/,NEEDS_REVIEW,,https://www.saintmaryssports.com,,,,,,,NCAA_D3,Minnesota Intercollegiate Athletic Conference,,,,"NCAA Division III programs do not award athletic scholarships, but student-athletes may receive academic, need-based, and other non-athletic aid.",https://www.ncaa.org/sports/2014/10/6/division-iii.aspx,false,false,https://web3.ncaa.org/directory/memberList?type=12&division=3,NEEDS_REVIEW
Salem State University,salem-state-university,,MA,,PUBLIC,FOUR_YEAR,https://www.salemstate.edu,,,,,,,,,2026,,,,,https://collegescorecard.ed.gov/,NEEDS_REVIEW,,https://www.salemstatevikings.com,,,,,,,NCAA_D3,Massachusetts State Collegiate Athletic Conference,,,,"NCAA Division III programs do not award athletic scholarships, but student-athletes may receive academic, need-based, and other non-athletic aid.",https://www.ncaa.org/sports/2014/10/6/division-iii.aspx,false,false,https://web3.ncaa.org/directory/memberList?type=12&division=3,NEEDS_REVIEW
Salisbury University,salisbury-university,,MD,,PUBLIC,FOUR_YEAR,https://www.salisbury.edu/,,,,,,,,,2026,,,,,https://collegescorecard.ed.gov/,NEEDS_REVIEW,,https://www.suseagulls.com,,,,,,,NCAA_D3,Coast-To-Coast Athletic Conference,,,,"NCAA Division III programs do not award athletic scholarships, but student-athletes may receive academic, need-based, and other non-athletic aid.",https://www.ncaa.org/sports/2014/10/6/division-iii.aspx,false,false,https://web3.ncaa.org/directory/memberList?type=12&division=3,NEEDS_REVIEW
Sarah Lawrence College,sarah-lawrence-college,,NY,,PRIVATE,FOUR_YEAR,https://www.sarahlawrence.edu,,,,,,,,,2026,,,,,https://collegescorecard.ed.gov/,NEEDS_REVIEW,,https://www.gogryphons.com,,,,,,,NCAA_D3,Skyline Conference,,,,"NCAA Division III programs do not award athletic scholarships, but student-athletes may receive academic, need-based, and other non-athletic aid.",https://www.ncaa.org/sports/2014/10/6/division-iii.aspx,false,false,https://web3.ncaa.org/directory/memberList?type=12&division=3,NEEDS_REVIEW
Schreiner University,schreiner-university,,TX,,PRIVATE,FOUR_YEAR,https://www.schreiner.edu/,,,,,,,,,2026,,,,,https://collegescorecard.ed.gov/,NEEDS_REVIEW,,https://www.schreinermountaineers.com,,,,,,,NCAA_D3,Southern Collegiate Athletic Conference,,,,"NCAA Division III programs do not award athletic scholarships, but student-athletes may receive academic, need-based, and other non-athletic aid.",https://www.ncaa.org/sports/2014/10/6/division-iii.aspx,false,false,https://web3.ncaa.org/directory/memberList?type=12&division=3,NEEDS_REVIEW
Shenandoah University,shenandoah-university,,VA,,PRIVATE,FOUR_YEAR,https://www.su.edu,,,,,,,,,2026,,,,,https://collegescorecard.ed.gov/,NEEDS_REVIEW,,https://www.suhornets.com,,,,,,,NCAA_D3,Old Dominion Athletic Conf.,,,,"NCAA Division III programs do not award athletic scholarships, but student-athletes may receive academic, need-based, and other non-athletic aid.",https://www.ncaa.org/sports/2014/10/6/division-iii.aspx,false,false,https://web3.ncaa.org/directory/memberList?type=12&division=3,NEEDS_REVIEW
Simmons University,simmons-university,,MA,,PRIVATE,FOUR_YEAR,https://www.simmons.edu/,,,,,,,,,2026,,,,,https://collegescorecard.ed.gov/,NEEDS_REVIEW,,https://athletics.simmons.edu,,,,,,,NCAA_D3,Great Northeast Athletic Conference,,,,"NCAA Division III programs do not award athletic scholarships, but student-athletes may receive academic, need-based, and other non-athletic aid.",https://www.ncaa.org/sports/2014/10/6/division-iii.aspx,false,false,https://web3.ncaa.org/directory/memberList?type=12&division=3,NEEDS_REVIEW
Simpson College,simpson-college,,IA,,PRIVATE,FOUR_YEAR,https://www.simpson.edu/,,,,,,,,,2026,,,,,https://collegescorecard.ed.gov/,NEEDS_REVIEW,,https://simpsonathletics.com,,,,,,,NCAA_D3,American Rivers Conference,,,,"NCAA Division III programs do not award athletic scholarships, but student-athletes may receive academic, need-based, and other non-athletic aid.",https://www.ncaa.org/sports/2014/10/6/division-iii.aspx,false,false,https://web3.ncaa.org/directory/memberList?type=12&division=3,NEEDS_REVIEW
Skidmore College,skidmore-college,,NY,,PRIVATE,FOUR_YEAR,https://www.skidmore.edu/,,,,,,,,,2026,,,,,https://collegescorecard.ed.gov/,NEEDS_REVIEW,,https://skidmoreathletics.com/,,,,,,,NCAA_D3,Liberty League,,,,"NCAA Division III programs do not award athletic scholarships, but student-athletes may receive academic, need-based, and other non-athletic aid.",https://www.ncaa.org/sports/2014/10/6/division-iii.aspx,false,false,https://web3.ncaa.org/directory/memberList?type=12&division=3,NEEDS_REVIEW
Southern Virginia University,southern-virginia-university,,VA,,PRIVATE,FOUR_YEAR,https://www.svu.edu,,,,,,,,,2026,,,,,https://collegescorecard.ed.gov/,NEEDS_REVIEW,,https://knightathletics.com,,,,,,,NCAA_D3,USA South Athletic Conference,,,,"NCAA Division III programs do not award athletic scholarships, but student-athletes may receive academic, need-based, and other non-athletic aid.",https://www.ncaa.org/sports/2014/10/6/division-iii.aspx,false,false,https://web3.ncaa.org/directory/memberList?type=12&division=3,NEEDS_REVIEW
Southwestern University (Texas),southwestern-university-texas,,TX,,PRIVATE,FOUR_YEAR,https://www.southwestern.edu,,,,,,,,,2026,,,,,https://collegescorecard.ed.gov/,NEEDS_REVIEW,,https://www.southwesternpirates.com,,,,,,,NCAA_D3,Southern Athletic Association,,,,"NCAA Division III programs do not award athletic scholarships, but student-athletes may receive academic, need-based, and other non-athletic aid.",https://www.ncaa.org/sports/2014/10/6/division-iii.aspx,false,false,https://web3.ncaa.org/directory/memberList?type=12&division=3,NEEDS_REVIEW
Spalding University,spalding-university,,KY,,PRIVATE,FOUR_YEAR,https://www.spalding.edu,,,,,,,,,2026,,,,,https://collegescorecard.ed.gov/,NEEDS_REVIEW,,https://www.spaldingathletics.com,,,,,,,NCAA_D3,St. Louis Intercollegiate Athletic Conference,,,,"NCAA Division III programs do not award athletic scholarships, but student-athletes may receive academic, need-based, and other non-athletic aid.",https://www.ncaa.org/sports/2014/10/6/division-iii.aspx,false,false,https://web3.ncaa.org/directory/memberList?type=12&division=3,NEEDS_REVIEW
St. John Fisher University,st-john-fisher-university,,NY,,PRIVATE,FOUR_YEAR,https://www.sjf.edu,,,,,,,,,2026,,,,,https://collegescorecard.ed.gov/,NEEDS_REVIEW,,https://www.sjfathletics.com,,,,,,,NCAA_D3,Empire 8,,,,"NCAA Division III programs do not award athletic scholarships, but student-athletes may receive academic, need-based, and other non-athletic aid.",https://www.ncaa.org/sports/2014/10/6/division-iii.aspx,false,false,https://web3.ncaa.org/directory/memberList?type=12&division=3,NEEDS_REVIEW
St. Joseph's University NY (Brooklyn),st-joseph-s-university-ny-brooklyn,,NY,,PRIVATE,FOUR_YEAR,https://www.sjny.edu/,,,,,,,,,2026,,,,,https://collegescorecard.ed.gov/,NEEDS_REVIEW,,https://sjbkathletics.com/landing/index,,,,,,,NCAA_D3,Skyline Conference,,,,"NCAA Division III programs do not award athletic scholarships, but student-athletes may receive academic, need-based, and other non-athletic aid.",https://www.ncaa.org/sports/2014/10/6/division-iii.aspx,false,false,https://web3.ncaa.org/directory/memberList?type=12&division=3,NEEDS_REVIEW
"St. Joseph's University, New York L.I.",st-joseph-s-university-new-york-l-i,,NY,,PRIVATE,FOUR_YEAR,https://www.sjny.edu,,,,,,,,,2026,,,,,https://collegescorecard.ed.gov/,NEEDS_REVIEW,,https://www.sjliathletics.com,,,,,,,NCAA_D3,Skyline Conference,,,,"NCAA Division III programs do not award athletic scholarships, but student-athletes may receive academic, need-based, and other non-athletic aid.",https://www.ncaa.org/sports/2014/10/6/division-iii.aspx,false,false,https://web3.ncaa.org/directory/memberList?type=12&division=3,NEEDS_REVIEW
St. Lawrence University,st-lawrence-university,,NY,,PRIVATE,FOUR_YEAR,https://www.stlawu.edu/,,,,,,,,,2026,,,,,https://collegescorecard.ed.gov/,NEEDS_REVIEW,,https://www.saintsathletics.com,,,,,,,NCAA_D3,Liberty League,,,,"NCAA Division III programs do not award athletic scholarships, but student-athletes may receive academic, need-based, and other non-athletic aid.",https://www.ncaa.org/sports/2014/10/6/division-iii.aspx,false,false,https://web3.ncaa.org/directory/memberList?type=12&division=3,NEEDS_REVIEW
St. Mary's College of Maryland,st-mary-s-college-of-maryland,,MD,,PUBLIC,FOUR_YEAR,https://www.smcm.edu/,,,,,,,,,2026,,,,,https://collegescorecard.ed.gov/,NEEDS_REVIEW,,https://www.smcmathletics.com,,,,,,,NCAA_D3,United East Conference,,,,"NCAA Division III programs do not award athletic scholarships, but student-athletes may receive academic, need-based, and other non-athletic aid.",https://www.ncaa.org/sports/2014/10/6/division-iii.aspx,false,false,https://web3.ncaa.org/directory/memberList?type=12&division=3,NEEDS_REVIEW
St. Norbert College,st-norbert-college,,WI,,PRIVATE,FOUR_YEAR,https://www.snc.edu,,,,,,,,,2026,,,,,https://collegescorecard.ed.gov/,NEEDS_REVIEW,,https://athletics.snc.edu,,,,,,,NCAA_D3,Northern Athletics Collegiate Conference,,,,"NCAA Division III programs do not award athletic scholarships, but student-athletes may receive academic, need-based, and other non-athletic aid.",https://www.ncaa.org/sports/2014/10/6/division-iii.aspx,false,false,https://web3.ncaa.org/directory/memberList?type=12&division=3,NEEDS_REVIEW
St. Olaf College,st-olaf-college,,MN,,PRIVATE,FOUR_YEAR,https://www.stolaf.edu,,,,,,,,,2026,,,,,https://collegescorecard.ed.gov/,NEEDS_REVIEW,,https://athletics.stolaf.edu,,,,,,,NCAA_D3,Minnesota Intercollegiate Athletic Conference,,,,"NCAA Division III programs do not award athletic scholarships, but student-athletes may receive academic, need-based, and other non-athletic aid.",https://www.ncaa.org/sports/2014/10/6/division-iii.aspx,false,false,https://web3.ncaa.org/directory/memberList?type=12&division=3,NEEDS_REVIEW
State University of New York at Brockport,state-university-of-new-york-at-brockport,,NY,,PUBLIC,FOUR_YEAR,https://www.brockport.edu,,,,,,,,,2026,,,,,https://collegescorecard.ed.gov/,NEEDS_REVIEW,,https://gobrockport.com,,,,,,,NCAA_D3,Empire 8,,,,"NCAA Division III programs do not award athletic scholarships, but student-athletes may receive academic, need-based, and other non-athletic aid.",https://www.ncaa.org/sports/2014/10/6/division-iii.aspx,false,false,https://web3.ncaa.org/directory/memberList?type=12&division=3,NEEDS_REVIEW
State University of New York at Canton,state-university-of-new-york-at-canton,,NY,,PUBLIC,FOUR_YEAR,https://www.canton.edu/,,,,,,,,,2026,,,,,https://collegescorecard.ed.gov/,NEEDS_REVIEW,,https://www.rooathletics.com,,,,,,,NCAA_D3,State University of New York Athletic Conference,,,,"NCAA Division III programs do not award athletic scholarships, but student-athletes may receive academic, need-based, and other non-athletic aid.",https://www.ncaa.org/sports/2014/10/6/division-iii.aspx,false,false,https://web3.ncaa.org/directory/memberList?type=12&division=3,NEEDS_REVIEW
State University of New York at Cobleskill,state-university-of-new-york-at-cobleskill,,NY,,PUBLIC,FOUR_YEAR,https://www.cobleskill.edu/home.asp,,,,,,,,,2026,,,,,https://collegescorecard.ed.gov/,NEEDS_REVIEW,,https://fightingtigers.cobleskill.edu/,,,,,,,NCAA_D3,North Atlantic Conference,,,,"NCAA Division III programs do not award athletic scholarships, but student-athletes may receive academic, need-based, and other non-athletic aid.",https://www.ncaa.org/sports/2014/10/6/division-iii.aspx,false,false,https://web3.ncaa.org/directory/memberList?type=12&division=3,NEEDS_REVIEW
State University of New York at Cortland,state-university-of-new-york-at-cortland,,NY,,PUBLIC,FOUR_YEAR,https://www.cortland.edu,,,,,,,,,2026,,,,,https://collegescorecard.ed.gov/,NEEDS_REVIEW,,https://www.cortland.edu/athletics,,,,,,,NCAA_D3,State University of New York Athletic Conference,,,,"NCAA Division III programs do not award athletic scholarships, but student-athletes may receive academic, need-based, and other non-athletic aid.",https://www.ncaa.org/sports/2014/10/6/division-iii.aspx,false,false,https://web3.ncaa.org/directory/memberList?type=12&division=3,NEEDS_REVIEW
State University of New York at New Paltz,state-university-of-new-york-at-new-paltz,,NY,,PUBLIC,FOUR_YEAR,https://www.newpaltz.edu/,,,,,,,,,2026,,,,,https://collegescorecard.ed.gov/,NEEDS_REVIEW,,https://www.nphawks.com,,,,,,,NCAA_D3,State University of New York Athletic Conference,,,,"NCAA Division III programs do not award athletic scholarships, but student-athletes may receive academic, need-based, and other non-athletic aid.",https://www.ncaa.org/sports/2014/10/6/division-iii.aspx,false,false,https://web3.ncaa.org/directory/memberList?type=12&division=3,NEEDS_REVIEW
State University of New York at Old Westbury,state-university-of-new-york-at-old-westbury,,NY,,PUBLIC,FOUR_YEAR,https://www.oldwestbury.edu,,,,,,,,,2026,,,,,https://collegescorecard.ed.gov/,NEEDS_REVIEW,,https://www.oldwestburypanthers.com,,,,,,,NCAA_D3,Skyline Conference,,,,"NCAA Division III programs do not award athletic scholarships, but student-athletes may receive academic, need-based, and other non-athletic aid.",https://www.ncaa.org/sports/2014/10/6/division-iii.aspx,false,false,https://web3.ncaa.org/directory/memberList?type=12&division=3,NEEDS_REVIEW
State University of New York at Oneonta,state-university-of-new-york-at-oneonta,,NY,,PUBLIC,FOUR_YEAR,https://www.oneonta.edu,,,,,,,,,2026,,,,,https://collegescorecard.ed.gov/,NEEDS_REVIEW,,https://www.oneontaathletics.com,,,,,,,NCAA_D3,State University of New York Athletic Conference,,,,"NCAA Division III programs do not award athletic scholarships, but student-athletes may receive academic, need-based, and other non-athletic aid.",https://www.ncaa.org/sports/2014/10/6/division-iii.aspx,false,false,https://web3.ncaa.org/directory/memberList?type=12&division=3,NEEDS_REVIEW
State University of New York at Oswego,state-university-of-new-york-at-oswego,,NY,,PUBLIC,FOUR_YEAR,https://www.oswego.edu/index,,,,,,,,,2026,,,,,https://collegescorecard.ed.gov/,NEEDS_REVIEW,,https://oswegolakers.com,,,,,,,NCAA_D3,State University of New York Athletic Conference,,,,"NCAA Division III programs do not award athletic scholarships, but student-athletes may receive academic, need-based, and other non-athletic aid.",https://www.ncaa.org/sports/2014/10/6/division-iii.aspx,false,false,https://web3.ncaa.org/directory/memberList?type=12&division=3,NEEDS_REVIEW
State University of New York at Potsdam,state-university-of-new-york-at-potsdam,,NY,,PUBLIC,FOUR_YEAR,https://www.potsdam.edu/,,,,,,,,,2026,,,,,https://collegescorecard.ed.gov/,NEEDS_REVIEW,,https://www.potsdambears.com,,,,,,,NCAA_D3,State University of New York Athletic Conference,,,,"NCAA Division III programs do not award athletic scholarships, but student-athletes may receive academic, need-based, and other non-athletic aid.",https://www.ncaa.org/sports/2014/10/6/division-iii.aspx,false,false,https://web3.ncaa.org/directory/memberList?type=12&division=3,NEEDS_REVIEW
State University of New York Maritime College,state-university-of-new-york-maritime-college,,NY,,PUBLIC,FOUR_YEAR,https://www.sunymaritime.edu/,,,,,,,,,2026,,,,,https://collegescorecard.ed.gov/,NEEDS_REVIEW,,https://www.maritimeathletics.com,,,,,,,NCAA_D3,Skyline Conference,,,,"NCAA Division III programs do not award athletic scholarships, but student-athletes may receive academic, need-based, and other non-athletic aid.",https://www.ncaa.org/sports/2014/10/6/division-iii.aspx,false,false,https://web3.ncaa.org/directory/memberList?type=12&division=3,NEEDS_REVIEW
Stevens Institute of Technology,stevens-institute-of-technology,,NJ,,PRIVATE,FOUR_YEAR,https://www.stevens.edu,,,,,,,,,2026,,,,,https://collegescorecard.ed.gov/,NEEDS_REVIEW,,https://www.stevensducks.com,,,,,,,NCAA_D3,Middle Atlantic Conferences,,,,"NCAA Division III programs do not award athletic scholarships, but student-athletes may receive academic, need-based, and other non-athletic aid.",https://www.ncaa.org/sports/2014/10/6/division-iii.aspx,false,false,https://web3.ncaa.org/directory/memberList?type=12&division=3,NEEDS_REVIEW
Stevenson University,stevenson-university,,MD,,PRIVATE,FOUR_YEAR,https://www.stevenson.edu,,,,,,,,,2026,,,,,https://collegescorecard.ed.gov/,NEEDS_REVIEW,,https://www.gomustangsports.com,,,,,,,NCAA_D3,Middle Atlantic Conferences,,,,"NCAA Division III programs do not award athletic scholarships, but student-athletes may receive academic, need-based, and other non-athletic aid.",https://www.ncaa.org/sports/2014/10/6/division-iii.aspx,false,false,https://web3.ncaa.org/directory/memberList?type=12&division=3,NEEDS_REVIEW
Stockton University,stockton-university,,NJ,,PUBLIC,FOUR_YEAR,https://www.stockton.edu,,,,,,,,,2026,,,,,https://collegescorecard.ed.gov/,NEEDS_REVIEW,,https://www.stocktonathletics.com,,,,,,,NCAA_D3,New Jersey Athletic Conference,,,,"NCAA Division III programs do not award athletic scholarships, but student-athletes may receive academic, need-based, and other non-athletic aid.",https://www.ncaa.org/sports/2014/10/6/division-iii.aspx,false,false,https://web3.ncaa.org/directory/memberList?type=12&division=3,NEEDS_REVIEW
Suffolk University,suffolk-university,,MA,,PRIVATE,FOUR_YEAR,https://www.suffolk.edu/,,,,,,,,,2026,,,,,https://collegescorecard.ed.gov/,NEEDS_REVIEW,,https://www.gosuffolkrams.com,,,,,,,NCAA_D3,Conference of New England,,,,"NCAA Division III programs do not award athletic scholarships, but student-athletes may receive academic, need-based, and other non-athletic aid.",https://www.ncaa.org/sports/2014/10/6/division-iii.aspx,false,false,https://web3.ncaa.org/directory/memberList?type=12&division=3,NEEDS_REVIEW
Sul Ross State University,sul-ross-state-university,,TX,,PUBLIC,FOUR_YEAR,https://www.sulross.edu/,,,,,,,,,2026,,,,,https://collegescorecard.ed.gov/,NEEDS_REVIEW,,https://www.srlobos.com,,,,,,,NCAA_D3,Lone Star Conference,,,,"NCAA Division III programs do not award athletic scholarships, but student-athletes may receive academic, need-based, and other non-athletic aid.",https://www.ncaa.org/sports/2014/10/6/division-iii.aspx,false,false,https://web3.ncaa.org/directory/memberList?type=12&division=3,NEEDS_REVIEW
Swarthmore College,swarthmore-college,,PA,,PRIVATE,FOUR_YEAR,https://www.swarthmore.edu/,,,,,,,,,2026,,,,,https://collegescorecard.ed.gov/,NEEDS_REVIEW,,https://swarthmoreathletics.com/,,,,,,,NCAA_D3,Centennial Conference,,,,"NCAA Division III programs do not award athletic scholarships, but student-athletes may receive academic, need-based, and other non-athletic aid.",https://www.ncaa.org/sports/2014/10/6/division-iii.aspx,false,false,https://web3.ncaa.org/directory/memberList?type=12&division=3,NEEDS_REVIEW
Texas Lutheran University,texas-lutheran-university,,TX,,PRIVATE,FOUR_YEAR,https://tlu.edu,,,,,,,,,2026,,,,,https://collegescorecard.ed.gov/,NEEDS_REVIEW,,https://tlubulldogs.com,,,,,,,NCAA_D3,Southern Collegiate Athletic Conference,,,,"NCAA Division III programs do not award athletic scholarships, but student-athletes may receive academic, need-based, and other non-athletic aid.",https://www.ncaa.org/sports/2014/10/6/division-iii.aspx,false,false,https://web3.ncaa.org/directory/memberList?type=12&division=3,NEEDS_REVIEW
The City College of New York,the-city-college-of-new-york,,NY,,PUBLIC,FOUR_YEAR,https://www.ccny.cuny.edu,,,,,,,,,2026,,,,,https://collegescorecard.ed.gov/,NEEDS_REVIEW,,https://www.ccnyathletics.com,,,,,,,NCAA_D3,City University of New York Athletic Conference,,,,"NCAA Division III programs do not award athletic scholarships, but student-athletes may receive academic, need-based, and other non-athletic aid.",https://www.ncaa.org/sports/2014/10/6/division-iii.aspx,false,false,https://web3.ncaa.org/directory/memberList?type=12&division=3,NEEDS_REVIEW
The College of New Jersey,the-college-of-new-jersey,,NJ,,PUBLIC,FOUR_YEAR,https://www.tcnj.edu,,,,,,,,,2026,,,,,https://collegescorecard.ed.gov/,NEEDS_REVIEW,,https://www.tcnjathletics.com,,,,,,,NCAA_D3,New Jersey Athletic Conference,,,,"NCAA Division III programs do not award athletic scholarships, but student-athletes may receive academic, need-based, and other non-athletic aid.",https://www.ncaa.org/sports/2014/10/6/division-iii.aspx,false,false,https://web3.ncaa.org/directory/memberList?type=12&division=3,NEEDS_REVIEW
The College of St. Scholastica,the-college-of-st-scholastica,,MN,,PRIVATE,FOUR_YEAR,https://www.css.edu/,,,,,,,,,2026,,,,,https://collegescorecard.ed.gov/,NEEDS_REVIEW,,https://www.csssaints.com,,,,,,,NCAA_D3,Minnesota Intercollegiate Athletic Conference,,,,"NCAA Division III programs do not award athletic scholarships, but student-athletes may receive academic, need-based, and other non-athletic aid.",https://www.ncaa.org/sports/2014/10/6/division-iii.aspx,false,false,https://web3.ncaa.org/directory/memberList?type=12&division=3,NEEDS_REVIEW
The College of Wooster,the-college-of-wooster,,OH,,PRIVATE,FOUR_YEAR,https://www.wooster.edu,,,,,,,,,2026,,,,,https://collegescorecard.ed.gov/,NEEDS_REVIEW,,https://www.woosterathletics.com,,,,,,,NCAA_D3,North Coast Athletic Conference,,,,"NCAA Division III programs do not award athletic scholarships, but student-athletes may receive academic, need-based, and other non-athletic aid.",https://www.ncaa.org/sports/2014/10/6/division-iii.aspx,false,false,https://web3.ncaa.org/directory/memberList?type=12&division=3,NEEDS_REVIEW
The State University of New York at Fredonia,the-state-university-of-new-york-at-fredonia,,NY,,PUBLIC,FOUR_YEAR,https://www.fredonia.edu,,,,,,,,,2026,,,,,https://collegescorecard.ed.gov/,NEEDS_REVIEW,,https://www.fredoniabluedevils.com,,,,,,,NCAA_D3,State University of New York Athletic Conference,,,,"NCAA Division III programs do not award athletic scholarships, but student-athletes may receive academic, need-based, and other non-athletic aid.",https://www.ncaa.org/sports/2014/10/6/division-iii.aspx,false,false,https://web3.ncaa.org/directory/memberList?type=12&division=3,NEEDS_REVIEW
The University of Olivet,the-university-of-olivet,,MI,,PRIVATE,FOUR_YEAR,https://www.uolivet.edu,,,,,,,,,2026,,,,,https://collegescorecard.ed.gov/,NEEDS_REVIEW,,https://www.olivetcomets.com,,,,,,,NCAA_D3,Michigan Intercollegiate Athletic Association,,,,"NCAA Division III programs do not award athletic scholarships, but student-athletes may receive academic, need-based, and other non-athletic aid.",https://www.ncaa.org/sports/2014/10/6/division-iii.aspx,false,false,https://web3.ncaa.org/directory/memberList?type=12&division=3,NEEDS_REVIEW
Thiel College,thiel-college,,PA,,PRIVATE,FOUR_YEAR,https://www.thiel.edu,,,,,,,,,2026,,,,,https://collegescorecard.ed.gov/,NEEDS_REVIEW,,https://www.thielathletics.com,,,,,,,NCAA_D3,Presidents' Athletic Conference,,,,"NCAA Division III programs do not award athletic scholarships, but student-athletes may receive academic, need-based, and other non-athletic aid.",https://www.ncaa.org/sports/2014/10/6/division-iii.aspx,false,false,https://web3.ncaa.org/directory/memberList?type=12&division=3,NEEDS_REVIEW
Thomas College,thomas-college,,ME,,PRIVATE,FOUR_YEAR,https://www.thomas.edu/,,,,,,,,,2026,,,,,https://collegescorecard.ed.gov/,NEEDS_REVIEW,,https://www.thomasathletics.com,,,,,,,NCAA_D3,North Atlantic Conference,,,,"NCAA Division III programs do not award athletic scholarships, but student-athletes may receive academic, need-based, and other non-athletic aid.",https://www.ncaa.org/sports/2014/10/6/division-iii.aspx,false,false,https://web3.ncaa.org/directory/memberList?type=12&division=3,NEEDS_REVIEW
Transylvania University,transylvania-university,,KY,,PRIVATE,FOUR_YEAR,https://www.transy.edu/,,,,,,,,,2026,,,,,https://collegescorecard.ed.gov/,NEEDS_REVIEW,,https://www.transysports.com,,,,,,,NCAA_D3,Heartland Collegiate Athletic Conference,,,,"NCAA Division III programs do not award athletic scholarships, but student-athletes may receive academic, need-based, and other non-athletic aid.",https://www.ncaa.org/sports/2014/10/6/division-iii.aspx,false,false,https://web3.ncaa.org/directory/memberList?type=12&division=3,NEEDS_REVIEW
Trine University,trine-university,,IN,,PRIVATE,FOUR_YEAR,https://www.trine.edu,,,,,,,,,2026,,,,,https://collegescorecard.ed.gov/,NEEDS_REVIEW,,https://www.trinethunder.com,,,,,,,NCAA_D3,Michigan Intercollegiate Athletic Association,,,,"NCAA Division III programs do not award athletic scholarships, but student-athletes may receive academic, need-based, and other non-athletic aid.",https://www.ncaa.org/sports/2014/10/6/division-iii.aspx,false,false,https://web3.ncaa.org/directory/memberList?type=12&division=3,NEEDS_REVIEW
Trinity College (Connecticut),trinity-college-connecticut,,CT,,PRIVATE,FOUR_YEAR,https://www.trincoll.edu,,,,,,,,,2026,,,,,https://collegescorecard.ed.gov/,NEEDS_REVIEW,,https://www.bantamsports.com,,,,,,,NCAA_D3,New England Small College Athletic Conference,,,,"NCAA Division III programs do not award athletic scholarships, but student-athletes may receive academic, need-based, and other non-athletic aid.",https://www.ncaa.org/sports/2014/10/6/division-iii.aspx,false,false,https://web3.ncaa.org/directory/memberList?type=12&division=3,NEEDS_REVIEW
Trinity University (Texas),trinity-university-texas,,TX,,PRIVATE,FOUR_YEAR,https://www.trinity.edu,,,,,,,,,2026,,,,,https://collegescorecard.ed.gov/,NEEDS_REVIEW,,https://www.trinitytigers.com,,,,,,,NCAA_D3,Southern Athletic Association,,,,"NCAA Division III programs do not award athletic scholarships, but student-athletes may receive academic, need-based, and other non-athletic aid.",https://www.ncaa.org/sports/2014/10/6/division-iii.aspx,false,false,https://web3.ncaa.org/directory/memberList?type=12&division=3,NEEDS_REVIEW
Tufts University,tufts-university,,MA,,PRIVATE,FOUR_YEAR,https://www.tufts.edu/,,,,,,,,,2026,,,,,https://collegescorecard.ed.gov/,NEEDS_REVIEW,,https://www.gotuftsjumbos.com/landing/index,,,,,,,NCAA_D3,New England Small College Athletic Conference,,,,"NCAA Division III programs do not award athletic scholarships, but student-athletes may receive academic, need-based, and other non-athletic aid.",https://www.ncaa.org/sports/2014/10/6/division-iii.aspx,false,false,https://web3.ncaa.org/directory/memberList?type=12&division=3,NEEDS_REVIEW
U.S. Merchant Marine Academy,u-s-merchant-marine-academy,,NY,,PUBLIC,FOUR_YEAR,https://usmma.edu,,,,,,,,,2026,,,,,https://collegescorecard.ed.gov/,NEEDS_REVIEW,,https://usmmasports.com,,,,,,,NCAA_D3,Skyline Conference,,,,"NCAA Division III programs do not award athletic scholarships, but student-athletes may receive academic, need-based, and other non-athletic aid.",https://www.ncaa.org/sports/2014/10/6/division-iii.aspx,false,false,https://web3.ncaa.org/directory/memberList?type=12&division=3,NEEDS_REVIEW
Union College (New York),union-college-new-york,,NY,,PRIVATE,FOUR_YEAR,https://www.union.edu/,,,,,,,,,2026,,,,,https://collegescorecard.ed.gov/,NEEDS_REVIEW,,https://www.unionathletics.com/,,,,,,,NCAA_D3,Liberty League,,,,"NCAA Division III programs do not award athletic scholarships, but student-athletes may receive academic, need-based, and other non-athletic aid.",https://www.ncaa.org/sports/2014/10/6/division-iii.aspx,false,false,https://web3.ncaa.org/directory/memberList?type=12&division=3,NEEDS_REVIEW
"University of California, Santa Cruz",university-of-california-santa-cruz,,CA,,PUBLIC,FOUR_YEAR,https://www.ucsc.edu/,,,,,,,,,2026,,,,,https://collegescorecard.ed.gov/,NEEDS_REVIEW,,https://www.goslugs.com/,,,,,,,NCAA_D3,Coast-To-Coast Athletic Conference,,,,"NCAA Division III programs do not award athletic scholarships, but student-athletes may receive academic, need-based, and other non-athletic aid.",https://www.ncaa.org/sports/2014/10/6/division-iii.aspx,false,false,https://web3.ncaa.org/directory/memberList?type=12&division=3,NEEDS_REVIEW
University of Chicago,university-of-chicago,,IL,,PRIVATE,FOUR_YEAR,https://www.uchicago.edu,,,,,,,,,2026,,,,,https://collegescorecard.ed.gov/,NEEDS_REVIEW,,https://athletics.uchicago.edu/landing/index,,,,,,,NCAA_D3,University Athletic Association,,,,"NCAA Division III programs do not award athletic scholarships, but student-athletes may receive academic, need-based, and other non-athletic aid.",https://www.ncaa.org/sports/2014/10/6/division-iii.aspx,false,false,https://web3.ncaa.org/directory/memberList?type=12&division=3,NEEDS_REVIEW
University of Dallas,university-of-dallas,,TX,,PRIVATE,FOUR_YEAR,https://www.udallas.edu,,,,,,,,,2026,,,,,https://collegescorecard.ed.gov/,NEEDS_REVIEW,,https://www.udallasathletics.com,,,,,,,NCAA_D3,Southern Collegiate Athletic Conference,,,,"NCAA Division III programs do not award athletic scholarships, but student-athletes may receive academic, need-based, and other non-athletic aid.",https://www.ncaa.org/sports/2014/10/6/division-iii.aspx,false,false,https://web3.ncaa.org/directory/memberList?type=12&division=3,NEEDS_REVIEW
University of Dubuque,university-of-dubuque,,IA,,PRIVATE,FOUR_YEAR,https://www.dbq.edu,,,,,,,,,2026,,,,,https://collegescorecard.ed.gov/,NEEDS_REVIEW,,https://www.dbq.edu/Athletics/,,,,,,,NCAA_D3,American Rivers Conference,,,,"NCAA Division III programs do not award athletic scholarships, but student-athletes may receive academic, need-based, and other non-athletic aid.",https://www.ncaa.org/sports/2014/10/6/division-iii.aspx,false,false,https://web3.ncaa.org/directory/memberList?type=12&division=3,NEEDS_REVIEW
University of Hartford,university-of-hartford,,CT,,PRIVATE,FOUR_YEAR,https://www.hartford.edu,,,,,,,,,2026,,,,,https://collegescorecard.ed.gov/,NEEDS_REVIEW,,https://hartfordhawks.com,,,,,,,NCAA_D3,Conference of New England,,,,"NCAA Division III programs do not award athletic scholarships, but student-athletes may receive academic, need-based, and other non-athletic aid.",https://www.ncaa.org/sports/2014/10/6/division-iii.aspx,false,false,https://web3.ncaa.org/directory/memberList?type=12&division=3,NEEDS_REVIEW
University of La Verne,university-of-la-verne,,CA,,PRIVATE,FOUR_YEAR,https://www.laverne.edu,,,,,,,,,2026,,,,,https://collegescorecard.ed.gov/,NEEDS_REVIEW,,https://www.leopardathletics.com,,,,,,,NCAA_D3,Southern California Intercollegiate Athletic Conf.,,,,"NCAA Division III programs do not award athletic scholarships, but student-athletes may receive academic, need-based, and other non-athletic aid.",https://www.ncaa.org/sports/2014/10/6/division-iii.aspx,false,false,https://web3.ncaa.org/directory/memberList?type=12&division=3,NEEDS_REVIEW
University of Lynchburg,university-of-lynchburg,,VA,,PRIVATE,FOUR_YEAR,https://www.lynchburg.edu/,,,,,,,,,2026,,,,,https://collegescorecard.ed.gov/,NEEDS_REVIEW,,https://www.lynchburgsports.com/landing/index,,,,,,,NCAA_D3,Old Dominion Athletic Conf.,,,,"NCAA Division III programs do not award athletic scholarships, but student-athletes may receive academic, need-based, and other non-athletic aid.",https://www.ncaa.org/sports/2014/10/6/division-iii.aspx,false,false,https://web3.ncaa.org/directory/memberList?type=12&division=3,NEEDS_REVIEW
University of Maine at Presque Isle,university-of-maine-at-presque-isle,,ME,,PUBLIC,FOUR_YEAR,https://www.umpi.edu,,,,,,,,,2026,,,,,https://collegescorecard.ed.gov/,NEEDS_REVIEW,,https://owls.umpi.edu/landing/index,,,,,,,NCAA_D3,North Atlantic Conference,,,,"NCAA Division III programs do not award athletic scholarships, but student-athletes may receive academic, need-based, and other non-athletic aid.",https://www.ncaa.org/sports/2014/10/6/division-iii.aspx,false,false,https://web3.ncaa.org/directory/memberList?type=12&division=3,NEEDS_REVIEW
"University of Maine, Farmington",university-of-maine-farmington,,ME,,PUBLIC,FOUR_YEAR,https://umf.maine.edu/,,,,,,,,,2026,,,,,https://collegescorecard.ed.gov/,NEEDS_REVIEW,,https://www.goUMFbeavers.com,,,,,,,NCAA_D3,North Atlantic Conference,,,,"NCAA Division III programs do not award athletic scholarships, but student-athletes may receive academic, need-based, and other non-athletic aid.",https://www.ncaa.org/sports/2014/10/6/division-iii.aspx,false,false,https://web3.ncaa.org/directory/memberList?type=12&division=3,NEEDS_REVIEW
University of Mary Hardin-Baylor,university-of-mary-hardin-baylor,,TX,,PRIVATE,FOUR_YEAR,https://www.umhb.edu,,,,,,,,,2026,,,,,https://collegescorecard.ed.gov/,NEEDS_REVIEW,,https://www.umhb.edu/athletics,,,,,,,NCAA_D3,American Southwest Conference,,,,"NCAA Division III programs do not award athletic scholarships, but student-athletes may receive academic, need-based, and other non-athletic aid.",https://www.ncaa.org/sports/2014/10/6/division-iii.aspx,false,false,https://web3.ncaa.org/directory/memberList?type=12&division=3,NEEDS_REVIEW
University of Mary Washington,university-of-mary-washington,,VA,,PUBLIC,FOUR_YEAR,https://www.umw.edu/,,,,,,,,,2026,,,,,https://collegescorecard.ed.gov/,NEEDS_REVIEW,,https://www.umweagles.com,,,,,,,NCAA_D3,Coast-To-Coast Athletic Conference,,,,"NCAA Division III programs do not award athletic scholarships, but student-athletes may receive academic, need-based, and other non-athletic aid.",https://www.ncaa.org/sports/2014/10/6/division-iii.aspx,false,false,https://web3.ncaa.org/directory/memberList?type=12&division=3,NEEDS_REVIEW
University of Massachusetts Boston,university-of-massachusetts-boston,,MA,,PUBLIC,FOUR_YEAR,https://www.umb.edu/,,,,,,,,,2026,,,,,https://collegescorecard.ed.gov/,NEEDS_REVIEW,,https://www.beaconsathletics.com,,,,,,,NCAA_D3,Little East Conference,,,,"NCAA Division III programs do not award athletic scholarships, but student-athletes may receive academic, need-based, and other non-athletic aid.",https://www.ncaa.org/sports/2014/10/6/division-iii.aspx,false,false,https://web3.ncaa.org/directory/memberList?type=12&division=3,NEEDS_REVIEW
"University of Massachusetts, Dartmouth",university-of-massachusetts-dartmouth,,MA,,PUBLIC,FOUR_YEAR,https://www.umassd.edu,,,,,,,,,2026,,,,,https://collegescorecard.ed.gov/,NEEDS_REVIEW,,https://www.corsairathletics.com,,,,,,,NCAA_D3,Little East Conference,,,,"NCAA Division III programs do not award athletic scholarships, but student-athletes may receive academic, need-based, and other non-athletic aid.",https://www.ncaa.org/sports/2014/10/6/division-iii.aspx,false,false,https://web3.ncaa.org/directory/memberList?type=12&division=3,NEEDS_REVIEW
"University of Minnesota, Morris",university-of-minnesota-morris,,MN,,PUBLIC,FOUR_YEAR,https://www.morris.umn.edu,,,,,,,,,2026,,,,,https://collegescorecard.ed.gov/,NEEDS_REVIEW,,https://www.morriscougars.com,,,,,,,NCAA_D3,Upper Midwest Athletic Conference,,,,"NCAA Division III programs do not award athletic scholarships, but student-athletes may receive academic, need-based, and other non-athletic aid.",https://www.ncaa.org/sports/2014/10/6/division-iii.aspx,false,false,https://web3.ncaa.org/directory/memberList?type=12&division=3,NEEDS_REVIEW
University of Mount Saint Vincent,university-of-mount-saint-vincent,,NY,,PRIVATE,FOUR_YEAR,https://www.mountsaintvincent.edu,,,,,,,,,2026,,,,,https://collegescorecard.ed.gov/,NEEDS_REVIEW,,https://umsvathletics.com/,,,,,,,NCAA_D3,Skyline Conference,,,,"NCAA Division III programs do not award athletic scholarships, but student-athletes may receive academic, need-based, and other non-athletic aid.",https://www.ncaa.org/sports/2014/10/6/division-iii.aspx,false,false,https://web3.ncaa.org/directory/memberList?type=12&division=3,NEEDS_REVIEW
University of Mount Union,university-of-mount-union,,OH,,PRIVATE,FOUR_YEAR,https://www.mountunion.edu,,,,,,,,,2026,,,,,https://collegescorecard.ed.gov/,NEEDS_REVIEW,,https://athletics.mountunion.edu,,,,,,,NCAA_D3,Ohio Athletic Conference,,,,"NCAA Division III programs do not award athletic scholarships, but student-athletes may receive academic, need-based, and other non-athletic aid.",https://www.ncaa.org/sports/2014/10/6/division-iii.aspx,false,false,https://web3.ncaa.org/directory/memberList?type=12&division=3,NEEDS_REVIEW
University of New England,university-of-new-england,,ME,,PRIVATE,FOUR_YEAR,https://www.une.edu,,,,,,,,,2026,,,,,https://collegescorecard.ed.gov/,NEEDS_REVIEW,,https://athletics.une.edu,,,,,,,NCAA_D3,Conference of New England,,,,"NCAA Division III programs do not award athletic scholarships, but student-athletes may receive academic, need-based, and other non-athletic aid.",https://www.ncaa.org/sports/2014/10/6/division-iii.aspx,false,false,https://web3.ncaa.org/directory/memberList?type=12&division=3,NEEDS_REVIEW
University of Northwestern-St. Paul,university-of-northwestern-st-paul,,MN,,PRIVATE,FOUR_YEAR,https://www.unwsp.edu,,,,,,,,,2026,,,,,https://collegescorecard.ed.gov/,NEEDS_REVIEW,,https://unweagles.com,,,,,,,NCAA_D3,Upper Midwest Athletic Conference,,,,"NCAA Division III programs do not award athletic scholarships, but student-athletes may receive academic, need-based, and other non-athletic aid.",https://www.ncaa.org/sports/2014/10/6/division-iii.aspx,false,false,https://web3.ncaa.org/directory/memberList?type=12&division=3,NEEDS_REVIEW
"University of Pittsburgh, Bradford",university-of-pittsburgh-bradford,,PA,,PUBLIC,FOUR_YEAR,https://www.upb.pitt.edu/,,,,,,,,,2026,,,,,https://collegescorecard.ed.gov/,NEEDS_REVIEW,,https://athletics.pittbradford.org/landing/index,,,,,,,NCAA_D3,Allegheny Mountain Collegiate Conference,,,,"NCAA Division III programs do not award athletic scholarships, but student-athletes may receive academic, need-based, and other non-athletic aid.",https://www.ncaa.org/sports/2014/10/6/division-iii.aspx,false,false,https://web3.ncaa.org/directory/memberList?type=12&division=3,NEEDS_REVIEW
"University of Pittsburgh, Greensburg",university-of-pittsburgh-greensburg,,PA,,PUBLIC,FOUR_YEAR,https://www.greensburg.pitt.edu/,,,,,,,,,2026,,,,,https://collegescorecard.ed.gov/,NEEDS_REVIEW,,https://pittgreensburgathletics.com/,,,,,,,NCAA_D3,Allegheny Mountain Collegiate Conference,,,,"NCAA Division III programs do not award athletic scholarships, but student-athletes may receive academic, need-based, and other non-athletic aid.",https://www.ncaa.org/sports/2014/10/6/division-iii.aspx,false,false,https://web3.ncaa.org/directory/memberList?type=12&division=3,NEEDS_REVIEW
University of Puget Sound,university-of-puget-sound,,WA,,PRIVATE,FOUR_YEAR,https://www.pugetsound.edu,,,,,,,,,2026,,,,,https://collegescorecard.ed.gov/,NEEDS_REVIEW,,https://www.loggerathletics.com,,,,,,,NCAA_D3,Northwest Conference,,,,"NCAA Division III programs do not award athletic scholarships, but student-athletes may receive academic, need-based, and other non-athletic aid.",https://www.ncaa.org/sports/2014/10/6/division-iii.aspx,false,false,https://web3.ncaa.org/directory/memberList?type=12&division=3,NEEDS_REVIEW
University of Redlands,university-of-redlands,,CA,,PRIVATE,FOUR_YEAR,https://www.redlands.edu,,,,,,,,,2026,,,,,https://collegescorecard.ed.gov/,NEEDS_REVIEW,,https://www.goredlands.com,,,,,,,NCAA_D3,Southern California Intercollegiate Athletic Conf.,,,,"NCAA Division III programs do not award athletic scholarships, but student-athletes may receive academic, need-based, and other non-athletic aid.",https://www.ncaa.org/sports/2014/10/6/division-iii.aspx,false,false,https://web3.ncaa.org/directory/memberList?type=12&division=3,NEEDS_REVIEW
University of Rochester,university-of-rochester,,NY,,PRIVATE,FOUR_YEAR,https://www.rochester.edu/,,,,,,,,,2026,,,,,https://collegescorecard.ed.gov/,NEEDS_REVIEW,,https://www.rochester.edu/athletics,,,,,,,NCAA_D3,University Athletic Association,,,,"NCAA Division III programs do not award athletic scholarships, but student-athletes may receive academic, need-based, and other non-athletic aid.",https://www.ncaa.org/sports/2014/10/6/division-iii.aspx,false,false,https://web3.ncaa.org/directory/memberList?type=12&division=3,NEEDS_REVIEW
University of Saint Joseph (Connecticut),university-of-saint-joseph-connecticut,,CT,,PRIVATE,FOUR_YEAR,https://www.usj.edu,,,,,,,,,2026,,,,,https://collegescorecard.ed.gov/,NEEDS_REVIEW,,https://www.usjbluejays.com,,,,,,,NCAA_D3,Great Northeast Athletic Conference,,,,"NCAA Division III programs do not award athletic scholarships, but student-athletes may receive academic, need-based, and other non-athletic aid.",https://www.ncaa.org/sports/2014/10/6/division-iii.aspx,false,false,https://web3.ncaa.org/directory/memberList?type=12&division=3,NEEDS_REVIEW
University of Scranton,university-of-scranton,,PA,,PRIVATE,FOUR_YEAR,https://www.scranton.edu,,,,,,,,,2026,,,,,https://collegescorecard.ed.gov/,NEEDS_REVIEW,,https://athletics.scranton.edu,,,,,,,NCAA_D3,Landmark Conference,,,,"NCAA Division III programs do not award athletic scholarships, but student-athletes may receive academic, need-based, and other non-athletic aid.",https://www.ncaa.org/sports/2014/10/6/division-iii.aspx,false,false,https://web3.ncaa.org/directory/memberList?type=12&division=3,NEEDS_REVIEW
University of Southern Maine,university-of-southern-maine,,ME,,PUBLIC,FOUR_YEAR,https://www.usm.maine.edu,,,,,,,,,2026,,,,,https://collegescorecard.ed.gov/,NEEDS_REVIEW,,https://www.southernmainehuskies.com,,,,,,,NCAA_D3,Little East Conference,,,,"NCAA Division III programs do not award athletic scholarships, but student-athletes may receive academic, need-based, and other non-athletic aid.",https://www.ncaa.org/sports/2014/10/6/division-iii.aspx,false,false,https://web3.ncaa.org/directory/memberList?type=12&division=3,NEEDS_REVIEW
University of St. Thomas (Texas),university-of-st-thomas-texas,,TX,,PRIVATE,FOUR_YEAR,https://www.stthom.edu/,,,,,,,,,2026,,,,,https://collegescorecard.ed.gov/,NEEDS_REVIEW,,https://www.ustcelts.com,,,,,,,NCAA_D3,Southern Collegiate Athletic Conference,,,,"NCAA Division III programs do not award athletic scholarships, but student-athletes may receive academic, need-based, and other non-athletic aid.",https://www.ncaa.org/sports/2014/10/6/division-iii.aspx,false,false,https://web3.ncaa.org/directory/memberList?type=12&division=3,NEEDS_REVIEW
University of Texas at Dallas,university-of-texas-at-dallas,,TX,,PUBLIC,FOUR_YEAR,https://www.utdallas.edu/,,,,,,,,,2026,,,,,https://collegescorecard.ed.gov/,NEEDS_REVIEW,,https://utdcomets.com,,,,,,,NCAA_D3,Lone Star Conference,,,,"NCAA Division III programs do not award athletic scholarships, but student-athletes may receive academic, need-based, and other non-athletic aid.",https://www.ncaa.org/sports/2014/10/6/division-iii.aspx,false,false,https://web3.ncaa.org/directory/memberList?type=12&division=3,NEEDS_REVIEW
University of the Ozarks (Arkansas),university-of-the-ozarks-arkansas,,AR,,PRIVATE,FOUR_YEAR,https://www.ozarks.edu/,,,,,,,,,2026,,,,,https://collegescorecard.ed.gov/,NEEDS_REVIEW,,https://www.uofoathletics.com/landing/index,,,,,,,NCAA_D3,Southern Collegiate Athletic Conference,,,,"NCAA Division III programs do not award athletic scholarships, but student-athletes may receive academic, need-based, and other non-athletic aid.",https://www.ncaa.org/sports/2014/10/6/division-iii.aspx,false,false,https://web3.ncaa.org/directory/memberList?type=12&division=3,NEEDS_REVIEW
University of the South,university-of-the-south,,TN,,PRIVATE,FOUR_YEAR,https://www.sewanee.edu/,,,,,,,,,2026,,,,,https://collegescorecard.ed.gov/,NEEDS_REVIEW,,https://sewaneetigers.com/,,,,,,,NCAA_D3,Southern Athletic Association,,,,"NCAA Division III programs do not award athletic scholarships, but student-athletes may receive academic, need-based, and other non-athletic aid.",https://www.ncaa.org/sports/2014/10/6/division-iii.aspx,false,false,https://web3.ncaa.org/directory/memberList?type=12&division=3,NEEDS_REVIEW
University of Valley Forge,university-of-valley-forge,,PA,,PRIVATE,FOUR_YEAR,https://valleyforge.edu,,,,,,,,,2026,,,,,https://collegescorecard.ed.gov/,NEEDS_REVIEW,,https://uvfpatriots.com,,,,,,,NCAA_D3,United East Conference,,,,"NCAA Division III programs do not award athletic scholarships, but student-athletes may receive academic, need-based, and other non-athletic aid.",https://www.ncaa.org/sports/2014/10/6/division-iii.aspx,false,false,https://web3.ncaa.org/directory/memberList?type=12&division=3,NEEDS_REVIEW
University of Wisconsin-Eau Claire,university-of-wisconsin-eau-claire,,WI,,PUBLIC,FOUR_YEAR,https://www.uwec.edu/,,,,,,,,,2026,,,,,https://collegescorecard.ed.gov/,NEEDS_REVIEW,,https://www.blugolds.com,,,,,,,NCAA_D3,Wisconsin Intercollegiate Athletic Conference,,,,"NCAA Division III programs do not award athletic scholarships, but student-athletes may receive academic, need-based, and other non-athletic aid.",https://www.ncaa.org/sports/2014/10/6/division-iii.aspx,false,false,https://web3.ncaa.org/directory/memberList?type=12&division=3,NEEDS_REVIEW
University of Wisconsin-La Crosse,university-of-wisconsin-la-crosse,,WI,,PUBLIC,FOUR_YEAR,https://www.uwlax.edu,,,,,,,,,2026,,,,,https://collegescorecard.ed.gov/,NEEDS_REVIEW,,https://www.uwlathletics.com,,,,,,,NCAA_D3,Wisconsin Intercollegiate Athletic Conference,,,,"NCAA Division III programs do not award athletic scholarships, but student-athletes may receive academic, need-based, and other non-athletic aid.",https://www.ncaa.org/sports/2014/10/6/division-iii.aspx,false,false,https://web3.ncaa.org/directory/memberList?type=12&division=3,NEEDS_REVIEW
University of Wisconsin-Oshkosh,university-of-wisconsin-oshkosh,,WI,,PUBLIC,FOUR_YEAR,https://www.uwosh.edu/,,,,,,,,,2026,,,,,https://collegescorecard.ed.gov/,NEEDS_REVIEW,,https://uwoshkoshtitans.com/,,,,,,,NCAA_D3,Wisconsin Intercollegiate Athletic Conference,,,,"NCAA Division III programs do not award athletic scholarships, but student-athletes may receive academic, need-based, and other non-athletic aid.",https://www.ncaa.org/sports/2014/10/6/division-iii.aspx,false,false,https://web3.ncaa.org/directory/memberList?type=12&division=3,NEEDS_REVIEW
University of Wisconsin-Platteville,university-of-wisconsin-platteville,,WI,,PUBLIC,FOUR_YEAR,https://www.uwplatt.edu,,,,,,,,,2026,,,,,https://collegescorecard.ed.gov/,NEEDS_REVIEW,,https://www.letsgopioneers.com,,,,,,,NCAA_D3,Wisconsin Intercollegiate Athletic Conference,,,,"NCAA Division III programs do not award athletic scholarships, but student-athletes may receive academic, need-based, and other non-athletic aid.",https://www.ncaa.org/sports/2014/10/6/division-iii.aspx,false,false,https://web3.ncaa.org/directory/memberList?type=12&division=3,NEEDS_REVIEW
University of Wisconsin-River Falls,university-of-wisconsin-river-falls,,WI,,PUBLIC,FOUR_YEAR,https://www.uwrf.edu/,,,,,,,,,2026,,,,,https://collegescorecard.ed.gov/,NEEDS_REVIEW,,https://www.uwrfsports.com,,,,,,,NCAA_D3,Wisconsin Intercollegiate Athletic Conference,,,,"NCAA Division III programs do not award athletic scholarships, but student-athletes may receive academic, need-based, and other non-athletic aid.",https://www.ncaa.org/sports/2014/10/6/division-iii.aspx,false,false,https://web3.ncaa.org/directory/memberList?type=12&division=3,NEEDS_REVIEW
University of Wisconsin-Stevens Point,university-of-wisconsin-stevens-point,,WI,,PUBLIC,FOUR_YEAR,https://www.uwsp.edu/,,,,,,,,,2026,,,,,https://collegescorecard.ed.gov/,NEEDS_REVIEW,,https://athletics.uwsp.edu,,,,,,,NCAA_D3,Wisconsin Intercollegiate Athletic Conference,,,,"NCAA Division III programs do not award athletic scholarships, but student-athletes may receive academic, need-based, and other non-athletic aid.",https://www.ncaa.org/sports/2014/10/6/division-iii.aspx,false,false,https://web3.ncaa.org/directory/memberList?type=12&division=3,NEEDS_REVIEW
University of Wisconsin-Stout,university-of-wisconsin-stout,,WI,,PUBLIC,FOUR_YEAR,https://www.uwstout.edu/,,,,,,,,,2026,,,,,https://collegescorecard.ed.gov/,NEEDS_REVIEW,,https://stoutbluedevils.com,,,,,,,NCAA_D3,Wisconsin Intercollegiate Athletic Conference,,,,"NCAA Division III programs do not award athletic scholarships, but student-athletes may receive academic, need-based, and other non-athletic aid.",https://www.ncaa.org/sports/2014/10/6/division-iii.aspx,false,false,https://web3.ncaa.org/directory/memberList?type=12&division=3,NEEDS_REVIEW
University of Wisconsin-Superior,university-of-wisconsin-superior,,WI,,PUBLIC,FOUR_YEAR,https://www.uwsuper.edu/,,,,,,,,,2026,,,,,https://collegescorecard.ed.gov/,NEEDS_REVIEW,,https://www.uwsyellowjackets.com,,,,,,,NCAA_D3,Upper Midwest Athletic Conference,,,,"NCAA Division III programs do not award athletic scholarships, but student-athletes may receive academic, need-based, and other non-athletic aid.",https://www.ncaa.org/sports/2014/10/6/division-iii.aspx,false,false,https://web3.ncaa.org/directory/memberList?type=12&division=3,NEEDS_REVIEW
University of Wisconsin-Whitewater,university-of-wisconsin-whitewater,,WI,,PUBLIC,FOUR_YEAR,https://www.uww.edu/,,,,,,,,,2026,,,,,https://collegescorecard.ed.gov/,NEEDS_REVIEW,,https://www.uwwsports.com,,,,,,,NCAA_D3,Wisconsin Intercollegiate Athletic Conference,,,,"NCAA Division III programs do not award athletic scholarships, but student-athletes may receive academic, need-based, and other non-athletic aid.",https://www.ncaa.org/sports/2014/10/6/division-iii.aspx,false,false,https://web3.ncaa.org/directory/memberList?type=12&division=3,NEEDS_REVIEW
Ursinus College,ursinus-college,,PA,,PRIVATE,FOUR_YEAR,https://www.ursinus.edu/,,,,,,,,,2026,,,,,https://collegescorecard.ed.gov/,NEEDS_REVIEW,,https://www.ursinusathletics.com,,,,,,,NCAA_D3,Centennial Conference,,,,"NCAA Division III programs do not award athletic scholarships, but student-athletes may receive academic, need-based, and other non-athletic aid.",https://www.ncaa.org/sports/2014/10/6/division-iii.aspx,false,false,https://web3.ncaa.org/directory/memberList?type=12&division=3,NEEDS_REVIEW
Utica University,utica-university,,NY,,PRIVATE,FOUR_YEAR,https://www.utica.edu,,,,,,,,,2026,,,,,https://collegescorecard.ed.gov/,NEEDS_REVIEW,,https://www.uticapioneers.com,,,,,,,NCAA_D3,Empire 8,,,,"NCAA Division III programs do not award athletic scholarships, but student-athletes may receive academic, need-based, and other non-athletic aid.",https://www.ncaa.org/sports/2014/10/6/division-iii.aspx,false,false,https://web3.ncaa.org/directory/memberList?type=12&division=3,NEEDS_REVIEW
Vassar College,vassar-college,,NY,,PRIVATE,FOUR_YEAR,https://www.vassar.edu,,,,,,,,,2026,,,,,https://collegescorecard.ed.gov/,NEEDS_REVIEW,,https://www.vassarathletics.com/,,,,,,,NCAA_D3,Liberty League,,,,"NCAA Division III programs do not award athletic scholarships, but student-athletes may receive academic, need-based, and other non-athletic aid.",https://www.ncaa.org/sports/2014/10/6/division-iii.aspx,false,false,https://web3.ncaa.org/directory/memberList?type=12&division=3,NEEDS_REVIEW
Vermont State University Castleton,vermont-state-university-castleton,,VT,,PUBLIC,FOUR_YEAR,https://www.castleton.edu,,,,,,,,,2026,,,,,https://collegescorecard.ed.gov/,NEEDS_REVIEW,,https://www.castletonsports.com/landing/index,,,,,,,NCAA_D3,Little East Conference,,,,"NCAA Division III programs do not award athletic scholarships, but student-athletes may receive academic, need-based, and other non-athletic aid.",https://www.ncaa.org/sports/2014/10/6/division-iii.aspx,false,false,https://web3.ncaa.org/directory/memberList?type=12&division=3,NEEDS_REVIEW
Vermont State University Lyndon,vermont-state-university-lyndon,,VT,,PUBLIC,FOUR_YEAR,https://www.northernvermont.edu,,,,,,,,,2026,,,,,https://collegescorecard.ed.gov/,NEEDS_REVIEW,,https://www.lyndonhornets.com,,,,,,,NCAA_D3,North Atlantic Conference,,,,"NCAA Division III programs do not award athletic scholarships, but student-athletes may receive academic, need-based, and other non-athletic aid.",https://www.ncaa.org/sports/2014/10/6/division-iii.aspx,false,false,https://web3.ncaa.org/directory/memberList?type=12&division=3,NEEDS_REVIEW
Virginia Wesleyan University,virginia-wesleyan-university,,VA,,PRIVATE,FOUR_YEAR,https://vwu.edu,,,,,,,,,2026,,,,,https://collegescorecard.ed.gov/,NEEDS_REVIEW,,https://vwuathletics.com,,,,,,,NCAA_D3,Old Dominion Athletic Conf.,,,,"NCAA Division III programs do not award athletic scholarships, but student-athletes may receive academic, need-based, and other non-athletic aid.",https://www.ncaa.org/sports/2014/10/6/division-iii.aspx,false,false,https://web3.ncaa.org/directory/memberList?type=12&division=3,NEEDS_REVIEW
Wabash College,wabash-college,,IN,,PRIVATE,FOUR_YEAR,https://www.wabash.edu,,,,,,,,,2026,,,,,https://collegescorecard.ed.gov/,NEEDS_REVIEW,,https://sports.wabash.edu,,,,,,,NCAA_D3,North Coast Athletic Conference,,,,"NCAA Division III programs do not award athletic scholarships, but student-athletes may receive academic, need-based, and other non-athletic aid.",https://www.ncaa.org/sports/2014/10/6/division-iii.aspx,false,false,https://web3.ncaa.org/directory/memberList?type=12&division=3,NEEDS_REVIEW
Wartburg College,wartburg-college,,IA,,PRIVATE,FOUR_YEAR,https://www.wartburg.edu,,,,,,,,,2026,,,,,https://collegescorecard.ed.gov/,NEEDS_REVIEW,,https://www.go-knights.net,,,,,,,NCAA_D3,American Rivers Conference,,,,"NCAA Division III programs do not award athletic scholarships, but student-athletes may receive academic, need-based, and other non-athletic aid.",https://www.ncaa.org/sports/2014/10/6/division-iii.aspx,false,false,https://web3.ncaa.org/directory/memberList?type=12&division=3,NEEDS_REVIEW
Washington and Jefferson College,washington-and-jefferson-college,,PA,,PRIVATE,FOUR_YEAR,https://www.washjeff.edu,,,,,,,,,2026,,,,,https://collegescorecard.ed.gov/,NEEDS_REVIEW,,https://www.gopresidents.com,,,,,,,NCAA_D3,Presidents' Athletic Conference,,,,"NCAA Division III programs do not award athletic scholarships, but student-athletes may receive academic, need-based, and other non-athletic aid.",https://www.ncaa.org/sports/2014/10/6/division-iii.aspx,false,false,https://web3.ncaa.org/directory/memberList?type=12&division=3,NEEDS_REVIEW
Washington and Lee University,washington-and-lee-university,,VA,,PRIVATE,FOUR_YEAR,https://www.wlu.edu,,,,,,,,,2026,,,,,https://collegescorecard.ed.gov/,NEEDS_REVIEW,,https://generalssports.com,,,,,,,NCAA_D3,Old Dominion Athletic Conf.,,,,"NCAA Division III programs do not award athletic scholarships, but student-athletes may receive academic, need-based, and other non-athletic aid.",https://www.ncaa.org/sports/2014/10/6/division-iii.aspx,false,false,https://web3.ncaa.org/directory/memberList?type=12&division=3,NEEDS_REVIEW
Washington College (Maryland),washington-college-maryland,,MD,,PRIVATE,FOUR_YEAR,https://www.washcoll.edu/,,,,,,,,,2026,,,,,https://collegescorecard.ed.gov/,NEEDS_REVIEW,,https://www.WashingtonCollegeSports.com,,,,,,,NCAA_D3,Centennial Conference,,,,"NCAA Division III programs do not award athletic scholarships, but student-athletes may receive academic, need-based, and other non-athletic aid.",https://www.ncaa.org/sports/2014/10/6/division-iii.aspx,false,false,https://web3.ncaa.org/directory/memberList?type=12&division=3,NEEDS_REVIEW
Washington University in St. Louis,washington-university-in-st-louis,,MO,,PRIVATE,FOUR_YEAR,https://www.washu.edu,,,,,,,,,2026,,,,,https://collegescorecard.ed.gov/,NEEDS_REVIEW,,https://washubears.com,,,,,,,NCAA_D3,University Athletic Association,,,,"NCAA Division III programs do not award athletic scholarships, but student-athletes may receive academic, need-based, and other non-athletic aid.",https://www.ncaa.org/sports/2014/10/6/division-iii.aspx,false,false,https://web3.ncaa.org/directory/memberList?type=12&division=3,NEEDS_REVIEW
Waynesburg University,waynesburg-university,,PA,,PRIVATE,FOUR_YEAR,https://www.waynesburg.edu/,,,,,,,,,2026,,,,,https://collegescorecard.ed.gov/,NEEDS_REVIEW,,https://www.waynesburgsports.com,,,,,,,NCAA_D3,Presidents' Athletic Conference,,,,"NCAA Division III programs do not award athletic scholarships, but student-athletes may receive academic, need-based, and other non-athletic aid.",https://www.ncaa.org/sports/2014/10/6/division-iii.aspx,false,false,https://web3.ncaa.org/directory/memberList?type=12&division=3,NEEDS_REVIEW
Webster University,webster-university,,MO,,PRIVATE,FOUR_YEAR,https://www.webster.edu/,,,,,,,,,2026,,,,,https://collegescorecard.ed.gov/,NEEDS_REVIEW,,https://websterathletics.com,,,,,,,NCAA_D3,St. Louis Intercollegiate Athletic Conference,,,,"NCAA Division III programs do not award athletic scholarships, but student-athletes may receive academic, need-based, and other non-athletic aid.",https://www.ncaa.org/sports/2014/10/6/division-iii.aspx,false,false,https://web3.ncaa.org/directory/memberList?type=12&division=3,NEEDS_REVIEW
Wentworth Institute of Technology,wentworth-institute-of-technology,,MA,,PRIVATE,FOUR_YEAR,https://www.wit.edu,,,,,,,,,2026,,,,,https://collegescorecard.ed.gov/,NEEDS_REVIEW,,https://www.wentworthathletics.com,,,,,,,NCAA_D3,Conference of New England,,,,"NCAA Division III programs do not award athletic scholarships, but student-athletes may receive academic, need-based, and other non-athletic aid.",https://www.ncaa.org/sports/2014/10/6/division-iii.aspx,false,false,https://web3.ncaa.org/directory/memberList?type=12&division=3,NEEDS_REVIEW
Wesleyan College (Georgia),wesleyan-college-georgia,,GA,,PRIVATE,FOUR_YEAR,https://www.wesleyancollege.edu/,,,,,,,,,2026,,,,,https://collegescorecard.ed.gov/,NEEDS_REVIEW,,https://www.wesleyanathletics.com,,,,,,,NCAA_D3,Collegiate Conference of the South,,,,"NCAA Division III programs do not award athletic scholarships, but student-athletes may receive academic, need-based, and other non-athletic aid.",https://www.ncaa.org/sports/2014/10/6/division-iii.aspx,false,false,https://web3.ncaa.org/directory/memberList?type=12&division=3,NEEDS_REVIEW
Wesleyan University (Connecticut),wesleyan-university-connecticut,,CT,,PRIVATE,FOUR_YEAR,https://www.wesleyan.edu/,,,,,,,,,2026,,,,,https://collegescorecard.ed.gov/,NEEDS_REVIEW,,https://www.wesleyan.edu/athletics,,,,,,,NCAA_D3,New England Small College Athletic Conference,,,,"NCAA Division III programs do not award athletic scholarships, but student-athletes may receive academic, need-based, and other non-athletic aid.",https://www.ncaa.org/sports/2014/10/6/division-iii.aspx,false,false,https://web3.ncaa.org/directory/memberList?type=12&division=3,NEEDS_REVIEW
Western Connecticut State University,western-connecticut-state-university,,CT,,PUBLIC,FOUR_YEAR,https://www.wcsu.edu/,,,,,,,,,2026,,,,,https://collegescorecard.ed.gov/,NEEDS_REVIEW,,https://www.westconnathletics.com,,,,,,,NCAA_D3,Little East Conference,,,,"NCAA Division III programs do not award athletic scholarships, but student-athletes may receive academic, need-based, and other non-athletic aid.",https://www.ncaa.org/sports/2014/10/6/division-iii.aspx,false,false,https://web3.ncaa.org/directory/memberList?type=12&division=3,NEEDS_REVIEW
Western New England University,western-new-england-university,,MA,,PRIVATE,FOUR_YEAR,https://www.wne.edu/,,,,,,,,,2026,,,,,https://collegescorecard.ed.gov/,NEEDS_REVIEW,,https://www.wnegoldenbears.com,,,,,,,NCAA_D3,Conference of New England,,,,"NCAA Division III programs do not award athletic scholarships, but student-athletes may receive academic, need-based, and other non-athletic aid.",https://www.ncaa.org/sports/2014/10/6/division-iii.aspx,false,false,https://web3.ncaa.org/directory/memberList?type=12&division=3,NEEDS_REVIEW
Westfield State University,westfield-state-university,,MA,,PUBLIC,FOUR_YEAR,https://www.westfield.ma.edu,,,,,,,,,2026,,,,,https://collegescorecard.ed.gov/,NEEDS_REVIEW,,https://www.WestfieldStateOwls.com,,,,,,,NCAA_D3,Massachusetts State Collegiate Athletic Conference,,,,"NCAA Division III programs do not award athletic scholarships, but student-athletes may receive academic, need-based, and other non-athletic aid.",https://www.ncaa.org/sports/2014/10/6/division-iii.aspx,false,false,https://web3.ncaa.org/directory/memberList?type=12&division=3,NEEDS_REVIEW
Westminster College (Missouri),westminster-college-missouri,,MO,,PRIVATE,FOUR_YEAR,https://www.wcmo.edu/,,,,,,,,,2026,,,,,https://collegescorecard.ed.gov/,NEEDS_REVIEW,,https://www.wcbluejays.com/landing/index,,,,,,,NCAA_D3,St. Louis Intercollegiate Athletic Conference,,,,"NCAA Division III programs do not award athletic scholarships, but student-athletes may receive academic, need-based, and other non-athletic aid.",https://www.ncaa.org/sports/2014/10/6/division-iii.aspx,false,false,https://web3.ncaa.org/directory/memberList?type=12&division=3,NEEDS_REVIEW
Westminster College (Pennsylvania),westminster-college-pennsylvania,,PA,,PRIVATE,FOUR_YEAR,https://www.westminster.edu/,,,,,,,,,2026,,,,,https://collegescorecard.ed.gov/,NEEDS_REVIEW,,https://www.westminster.edu/athletics/,,,,,,,NCAA_D3,Presidents' Athletic Conference,,,,"NCAA Division III programs do not award athletic scholarships, but student-athletes may receive academic, need-based, and other non-athletic aid.",https://www.ncaa.org/sports/2014/10/6/division-iii.aspx,false,false,https://web3.ncaa.org/directory/memberList?type=12&division=3,NEEDS_REVIEW
Wheaton College (Illinois),wheaton-college-illinois,,IL,,PRIVATE,FOUR_YEAR,https://www.wheaton.edu,,,,,,,,,2026,,,,,https://collegescorecard.ed.gov/,NEEDS_REVIEW,,https://athletics.wheaton.edu,,,,,,,NCAA_D3,College Conference of Illinois & Wisconsin,,,,"NCAA Division III programs do not award athletic scholarships, but student-athletes may receive academic, need-based, and other non-athletic aid.",https://www.ncaa.org/sports/2014/10/6/division-iii.aspx,false,false,https://web3.ncaa.org/directory/memberList?type=12&division=3,NEEDS_REVIEW
Whittier College,whittier-college,,CA,,PRIVATE,FOUR_YEAR,https://www.whittier.edu,,,,,,,,,2026,,,,,https://collegescorecard.ed.gov/,NEEDS_REVIEW,,https://www.wcpoets.com,,,,,,,NCAA_D3,Southern California Intercollegiate Athletic Conf.,,,,"NCAA Division III programs do not award athletic scholarships, but student-athletes may receive academic, need-based, and other non-athletic aid.",https://www.ncaa.org/sports/2014/10/6/division-iii.aspx,false,false,https://web3.ncaa.org/directory/memberList?type=12&division=3,NEEDS_REVIEW
Whitworth University,whitworth-university,,WA,,PRIVATE,FOUR_YEAR,https://www.whitworth.edu/,,,,,,,,,2026,,,,,https://collegescorecard.ed.gov/,NEEDS_REVIEW,,https://www.whitworthpirates.com,,,,,,,NCAA_D3,Northwest Conference,,,,"NCAA Division III programs do not award athletic scholarships, but student-athletes may receive academic, need-based, and other non-athletic aid.",https://www.ncaa.org/sports/2014/10/6/division-iii.aspx,false,false,https://web3.ncaa.org/directory/memberList?type=12&division=3,NEEDS_REVIEW
Widener University,widener-university,,PA,,PRIVATE,FOUR_YEAR,https://www.widener.edu/,,,,,,,,,2026,,,,,https://collegescorecard.ed.gov/,NEEDS_REVIEW,,https://www.widenerpride.com,,,,,,,NCAA_D3,Middle Atlantic Conferences,,,,"NCAA Division III programs do not award athletic scholarships, but student-athletes may receive academic, need-based, and other non-athletic aid.",https://www.ncaa.org/sports/2014/10/6/division-iii.aspx,false,false,https://web3.ncaa.org/directory/memberList?type=12&division=3,NEEDS_REVIEW
Wilkes University,wilkes-university,,PA,,PRIVATE,FOUR_YEAR,https://www.wilkes.edu,,,,,,,,,2026,,,,,https://collegescorecard.ed.gov/,NEEDS_REVIEW,,https://www.gowilkesu.com,,,,,,,NCAA_D3,Landmark Conference,,,,"NCAA Division III programs do not award athletic scholarships, but student-athletes may receive academic, need-based, and other non-athletic aid.",https://www.ncaa.org/sports/2014/10/6/division-iii.aspx,false,false,https://web3.ncaa.org/directory/memberList?type=12&division=3,NEEDS_REVIEW
William Paterson University of New Jersey,william-paterson-university-of-new-jersey,,NJ,,PUBLIC,FOUR_YEAR,https://www.wpunj.edu,,,,,,,,,2026,,,,,https://collegescorecard.ed.gov/,NEEDS_REVIEW,,https://www.wpupioneers.com,,,,,,,NCAA_D3,New Jersey Athletic Conference,,,,"NCAA Division III programs do not award athletic scholarships, but student-athletes may receive academic, need-based, and other non-athletic aid.",https://www.ncaa.org/sports/2014/10/6/division-iii.aspx,false,false,https://web3.ncaa.org/directory/memberList?type=12&division=3,NEEDS_REVIEW
William Peace University,william-peace-university,,NC,,PRIVATE,FOUR_YEAR,https://www.peace.edu/,,,,,,,,,2026,,,,,https://collegescorecard.ed.gov/,NEEDS_REVIEW,,https://www.gopeacepacers.com,,,,,,,NCAA_D3,USA South Athletic Conference,,,,"NCAA Division III programs do not award athletic scholarships, but student-athletes may receive academic, need-based, and other non-athletic aid.",https://www.ncaa.org/sports/2014/10/6/division-iii.aspx,false,false,https://web3.ncaa.org/directory/memberList?type=12&division=3,NEEDS_REVIEW
Williams College,williams-college,,MA,,PRIVATE,FOUR_YEAR,https://www.williams.edu/,,,,,,,,,2026,,,,,https://collegescorecard.ed.gov/,NEEDS_REVIEW,,https://ephsports.williams.edu/,,,,,,,NCAA_D3,New England Small College Athletic Conference,,,,"NCAA Division III programs do not award athletic scholarships, but student-athletes may receive academic, need-based, and other non-athletic aid.",https://www.ncaa.org/sports/2014/10/6/division-iii.aspx,false,false,https://web3.ncaa.org/directory/memberList?type=12&division=3,NEEDS_REVIEW
Wilmington College (Ohio),wilmington-college-ohio,,OH,,PRIVATE,FOUR_YEAR,https://www.wilmington.edu/,,,,,,,,,2026,,,,,https://collegescorecard.ed.gov/,NEEDS_REVIEW,,https://www.wilmington.edu/athletics,,,,,,,NCAA_D3,Ohio Athletic Conference,,,,"NCAA Division III programs do not award athletic scholarships, but student-athletes may receive academic, need-based, and other non-athletic aid.",https://www.ncaa.org/sports/2014/10/6/division-iii.aspx,false,false,https://web3.ncaa.org/directory/memberList?type=12&division=3,NEEDS_REVIEW
Wilson College,wilson-college,,PA,,PRIVATE,FOUR_YEAR,https://www.wilson.edu,,,,,,,,,2026,,,,,https://collegescorecard.ed.gov/,NEEDS_REVIEW,,https://www.wilsonphoenix.com,,,,,,,NCAA_D3,United East Conference,,,,"NCAA Division III programs do not award athletic scholarships, but student-athletes may receive academic, need-based, and other non-athletic aid.",https://www.ncaa.org/sports/2014/10/6/division-iii.aspx,false,false,https://web3.ncaa.org/directory/memberList?type=12&division=3,NEEDS_REVIEW
Wisconsin Lutheran College,wisconsin-lutheran-college,,WI,,PRIVATE,FOUR_YEAR,https://www.wlc.edu,,,,,,,,,2026,,,,,https://collegescorecard.ed.gov/,NEEDS_REVIEW,,https://www.wlcsports.com/landing/index,,,,,,,NCAA_D3,Northern Athletics Collegiate Conference,,,,"NCAA Division III programs do not award athletic scholarships, but student-athletes may receive academic, need-based, and other non-athletic aid.",https://www.ncaa.org/sports/2014/10/6/division-iii.aspx,false,false,https://web3.ncaa.org/directory/memberList?type=12&division=3,NEEDS_REVIEW
Wittenberg University,wittenberg-university,,OH,,PRIVATE,FOUR_YEAR,https://www.wittenberg.edu,,,,,,,,,2026,,,,,https://collegescorecard.ed.gov/,NEEDS_REVIEW,,https://www.wittenbergtigers.com,,,,,,,NCAA_D3,North Coast Athletic Conference,,,,"NCAA Division III programs do not award athletic scholarships, but student-athletes may receive academic, need-based, and other non-athletic aid.",https://www.ncaa.org/sports/2014/10/6/division-iii.aspx,false,false,https://web3.ncaa.org/directory/memberList?type=12&division=3,NEEDS_REVIEW
Worcester State University,worcester-state-university,,MA,,PUBLIC,FOUR_YEAR,https://www.worcester.edu/,,,,,,,,,2026,,,,,https://collegescorecard.ed.gov/,NEEDS_REVIEW,,https://www.wsulancers.com,,,,,,,NCAA_D3,Massachusetts State Collegiate Athletic Conference,,,,"NCAA Division III programs do not award athletic scholarships, but student-athletes may receive academic, need-based, and other non-athletic aid.",https://www.ncaa.org/sports/2014/10/6/division-iii.aspx,false,false,https://web3.ncaa.org/directory/memberList?type=12&division=3,NEEDS_REVIEW
Yeshiva University,yeshiva-university,,NY,,PRIVATE,FOUR_YEAR,https://www.yu.edu/,,,,,,,,,2026,,,,,https://collegescorecard.ed.gov/,NEEDS_REVIEW,,https://www.yumacs.com,,,,,,,NCAA_D3,Skyline Conference,,,,"NCAA Division III programs do not award athletic scholarships, but student-athletes may receive academic, need-based, and other non-athletic aid.",https://www.ncaa.org/sports/2014/10/6/division-iii.aspx,false,false,https://web3.ncaa.org/directory/memberList?type=12&division=3,NEEDS_REVIEW
York College (New York),york-college-new-york,,NY,,PUBLIC,FOUR_YEAR,https://www.york.cuny.edu,,,,,,,,,2026,,,,,https://collegescorecard.ed.gov/,NEEDS_REVIEW,,https://www.yorkathletics.com,,,,,,,NCAA_D3,City University of New York Athletic Conference,,,,"NCAA Division III programs do not award athletic scholarships, but student-athletes may receive academic, need-based, and other non-athletic aid.",https://www.ncaa.org/sports/2014/10/6/division-iii.aspx,false,false,https://web3.ncaa.org/directory/memberList?type=12&division=3,NEEDS_REVIEW
York College (Pennsylvania),york-college-pennsylvania,,PA,,PRIVATE,FOUR_YEAR,https://www.ycp.edu,,,,,,,,,2026,,,,,https://collegescorecard.ed.gov/,NEEDS_REVIEW,,https://www.ycpspartans.com,,,,,,,NCAA_D3,Middle Atlantic Conferences,,,,"NCAA Division III programs do not award athletic scholarships, but student-athletes may receive academic, need-based, and other non-athletic aid.",https://www.ncaa.org/sports/2014/10/6/division-iii.aspx,false,false,https://web3.ncaa.org/directory/memberList?type=12&division=3,NEEDS_REVIEW