name,slug,city,state,region,control,schoolType,websiteUrl,admissionsUrl,academicsUrl,majorsUrl,applicationUrl,financialAidUrl,tuitionInState,tuitionOutOfState,tuitionInternational,tuitionYear,enrollmentTotal,enrollmentUndergrad,acceptanceRate,graduationRate,dataSourceUrl,verificationStatus,baseballNickname,baseballWebsiteUrl,rosterUrl,scheduleUrl,campsUrl,questionnaireUrl,generalContactUrl,generalContactEmail,division,conference,logoUrl,currentRosterSize,averageGpa,scholarshipNotes,scholarshipInfoUrl,transferHeavy,jucoFriendly,baseballDataSourceUrl,baseballVerificationStatus
Allen County Community College,allen-county-community-college,,KS,,PUBLIC,JUNIOR_COLLEGE,,,,,,,,,,2026,,,,,https://collegescorecard.ed.gov/,NEEDS_REVIEW,,https://njcaastats.prestosports.com/sports/bsb/2024-25/div1/teams/allencountycommunitycollege,https://njcaastats.prestosports.com/sports/bsb/2024-25/div1/teams/allencountycommunitycollege/roster,https://njcaastats.prestosports.com/sports/bsb/2024-25/div1/teams/allencountycommunitycollege/schedule,,,,,NJCAA_D1,Region 6,,,,"NJCAA Division I programs may offer athletic scholarships, subject to NJCAA and institutional limits.",https://www.njcaa.org/,true,true,https://njcaastats.prestosports.com/sports/bsb/2024-25/div1/teams?jsRendering=true&pos=br&sort=r,NEEDS_REVIEW
Alvin Community College,alvin-community-college,,TX,,PUBLIC,JUNIOR_COLLEGE,,,,,,,,,,2026,,,,,https://collegescorecard.ed.gov/,NEEDS_REVIEW,,https://njcaastats.prestosports.com/sports/bsb/2024-25/div1/teams/alvincommunitycollege,https://njcaastats.prestosports.com/sports/bsb/2024-25/div1/teams/alvincommunitycollege/roster,https://njcaastats.prestosports.com/sports/bsb/2024-25/div1/teams/alvincommunitycollege/schedule,,,,,NJCAA_D1,Region 14,,,,"NJCAA Division I programs may offer athletic scholarships, subject to NJCAA and institutional limits.",https://www.njcaa.org/,true,true,https://njcaastats.prestosports.com/sports/bsb/2024-25/div1/teams?jsRendering=true&pos=br&sort=r,NEEDS_REVIEW
Amarillo College,amarillo-college,,TX,,PUBLIC,JUNIOR_COLLEGE,,,,,,,,,,2026,,,,,https://collegescorecard.ed.gov/,NEEDS_REVIEW,,https://njcaastats.prestosports.com/sports/bsb/2024-25/div1/teams/amarillocollege,https://njcaastats.prestosports.com/sports/bsb/2024-25/div1/teams/amarillocollege/roster,https://njcaastats.prestosports.com/sports/bsb/2024-25/div1/teams/amarillocollege/schedule,,,,,NJCAA_D1,Region 5,,,,"NJCAA Division I programs may offer athletic scholarships, subject to NJCAA and institutional limits.",https://www.njcaa.org/,true,true,https://njcaastats.prestosports.com/sports/bsb/2024-25/div1/teams?jsRendering=true&pos=br&sort=r,NEEDS_REVIEW
Andrew College,andrew-college,,GA,,PUBLIC,JUNIOR_COLLEGE,,,,,,,,,,2026,,,,,https://collegescorecard.ed.gov/,NEEDS_REVIEW,,https://njcaastats.prestosports.com/sports/bsb/2024-25/div1/teams/andrewcollege,https://njcaastats.prestosports.com/sports/bsb/2024-25/div1/teams/andrewcollege/roster,https://njcaastats.prestosports.com/sports/bsb/2024-25/div1/teams/andrewcollege/schedule,,,,,NJCAA_D1,Region 17,,,,"NJCAA Division I programs may offer athletic scholarships, subject to NJCAA and institutional limits.",https://www.njcaa.org/,true,true,https://njcaastats.prestosports.com/sports/bsb/2024-25/div1/teams?jsRendering=true&pos=br&sort=r,NEEDS_REVIEW
Angelina College,angelina-college,,TX,,PUBLIC,JUNIOR_COLLEGE,,,,,,,,,,2026,,,,,https://collegescorecard.ed.gov/,NEEDS_REVIEW,,https://njcaastats.prestosports.com/sports/bsb/2024-25/div1/teams/angelinacollege,https://njcaastats.prestosports.com/sports/bsb/2024-25/div1/teams/angelinacollege/roster,https://njcaastats.prestosports.com/sports/bsb/2024-25/div1/teams/angelinacollege/schedule,,,,,NJCAA_D1,Region 14,,,,"NJCAA Division I programs may offer athletic scholarships, subject to NJCAA and institutional limits.",https://www.njcaa.org/,true,true,https://njcaastats.prestosports.com/sports/bsb/2024-25/div1/teams?jsRendering=true&pos=br&sort=r,NEEDS_REVIEW
Arizona Western College,arizona-western-college,,AZ,,PUBLIC,JUNIOR_COLLEGE,,,,,,,,,,2026,,,,,https://collegescorecard.ed.gov/,NEEDS_REVIEW,,https://njcaastats.prestosports.com/sports/bsb/2024-25/div1/teams/arizonawesterncollege,https://njcaastats.prestosports.com/sports/bsb/2024-25/div1/teams/arizonawesterncollege/roster,https://njcaastats.prestosports.com/sports/bsb/2024-25/div1/teams/arizonawesterncollege/schedule,,,,,NJCAA_D1,Region 1,,,,"NJCAA Division I programs may offer athletic scholarships, subject to NJCAA and institutional limits.",https://www.njcaa.org/,true,true,https://njcaastats.prestosports.com/sports/bsb/2024-25/div1/teams?jsRendering=true&pos=br&sort=r,NEEDS_REVIEW
Barton Community College,barton-community-college,,KS,,PUBLIC,JUNIOR_COLLEGE,,,,,,,,,,2026,,,,,https://collegescorecard.ed.gov/,NEEDS_REVIEW,,https://njcaastats.prestosports.com/sports/bsb/2024-25/div1/teams/bartoncommunitycollege,https://njcaastats.prestosports.com/sports/bsb/2024-25/div1/teams/bartoncommunitycollege/roster,https://njcaastats.prestosports.com/sports/bsb/2024-25/div1/teams/bartoncommunitycollege/schedule,,,,,NJCAA_D1,Region 6,,,,"NJCAA Division I programs may offer athletic scholarships, subject to NJCAA and institutional limits.",https://www.njcaa.org/,true,true,https://njcaastats.prestosports.com/sports/bsb/2024-25/div1/teams?jsRendering=true&pos=br&sort=r,NEEDS_REVIEW
Baton Rouge Community College,baton-rouge-community-college,,LA,,PUBLIC,JUNIOR_COLLEGE,,,,,,,,,,2026,,,,,https://collegescorecard.ed.gov/,NEEDS_REVIEW,,https://njcaastats.prestosports.com/sports/bsb/2024-25/div1/teams/batonrougecommunitycollege,https://njcaastats.prestosports.com/sports/bsb/2024-25/div1/teams/batonrougecommunitycollege/roster,https://njcaastats.prestosports.com/sports/bsb/2024-25/div1/teams/batonrougecommunitycollege/schedule,,,,,NJCAA_D1,Region 23,,,,"NJCAA Division I programs may offer athletic scholarships, subject to NJCAA and institutional limits.",https://www.njcaa.org/,true,true,https://njcaastats.prestosports.com/sports/bsb/2024-25/div1/teams?jsRendering=true&pos=br&sort=r,NEEDS_REVIEW
Blinn College,blinn-college,,TX,,PUBLIC,JUNIOR_COLLEGE,,,,,,,,,,2026,,,,,https://collegescorecard.ed.gov/,NEEDS_REVIEW,,https://njcaastats.prestosports.com/sports/bsb/2024-25/div1/teams/blinncollege,https://njcaastats.prestosports.com/sports/bsb/2024-25/div1/teams/blinncollege/roster,https://njcaastats.prestosports.com/sports/bsb/2024-25/div1/teams/blinncollege/schedule,,,,,NJCAA_D1,Region 14,,,,"NJCAA Division I programs may offer athletic scholarships, subject to NJCAA and institutional limits.",https://www.njcaa.org/,true,true,https://njcaastats.prestosports.com/sports/bsb/2024-25/div1/teams?jsRendering=true&pos=br&sort=r,NEEDS_REVIEW
Bossier Parish Community College,bossier-parish-community-college,,LA,,PUBLIC,JUNIOR_COLLEGE,,,,,,,,,,2026,,,,,https://collegescorecard.ed.gov/,NEEDS_REVIEW,,https://njcaastats.prestosports.com/sports/bsb/2024-25/div1/teams/bossierparishcommunitycollege,https://njcaastats.prestosports.com/sports/bsb/2024-25/div1/teams/bossierparishcommunitycollege/roster,https://njcaastats.prestosports.com/sports/bsb/2024-25/div1/teams/bossierparishcommunitycollege/schedule,,,,,NJCAA_D1,Region 14,,,,"NJCAA Division I programs may offer athletic scholarships, subject to NJCAA and institutional limits.",https://www.njcaa.org/,true,true,https://njcaastats.prestosports.com/sports/bsb/2024-25/div1/teams?jsRendering=true&pos=br&sort=r,NEEDS_REVIEW
Butler Community College - KS,butler-community-college-ks,,KS,,PUBLIC,JUNIOR_COLLEGE,,,,,,,,,,2026,,,,,https://collegescorecard.ed.gov/,NEEDS_REVIEW,,https://njcaastats.prestosports.com/sports/bsb/2024-25/div1/teams/butlercommunitycollegeks,https://njcaastats.prestosports.com/sports/bsb/2024-25/div1/teams/butlercommunitycollegeks/roster,https://njcaastats.prestosports.com/sports/bsb/2024-25/div1/teams/butlercommunitycollegeks/schedule,,,,,NJCAA_D1,Region 6,,,,"NJCAA Division I programs may offer athletic scholarships, subject to NJCAA and institutional limits.",https://www.njcaa.org/,true,true,https://njcaastats.prestosports.com/sports/bsb/2024-25/div1/teams?jsRendering=true&pos=br&sort=r,NEEDS_REVIEW
Calhoun Community College,calhoun-community-college,,AL,,PUBLIC,JUNIOR_COLLEGE,,,,,,,,,,2026,,,,,https://collegescorecard.ed.gov/,NEEDS_REVIEW,,https://njcaastats.prestosports.com/sports/bsb/2024-25/div1/teams/calhouncommunitycollege,https://njcaastats.prestosports.com/sports/bsb/2024-25/div1/teams/calhouncommunitycollege/roster,https://njcaastats.prestosports.com/sports/bsb/2024-25/div1/teams/calhouncommunitycollege/schedule,,,,,NJCAA_D1,Region 22,,,,"NJCAA Division I programs may offer athletic scholarships, subject to NJCAA and institutional limits.",https://www.njcaa.org/,true,true,https://njcaastats.prestosports.com/sports/bsb/2024-25/div1/teams?jsRendering=true&pos=br&sort=r,NEEDS_REVIEW
Central Arizona College,central-arizona-college,,AZ,,PUBLIC,JUNIOR_COLLEGE,,,,,,,,,,2026,,,,,https://collegescorecard.ed.gov/,NEEDS_REVIEW,,https://njcaastats.prestosports.com/sports/bsb/2024-25/div1/teams/centralarizonacollege,https://njcaastats.prestosports.com/sports/bsb/2024-25/div1/teams/centralarizonacollege/roster,https://njcaastats.prestosports.com/sports/bsb/2024-25/div1/teams/centralarizonacollege/schedule,,,,,NJCAA_D1,Region 1,,,,"NJCAA Division I programs may offer athletic scholarships, subject to NJCAA and institutional limits.",https://www.njcaa.org/,true,true,https://njcaastats.prestosports.com/sports/bsb/2024-25/div1/teams?jsRendering=true&pos=br&sort=r,NEEDS_REVIEW
Chattahoochee Valley Community College,chattahoochee-valley-community-college,,AL,,PUBLIC,JUNIOR_COLLEGE,,,,,,,,,,2026,,,,,https://collegescorecard.ed.gov/,NEEDS_REVIEW,,https://njcaastats.prestosports.com/sports/bsb/2024-25/div1/teams/chattahoocheevalleycommunitycollege,https://njcaastats.prestosports.com/sports/bsb/2024-25/div1/teams/chattahoocheevalleycommunitycollege/roster,https://njcaastats.prestosports.com/sports/bsb/2024-25/div1/teams/chattahoocheevalleycommunitycollege/schedule,,,,,NJCAA_D1,Region 22,,,,"NJCAA Division I programs may offer athletic scholarships, subject to NJCAA and institutional limits.",https://www.njcaa.org/,true,true,https://njcaastats.prestosports.com/sports/bsb/2024-25/div1/teams?jsRendering=true&pos=br&sort=r,NEEDS_REVIEW
Chattanooga State Community College,chattanooga-state-community-college,,TN,,PUBLIC,JUNIOR_COLLEGE,,,,,,,,,,2026,,,,,https://collegescorecard.ed.gov/,NEEDS_REVIEW,,https://njcaastats.prestosports.com/sports/bsb/2024-25/div1/teams/chattanoogastatecommunitycollege,https://njcaastats.prestosports.com/sports/bsb/2024-25/div1/teams/chattanoogastatecommunitycollege/roster,https://njcaastats.prestosports.com/sports/bsb/2024-25/div1/teams/chattanoogastatecommunitycollege/schedule,,,,,NJCAA_D1,Region 7,,,,"NJCAA Division I programs may offer athletic scholarships, subject to NJCAA and institutional limits.",https://www.njcaa.org/,true,true,https://njcaastats.prestosports.com/sports/bsb/2024-25/div1/teams?jsRendering=true&pos=br&sort=r,NEEDS_REVIEW
Chipola  College,chipola-college,,FL,,PUBLIC,JUNIOR_COLLEGE,,,,,,,,,,2026,,,,,https://collegescorecard.ed.gov/,NEEDS_REVIEW,,https://njcaastats.prestosports.com/sports/bsb/2024-25/div1/teams/chipolacollege,https://njcaastats.prestosports.com/sports/bsb/2024-25/div1/teams/chipolacollege/roster,https://njcaastats.prestosports.com/sports/bsb/2024-25/div1/teams/chipolacollege/schedule,,,,,NJCAA_D1,Region 8,,,,"NJCAA Division I programs may offer athletic scholarships, subject to NJCAA and institutional limits.",https://www.njcaa.org/,true,true,https://njcaastats.prestosports.com/sports/bsb/2024-25/div1/teams?jsRendering=true&pos=br&sort=r,NEEDS_REVIEW
Cisco College,cisco-college,,TX,,PUBLIC,JUNIOR_COLLEGE,,,,,,,,,,2026,,,,,https://collegescorecard.ed.gov/,NEEDS_REVIEW,,https://njcaastats.prestosports.com/sports/bsb/2024-25/div1/teams/ciscocollege,https://njcaastats.prestosports.com/sports/bsb/2024-25/div1/teams/ciscocollege/roster,https://njcaastats.prestosports.com/sports/bsb/2024-25/div1/teams/ciscocollege/schedule,,,,,NJCAA_D1,Region 5,,,,"NJCAA Division I programs may offer athletic scholarships, subject to NJCAA and institutional limits.",https://www.njcaa.org/,true,true,https://njcaastats.prestosports.com/sports/bsb/2024-25/div1/teams?jsRendering=true&pos=br&sort=r,NEEDS_REVIEW
Clarendon College,clarendon-college,,TX,,PUBLIC,JUNIOR_COLLEGE,,,,,,,,,,2026,,,,,https://collegescorecard.ed.gov/,NEEDS_REVIEW,,https://njcaastats.prestosports.com/sports/bsb/2024-25/div1/teams/clarendoncollege,https://njcaastats.prestosports.com/sports/bsb/2024-25/div1/teams/clarendoncollege/roster,https://njcaastats.prestosports.com/sports/bsb/2024-25/div1/teams/clarendoncollege/schedule,,,,,NJCAA_D1,Region 5,,,,"NJCAA Division I programs may offer athletic scholarships, subject to NJCAA and institutional limits.",https://www.njcaa.org/,true,true,https://njcaastats.prestosports.com/sports/bsb/2024-25/div1/teams?jsRendering=true&pos=br&sort=r,NEEDS_REVIEW
Cleveland State Community College,cleveland-state-community-college,,TN,,PUBLIC,JUNIOR_COLLEGE,,,,,,,,,,2026,,,,,https://collegescorecard.ed.gov/,NEEDS_REVIEW,,https://njcaastats.prestosports.com/sports/bsb/2024-25/div1/teams/clevelandstatecommunitycollege,https://njcaastats.prestosports.com/sports/bsb/2024-25/div1/teams/clevelandstatecommunitycollege/roster,https://njcaastats.prestosports.com/sports/bsb/2024-25/div1/teams/clevelandstatecommunitycollege/schedule,,,,,NJCAA_D1,Region 7,,,,"NJCAA Division I programs may offer athletic scholarships, subject to NJCAA and institutional limits.",https://www.njcaa.org/,true,true,https://njcaastats.prestosports.com/sports/bsb/2024-25/div1/teams?jsRendering=true&pos=br&sort=r,NEEDS_REVIEW
Cloud County Community College,cloud-county-community-college,,KS,,PUBLIC,JUNIOR_COLLEGE,,,,,,,,,,2026,,,,,https://collegescorecard.ed.gov/,NEEDS_REVIEW,,https://njcaastats.prestosports.com/sports/bsb/2024-25/div1/teams/cloudcountycommunitycollege,https://njcaastats.prestosports.com/sports/bsb/2024-25/div1/teams/cloudcountycommunitycollege/roster,https://njcaastats.prestosports.com/sports/bsb/2024-25/div1/teams/cloudcountycommunitycollege/schedule,,,,,NJCAA_D1,Region 6,,,,"NJCAA Division I programs may offer athletic scholarships, subject to NJCAA and institutional limits.",https://www.njcaa.org/,true,true,https://njcaastats.prestosports.com/sports/bsb/2024-25/div1/teams?jsRendering=true&pos=br&sort=r,NEEDS_REVIEW
Coastal Alabama - South,coastal-alabama-south,,AL,,PUBLIC,JUNIOR_COLLEGE,,,,,,,,,,2026,,,,,https://collegescorecard.ed.gov/,NEEDS_REVIEW,,https://njcaastats.prestosports.com/sports/bsb/2024-25/div1/teams/coastalalabamasouth,https://njcaastats.prestosports.com/sports/bsb/2024-25/div1/teams/coastalalabamasouth/roster,https://njcaastats.prestosports.com/sports/bsb/2024-25/div1/teams/coastalalabamasouth/schedule,,,,,NJCAA_D1,Region 22,,,,"NJCAA Division I programs may offer athletic scholarships, subject to NJCAA and institutional limits.",https://www.njcaa.org/,true,true,https://njcaastats.prestosports.com/sports/bsb/2024-25/div1/teams?jsRendering=true&pos=br&sort=r,NEEDS_REVIEW
Coastal Bend College,coastal-bend-college,,TX,,PUBLIC,JUNIOR_COLLEGE,,,,,,,,,,2026,,,,,https://collegescorecard.ed.gov/,NEEDS_REVIEW,,https://njcaastats.prestosports.com/sports/bsb/2024-25/div1/teams/coastalbendcollege,https://njcaastats.prestosports.com/sports/bsb/2024-25/div1/teams/coastalbendcollege/roster,https://njcaastats.prestosports.com/sports/bsb/2024-25/div1/teams/coastalbendcollege/schedule,,,,,NJCAA_D1,Region 14,,,,"NJCAA Division I programs may offer athletic scholarships, subject to NJCAA and institutional limits.",https://www.njcaa.org/,true,true,https://njcaastats.prestosports.com/sports/bsb/2024-25/div1/teams?jsRendering=true&pos=br&sort=r,NEEDS_REVIEW
Cochise College,cochise-college,,AZ,,PUBLIC,JUNIOR_COLLEGE,,,,,,,,,,2026,,,,,https://collegescorecard.ed.gov/,NEEDS_REVIEW,,https://njcaastats.prestosports.com/sports/bsb/2024-25/div1/teams/cochisecollege,https://njcaastats.prestosports.com/sports/bsb/2024-25/div1/teams/cochisecollege/roster,https://njcaastats.prestosports.com/sports/bsb/2024-25/div1/teams/cochisecollege/schedule,,,,,NJCAA_D1,Region 1,,,,"NJCAA Division I programs may offer athletic scholarships, subject to NJCAA and institutional limits.",https://www.njcaa.org/,true,true,https://njcaastats.prestosports.com/sports/bsb/2024-25/div1/teams?jsRendering=true&pos=br&sort=r,NEEDS_REVIEW
Coffeyville Community College,coffeyville-community-college,,KS,,PUBLIC,JUNIOR_COLLEGE,,,,,,,,,,2026,,,,,https://collegescorecard.ed.gov/,NEEDS_REVIEW,,https://njcaastats.prestosports.com/sports/bsb/2024-25/div1/teams/coffeyvillecommunitycollege,https://njcaastats.prestosports.com/sports/bsb/2024-25/div1/teams/coffeyvillecommunitycollege/roster,https://njcaastats.prestosports.com/sports/bsb/2024-25/div1/teams/coffeyvillecommunitycollege/schedule,,,,,NJCAA_D1,Region 6,,,,"NJCAA Division I programs may offer athletic scholarships, subject to NJCAA and institutional limits.",https://www.njcaa.org/,true,true,https://njcaastats.prestosports.com/sports/bsb/2024-25/div1/teams?jsRendering=true&pos=br&sort=r,NEEDS_REVIEW
Colby Community College,colby-community-college,,KS,,PUBLIC,JUNIOR_COLLEGE,,,,,,,,,,2026,,,,,https://collegescorecard.ed.gov/,NEEDS_REVIEW,,https://njcaastats.prestosports.com/sports/bsb/2024-25/div1/teams/colbycommunitycollege,https://njcaastats.prestosports.com/sports/bsb/2024-25/div1/teams/colbycommunitycollege/roster,https://njcaastats.prestosports.com/sports/bsb/2024-25/div1/teams/colbycommunitycollege/schedule,,,,,NJCAA_D1,Region 6,,,,"NJCAA Division I programs may offer athletic scholarships, subject to NJCAA and institutional limits.",https://www.njcaa.org/,true,true,https://njcaastats.prestosports.com/sports/bsb/2024-25/div1/teams?jsRendering=true&pos=br&sort=r,NEEDS_REVIEW
College of Central Florida,college-of-central-florida,,FL,,PUBLIC,JUNIOR_COLLEGE,,,,,,,,,,2026,,,,,https://collegescorecard.ed.gov/,NEEDS_REVIEW,,https://njcaastats.prestosports.com/sports/bsb/2024-25/div1/teams/collegeofcentralflorida,https://njcaastats.prestosports.com/sports/bsb/2024-25/div1/teams/collegeofcentralflorida/roster,https://njcaastats.prestosports.com/sports/bsb/2024-25/div1/teams/collegeofcentralflorida/schedule,,,,,NJCAA_D1,Region 8,,,,"NJCAA Division I programs may offer athletic scholarships, subject to NJCAA and institutional limits.",https://www.njcaa.org/,true,true,https://njcaastats.prestosports.com/sports/bsb/2024-25/div1/teams?jsRendering=true&pos=br&sort=r,NEEDS_REVIEW
College of Southern Idaho,college-of-southern-idaho,,ID,,PUBLIC,JUNIOR_COLLEGE,,,,,,,,,,2026,,,,,https://collegescorecard.ed.gov/,NEEDS_REVIEW,,https://njcaastats.prestosports.com/sports/bsb/2024-25/div1/teams/collegeofsouthernidaho,https://njcaastats.prestosports.com/sports/bsb/2024-25/div1/teams/collegeofsouthernidaho/roster,https://njcaastats.prestosports.com/sports/bsb/2024-25/div1/teams/collegeofsouthernidaho/schedule,,,,,NJCAA_D1,Region 18,,,,"NJCAA Division I programs may offer athletic scholarships, subject to NJCAA and institutional limits.",https://www.njcaa.org/,true,true,https://njcaastats.prestosports.com/sports/bsb/2024-25/div1/teams?jsRendering=true&pos=br&sort=r,NEEDS_REVIEW
College of Southern Nevada,college-of-southern-nevada,,NV,,PUBLIC,JUNIOR_COLLEGE,,,,,,,,,,2026,,,,,https://collegescorecard.ed.gov/,NEEDS_REVIEW,,https://njcaastats.prestosports.com/sports/bsb/2024-25/div1/teams/collegeofsouthernnevada,https://njcaastats.prestosports.com/sports/bsb/2024-25/div1/teams/collegeofsouthernnevada/roster,https://njcaastats.prestosports.com/sports/bsb/2024-25/div1/teams/collegeofsouthernnevada/schedule,,,,,NJCAA_D1,Region 1,,,,"NJCAA Division I programs may offer athletic scholarships, subject to NJCAA and institutional limits.",https://www.njcaa.org/,true,true,https://njcaastats.prestosports.com/sports/bsb/2024-25/div1/teams?jsRendering=true&pos=br&sort=r,NEEDS_REVIEW
Colorado Northwestern Community College,colorado-northwestern-community-college,,CO,,PUBLIC,JUNIOR_COLLEGE,,,,,,,,,,2026,,,,,https://collegescorecard.ed.gov/,NEEDS_REVIEW,,https://njcaastats.prestosports.com/sports/bsb/2024-25/div1/teams/coloradonorthwesterncommunitycollege,https://njcaastats.prestosports.com/sports/bsb/2024-25/div1/teams/coloradonorthwesterncommunitycollege/roster,https://njcaastats.prestosports.com/sports/bsb/2024-25/div1/teams/coloradonorthwesterncommunitycollege/schedule,,,,,NJCAA_D1,Region 18,,,,"NJCAA Division I programs may offer athletic scholarships, subject to NJCAA and institutional limits.",https://www.njcaa.org/,true,true,https://njcaastats.prestosports.com/sports/bsb/2024-25/div1/teams?jsRendering=true&pos=br&sort=r,NEEDS_REVIEW
Columbia State Community College,columbia-state-community-college,,TN,,PUBLIC,JUNIOR_COLLEGE,,,,,,,,,,2026,,,,,https://collegescorecard.ed.gov/,NEEDS_REVIEW,,https://njcaastats.prestosports.com/sports/bsb/2024-25/div1/teams/columbiastatecommunitycollege,https://njcaastats.prestosports.com/sports/bsb/2024-25/div1/teams/columbiastatecommunitycollege/roster,https://njcaastats.prestosports.com/sports/bsb/2024-25/div1/teams/columbiastatecommunitycollege/schedule,,,,,NJCAA_D1,Region 7,,,,"NJCAA Division I programs may offer athletic scholarships, subject to NJCAA and institutional limits.",https://www.njcaa.org/,true,true,https://njcaastats.prestosports.com/sports/bsb/2024-25/div1/teams?jsRendering=true&pos=br&sort=r,NEEDS_REVIEW
Community Christian College,community-christian-college,,CA,,PUBLIC,JUNIOR_COLLEGE,,,,,,,,,,2026,,,,,https://collegescorecard.ed.gov/,NEEDS_REVIEW,,https://njcaastats.prestosports.com/sports/bsb/2024-25/div1/teams/communitychristiancollege,https://njcaastats.prestosports.com/sports/bsb/2024-25/div1/teams/communitychristiancollege/roster,https://njcaastats.prestosports.com/sports/bsb/2024-25/div1/teams/communitychristiancollege/schedule,,,,,NJCAA_D1,Region 1,,,,"NJCAA Division I programs may offer athletic scholarships, subject to NJCAA and institutional limits.",https://www.njcaa.org/,true,true,https://njcaastats.prestosports.com/sports/bsb/2024-25/div1/teams?jsRendering=true&pos=br&sort=r,NEEDS_REVIEW
Connors State College,connors-state-college,,OK,,PUBLIC,JUNIOR_COLLEGE,,,,,,,,,,2026,,,,,https://collegescorecard.ed.gov/,NEEDS_REVIEW,,https://njcaastats.prestosports.com/sports/bsb/2024-25/div1/teams/connorsstatecollege,https://njcaastats.prestosports.com/sports/bsb/2024-25/div1/teams/connorsstatecollege/roster,https://njcaastats.prestosports.com/sports/bsb/2024-25/div1/teams/connorsstatecollege/schedule,,,,,NJCAA_D1,Region 2,,,,"NJCAA Division I programs may offer athletic scholarships, subject to NJCAA and institutional limits.",https://www.njcaa.org/,true,true,https://njcaastats.prestosports.com/sports/bsb/2024-25/div1/teams?jsRendering=true&pos=br&sort=r,NEEDS_REVIEW
Cowley County Community College,cowley-county-community-college,,KS,,PUBLIC,JUNIOR_COLLEGE,,,,,,,,,,2026,,,,,https://collegescorecard.ed.gov/,NEEDS_REVIEW,,https://njcaastats.prestosports.com/sports/bsb/2024-25/div1/teams/cowleycountycommunitycollege,https://njcaastats.prestosports.com/sports/bsb/2024-25/div1/teams/cowleycountycommunitycollege/roster,https://njcaastats.prestosports.com/sports/bsb/2024-25/div1/teams/cowleycountycommunitycollege/schedule,,,,,NJCAA_D1,Region 6,,,,"NJCAA Division I programs may offer athletic scholarships, subject to NJCAA and institutional limits.",https://www.njcaa.org/,true,true,https://njcaastats.prestosports.com/sports/bsb/2024-25/div1/teams?jsRendering=true&pos=br&sort=r,NEEDS_REVIEW
Crowder College,crowder-college,,MO,,PUBLIC,JUNIOR_COLLEGE,,,,,,,,,,2026,,,,,https://collegescorecard.ed.gov/,NEEDS_REVIEW,,https://njcaastats.prestosports.com/sports/bsb/2024-25/div1/teams/crowdercollege,https://njcaastats.prestosports.com/sports/bsb/2024-25/div1/teams/crowdercollege/roster,https://njcaastats.prestosports.com/sports/bsb/2024-25/div1/teams/crowdercollege/schedule,,,,,NJCAA_D1,Region 16,,,,"NJCAA Division I programs may offer athletic scholarships, subject to NJCAA and institutional limits.",https://www.njcaa.org/,true,true,https://njcaastats.prestosports.com/sports/bsb/2024-25/div1/teams?jsRendering=true&pos=br&sort=r,NEEDS_REVIEW
Daytona State College,daytona-state-college,,FL,,PUBLIC,JUNIOR_COLLEGE,,,,,,,,,,2026,,,,,https://collegescorecard.ed.gov/,NEEDS_REVIEW,,https://njcaastats.prestosports.com/sports/bsb/2024-25/div1/teams/daytonastatecollege,https://njcaastats.prestosports.com/sports/bsb/2024-25/div1/teams/daytonastatecollege/roster,https://njcaastats.prestosports.com/sports/bsb/2024-25/div1/teams/daytonastatecollege/schedule,,,,,NJCAA_D1,Region 8,,,,"NJCAA Division I programs may offer athletic scholarships, subject to NJCAA and institutional limits.",https://www.njcaa.org/,true,true,https://njcaastats.prestosports.com/sports/bsb/2024-25/div1/teams?jsRendering=true&pos=br&sort=r,NEEDS_REVIEW
Delgado Community College,delgado-community-college,,LA,,PUBLIC,JUNIOR_COLLEGE,,,,,,,,,,2026,,,,,https://collegescorecard.ed.gov/,NEEDS_REVIEW,,https://njcaastats.prestosports.com/sports/bsb/2024-25/div1/teams/delgadocommunitycollege,https://njcaastats.prestosports.com/sports/bsb/2024-25/div1/teams/delgadocommunitycollege/roster,https://njcaastats.prestosports.com/sports/bsb/2024-25/div1/teams/delgadocommunitycollege/schedule,,,,,NJCAA_D1,Region 23,,,,"NJCAA Division I programs may offer athletic scholarships, subject to NJCAA and institutional limits.",https://www.njcaa.org/,true,true,https://njcaastats.prestosports.com/sports/bsb/2024-25/div1/teams?jsRendering=true&pos=br&sort=r,NEEDS_REVIEW
Dodge City Community College,dodge-city-community-college,,KS,,PUBLIC,JUNIOR_COLLEGE,,,,,,,,,,2026,,,,,https://collegescorecard.ed.gov/,NEEDS_REVIEW,,https://njcaastats.prestosports.com/sports/bsb/2024-25/div1/teams/dodgecitycommunitycollege,https://njcaastats.prestosports.com/sports/bsb/2024-25/div1/teams/dodgecitycommunitycollege/roster,https://njcaastats.prestosports.com/sports/bsb/2024-25/div1/teams/dodgecitycommunitycollege/schedule,,,,,NJCAA_D1,Region 6,,,,"NJCAA Division I programs may offer athletic scholarships, subject to NJCAA and institutional limits.",https://www.njcaa.org/,true,true,https://njcaastats.prestosports.com/sports/bsb/2024-25/div1/teams?jsRendering=true&pos=br&sort=r,NEEDS_REVIEW
Dyersburg State Community College,dyersburg-state-community-college,,TN,,PUBLIC,JUNIOR_COLLEGE,,,,,,,,,,2026,,,,,https://collegescorecard.ed.gov/,NEEDS_REVIEW,,https://njcaastats.prestosports.com/sports/bsb/2024-25/div1/teams/dyersburgstatecommunitycollege,https://njcaastats.prestosports.com/sports/bsb/2024-25/div1/teams/dyersburgstatecommunitycollege/roster,https://njcaastats.prestosports.com/sports/bsb/2024-25/div1/teams/dyersburgstatecommunitycollege/schedule,,,,,NJCAA_D1,Region 7,,,,"NJCAA Division I programs may offer athletic scholarships, subject to NJCAA and institutional limits.",https://www.njcaa.org/,true,true,https://njcaastats.prestosports.com/sports/bsb/2024-25/div1/teams?jsRendering=true&pos=br&sort=r,NEEDS_REVIEW
East Georgia College,east-georgia-college,,GA,,PUBLIC,JUNIOR_COLLEGE,,,,,,,,,,2026,,,,,https://collegescorecard.ed.gov/,NEEDS_REVIEW,,https://njcaastats.prestosports.com/sports/bsb/2024-25/div1/teams/eastgeorgiacollege,https://njcaastats.prestosports.com/sports/bsb/2024-25/div1/teams/eastgeorgiacollege/roster,https://njcaastats.prestosports.com/sports/bsb/2024-25/div1/teams/eastgeorgiacollege/schedule,,,,,NJCAA_D1,Region 17,,,,"NJCAA Division I programs may offer athletic scholarships, subject to NJCAA and institutional limits.",https://www.njcaa.org/,true,true,https://njcaastats.prestosports.com/sports/bsb/2024-25/div1/teams?jsRendering=true&pos=br&sort=r,NEEDS_REVIEW
Eastern Arizona College,eastern-arizona-college,,AZ,,PUBLIC,JUNIOR_COLLEGE,,,,,,,,,,2026,,,,,https://collegescorecard.ed.gov/,NEEDS_REVIEW,,https://njcaastats.prestosports.com/sports/bsb/2024-25/div1/teams/easternarizonacollege,https://njcaastats.prestosports.com/sports/bsb/2024-25/div1/teams/easternarizonacollege/roster,https://njcaastats.prestosports.com/sports/bsb/2024-25/div1/teams/easternarizonacollege/schedule,,,,,NJCAA_D1,Region 1,,,,"NJCAA Division I programs may offer athletic scholarships, subject to NJCAA and institutional limits.",https://www.njcaa.org/,true,true,https://njcaastats.prestosports.com/sports/bsb/2024-25/div1/teams?jsRendering=true&pos=br&sort=r,NEEDS_REVIEW
Eastern Florida State College,eastern-florida-state-college,,FL,,PUBLIC,JUNIOR_COLLEGE,,,,,,,,,,2026,,,,,https://collegescorecard.ed.gov/,NEEDS_REVIEW,,https://njcaastats.prestosports.com/sports/bsb/2024-25/div1/teams/easternfloridastatecollege,https://njcaastats.prestosports.com/sports/bsb/2024-25/div1/teams/easternfloridastatecollege/roster,https://njcaastats.prestosports.com/sports/bsb/2024-25/div1/teams/easternfloridastatecollege/schedule,,,,,NJCAA_D1,Region 8,,,,"NJCAA Division I programs may offer athletic scholarships, subject to NJCAA and institutional limits.",https://www.njcaa.org/,true,true,https://njcaastats.prestosports.com/sports/bsb/2024-25/div1/teams?jsRendering=true&pos=br&sort=r,NEEDS_REVIEW
Eastern Oklahoma State College,eastern-oklahoma-state-college,,OK,,PUBLIC,JUNIOR_COLLEGE,,,,,,,,,,2026,,,,,https://collegescorecard.ed.gov/,NEEDS_REVIEW,,https://njcaastats.prestosports.com/sports/bsb/2024-25/div1/teams/easternoklahomastatecollege,https://njcaastats.prestosports.com/sports/bsb/2024-25/div1/teams/easternoklahomastatecollege/roster,https://njcaastats.prestosports.com/sports/bsb/2024-25/div1/teams/easternoklahomastatecollege/schedule,,,,,NJCAA_D1,Region 2,,,,"NJCAA Division I programs may offer athletic scholarships, subject to NJCAA and institutional limits.",https://www.njcaa.org/,true,true,https://njcaastats.prestosports.com/sports/bsb/2024-25/div1/teams?jsRendering=true&pos=br&sort=r,NEEDS_REVIEW
El Paso Community College,el-paso-community-college,,TX,,PUBLIC,JUNIOR_COLLEGE,,,,,,,,,,2026,,,,,https://collegescorecard.ed.gov/,NEEDS_REVIEW,,https://njcaastats.prestosports.com/sports/bsb/2024-25/div1/teams/elpasocommunitycollege,https://njcaastats.prestosports.com/sports/bsb/2024-25/div1/teams/elpasocommunitycollege/roster,https://njcaastats.prestosports.com/sports/bsb/2024-25/div1/teams/elpasocommunitycollege/schedule,,,,,NJCAA_D1,Region 5,,,,"NJCAA Division I programs may offer athletic scholarships, subject to NJCAA and institutional limits.",https://www.njcaa.org/,true,true,https://njcaastats.prestosports.com/sports/bsb/2024-25/div1/teams?jsRendering=true&pos=br&sort=r,NEEDS_REVIEW
Florence-Darlington Technical College,florence-darlington-technical-college,,SC,,PUBLIC,JUNIOR_COLLEGE,,,,,,,,,,2026,,,,,https://collegescorecard.ed.gov/,NEEDS_REVIEW,,https://njcaastats.prestosports.com/sports/bsb/2024-25/div1/teams/florencedarlingtontechnicalcollege,https://njcaastats.prestosports.com/sports/bsb/2024-25/div1/teams/florencedarlingtontechnicalcollege/roster,https://njcaastats.prestosports.com/sports/bsb/2024-25/div1/teams/florencedarlingtontechnicalcollege/schedule,,,,,NJCAA_D1,Region 10,,,,"NJCAA Division I programs may offer athletic scholarships, subject to NJCAA and institutional limits.",https://www.njcaa.org/,true,true,https://njcaastats.prestosports.com/sports/bsb/2024-25/div1/teams?jsRendering=true&pos=br&sort=r,NEEDS_REVIEW
Florida Southwestern State College,florida-southwestern-state-college,,FL,,PUBLIC,JUNIOR_COLLEGE,,,,,,,,,,2026,,,,,https://collegescorecard.ed.gov/,NEEDS_REVIEW,,https://njcaastats.prestosports.com/sports/bsb/2024-25/div1/teams/floridasouthwesternstatecollege,https://njcaastats.prestosports.com/sports/bsb/2024-25/div1/teams/floridasouthwesternstatecollege/roster,https://njcaastats.prestosports.com/sports/bsb/2024-25/div1/teams/floridasouthwesternstatecollege/schedule,,,,,NJCAA_D1,Region 8,,,,"NJCAA Division I programs may offer athletic scholarships, subject to NJCAA and institutional limits.",https://www.njcaa.org/,true,true,https://njcaastats.prestosports.com/sports/bsb/2024-25/div1/teams?jsRendering=true&pos=br&sort=r,NEEDS_REVIEW
Fort Scott Community College,fort-scott-community-college,,KS,,PUBLIC,JUNIOR_COLLEGE,,,,,,,,,,2026,,,,,https://collegescorecard.ed.gov/,NEEDS_REVIEW,,https://njcaastats.prestosports.com/sports/bsb/2024-25/div1/teams/fortscottcommunitycollege,https://njcaastats.prestosports.com/sports/bsb/2024-25/div1/teams/fortscottcommunitycollege/roster,https://njcaastats.prestosports.com/sports/bsb/2024-25/div1/teams/fortscottcommunitycollege/schedule,,,,,NJCAA_D1,Region 6,,,,"NJCAA Division I programs may offer athletic scholarships, subject to NJCAA and institutional limits.",https://www.njcaa.org/,true,true,https://njcaastats.prestosports.com/sports/bsb/2024-25/div1/teams?jsRendering=true&pos=br&sort=r,NEEDS_REVIEW
Frank Phillips College,frank-phillips-college,,TX,,PUBLIC,JUNIOR_COLLEGE,,,,,,,,,,2026,,,,,https://collegescorecard.ed.gov/,NEEDS_REVIEW,,https://njcaastats.prestosports.com/sports/bsb/2024-25/div1/teams/frankphillipscollege,https://njcaastats.prestosports.com/sports/bsb/2024-25/div1/teams/frankphillipscollege/roster,https://njcaastats.prestosports.com/sports/bsb/2024-25/div1/teams/frankphillipscollege/schedule,,,,,NJCAA_D1,Region 5,,,,"NJCAA Division I programs may offer athletic scholarships, subject to NJCAA and institutional limits.",https://www.njcaa.org/,true,true,https://njcaastats.prestosports.com/sports/bsb/2024-25/div1/teams?jsRendering=true&pos=br&sort=r,NEEDS_REVIEW
Frontier Community College,frontier-community-college,,IL,,PUBLIC,JUNIOR_COLLEGE,,,,,,,,,,2026,,,,,https://collegescorecard.ed.gov/,NEEDS_REVIEW,,https://njcaastats.prestosports.com/sports/bsb/2024-25/div1/teams/frontiercommunitycollege,https://njcaastats.prestosports.com/sports/bsb/2024-25/div1/teams/frontiercommunitycollege/roster,https://njcaastats.prestosports.com/sports/bsb/2024-25/div1/teams/frontiercommunitycollege/schedule,,,,,NJCAA_D1,Region 24,,,,"NJCAA Division I programs may offer athletic scholarships, subject to NJCAA and institutional limits.",https://www.njcaa.org/,true,true,https://njcaastats.prestosports.com/sports/bsb/2024-25/div1/teams?jsRendering=true&pos=br&sort=r,NEEDS_REVIEW
Gadsden State Community College,gadsden-state-community-college,,AL,,PUBLIC,JUNIOR_COLLEGE,,,,,,,,,,2026,,,,,https://collegescorecard.ed.gov/,NEEDS_REVIEW,,https://njcaastats.prestosports.com/sports/bsb/2024-25/div1/teams/gadsdenstatecommunitycollege,https://njcaastats.prestosports.com/sports/bsb/2024-25/div1/teams/gadsdenstatecommunitycollege/roster,https://njcaastats.prestosports.com/sports/bsb/2024-25/div1/teams/gadsdenstatecommunitycollege/schedule,,,,,NJCAA_D1,,,,,"NJCAA Division I programs may offer athletic scholarships, subject to NJCAA and institutional limits.",https://www.njcaa.org/,true,true,https://njcaastats.prestosports.com/sports/bsb/2024-25/div1/teams?jsRendering=true&pos=br&sort=r,NEEDS_REVIEW
Galveston College,galveston-college,,TX,,PUBLIC,JUNIOR_COLLEGE,,,,,,,,,,2026,,,,,https://collegescorecard.ed.gov/,NEEDS_REVIEW,,https://njcaastats.prestosports.com/sports/bsb/2024-25/div1/teams/galvestoncollege,https://njcaastats.prestosports.com/sports/bsb/2024-25/div1/teams/galvestoncollege/roster,https://njcaastats.prestosports.com/sports/bsb/2024-25/div1/teams/galvestoncollege/schedule,,,,,NJCAA_D1,Region 14,,,,"NJCAA Division I programs may offer athletic scholarships, subject to NJCAA and institutional limits.",https://www.njcaa.org/,true,true,https://njcaastats.prestosports.com/sports/bsb/2024-25/div1/teams?jsRendering=true&pos=br&sort=r,NEEDS_REVIEW
Garden City Community College,garden-city-community-college,,KS,,PUBLIC,JUNIOR_COLLEGE,,,,,,,,,,2026,,,,,https://collegescorecard.ed.gov/,NEEDS_REVIEW,,https://njcaastats.prestosports.com/sports/bsb/2024-25/div1/teams/gardencitycommunitycollege,https://njcaastats.prestosports.com/sports/bsb/2024-25/div1/teams/gardencitycommunitycollege/roster,https://njcaastats.prestosports.com/sports/bsb/2024-25/div1/teams/gardencitycommunitycollege/schedule,,,,,NJCAA_D1,Region 6,,,,"NJCAA Division I programs may offer athletic scholarships, subject to NJCAA and institutional limits.",https://www.njcaa.org/,true,true,https://njcaastats.prestosports.com/sports/bsb/2024-25/div1/teams?jsRendering=true&pos=br&sort=r,NEEDS_REVIEW
Gaston College,gaston-college,,NC,,PUBLIC,JUNIOR_COLLEGE,,,,,,,,,,2026,,,,,https://collegescorecard.ed.gov/,NEEDS_REVIEW,,https://njcaastats.prestosports.com/sports/bsb/2024-25/div1/teams/gastoncollege,https://njcaastats.prestosports.com/sports/bsb/2024-25/div1/teams/gastoncollege/roster,https://njcaastats.prestosports.com/sports/bsb/2024-25/div1/teams/gastoncollege/schedule,,,,,NJCAA_D1,Region 10,,,,"NJCAA Division I programs may offer athletic scholarships, subject to NJCAA and institutional limits.",https://www.njcaa.org/,true,true,https://njcaastats.prestosports.com/sports/bsb/2024-25/div1/teams?jsRendering=true&pos=br&sort=r,NEEDS_REVIEW
Georgia Highlands College,georgia-highlands-college,,GA,,PUBLIC,JUNIOR_COLLEGE,,,,,,,,,,2026,,,,,https://collegescorecard.ed.gov/,NEEDS_REVIEW,,https://njcaastats.prestosports.com/sports/bsb/2024-25/div1/teams/georgiahighlandscollege,https://njcaastats.prestosports.com/sports/bsb/2024-25/div1/teams/georgiahighlandscollege/roster,https://njcaastats.prestosports.com/sports/bsb/2024-25/div1/teams/georgiahighlandscollege/schedule,,,,,NJCAA_D1,Region 17,,,,"NJCAA Division I programs may offer athletic scholarships, subject to NJCAA and institutional limits.",https://www.njcaa.org/,true,true,https://njcaastats.prestosports.com/sports/bsb/2024-25/div1/teams?jsRendering=true&pos=br&sort=r,NEEDS_REVIEW
Gordon State College,gordon-state-college,,GA,,PUBLIC,JUNIOR_COLLEGE,,,,,,,,,,2026,,,,,https://collegescorecard.ed.gov/,NEEDS_REVIEW,,https://njcaastats.prestosports.com/sports/bsb/2024-25/div1/teams/gordonstatecollege,https://njcaastats.prestosports.com/sports/bsb/2024-25/div1/teams/gordonstatecollege/roster,https://njcaastats.prestosports.com/sports/bsb/2024-25/div1/teams/gordonstatecollege/schedule,,,,,NJCAA_D1,Region 17,,,,"NJCAA Division I programs may offer athletic scholarships, subject to NJCAA and institutional limits.",https://www.njcaa.org/,true,true,https://njcaastats.prestosports.com/sports/bsb/2024-25/div1/teams?jsRendering=true&pos=br&sort=r,NEEDS_REVIEW
Grayson College,grayson-college,,TX,,PUBLIC,JUNIOR_COLLEGE,,,,,,,,,,2026,,,,,https://collegescorecard.ed.gov/,NEEDS_REVIEW,,https://njcaastats.prestosports.com/sports/bsb/2024-25/div1/teams/graysoncollege,https://njcaastats.prestosports.com/sports/bsb/2024-25/div1/teams/graysoncollege/roster,https://njcaastats.prestosports.com/sports/bsb/2024-25/div1/teams/graysoncollege/schedule,,,,,NJCAA_D1,Region 5,,,,"NJCAA Division I programs may offer athletic scholarships, subject to NJCAA and institutional limits.",https://www.njcaa.org/,true,true,https://njcaastats.prestosports.com/sports/bsb/2024-25/div1/teams?jsRendering=true&pos=br&sort=r,NEEDS_REVIEW
Gulf Coast State College,gulf-coast-state-college,,FL,,PUBLIC,JUNIOR_COLLEGE,,,,,,,,,,2026,,,,,https://collegescorecard.ed.gov/,NEEDS_REVIEW,,https://njcaastats.prestosports.com/sports/bsb/2024-25/div1/teams/gulfcoaststatecollege,https://njcaastats.prestosports.com/sports/bsb/2024-25/div1/teams/gulfcoaststatecollege/roster,https://njcaastats.prestosports.com/sports/bsb/2024-25/div1/teams/gulfcoaststatecollege/schedule,,,,,NJCAA_D1,Region 8,,,,"NJCAA Division I programs may offer athletic scholarships, subject to NJCAA and institutional limits.",https://www.njcaa.org/,true,true,https://njcaastats.prestosports.com/sports/bsb/2024-25/div1/teams?jsRendering=true&pos=br&sort=r,NEEDS_REVIEW
Harford Community College,harford-community-college,,MD,,PUBLIC,JUNIOR_COLLEGE,,,,,,,,,,2026,,,,,https://collegescorecard.ed.gov/,NEEDS_REVIEW,,https://njcaastats.prestosports.com/sports/bsb/2024-25/div1/teams/harfordcommunitycollege,https://njcaastats.prestosports.com/sports/bsb/2024-25/div1/teams/harfordcommunitycollege/roster,https://njcaastats.prestosports.com/sports/bsb/2024-25/div1/teams/harfordcommunitycollege/schedule,,,,,NJCAA_D1,Region 20,,,,"NJCAA Division I programs may offer athletic scholarships, subject to NJCAA and institutional limits.",https://www.njcaa.org/,true,true,https://njcaastats.prestosports.com/sports/bsb/2024-25/div1/teams?jsRendering=true&pos=br&sort=r,NEEDS_REVIEW
Highland Community College - Kansas,highland-community-college-kansas,,KS,,PUBLIC,JUNIOR_COLLEGE,,,,,,,,,,2026,,,,,https://collegescorecard.ed.gov/,NEEDS_REVIEW,,https://njcaastats.prestosports.com/sports/bsb/2024-25/div1/teams/highlandcommunitycollegekansas,https://njcaastats.prestosports.com/sports/bsb/2024-25/div1/teams/highlandcommunitycollegekansas/roster,https://njcaastats.prestosports.com/sports/bsb/2024-25/div1/teams/highlandcommunitycollegekansas/schedule,,,,,NJCAA_D1,Region 6,,,,"NJCAA Division I programs may offer athletic scholarships, subject to NJCAA and institutional limits.",https://www.njcaa.org/,true,true,https://njcaastats.prestosports.com/sports/bsb/2024-25/div1/teams?jsRendering=true&pos=br&sort=r,NEEDS_REVIEW
Hill College,hill-college,,TX,,PUBLIC,JUNIOR_COLLEGE,,,,,,,,,,2026,,,,,https://collegescorecard.ed.gov/,NEEDS_REVIEW,,https://njcaastats.prestosports.com/sports/bsb/2024-25/div1/teams/hillcollege,https://njcaastats.prestosports.com/sports/bsb/2024-25/div1/teams/hillcollege/roster,https://njcaastats.prestosports.com/sports/bsb/2024-25/div1/teams/hillcollege/schedule,,,,,NJCAA_D1,Region 5,,,,"NJCAA Division I programs may offer athletic scholarships, subject to NJCAA and institutional limits.",https://www.njcaa.org/,true,true,https://njcaastats.prestosports.com/sports/bsb/2024-25/div1/teams?jsRendering=true&pos=br&sort=r,NEEDS_REVIEW
Hillsborough Community College,hillsborough-community-college,,FL,,PUBLIC,JUNIOR_COLLEGE,,,,,,,,,,2026,,,,,https://collegescorecard.ed.gov/,NEEDS_REVIEW,,https://njcaastats.prestosports.com/sports/bsb/2024-25/div1/teams/hillsboroughcommunitycollege,https://njcaastats.prestosports.com/sports/bsb/2024-25/div1/teams/hillsboroughcommunitycollege/roster,https://njcaastats.prestosports.com/sports/bsb/2024-25/div1/teams/hillsboroughcommunitycollege/schedule,,,,,NJCAA_D1,Region 8,,,,"NJCAA Division I programs may offer athletic scholarships, subject to NJCAA and institutional limits.",https://www.njcaa.org/,true,true,https://njcaastats.prestosports.com/sports/bsb/2024-25/div1/teams?jsRendering=true&pos=br&sort=r,NEEDS_REVIEW
Howard College,howard-college,,TX,,PUBLIC,JUNIOR_COLLEGE,,,,,,,,,,2026,,,,,https://collegescorecard.ed.gov/,NEEDS_REVIEW,,https://njcaastats.prestosports.com/sports/bsb/2024-25/div1/teams/howardcollege,https://njcaastats.prestosports.com/sports/bsb/2024-25/div1/teams/howardcollege/roster,https://njcaastats.prestosports.com/sports/bsb/2024-25/div1/teams/howardcollege/schedule,,,,,NJCAA_D1,Region 5,,,,"NJCAA Division I programs may offer athletic scholarships, subject to NJCAA and institutional limits.",https://www.njcaa.org/,true,true,https://njcaastats.prestosports.com/sports/bsb/2024-25/div1/teams?jsRendering=true&pos=br&sort=r,NEEDS_REVIEW
Hutchinson Community College,hutchinson-community-college,,KS,,PUBLIC,JUNIOR_COLLEGE,,,,,,,,,,2026,,,,,https://collegescorecard.ed.gov/,NEEDS_REVIEW,,https://njcaastats.prestosports.com/sports/bsb/2024-25/div1/teams/hutchinsoncommunitycollege,https://njcaastats.prestosports.com/sports/bsb/2024-25/div1/teams/hutchinsoncommunitycollege/roster,https://njcaastats.prestosports.com/sports/bsb/2024-25/div1/teams/hutchinsoncommunitycollege/schedule,,,,,NJCAA_D1,Region 6,,,,"NJCAA Division I programs may offer athletic scholarships, subject to NJCAA and institutional limits.",https://www.njcaa.org/,true,true,https://njcaastats.prestosports.com/sports/bsb/2024-25/div1/teams?jsRendering=true&pos=br&sort=r,NEEDS_REVIEW
Indian Hills Community College,indian-hills-community-college,,IA,,PUBLIC,JUNIOR_COLLEGE,,,,,,,,,,2026,,,,,https://collegescorecard.ed.gov/,NEEDS_REVIEW,,https://njcaastats.prestosports.com/sports/bsb/2024-25/div1/teams/indianhillscommunitycollege,https://njcaastats.prestosports.com/sports/bsb/2024-25/div1/teams/indianhillscommunitycollege/roster,https://njcaastats.prestosports.com/sports/bsb/2024-25/div1/teams/indianhillscommunitycollege/schedule,,,,,NJCAA_D1,Region 11,,,,"NJCAA Division I programs may offer athletic scholarships, subject to NJCAA and institutional limits.",https://www.njcaa.org/,true,true,https://njcaastats.prestosports.com/sports/bsb/2024-25/div1/teams?jsRendering=true&pos=br&sort=r,NEEDS_REVIEW
Indian River State College,indian-river-state-college,,FL,,PUBLIC,JUNIOR_COLLEGE,,,,,,,,,,2026,,,,,https://collegescorecard.ed.gov/,NEEDS_REVIEW,,https://njcaastats.prestosports.com/sports/bsb/2024-25/div1/teams/indianriverstatecollege,https://njcaastats.prestosports.com/sports/bsb/2024-25/div1/teams/indianriverstatecollege/roster,https://njcaastats.prestosports.com/sports/bsb/2024-25/div1/teams/indianriverstatecollege/schedule,,,,,NJCAA_D1,Region 8,,,,"NJCAA Division I programs may offer athletic scholarships, subject to NJCAA and institutional limits.",https://www.njcaa.org/,true,true,https://njcaastats.prestosports.com/sports/bsb/2024-25/div1/teams?jsRendering=true&pos=br&sort=r,NEEDS_REVIEW
Iowa Western Community College,iowa-western-community-college,,IA,,PUBLIC,JUNIOR_COLLEGE,,,,,,,,,,2026,,,,,https://collegescorecard.ed.gov/,NEEDS_REVIEW,,https://njcaastats.prestosports.com/sports/bsb/2024-25/div1/teams/iowawesterncommunitycollege,https://njcaastats.prestosports.com/sports/bsb/2024-25/div1/teams/iowawesterncommunitycollege/roster,https://njcaastats.prestosports.com/sports/bsb/2024-25/div1/teams/iowawesterncommunitycollege/schedule,,,,,NJCAA_D1,Region 11,,,,"NJCAA Division I programs may offer athletic scholarships, subject to NJCAA and institutional limits.",https://www.njcaa.org/,true,true,https://njcaastats.prestosports.com/sports/bsb/2024-25/div1/teams?jsRendering=true&pos=br&sort=r,NEEDS_REVIEW
Jackson State Community College,jackson-state-community-college,,TN,,PUBLIC,JUNIOR_COLLEGE,,,,,,,,,,2026,,,,,https://collegescorecard.ed.gov/,NEEDS_REVIEW,,https://njcaastats.prestosports.com/sports/bsb/2024-25/div1/teams/jacksonstatecommunitycollege,https://njcaastats.prestosports.com/sports/bsb/2024-25/div1/teams/jacksonstatecommunitycollege/roster,https://njcaastats.prestosports.com/sports/bsb/2024-25/div1/teams/jacksonstatecommunitycollege/schedule,,,,,NJCAA_D1,Region 7,,,,"NJCAA Division I programs may offer athletic scholarships, subject to NJCAA and institutional limits.",https://www.njcaa.org/,true,true,https://njcaastats.prestosports.com/sports/bsb/2024-25/div1/teams?jsRendering=true&pos=br&sort=r,NEEDS_REVIEW
Jefferson College,jefferson-college,,MO,,PUBLIC,JUNIOR_COLLEGE,,,,,,,,,,2026,,,,,https://collegescorecard.ed.gov/,NEEDS_REVIEW,,https://njcaastats.prestosports.com/sports/bsb/2024-25/div1/teams/jeffersoncollege,https://njcaastats.prestosports.com/sports/bsb/2024-25/div1/teams/jeffersoncollege/roster,https://njcaastats.prestosports.com/sports/bsb/2024-25/div1/teams/jeffersoncollege/schedule,,,,,NJCAA_D1,Region 16,,,,"NJCAA Division I programs may offer athletic scholarships, subject to NJCAA and institutional limits.",https://www.njcaa.org/,true,true,https://njcaastats.prestosports.com/sports/bsb/2024-25/div1/teams?jsRendering=true&pos=br&sort=r,NEEDS_REVIEW
John A. Logan College,john-a-logan-college,,IL,,PUBLIC,JUNIOR_COLLEGE,,,,,,,,,,2026,,,,,https://collegescorecard.ed.gov/,NEEDS_REVIEW,,https://njcaastats.prestosports.com/sports/bsb/2024-25/div1/teams/johnalogancollege,https://njcaastats.prestosports.com/sports/bsb/2024-25/div1/teams/johnalogancollege/roster,https://njcaastats.prestosports.com/sports/bsb/2024-25/div1/teams/johnalogancollege/schedule,,,,,NJCAA_D1,Region 24,,,,"NJCAA Division I programs may offer athletic scholarships, subject to NJCAA and institutional limits.",https://www.njcaa.org/,true,true,https://njcaastats.prestosports.com/sports/bsb/2024-25/div1/teams?jsRendering=true&pos=br&sort=r,NEEDS_REVIEW
Johnson County Community College,johnson-county-community-college,,KS,,PUBLIC,JUNIOR_COLLEGE,,,,,,,,,,2026,,,,,https://collegescorecard.ed.gov/,NEEDS_REVIEW,,https://njcaastats.prestosports.com/sports/bsb/2024-25/div1/teams/johnsoncountycommunitycollege,https://njcaastats.prestosports.com/sports/bsb/2024-25/div1/teams/johnsoncountycommunitycollege/roster,https://njcaastats.prestosports.com/sports/bsb/2024-25/div1/teams/johnsoncountycommunitycollege/schedule,,,,,NJCAA_D1,Region 6,,,,"NJCAA Division I programs may offer athletic scholarships, subject to NJCAA and institutional limits.",https://www.njcaa.org/,true,true,https://njcaastats.prestosports.com/sports/bsb/2024-25/div1/teams?jsRendering=true&pos=br&sort=r,NEEDS_REVIEW
Kansas City Kansas Community College,kansas-city-kansas-community-college,,KS,,PUBLIC,JUNIOR_COLLEGE,,,,,,,,,,2026,,,,,https://collegescorecard.ed.gov/,NEEDS_REVIEW,,https://njcaastats.prestosports.com/sports/bsb/2024-25/div1/teams/kansascitykansascommunitycollege,https://njcaastats.prestosports.com/sports/bsb/2024-25/div1/teams/kansascitykansascommunitycollege/roster,https://njcaastats.prestosports.com/sports/bsb/2024-25/div1/teams/kansascitykansascommunitycollege/schedule,,,,,NJCAA_D1,Region 6,,,,"NJCAA Division I programs may offer athletic scholarships, subject to NJCAA and institutional limits.",https://www.njcaa.org/,true,true,https://njcaastats.prestosports.com/sports/bsb/2024-25/div1/teams?jsRendering=true&pos=br&sort=r,NEEDS_REVIEW
Kaskaskia College,kaskaskia-college,,IL,,PUBLIC,JUNIOR_COLLEGE,,,,,,,,,,2026,,,,,https://collegescorecard.ed.gov/,NEEDS_REVIEW,,https://njcaastats.prestosports.com/sports/bsb/2024-25/div1/teams/kaskaskiacollege,https://njcaastats.prestosports.com/sports/bsb/2024-25/div1/teams/kaskaskiacollege/roster,https://njcaastats.prestosports.com/sports/bsb/2024-25/div1/teams/kaskaskiacollege/schedule,,,,,NJCAA_D1,Region 24,,,,"NJCAA Division I programs may offer athletic scholarships, subject to NJCAA and institutional limits.",https://www.njcaa.org/,true,true,https://njcaastats.prestosports.com/sports/bsb/2024-25/div1/teams?jsRendering=true&pos=br&sort=r,NEEDS_REVIEW
Kennedy-King College,kennedy-king-college,,IL,,PUBLIC,JUNIOR_COLLEGE,,,,,,,,,,2026,,,,,https://collegescorecard.ed.gov/,NEEDS_REVIEW,,https://njcaastats.prestosports.com/sports/bsb/2024-25/div1/teams/kennedykingcollege,https://njcaastats.prestosports.com/sports/bsb/2024-25/div1/teams/kennedykingcollege/roster,https://njcaastats.prestosports.com/sports/bsb/2024-25/div1/teams/kennedykingcollege/schedule,,,,,NJCAA_D1,Region 4,,,,"NJCAA Division I programs may offer athletic scholarships, subject to NJCAA and institutional limits.",https://www.njcaa.org/,true,true,https://njcaastats.prestosports.com/sports/bsb/2024-25/div1/teams?jsRendering=true&pos=br&sort=r,NEEDS_REVIEW
Kishwaukee College,kishwaukee-college,,IL,,PUBLIC,JUNIOR_COLLEGE,,,,,,,,,,2026,,,,,https://collegescorecard.ed.gov/,NEEDS_REVIEW,,https://njcaastats.prestosports.com/sports/bsb/2024-25/div1/teams/kishwaukeecollege,https://njcaastats.prestosports.com/sports/bsb/2024-25/div1/teams/kishwaukeecollege/roster,https://njcaastats.prestosports.com/sports/bsb/2024-25/div1/teams/kishwaukeecollege/schedule,,,,,NJCAA_D1,Region 4,,,,"NJCAA Division I programs may offer athletic scholarships, subject to NJCAA and institutional limits.",https://www.njcaa.org/,true,true,https://njcaastats.prestosports.com/sports/bsb/2024-25/div1/teams?jsRendering=true&pos=br&sort=r,NEEDS_REVIEW
Labette Community College,labette-community-college,,KS,,PUBLIC,JUNIOR_COLLEGE,,,,,,,,,,2026,,,,,https://collegescorecard.ed.gov/,NEEDS_REVIEW,,https://njcaastats.prestosports.com/sports/bsb/2024-25/div1/teams/labettecommunitycollege,https://njcaastats.prestosports.com/sports/bsb/2024-25/div1/teams/labettecommunitycollege/roster,https://njcaastats.prestosports.com/sports/bsb/2024-25/div1/teams/labettecommunitycollege/schedule,,,,,NJCAA_D1,Region 6,,,,"NJCAA Division I programs may offer athletic scholarships, subject to NJCAA and institutional limits.",https://www.njcaa.org/,true,true,https://njcaastats.prestosports.com/sports/bsb/2024-25/div1/teams?jsRendering=true&pos=br&sort=r,NEEDS_REVIEW
Lake Land College,lake-land-college,,IL,,PUBLIC,JUNIOR_COLLEGE,,,,,,,,,,2026,,,,,https://collegescorecard.ed.gov/,NEEDS_REVIEW,,https://njcaastats.prestosports.com/sports/bsb/2024-25/div1/teams/lakelandcollege,https://njcaastats.prestosports.com/sports/bsb/2024-25/div1/teams/lakelandcollege/roster,https://njcaastats.prestosports.com/sports/bsb/2024-25/div1/teams/lakelandcollege/schedule,,,,,NJCAA_D1,Region 24,,,,"NJCAA Division I programs may offer athletic scholarships, subject to NJCAA and institutional limits.",https://www.njcaa.org/,true,true,https://njcaastats.prestosports.com/sports/bsb/2024-25/div1/teams?jsRendering=true&pos=br&sort=r,NEEDS_REVIEW
Lamar Community College,lamar-community-college,,CO,,PUBLIC,JUNIOR_COLLEGE,,,,,,,,,,2026,,,,,https://collegescorecard.ed.gov/,NEEDS_REVIEW,,https://njcaastats.prestosports.com/sports/bsb/2024-25/div1/teams/lamarcommunitycollege,https://njcaastats.prestosports.com/sports/bsb/2024-25/div1/teams/lamarcommunitycollege/roster,https://njcaastats.prestosports.com/sports/bsb/2024-25/div1/teams/lamarcommunitycollege/schedule,,,,,NJCAA_D1,Region 9,,,,"NJCAA Division I programs may offer athletic scholarships, subject to NJCAA and institutional limits.",https://www.njcaa.org/,true,true,https://njcaastats.prestosports.com/sports/bsb/2024-25/div1/teams?jsRendering=true&pos=br&sort=r,NEEDS_REVIEW
Lawson State Community College,lawson-state-community-college,,AL,,PUBLIC,JUNIOR_COLLEGE,,,,,,,,,,2026,,,,,https://collegescorecard.ed.gov/,NEEDS_REVIEW,,https://njcaastats.prestosports.com/sports/bsb/2024-25/div1/teams/lawsonstatecommunitycollege,https://njcaastats.prestosports.com/sports/bsb/2024-25/div1/teams/lawsonstatecommunitycollege/roster,https://njcaastats.prestosports.com/sports/bsb/2024-25/div1/teams/lawsonstatecommunitycollege/schedule,,,,,NJCAA_D1,Region 22,,,,"NJCAA Division I programs may offer athletic scholarships, subject to NJCAA and institutional limits.",https://www.njcaa.org/,true,true,https://njcaastats.prestosports.com/sports/bsb/2024-25/div1/teams?jsRendering=true&pos=br&sort=r,NEEDS_REVIEW
Lincoln Trail College,lincoln-trail-college,,IL,,PUBLIC,JUNIOR_COLLEGE,,,,,,,,,,2026,,,,,https://collegescorecard.ed.gov/,NEEDS_REVIEW,,https://njcaastats.prestosports.com/sports/bsb/2024-25/div1/teams/lincolntrailcollege,https://njcaastats.prestosports.com/sports/bsb/2024-25/div1/teams/lincolntrailcollege/roster,https://njcaastats.prestosports.com/sports/bsb/2024-25/div1/teams/lincolntrailcollege/schedule,,,,,NJCAA_D1,Region 24,,,,"NJCAA Division I programs may offer athletic scholarships, subject to NJCAA and institutional limits.",https://www.njcaa.org/,true,true,https://njcaastats.prestosports.com/sports/bsb/2024-25/div1/teams?jsRendering=true&pos=br&sort=r,NEEDS_REVIEW
Louisiana State University Eunice,louisiana-state-university-eunice,,LA,,PUBLIC,JUNIOR_COLLEGE,,,,,,,,,,2026,,,,,https://collegescorecard.ed.gov/,NEEDS_REVIEW,,https://njcaastats.prestosports.com/sports/bsb/2024-25/div1/teams/louisianastateuniversityeunice,https://njcaastats.prestosports.com/sports/bsb/2024-25/div1/teams/louisianastateuniversityeunice/roster,https://njcaastats.prestosports.com/sports/bsb/2024-25/div1/teams/louisianastateuniversityeunice/schedule,,,,,NJCAA_D1,Region 23,,,,"NJCAA Division I programs may offer athletic scholarships, subject to NJCAA and institutional limits.",https://www.njcaa.org/,true,true,https://njcaastats.prestosports.com/sports/bsb/2024-25/div1/teams?jsRendering=true&pos=br&sort=r,NEEDS_REVIEW
Luna Community College,luna-community-college,,NM,,PUBLIC,JUNIOR_COLLEGE,,,,,,,,,,2026,,,,,https://collegescorecard.ed.gov/,NEEDS_REVIEW,,https://njcaastats.prestosports.com/sports/bsb/2024-25/div1/teams/lunacommunitycollege,https://njcaastats.prestosports.com/sports/bsb/2024-25/div1/teams/lunacommunitycollege/roster,https://njcaastats.prestosports.com/sports/bsb/2024-25/div1/teams/lunacommunitycollege/schedule,,,,,NJCAA_D1,Region 9,,,,"NJCAA Division I programs may offer athletic scholarships, subject to NJCAA and institutional limits.",https://www.njcaa.org/,true,true,https://njcaastats.prestosports.com/sports/bsb/2024-25/div1/teams?jsRendering=true&pos=br&sort=r,NEEDS_REVIEW
McCook Community College,mccook-community-college,,NE,,PUBLIC,JUNIOR_COLLEGE,,,,,,,,,,2026,,,,,https://collegescorecard.ed.gov/,NEEDS_REVIEW,,https://njcaastats.prestosports.com/sports/bsb/2024-25/div1/teams/mccookcommunitycollege,https://njcaastats.prestosports.com/sports/bsb/2024-25/div1/teams/mccookcommunitycollege/roster,https://njcaastats.prestosports.com/sports/bsb/2024-25/div1/teams/mccookcommunitycollege/schedule,,,,,NJCAA_D1,Region 9,,,,"NJCAA Division I programs may offer athletic scholarships, subject to NJCAA and institutional limits.",https://www.njcaa.org/,true,true,https://njcaastats.prestosports.com/sports/bsb/2024-25/div1/teams?jsRendering=true&pos=br&sort=r,NEEDS_REVIEW
McHenry County College,mchenry-county-college,,IL,,PUBLIC,JUNIOR_COLLEGE,,,,,,,,,,2026,,,,,https://collegescorecard.ed.gov/,NEEDS_REVIEW,,https://njcaastats.prestosports.com/sports/bsb/2024-25/div1/teams/mchenrycountycollege,https://njcaastats.prestosports.com/sports/bsb/2024-25/div1/teams/mchenrycountycollege/roster,https://njcaastats.prestosports.com/sports/bsb/2024-25/div1/teams/mchenrycountycollege/schedule,,,,,NJCAA_D1,Region 4,,,,"NJCAA Division I programs may offer athletic scholarships, subject to NJCAA and institutional limits.",https://www.njcaa.org/,true,true,https://njcaastats.prestosports.com/sports/bsb/2024-25/div1/teams?jsRendering=true&pos=br&sort=r,NEEDS_REVIEW
McLennan Community College,mclennan-community-college,,TX,,PUBLIC,JUNIOR_COLLEGE,,,,,,,,,,2026,,,,,https://collegescorecard.ed.gov/,NEEDS_REVIEW,,https://njcaastats.prestosports.com/sports/bsb/2024-25/div1/teams/mclennancommunitycollege,https://njcaastats.prestosports.com/sports/bsb/2024-25/div1/teams/mclennancommunitycollege/roster,https://njcaastats.prestosports.com/sports/bsb/2024-25/div1/teams/mclennancommunitycollege/schedule,,,,,NJCAA_D1,Region 5,,,,"NJCAA Division I programs may offer athletic scholarships, subject to NJCAA and institutional limits.",https://www.njcaa.org/,true,true,https://njcaastats.prestosports.com/sports/bsb/2024-25/div1/teams?jsRendering=true&pos=br&sort=r,NEEDS_REVIEW
Metropolitan Community College,metropolitan-community-college,,NE,,PUBLIC,JUNIOR_COLLEGE,,,,,,,,,,2026,,,,,https://collegescorecard.ed.gov/,NEEDS_REVIEW,,https://njcaastats.prestosports.com/sports/bsb/2024-25/div1/teams/metropolitancommunitycollege,https://njcaastats.prestosports.com/sports/bsb/2024-25/div1/teams/metropolitancommunitycollege/roster,https://njcaastats.prestosports.com/sports/bsb/2024-25/div1/teams/metropolitancommunitycollege/schedule,,,,,NJCAA_D1,Region 16,,,,"NJCAA Division I programs may offer athletic scholarships, subject to NJCAA and institutional limits.",https://www.njcaa.org/,true,true,https://njcaastats.prestosports.com/sports/bsb/2024-25/div1/teams?jsRendering=true&pos=br&sort=r,NEEDS_REVIEW
Miami Dade College,miami-dade-college,,FL,,PUBLIC,JUNIOR_COLLEGE,,,,,,,,,,2026,,,,,https://collegescorecard.ed.gov/,NEEDS_REVIEW,,https://njcaastats.prestosports.com/sports/bsb/2024-25/div1/teams/miamidadecollege,https://njcaastats.prestosports.com/sports/bsb/2024-25/div1/teams/miamidadecollege/roster,https://njcaastats.prestosports.com/sports/bsb/2024-25/div1/teams/miamidadecollege/schedule,,,,,NJCAA_D1,Region 8,,,,"NJCAA Division I programs may offer athletic scholarships, subject to NJCAA and institutional limits.",https://www.njcaa.org/,true,true,https://njcaastats.prestosports.com/sports/bsb/2024-25/div1/teams?jsRendering=true&pos=br&sort=r,NEEDS_REVIEW
Midland College,midland-college,,TX,,PUBLIC,JUNIOR_COLLEGE,,,,,,,,,,2026,,,,,https://collegescorecard.ed.gov/,NEEDS_REVIEW,,https://njcaastats.prestosports.com/sports/bsb/2024-25/div1/teams/midlandcollege,https://njcaastats.prestosports.com/sports/bsb/2024-25/div1/teams/midlandcollege/roster,https://njcaastats.prestosports.com/sports/bsb/2024-25/div1/teams/midlandcollege/schedule,,,,,NJCAA_D1,Region 5,,,,"NJCAA Division I programs may offer athletic scholarships, subject to NJCAA and institutional limits.",https://www.njcaa.org/,true,true,https://njcaastats.prestosports.com/sports/bsb/2024-25/div1/teams?jsRendering=true&pos=br&sort=r,NEEDS_REVIEW
Mineral Area College,mineral-area-college,,MO,,PUBLIC,JUNIOR_COLLEGE,,,,,,,,,,2026,,,,,https://collegescorecard.ed.gov/,NEEDS_REVIEW,,https://njcaastats.prestosports.com/sports/bsb/2024-25/div1/teams/mineralareacollege,https://njcaastats.prestosports.com/sports/bsb/2024-25/div1/teams/mineralareacollege/roster,https://njcaastats.prestosports.com/sports/bsb/2024-25/div1/teams/mineralareacollege/schedule,,,,,NJCAA_D1,Region 16,,,,"NJCAA Division I programs may offer athletic scholarships, subject to NJCAA and institutional limits.",https://www.njcaa.org/,true,true,https://njcaastats.prestosports.com/sports/bsb/2024-25/div1/teams?jsRendering=true&pos=br&sort=r,NEEDS_REVIEW
Missouri State University - West Plains,missouri-state-university-west-plains,,MO,,PUBLIC,JUNIOR_COLLEGE,,,,,,,,,,2026,,,,,https://collegescorecard.ed.gov/,NEEDS_REVIEW,,https://njcaastats.prestosports.com/sports/bsb/2024-25/div1/teams/missouristateuniversitywestplains,https://njcaastats.prestosports.com/sports/bsb/2024-25/div1/teams/missouristateuniversitywestplains/roster,https://njcaastats.prestosports.com/sports/bsb/2024-25/div1/teams/missouristateuniversitywestplains/schedule,,,,,NJCAA_D1,,,,,"NJCAA Division I programs may offer athletic scholarships, subject to NJCAA and institutional limits.",https://www.njcaa.org/,true,true,https://njcaastats.prestosports.com/sports/bsb/2024-25/div1/teams?jsRendering=true&pos=br&sort=r,NEEDS_REVIEW
Monroe University,monroe-university,,NY,,PUBLIC,JUNIOR_COLLEGE,,,,,,,,,,2026,,,,,https://collegescorecard.ed.gov/,NEEDS_REVIEW,,https://njcaastats.prestosports.com/sports/bsb/2024-25/div1/teams/monroeuniversity,https://njcaastats.prestosports.com/sports/bsb/2024-25/div1/teams/monroeuniversity/roster,https://njcaastats.prestosports.com/sports/bsb/2024-25/div1/teams/monroeuniversity/schedule,,,,,NJCAA_D1,Region 15,,,,"NJCAA Division I programs may offer athletic scholarships, subject to NJCAA and institutional limits.",https://www.njcaa.org/,true,true,https://njcaastats.prestosports.com/sports/bsb/2024-25/div1/teams?jsRendering=true&pos=br&sort=r,NEEDS_REVIEW
Motlow State Community College,motlow-state-community-college,,TN,,PUBLIC,JUNIOR_COLLEGE,,,,,,,,,,2026,,,,,https://collegescorecard.ed.gov/,NEEDS_REVIEW,,https://njcaastats.prestosports.com/sports/bsb/2024-25/div1/teams/motlowstatecommunitycollege,https://njcaastats.prestosports.com/sports/bsb/2024-25/div1/teams/motlowstatecommunitycollege/roster,https://njcaastats.prestosports.com/sports/bsb/2024-25/div1/teams/motlowstatecommunitycollege/schedule,,,,,NJCAA_D1,Region 7,,,,"NJCAA Division I programs may offer athletic scholarships, subject to NJCAA and institutional limits.",https://www.njcaa.org/,true,true,https://njcaastats.prestosports.com/sports/bsb/2024-25/div1/teams?jsRendering=true&pos=br&sort=r,NEEDS_REVIEW
Navarro College,navarro-college,,TX,,PUBLIC,JUNIOR_COLLEGE,,,,,,,,,,2026,,,,,https://collegescorecard.ed.gov/,NEEDS_REVIEW,,https://njcaastats.prestosports.com/sports/bsb/2024-25/div1/teams/navarrocollege,https://njcaastats.prestosports.com/sports/bsb/2024-25/div1/teams/navarrocollege/roster,https://njcaastats.prestosports.com/sports/bsb/2024-25/div1/teams/navarrocollege/schedule,,,,,NJCAA_D1,Region 14,,,,"NJCAA Division I programs may offer athletic scholarships, subject to NJCAA and institutional limits.",https://www.njcaa.org/,true,true,https://njcaastats.prestosports.com/sports/bsb/2024-25/div1/teams?jsRendering=true&pos=br&sort=r,NEEDS_REVIEW
Neosho County Community College,neosho-county-community-college,,KS,,PUBLIC,JUNIOR_COLLEGE,,,,,,,,,,2026,,,,,https://collegescorecard.ed.gov/,NEEDS_REVIEW,,https://njcaastats.prestosports.com/sports/bsb/2024-25/div1/teams/neoshocountycommunitycollege,https://njcaastats.prestosports.com/sports/bsb/2024-25/div1/teams/neoshocountycommunitycollege/roster,https://njcaastats.prestosports.com/sports/bsb/2024-25/div1/teams/neoshocountycommunitycollege/schedule,,,,,NJCAA_D1,Region 6,,,,"NJCAA Division I programs may offer athletic scholarships, subject to NJCAA and institutional limits.",https://www.njcaa.org/,true,true,https://njcaastats.prestosports.com/sports/bsb/2024-25/div1/teams?jsRendering=true&pos=br&sort=r,NEEDS_REVIEW
New Mexico Junior College,new-mexico-junior-college,,NM,,PUBLIC,JUNIOR_COLLEGE,,,,,,,,,,2026,,,,,https://collegescorecard.ed.gov/,NEEDS_REVIEW,,https://njcaastats.prestosports.com/sports/bsb/2024-25/div1/teams/newmexicojuniorcollege,https://njcaastats.prestosports.com/sports/bsb/2024-25/div1/teams/newmexicojuniorcollege/roster,https://njcaastats.prestosports.com/sports/bsb/2024-25/div1/teams/newmexicojuniorcollege/schedule,,,,,NJCAA_D1,Region 5,,,,"NJCAA Division I programs may offer athletic scholarships, subject to NJCAA and institutional limits.",https://www.njcaa.org/,true,true,https://njcaastats.prestosports.com/sports/bsb/2024-25/div1/teams?jsRendering=true&pos=br&sort=r,NEEDS_REVIEW
New Mexico Military Institute,new-mexico-military-institute,,NM,,PUBLIC,JUNIOR_COLLEGE,,,,,,,,,,2026,,,,,https://collegescorecard.ed.gov/,NEEDS_REVIEW,,https://njcaastats.prestosports.com/sports/bsb/2024-25/div1/teams/newmexicomilitaryinstitute,https://njcaastats.prestosports.com/sports/bsb/2024-25/div1/teams/newmexicomilitaryinstitute/roster,https://njcaastats.prestosports.com/sports/bsb/2024-25/div1/teams/newmexicomilitaryinstitute/schedule,,,,,NJCAA_D1,Region 5,,,,"NJCAA Division I programs may offer athletic scholarships, subject to NJCAA and institutional limits.",https://www.njcaa.org/,true,true,https://njcaastats.prestosports.com/sports/bsb/2024-25/div1/teams?jsRendering=true&pos=br&sort=r,NEEDS_REVIEW
North Central Texas College,north-central-texas-college,,TX,,PUBLIC,JUNIOR_COLLEGE,,,,,,,,,,2026,,,,,https://collegescorecard.ed.gov/,NEEDS_REVIEW,,https://njcaastats.prestosports.com/sports/bsb/2024-25/div1/teams/northcentraltexascollege,https://njcaastats.prestosports.com/sports/bsb/2024-25/div1/teams/northcentraltexascollege/roster,https://njcaastats.prestosports.com/sports/bsb/2024-25/div1/teams/northcentraltexascollege/schedule,,,,,NJCAA_D1,Region 5,,,,"NJCAA Division I programs may offer athletic scholarships, subject to NJCAA and institutional limits.",https://www.njcaa.org/,true,true,https://njcaastats.prestosports.com/sports/bsb/2024-25/div1/teams?jsRendering=true&pos=br&sort=r,NEEDS_REVIEW
Northeast Texas Community College,northeast-texas-community-college,,TX,,PUBLIC,JUNIOR_COLLEGE,,,,,,,,,,2026,,,,,https://collegescorecard.ed.gov/,NEEDS_REVIEW,,https://njcaastats.prestosports.com/sports/bsb/2024-25/div1/teams/northeasttexascommunitycollege,https://njcaastats.prestosports.com/sports/bsb/2024-25/div1/teams/northeasttexascommunitycollege/roster,https://njcaastats.prestosports.com/sports/bsb/2024-25/div1/teams/northeasttexascommunitycollege/schedule,,,,,NJCAA_D1,Region 14,,,,"NJCAA Division I programs may offer athletic scholarships, subject to NJCAA and institutional limits.",https://www.njcaa.org/,true,true,https://njcaastats.prestosports.com/sports/bsb/2024-25/div1/teams?jsRendering=true&pos=br&sort=r,NEEDS_REVIEW
Northeastern Junior College,northeastern-junior-college,,CO,,PUBLIC,JUNIOR_COLLEGE,,,,,,,,,,2026,,,,,https://collegescorecard.ed.gov/,NEEDS_REVIEW,,https://njcaastats.prestosports.com/sports/bsb/2024-25/div1/teams/northeasternjuniorcollege,https://njcaastats.prestosports.com/sports/bsb/2024-25/div1/teams/northeasternjuniorcollege/roster,https://njcaastats.prestosports.com/sports/bsb/2024-25/div1/teams/northeasternjuniorcollege/schedule,,,,,NJCAA_D1,Region 9,,,,"NJCAA Division I programs may offer athletic scholarships, subject to NJCAA and institutional limits.",https://www.njcaa.org/,true,true,https://njcaastats.prestosports.com/sports/bsb/2024-25/div1/teams?jsRendering=true&pos=br&sort=r,NEEDS_REVIEW
Northeastern Oklahoma AM College,northeastern-oklahoma-am-college,,OK,,PUBLIC,JUNIOR_COLLEGE,,,,,,,,,,2026,,,,,https://collegescorecard.ed.gov/,NEEDS_REVIEW,,https://njcaastats.prestosports.com/sports/bsb/2024-25/div1/teams/northeasternoklahomaamcollege,https://njcaastats.prestosports.com/sports/bsb/2024-25/div1/teams/northeasternoklahomaamcollege/roster,https://njcaastats.prestosports.com/sports/bsb/2024-25/div1/teams/northeasternoklahomaamcollege/schedule,,,,,NJCAA_D1,Region 2,,,,"NJCAA Division I programs may offer athletic scholarships, subject to NJCAA and institutional limits.",https://www.njcaa.org/,true,true,https://njcaastats.prestosports.com/sports/bsb/2024-25/div1/teams?jsRendering=true&pos=br&sort=r,NEEDS_REVIEW
Northwest Florida State College,northwest-florida-state-college,,FL,,PUBLIC,JUNIOR_COLLEGE,,,,,,,,,,2026,,,,,https://collegescorecard.ed.gov/,NEEDS_REVIEW,,https://njcaastats.prestosports.com/sports/bsb/2024-25/div1/teams/northwestfloridastatecollege,https://njcaastats.prestosports.com/sports/bsb/2024-25/div1/teams/northwestfloridastatecollege/roster,https://njcaastats.prestosports.com/sports/bsb/2024-25/div1/teams/northwestfloridastatecollege/schedule,,,,,NJCAA_D1,Region 8,,,,"NJCAA Division I programs may offer athletic scholarships, subject to NJCAA and institutional limits.",https://www.njcaa.org/,true,true,https://njcaastats.prestosports.com/sports/bsb/2024-25/div1/teams?jsRendering=true&pos=br&sort=r,NEEDS_REVIEW
Northwest-Shoals Community College,northwest-shoals-community-college,,AL,,PUBLIC,JUNIOR_COLLEGE,,,,,,,,,,2026,,,,,https://collegescorecard.ed.gov/,NEEDS_REVIEW,,https://njcaastats.prestosports.com/sports/bsb/2024-25/div1/teams/northwestshoalscommunitycollege,https://njcaastats.prestosports.com/sports/bsb/2024-25/div1/teams/northwestshoalscommunitycollege/roster,https://njcaastats.prestosports.com/sports/bsb/2024-25/div1/teams/northwestshoalscommunitycollege/schedule,,,,,NJCAA_D1,Region 22,,,,"NJCAA Division I programs may offer athletic scholarships, subject to NJCAA and institutional limits.",https://www.njcaa.org/,true,true,https://njcaastats.prestosports.com/sports/bsb/2024-25/div1/teams?jsRendering=true&pos=br&sort=r,NEEDS_REVIEW
Nunez Community College,nunez-community-college,,LA,,PUBLIC,JUNIOR_COLLEGE,,,,,,,,,,2026,,,,,https://collegescorecard.ed.gov/,NEEDS_REVIEW,,https://njcaastats.prestosports.com/sports/bsb/2024-25/div1/teams/nunezcommunitycollege,https://njcaastats.prestosports.com/sports/bsb/2024-25/div1/teams/nunezcommunitycollege/roster,https://njcaastats.prestosports.com/sports/bsb/2024-25/div1/teams/nunezcommunitycollege/schedule,,,,,NJCAA_D1,Region 23,,,,"NJCAA Division I programs may offer athletic scholarships, subject to NJCAA and institutional limits.",https://www.njcaa.org/,true,true,https://njcaastats.prestosports.com/sports/bsb/2024-25/div1/teams?jsRendering=true&pos=br&sort=r,NEEDS_REVIEW
Odessa College,odessa-college,,TX,,PUBLIC,JUNIOR_COLLEGE,,,,,,,,,,2026,,,,,https://collegescorecard.ed.gov/,NEEDS_REVIEW,,https://njcaastats.prestosports.com/sports/bsb/2024-25/div1/teams/odessacollege,https://njcaastats.prestosports.com/sports/bsb/2024-25/div1/teams/odessacollege/roster,https://njcaastats.prestosports.com/sports/bsb/2024-25/div1/teams/odessacollege/schedule,,,,,NJCAA_D1,Region 5,,,,"NJCAA Division I programs may offer athletic scholarships, subject to NJCAA and institutional limits.",https://www.njcaa.org/,true,true,https://njcaastats.prestosports.com/sports/bsb/2024-25/div1/teams?jsRendering=true&pos=br&sort=r,NEEDS_REVIEW
Olive-Harvey College,olive-harvey-college,,IL,,PUBLIC,JUNIOR_COLLEGE,,,,,,,,,,2026,,,,,https://collegescorecard.ed.gov/,NEEDS_REVIEW,,https://njcaastats.prestosports.com/sports/bsb/2024-25/div1/teams/oliveharveycollege,https://njcaastats.prestosports.com/sports/bsb/2024-25/div1/teams/oliveharveycollege/roster,https://njcaastats.prestosports.com/sports/bsb/2024-25/div1/teams/oliveharveycollege/schedule,,,,,NJCAA_D1,Region 4,,,,"NJCAA Division I programs may offer athletic scholarships, subject to NJCAA and institutional limits.",https://www.njcaa.org/,true,true,https://njcaastats.prestosports.com/sports/bsb/2024-25/div1/teams?jsRendering=true&pos=br&sort=r,NEEDS_REVIEW
Olney Central College,olney-central-college,,IL,,PUBLIC,JUNIOR_COLLEGE,,,,,,,,,,2026,,,,,https://collegescorecard.ed.gov/,NEEDS_REVIEW,,https://njcaastats.prestosports.com/sports/bsb/2024-25/div1/teams/olneycentralcollege,https://njcaastats.prestosports.com/sports/bsb/2024-25/div1/teams/olneycentralcollege/roster,https://njcaastats.prestosports.com/sports/bsb/2024-25/div1/teams/olneycentralcollege/schedule,,,,,NJCAA_D1,Region 24,,,,"NJCAA Division I programs may offer athletic scholarships, subject to NJCAA and institutional limits.",https://www.njcaa.org/,true,true,https://njcaastats.prestosports.com/sports/bsb/2024-25/div1/teams?jsRendering=true&pos=br&sort=r,NEEDS_REVIEW
Otero College,otero-college,,CO,,PUBLIC,JUNIOR_COLLEGE,,,,,,,,,,2026,,,,,https://collegescorecard.ed.gov/,NEEDS_REVIEW,,https://njcaastats.prestosports.com/sports/bsb/2024-25/div1/teams/oterocollege,https://njcaastats.prestosports.com/sports/bsb/2024-25/div1/teams/oterocollege/roster,https://njcaastats.prestosports.com/sports/bsb/2024-25/div1/teams/oterocollege/schedule,,,,,NJCAA_D1,Region 9,,,,"NJCAA Division I programs may offer athletic scholarships, subject to NJCAA and institutional limits.",https://www.njcaa.org/,true,true,https://njcaastats.prestosports.com/sports/bsb/2024-25/div1/teams?jsRendering=true&pos=br&sort=r,NEEDS_REVIEW
Panola College,panola-college,,TX,,PUBLIC,JUNIOR_COLLEGE,,,,,,,,,,2026,,,,,https://collegescorecard.ed.gov/,NEEDS_REVIEW,,https://njcaastats.prestosports.com/sports/bsb/2024-25/div1/teams/panolacollege,https://njcaastats.prestosports.com/sports/bsb/2024-25/div1/teams/panolacollege/roster,https://njcaastats.prestosports.com/sports/bsb/2024-25/div1/teams/panolacollege/schedule,,,,,NJCAA_D1,Region 14,,,,"NJCAA Division I programs may offer athletic scholarships, subject to NJCAA and institutional limits.",https://www.njcaa.org/,true,true,https://njcaastats.prestosports.com/sports/bsb/2024-25/div1/teams?jsRendering=true&pos=br&sort=r,NEEDS_REVIEW
Paris Junior College,paris-junior-college,,TX,,PUBLIC,JUNIOR_COLLEGE,,,,,,,,,,2026,,,,,https://collegescorecard.ed.gov/,NEEDS_REVIEW,,https://njcaastats.prestosports.com/sports/bsb/2024-25/div1/teams/parisjuniorcollege,https://njcaastats.prestosports.com/sports/bsb/2024-25/div1/teams/parisjuniorcollege/roster,https://njcaastats.prestosports.com/sports/bsb/2024-25/div1/teams/parisjuniorcollege/schedule,,,,,NJCAA_D1,Region 14,,,,"NJCAA Division I programs may offer athletic scholarships, subject to NJCAA and institutional limits.",https://www.njcaa.org/,true,true,https://njcaastats.prestosports.com/sports/bsb/2024-25/div1/teams?jsRendering=true&pos=br&sort=r,NEEDS_REVIEW
Pellissippi State Community College,pellissippi-state-community-college,,TN,,PUBLIC,JUNIOR_COLLEGE,,,,,,,,,,2026,,,,,https://collegescorecard.ed.gov/,NEEDS_REVIEW,,https://njcaastats.prestosports.com/sports/bsb/2024-25/div1/teams/pellissippistatecommunitycollege,https://njcaastats.prestosports.com/sports/bsb/2024-25/div1/teams/pellissippistatecommunitycollege/roster,https://njcaastats.prestosports.com/sports/bsb/2024-25/div1/teams/pellissippistatecommunitycollege/schedule,,,,,NJCAA_D1,,,,,"NJCAA Division I programs may offer athletic scholarships, subject to NJCAA and institutional limits.",https://www.njcaa.org/,true,true,https://njcaastats.prestosports.com/sports/bsb/2024-25/div1/teams?jsRendering=true&pos=br&sort=r,NEEDS_REVIEW
Pensacola State College,pensacola-state-college,,FL,,PUBLIC,JUNIOR_COLLEGE,,,,,,,,,,2026,,,,,https://collegescorecard.ed.gov/,NEEDS_REVIEW,,https://njcaastats.prestosports.com/sports/bsb/2024-25/div1/teams/pensacolastatecollege,https://njcaastats.prestosports.com/sports/bsb/2024-25/div1/teams/pensacolastatecollege/roster,https://njcaastats.prestosports.com/sports/bsb/2024-25/div1/teams/pensacolastatecollege/schedule,,,,,NJCAA_D1,Region 8,,,,"NJCAA Division I programs may offer athletic scholarships, subject to NJCAA and institutional limits.",https://www.njcaa.org/,true,true,https://njcaastats.prestosports.com/sports/bsb/2024-25/div1/teams?jsRendering=true&pos=br&sort=r,NEEDS_REVIEW
Polk State College,polk-state-college,,FL,,PUBLIC,JUNIOR_COLLEGE,,,,,,,,,,2026,,,,,https://collegescorecard.ed.gov/,NEEDS_REVIEW,,https://njcaastats.prestosports.com/sports/bsb/2024-25/div1/teams/polkstatecollege,https://njcaastats.prestosports.com/sports/bsb/2024-25/div1/teams/polkstatecollege/roster,https://njcaastats.prestosports.com/sports/bsb/2024-25/div1/teams/polkstatecollege/schedule,,,,,NJCAA_D1,Region 8,,,,"NJCAA Division I programs may offer athletic scholarships, subject to NJCAA and institutional limits.",https://www.njcaa.org/,true,true,https://njcaastats.prestosports.com/sports/bsb/2024-25/div1/teams?jsRendering=true&pos=br&sort=r,NEEDS_REVIEW
Pratt Community College,pratt-community-college,,KS,,PUBLIC,JUNIOR_COLLEGE,,,,,,,,,,2026,,,,,https://collegescorecard.ed.gov/,NEEDS_REVIEW,,https://njcaastats.prestosports.com/sports/bsb/2024-25/div1/teams/prattcommunitycollege,https://njcaastats.prestosports.com/sports/bsb/2024-25/div1/teams/prattcommunitycollege/roster,https://njcaastats.prestosports.com/sports/bsb/2024-25/div1/teams/prattcommunitycollege/schedule,,,,,NJCAA_D1,Region 6,,,,"NJCAA Division I programs may offer athletic scholarships, subject to NJCAA and institutional limits.",https://www.njcaa.org/,true,true,https://njcaastats.prestosports.com/sports/bsb/2024-25/div1/teams?jsRendering=true&pos=br&sort=r,NEEDS_REVIEW
Ranger College,ranger-college,,TX,,PUBLIC,JUNIOR_COLLEGE,,,,,,,,,,2026,,,,,https://collegescorecard.ed.gov/,NEEDS_REVIEW,,https://njcaastats.prestosports.com/sports/bsb/2024-25/div1/teams/rangercollege,https://njcaastats.prestosports.com/sports/bsb/2024-25/div1/teams/rangercollege/roster,https://njcaastats.prestosports.com/sports/bsb/2024-25/div1/teams/rangercollege/schedule,,,,,NJCAA_D1,Region 5,,,,"NJCAA Division I programs may offer athletic scholarships, subject to NJCAA and institutional limits.",https://www.njcaa.org/,true,true,https://njcaastats.prestosports.com/sports/bsb/2024-25/div1/teams?jsRendering=true&pos=br&sort=r,NEEDS_REVIEW
Rend Lake College,rend-lake-college,,IL,,PUBLIC,JUNIOR_COLLEGE,,,,,,,,,,2026,,,,,https://collegescorecard.ed.gov/,NEEDS_REVIEW,,https://njcaastats.prestosports.com/sports/bsb/2024-25/div1/teams/rendlakecollege,https://njcaastats.prestosports.com/sports/bsb/2024-25/div1/teams/rendlakecollege/roster,https://njcaastats.prestosports.com/sports/bsb/2024-25/div1/teams/rendlakecollege/schedule,,,,,NJCAA_D1,Region 24,,,,"NJCAA Division I programs may offer athletic scholarships, subject to NJCAA and institutional limits.",https://www.njcaa.org/,true,true,https://njcaastats.prestosports.com/sports/bsb/2024-25/div1/teams?jsRendering=true&pos=br&sort=r,NEEDS_REVIEW
Roane State Community College,roane-state-community-college,,TN,,PUBLIC,JUNIOR_COLLEGE,,,,,,,,,,2026,,,,,https://collegescorecard.ed.gov/,NEEDS_REVIEW,,https://njcaastats.prestosports.com/sports/bsb/2024-25/div1/teams/roanestatecommunitycollege,https://njcaastats.prestosports.com/sports/bsb/2024-25/div1/teams/roanestatecommunitycollege/roster,https://njcaastats.prestosports.com/sports/bsb/2024-25/div1/teams/roanestatecommunitycollege/schedule,,,,,NJCAA_D1,Region 7,,,,"NJCAA Division I programs may offer athletic scholarships, subject to NJCAA and institutional limits.",https://www.njcaa.org/,true,true,https://njcaastats.prestosports.com/sports/bsb/2024-25/div1/teams?jsRendering=true&pos=br&sort=r,NEEDS_REVIEW
Rose State College,rose-state-college,,OK,,PUBLIC,JUNIOR_COLLEGE,,,,,,,,,,2026,,,,,https://collegescorecard.ed.gov/,NEEDS_REVIEW,,https://njcaastats.prestosports.com/sports/bsb/2024-25/div1/teams/rosestatecollege,https://njcaastats.prestosports.com/sports/bsb/2024-25/div1/teams/rosestatecollege/roster,https://njcaastats.prestosports.com/sports/bsb/2024-25/div1/teams/rosestatecollege/schedule,,,,,NJCAA_D1,Region 2,,,,"NJCAA Division I programs may offer athletic scholarships, subject to NJCAA and institutional limits.",https://www.njcaa.org/,true,true,https://njcaastats.prestosports.com/sports/bsb/2024-25/div1/teams?jsRendering=true&pos=br&sort=r,NEEDS_REVIEW
Salt Lake Community College,salt-lake-community-college,,UT,,PUBLIC,JUNIOR_COLLEGE,,,,,,,,,,2026,,,,,https://collegescorecard.ed.gov/,NEEDS_REVIEW,,https://njcaastats.prestosports.com/sports/bsb/2024-25/div1/teams/saltlakecommunitycollege,https://njcaastats.prestosports.com/sports/bsb/2024-25/div1/teams/saltlakecommunitycollege/roster,https://njcaastats.prestosports.com/sports/bsb/2024-25/div1/teams/saltlakecommunitycollege/schedule,,,,,NJCAA_D1,Region 18,,,,"NJCAA Division I programs may offer athletic scholarships, subject to NJCAA and institutional limits.",https://www.njcaa.org/,true,true,https://njcaastats.prestosports.com/sports/bsb/2024-25/div1/teams?jsRendering=true&pos=br&sort=r,NEEDS_REVIEW
San Jacinto College-North,san-jacinto-college-north,,TX,,PUBLIC,JUNIOR_COLLEGE,,,,,,,,,,2026,,,,,https://collegescorecard.ed.gov/,NEEDS_REVIEW,,https://njcaastats.prestosports.com/sports/bsb/2024-25/div1/teams/sanjacintocollegenorth,https://njcaastats.prestosports.com/sports/bsb/2024-25/div1/teams/sanjacintocollegenorth/roster,https://njcaastats.prestosports.com/sports/bsb/2024-25/div1/teams/sanjacintocollegenorth/schedule,,,,,NJCAA_D1,Region 14,,,,"NJCAA Division I programs may offer athletic scholarships, subject to NJCAA and institutional limits.",https://www.njcaa.org/,true,true,https://njcaastats.prestosports.com/sports/bsb/2024-25/div1/teams?jsRendering=true&pos=br&sort=r,NEEDS_REVIEW
Santa Fe College,santa-fe-college,,FL,,PUBLIC,JUNIOR_COLLEGE,,,,,,,,,,2026,,,,,https://collegescorecard.ed.gov/,NEEDS_REVIEW,,https://njcaastats.prestosports.com/sports/bsb/2024-25/div1/teams/santafecollege,https://njcaastats.prestosports.com/sports/bsb/2024-25/div1/teams/santafecollege/roster,https://njcaastats.prestosports.com/sports/bsb/2024-25/div1/teams/santafecollege/schedule,,,,,NJCAA_D1,Region 8,,,,"NJCAA Division I programs may offer athletic scholarships, subject to NJCAA and institutional limits.",https://www.njcaa.org/,true,true,https://njcaastats.prestosports.com/sports/bsb/2024-25/div1/teams?jsRendering=true&pos=br&sort=r,NEEDS_REVIEW
Seminole State College,seminole-state-college,,OK,,PUBLIC,JUNIOR_COLLEGE,,,,,,,,,,2026,,,,,https://collegescorecard.ed.gov/,NEEDS_REVIEW,,https://njcaastats.prestosports.com/sports/bsb/2024-25/div1/teams/seminolestatecollegeok,https://njcaastats.prestosports.com/sports/bsb/2024-25/div1/teams/seminolestatecollegeok/roster,https://njcaastats.prestosports.com/sports/bsb/2024-25/div1/teams/seminolestatecollegeok/schedule,,,,,NJCAA_D1,Region 2,,,,"NJCAA Division I programs may offer athletic scholarships, subject to NJCAA and institutional limits.",https://www.njcaa.org/,true,true,https://njcaastats.prestosports.com/sports/bsb/2024-25/div1/teams?jsRendering=true&pos=br&sort=r,NEEDS_REVIEW
Seminole State College of Florida,seminole-state-college-of-florida,,FL,,PUBLIC,JUNIOR_COLLEGE,,,,,,,,,,2026,,,,,https://collegescorecard.ed.gov/,NEEDS_REVIEW,,https://njcaastats.prestosports.com/sports/bsb/2024-25/div1/teams/seminolestatecollegeofflorida,https://njcaastats.prestosports.com/sports/bsb/2024-25/div1/teams/seminolestatecollegeofflorida/roster,https://njcaastats.prestosports.com/sports/bsb/2024-25/div1/teams/seminolestatecollegeofflorida/schedule,,,,,NJCAA_D1,Region 8,,,,"NJCAA Division I programs may offer athletic scholarships, subject to NJCAA and institutional limits.",https://www.njcaa.org/,true,true,https://njcaastats.prestosports.com/sports/bsb/2024-25/div1/teams?jsRendering=true&pos=br&sort=r,NEEDS_REVIEW
Seward County Community College,seward-county-community-college,,KS,,PUBLIC,JUNIOR_COLLEGE,,,,,,,,,,2026,,,,,https://collegescorecard.ed.gov/,NEEDS_REVIEW,,https://njcaastats.prestosports.com/sports/bsb/2024-25/div1/teams/sewardcountycommunitycollege,https://njcaastats.prestosports.com/sports/bsb/2024-25/div1/teams/sewardcountycommunitycollege/roster,https://njcaastats.prestosports.com/sports/bsb/2024-25/div1/teams/sewardcountycommunitycollege/schedule,,,,,NJCAA_D1,Region 6,,,,"NJCAA Division I programs may offer athletic scholarships, subject to NJCAA and institutional limits.",https://www.njcaa.org/,true,true,https://njcaastats.prestosports.com/sports/bsb/2024-25/div1/teams?jsRendering=true&pos=br&sort=r,NEEDS_REVIEW
Shawnee Community College,shawnee-community-college,,IL,,PUBLIC,JUNIOR_COLLEGE,,,,,,,,,,2026,,,,,https://collegescorecard.ed.gov/,NEEDS_REVIEW,,https://njcaastats.prestosports.com/sports/bsb/2024-25/div1/teams/shawneecommunitycollege,https://njcaastats.prestosports.com/sports/bsb/2024-25/div1/teams/shawneecommunitycollege/roster,https://njcaastats.prestosports.com/sports/bsb/2024-25/div1/teams/shawneecommunitycollege/schedule,,,,,NJCAA_D1,Region 24,,,,"NJCAA Division I programs may offer athletic scholarships, subject to NJCAA and institutional limits.",https://www.njcaa.org/,true,true,https://njcaastats.prestosports.com/sports/bsb/2024-25/div1/teams?jsRendering=true&pos=br&sort=r,NEEDS_REVIEW
Shelton State Community College,shelton-state-community-college,,AL,,PUBLIC,JUNIOR_COLLEGE,,,,,,,,,,2026,,,,,https://collegescorecard.ed.gov/,NEEDS_REVIEW,,https://njcaastats.prestosports.com/sports/bsb/2024-25/div1/teams/sheltonstatecommunitycollege,https://njcaastats.prestosports.com/sports/bsb/2024-25/div1/teams/sheltonstatecommunitycollege/roster,https://njcaastats.prestosports.com/sports/bsb/2024-25/div1/teams/sheltonstatecommunitycollege/schedule,,,,,NJCAA_D1,Region 22,,,,"NJCAA Division I programs may offer athletic scholarships, subject to NJCAA and institutional limits.",https://www.njcaa.org/,true,true,https://njcaastats.prestosports.com/sports/bsb/2024-25/div1/teams?jsRendering=true&pos=br&sort=r,NEEDS_REVIEW
Snead State Community College,snead-state-community-college,,AL,,PUBLIC,JUNIOR_COLLEGE,,,,,,,,,,2026,,,,,https://collegescorecard.ed.gov/,NEEDS_REVIEW,,https://njcaastats.prestosports.com/sports/bsb/2024-25/div1/teams/sneadstatecommunitycollege,https://njcaastats.prestosports.com/sports/bsb/2024-25/div1/teams/sneadstatecommunitycollege/roster,https://njcaastats.prestosports.com/sports/bsb/2024-25/div1/teams/sneadstatecommunitycollege/schedule,,,,,NJCAA_D1,Region 22,,,,"NJCAA Division I programs may offer athletic scholarships, subject to NJCAA and institutional limits.",https://www.njcaa.org/,true,true,https://njcaastats.prestosports.com/sports/bsb/2024-25/div1/teams?jsRendering=true&pos=br&sort=r,NEEDS_REVIEW
South Georgia State College,south-georgia-state-college,,GA,,PUBLIC,JUNIOR_COLLEGE,,,,,,,,,,2026,,,,,https://collegescorecard.ed.gov/,NEEDS_REVIEW,,https://njcaastats.prestosports.com/sports/bsb/2024-25/div1/teams/southgeorgiastatecollege,https://njcaastats.prestosports.com/sports/bsb/2024-25/div1/teams/southgeorgiastatecollege/roster,https://njcaastats.prestosports.com/sports/bsb/2024-25/div1/teams/southgeorgiastatecollege/schedule,,,,,NJCAA_D1,Region 17,,,,"NJCAA Division I programs may offer athletic scholarships, subject to NJCAA and institutional limits.",https://www.njcaa.org/,true,true,https://njcaastats.prestosports.com/sports/bsb/2024-25/div1/teams?jsRendering=true&pos=br&sort=r,NEEDS_REVIEW
South Suburban College,south-suburban-college,,IL,,PUBLIC,JUNIOR_COLLEGE,,,,,,,,,,2026,,,,,https://collegescorecard.ed.gov/,NEEDS_REVIEW,,https://njcaastats.prestosports.com/sports/bsb/2024-25/div1/teams/southsuburbancollege,https://njcaastats.prestosports.com/sports/bsb/2024-25/div1/teams/southsuburbancollege/roster,https://njcaastats.prestosports.com/sports/bsb/2024-25/div1/teams/southsuburbancollege/schedule,,,,,NJCAA_D1,Region 4,,,,"NJCAA Division I programs may offer athletic scholarships, subject to NJCAA and institutional limits.",https://www.njcaa.org/,true,true,https://njcaastats.prestosports.com/sports/bsb/2024-25/div1/teams?jsRendering=true&pos=br&sort=r,NEEDS_REVIEW
Southeast Community College,southeast-community-college,,NE,,PUBLIC,JUNIOR_COLLEGE,,,,,,,,,,2026,,,,,https://collegescorecard.ed.gov/,NEEDS_REVIEW,,https://njcaastats.prestosports.com/sports/bsb/2024-25/div1/teams/southeastcommunitycollege,https://njcaastats.prestosports.com/sports/bsb/2024-25/div1/teams/southeastcommunitycollege/roster,https://njcaastats.prestosports.com/sports/bsb/2024-25/div1/teams/southeastcommunitycollege/schedule,,,,,NJCAA_D1,Region 9,,,,"NJCAA Division I programs may offer athletic scholarships, subject to NJCAA and institutional limits.",https://www.njcaa.org/,true,true,https://njcaastats.prestosports.com/sports/bsb/2024-25/div1/teams?jsRendering=true&pos=br&sort=r,NEEDS_REVIEW
Southeastern Illinois College,southeastern-illinois-college,,IL,,PUBLIC,JUNIOR_COLLEGE,,,,,,,,,,2026,,,,,https://collegescorecard.ed.gov/,NEEDS_REVIEW,,https://njcaastats.prestosports.com/sports/bsb/2024-25/div1/teams/southeasternillinoiscollege,https://njcaastats.prestosports.com/sports/bsb/2024-25/div1/teams/southeasternillinoiscollege/roster,https://njcaastats.prestosports.com/sports/bsb/2024-25/div1/teams/southeasternillinoiscollege/schedule,,,,,NJCAA_D1,Region 24,,,,"NJCAA Division I programs may offer athletic scholarships, subject to NJCAA and institutional limits.",https://www.njcaa.org/,true,true,https://njcaastats.prestosports.com/sports/bsb/2024-25/div1/teams?jsRendering=true&pos=br&sort=r,NEEDS_REVIEW
Southern Union State Community College,southern-union-state-community-college,,AL,,PUBLIC,JUNIOR_COLLEGE,,,,,,,,,,2026,,,,,https://collegescorecard.ed.gov/,NEEDS_REVIEW,,https://njcaastats.prestosports.com/sports/bsb/2024-25/div1/teams/southernunionstatecommunitycollege,https://njcaastats.prestosports.com/sports/bsb/2024-25/div1/teams/southernunionstatecommunitycollege/roster,https://njcaastats.prestosports.com/sports/bsb/2024-25/div1/teams/southernunionstatecommunitycollege/schedule,,,,,NJCAA_D1,Region 22,,,,"NJCAA Division I programs may offer athletic scholarships, subject to NJCAA and institutional limits.",https://www.njcaa.org/,true,true,https://njcaastats.prestosports.com/sports/bsb/2024-25/div1/teams?jsRendering=true&pos=br&sort=r,NEEDS_REVIEW
Southwest Tennessee Community College,southwest-tennessee-community-college,,TN,,PUBLIC,JUNIOR_COLLEGE,,,,,,,,,,2026,,,,,https://collegescorecard.ed.gov/,NEEDS_REVIEW,,https://njcaastats.prestosports.com/sports/bsb/2024-25/div1/teams/southwesttennesseecommunitycollege,https://njcaastats.prestosports.com/sports/bsb/2024-25/div1/teams/southwesttennesseecommunitycollege/roster,https://njcaastats.prestosports.com/sports/bsb/2024-25/div1/teams/southwesttennesseecommunitycollege/schedule,,,,,NJCAA_D1,Region 7,,,,"NJCAA Division I programs may offer athletic scholarships, subject to NJCAA and institutional limits.",https://www.njcaa.org/,true,true,https://njcaastats.prestosports.com/sports/bsb/2024-25/div1/teams?jsRendering=true&pos=br&sort=r,NEEDS_REVIEW
Southwestern Community College,southwestern-community-college,,IA,,PUBLIC,JUNIOR_COLLEGE,,,,,,,,,,2026,,,,,https://collegescorecard.ed.gov/,NEEDS_REVIEW,,https://njcaastats.prestosports.com/sports/bsb/2024-25/div1/teams/southwesterncommunitycollege,https://njcaastats.prestosports.com/sports/bsb/2024-25/div1/teams/southwesterncommunitycollege/roster,https://njcaastats.prestosports.com/sports/bsb/2024-25/div1/teams/southwesterncommunitycollege/schedule,,,,,NJCAA_D1,Region 11,,,,"NJCAA Division I programs may offer athletic scholarships, subject to NJCAA and institutional limits.",https://www.njcaa.org/,true,true,https://njcaastats.prestosports.com/sports/bsb/2024-25/div1/teams?jsRendering=true&pos=br&sort=r,NEEDS_REVIEW
Southwestern Illinois College,southwestern-illinois-college,,IL,,PUBLIC,JUNIOR_COLLEGE,,,,,,,,,,2026,,,,,https://collegescorecard.ed.gov/,NEEDS_REVIEW,,https://njcaastats.prestosports.com/sports/bsb/2024-25/div1/teams/southwesternillinoiscollege,https://njcaastats.prestosports.com/sports/bsb/2024-25/div1/teams/southwesternillinoiscollege/roster,https://njcaastats.prestosports.com/sports/bsb/2024-25/div1/teams/southwesternillinoiscollege/schedule,,,,,NJCAA_D1,Region 24,,,,"NJCAA Division I programs may offer athletic scholarships, subject to NJCAA and institutional limits.",https://www.njcaa.org/,true,true,https://njcaastats.prestosports.com/sports/bsb/2024-25/div1/teams?jsRendering=true&pos=br&sort=r,NEEDS_REVIEW
St. Charles Community College,st-charles-community-college,,MO,,PUBLIC,JUNIOR_COLLEGE,,,,,,,,,,2026,,,,,https://collegescorecard.ed.gov/,NEEDS_REVIEW,,https://njcaastats.prestosports.com/sports/bsb/2024-25/div1/teams/stcharlescommunitycollege,https://njcaastats.prestosports.com/sports/bsb/2024-25/div1/teams/stcharlescommunitycollege/roster,https://njcaastats.prestosports.com/sports/bsb/2024-25/div1/teams/stcharlescommunitycollege/schedule,,,,,NJCAA_D1,Region 16,,,,"NJCAA Division I programs may offer athletic scholarships, subject to NJCAA and institutional limits.",https://www.njcaa.org/,true,true,https://njcaastats.prestosports.com/sports/bsb/2024-25/div1/teams?jsRendering=true&pos=br&sort=r,NEEDS_REVIEW
St. Louis Community College,st-louis-community-college,,MO,,PUBLIC,JUNIOR_COLLEGE,,,,,,,,,,2026,,,,,https://collegescorecard.ed.gov/,NEEDS_REVIEW,,https://njcaastats.prestosports.com/sports/bsb/2024-25/div1/teams/stlouiscommunitycollege,https://njcaastats.prestosports.com/sports/bsb/2024-25/div1/teams/stlouiscommunitycollege/roster,https://njcaastats.prestosports.com/sports/bsb/2024-25/div1/teams/stlouiscommunitycollege/schedule,,,,,NJCAA_D1,Region 16,,,,"NJCAA Division I programs may offer athletic scholarships, subject to NJCAA and institutional limits.",https://www.njcaa.org/,true,true,https://njcaastats.prestosports.com/sports/bsb/2024-25/div1/teams?jsRendering=true&pos=br&sort=r,NEEDS_REVIEW
St. Petersburg College,st-petersburg-college,,FL,,PUBLIC,JUNIOR_COLLEGE,,,,,,,,,,2026,,,,,https://collegescorecard.ed.gov/,NEEDS_REVIEW,,https://njcaastats.prestosports.com/sports/bsb/2024-25/div1/teams/stpetersburgcollege,https://njcaastats.prestosports.com/sports/bsb/2024-25/div1/teams/stpetersburgcollege/roster,https://njcaastats.prestosports.com/sports/bsb/2024-25/div1/teams/stpetersburgcollege/schedule,,,,,NJCAA_D1,Region 8,,,,"NJCAA Division I programs may offer athletic scholarships, subject to NJCAA and institutional limits.",https://www.njcaa.org/,true,true,https://njcaastats.prestosports.com/sports/bsb/2024-25/div1/teams?jsRendering=true&pos=br&sort=r,NEEDS_REVIEW
"State College of Florida, Manatee-Sarasota",state-college-of-florida-manatee-sarasota,,FL,,PUBLIC,JUNIOR_COLLEGE,,,,,,,,,,2026,,,,,https://collegescorecard.ed.gov/,NEEDS_REVIEW,,https://njcaastats.prestosports.com/sports/bsb/2024-25/div1/teams/statecollegeoffloridamanateesaraso,https://njcaastats.prestosports.com/sports/bsb/2024-25/div1/teams/statecollegeoffloridamanateesaraso/roster,https://njcaastats.prestosports.com/sports/bsb/2024-25/div1/teams/statecollegeoffloridamanateesaraso/schedule,,,,,NJCAA_D1,Region 8,,,,"NJCAA Division I programs may offer athletic scholarships, subject to NJCAA and institutional limits.",https://www.njcaa.org/,true,true,https://njcaastats.prestosports.com/sports/bsb/2024-25/div1/teams?jsRendering=true&pos=br&sort=r,NEEDS_REVIEW
State Fair Community College,state-fair-community-college,,MO,,PUBLIC,JUNIOR_COLLEGE,,,,,,,,,,2026,,,,,https://collegescorecard.ed.gov/,NEEDS_REVIEW,,https://njcaastats.prestosports.com/sports/bsb/2024-25/div1/teams/statefaircommunitycollege,https://njcaastats.prestosports.com/sports/bsb/2024-25/div1/teams/statefaircommunitycollege/roster,https://njcaastats.prestosports.com/sports/bsb/2024-25/div1/teams/statefaircommunitycollege/schedule,,,,,NJCAA_D1,Region 16,,,,"NJCAA Division I programs may offer athletic scholarships, subject to NJCAA and institutional limits.",https://www.njcaa.org/,true,true,https://njcaastats.prestosports.com/sports/bsb/2024-25/div1/teams?jsRendering=true&pos=br&sort=r,NEEDS_REVIEW
Tallahassee State College,tallahassee-state-college,,FL,,PUBLIC,JUNIOR_COLLEGE,,,,,,,,,,2026,,,,,https://collegescorecard.ed.gov/,NEEDS_REVIEW,,https://njcaastats.prestosports.com/sports/bsb/2024-25/div1/teams/tallahasseestatecollege,https://njcaastats.prestosports.com/sports/bsb/2024-25/div1/teams/tallahasseestatecollege/roster,https://njcaastats.prestosports.com/sports/bsb/2024-25/div1/teams/tallahasseestatecollege/schedule,,,,,NJCAA_D1,Region 8,,,,"NJCAA Division I programs may offer athletic scholarships, subject to NJCAA and institutional limits.",https://www.njcaa.org/,true,true,https://njcaastats.prestosports.com/sports/bsb/2024-25/div1/teams?jsRendering=true&pos=br&sort=r,NEEDS_REVIEW
Temple College,temple-college,,TX,,PUBLIC,JUNIOR_COLLEGE,,,,,,,,,,2026,,,,,https://collegescorecard.ed.gov/,NEEDS_REVIEW,,https://njcaastats.prestosports.com/sports/bsb/2024-25/div1/teams/templecollege,https://njcaastats.prestosports.com/sports/bsb/2024-25/div1/teams/templecollege/roster,https://njcaastats.prestosports.com/sports/bsb/2024-25/div1/teams/templecollege/schedule,,,,,NJCAA_D1,Region 5,,,,"NJCAA Division I programs may offer athletic scholarships, subject to NJCAA and institutional limits.",https://www.njcaa.org/,true,true,https://njcaastats.prestosports.com/sports/bsb/2024-25/div1/teams?jsRendering=true&pos=br&sort=r,NEEDS_REVIEW
Three Rivers Community College - MO,three-rivers-community-college-mo,,MO,,PUBLIC,JUNIOR_COLLEGE,,,,,,,,,,2026,,,,,https://collegescorecard.ed.gov/,NEEDS_REVIEW,,https://njcaastats.prestosports.com/sports/bsb/2024-25/div1/teams/threeriverscommunitycollegemo,https://njcaastats.prestosports.com/sports/bsb/2024-25/div1/teams/threeriverscommunitycollegemo/roster,https://njcaastats.prestosports.com/sports/bsb/2024-25/div1/teams/threeriverscommunitycollegemo/schedule,,,,,NJCAA_D1,Region 16,,,,"NJCAA Division I programs may offer athletic scholarships, subject to NJCAA and institutional limits.",https://www.njcaa.org/,true,true,https://njcaastats.prestosports.com/sports/bsb/2024-25/div1/teams?jsRendering=true&pos=br&sort=r,NEEDS_REVIEW
Trinidad State College,trinidad-state-college,,CO,,PUBLIC,JUNIOR_COLLEGE,,,,,,,,,,2026,,,,,https://collegescorecard.ed.gov/,NEEDS_REVIEW,,https://njcaastats.prestosports.com/sports/bsb/2024-25/div1/teams/trinidadstatecollege,https://njcaastats.prestosports.com/sports/bsb/2024-25/div1/teams/trinidadstatecollege/roster,https://njcaastats.prestosports.com/sports/bsb/2024-25/div1/teams/trinidadstatecollege/schedule,,,,,NJCAA_D1,Region 9,,,,"NJCAA Division I programs may offer athletic scholarships, subject to NJCAA and institutional limits.",https://www.njcaa.org/,true,true,https://njcaastats.prestosports.com/sports/bsb/2024-25/div1/teams?jsRendering=true&pos=br&sort=r,NEEDS_REVIEW
Triton College,triton-college,,IL,,PUBLIC,JUNIOR_COLLEGE,,,,,,,,,,2026,,,,,https://collegescorecard.ed.gov/,NEEDS_REVIEW,,https://njcaastats.prestosports.com/sports/bsb/2024-25/div1/teams/tritoncollege,https://njcaastats.prestosports.com/sports/bsb/2024-25/div1/teams/tritoncollege/roster,https://njcaastats.prestosports.com/sports/bsb/2024-25/div1/teams/tritoncollege/schedule,,,,,NJCAA_D1,Region 4,,,,"NJCAA Division I programs may offer athletic scholarships, subject to NJCAA and institutional limits.",https://www.njcaa.org/,true,true,https://njcaastats.prestosports.com/sports/bsb/2024-25/div1/teams?jsRendering=true&pos=br&sort=r,NEEDS_REVIEW
Tyler Junior College,tyler-junior-college,,TX,,PUBLIC,JUNIOR_COLLEGE,,,,,,,,,,2026,,,,,https://collegescorecard.ed.gov/,NEEDS_REVIEW,,https://njcaastats.prestosports.com/sports/bsb/2024-25/div1/teams/tylerjuniorcollege,https://njcaastats.prestosports.com/sports/bsb/2024-25/div1/teams/tylerjuniorcollege/roster,https://njcaastats.prestosports.com/sports/bsb/2024-25/div1/teams/tylerjuniorcollege/schedule,,,,,NJCAA_D1,Region 14,,,,"NJCAA Division I programs may offer athletic scholarships, subject to NJCAA and institutional limits.",https://www.njcaa.org/,true,true,https://njcaastats.prestosports.com/sports/bsb/2024-25/div1/teams?jsRendering=true&pos=br&sort=r,NEEDS_REVIEW
USC Lancaster,usc-lancaster,,SC,,PUBLIC,JUNIOR_COLLEGE,,,,,,,,,,2026,,,,,https://collegescorecard.ed.gov/,NEEDS_REVIEW,,https://njcaastats.prestosports.com/sports/bsb/2024-25/div1/teams/usclancaster,https://njcaastats.prestosports.com/sports/bsb/2024-25/div1/teams/usclancaster/roster,https://njcaastats.prestosports.com/sports/bsb/2024-25/div1/teams/usclancaster/schedule,,,,,NJCAA_D1,Region 10,,,,"NJCAA Division I programs may offer athletic scholarships, subject to NJCAA and institutional limits.",https://www.njcaa.org/,true,true,https://njcaastats.prestosports.com/sports/bsb/2024-25/div1/teams?jsRendering=true&pos=br&sort=r,NEEDS_REVIEW
USC Salkehatchie,usc-salkehatchie,,SC,,PUBLIC,JUNIOR_COLLEGE,,,,,,,,,,2026,,,,,https://collegescorecard.ed.gov/,NEEDS_REVIEW,,https://njcaastats.prestosports.com/sports/bsb/2024-25/div1/teams/uscsalkehatchie,https://njcaastats.prestosports.com/sports/bsb/2024-25/div1/teams/uscsalkehatchie/roster,https://njcaastats.prestosports.com/sports/bsb/2024-25/div1/teams/uscsalkehatchie/schedule,,,,,NJCAA_D1,Region 10,,,,"NJCAA Division I programs may offer athletic scholarships, subject to NJCAA and institutional limits.",https://www.njcaa.org/,true,true,https://njcaastats.prestosports.com/sports/bsb/2024-25/div1/teams?jsRendering=true&pos=br&sort=r,NEEDS_REVIEW
USC Sumter,usc-sumter,,SC,,PUBLIC,JUNIOR_COLLEGE,,,,,,,,,,2026,,,,,https://collegescorecard.ed.gov/,NEEDS_REVIEW,,https://njcaastats.prestosports.com/sports/bsb/2024-25/div1/teams/uscsumter,https://njcaastats.prestosports.com/sports/bsb/2024-25/div1/teams/uscsumter/roster,https://njcaastats.prestosports.com/sports/bsb/2024-25/div1/teams/uscsumter/schedule,,,,,NJCAA_D1,Region 10,,,,"NJCAA Division I programs may offer athletic scholarships, subject to NJCAA and institutional limits.",https://www.njcaa.org/,true,true,https://njcaastats.prestosports.com/sports/bsb/2024-25/div1/teams?jsRendering=true&pos=br&sort=r,NEEDS_REVIEW
USC Union,usc-union,,SC,,PUBLIC,JUNIOR_COLLEGE,,,,,,,,,,2026,,,,,https://collegescorecard.ed.gov/,NEEDS_REVIEW,,https://njcaastats.prestosports.com/sports/bsb/2024-25/div1/teams/uscunion,https://njcaastats.prestosports.com/sports/bsb/2024-25/div1/teams/uscunion/roster,https://njcaastats.prestosports.com/sports/bsb/2024-25/div1/teams/uscunion/schedule,,,,,NJCAA_D1,Region 10,,,,"NJCAA Division I programs may offer athletic scholarships, subject to NJCAA and institutional limits.",https://www.njcaa.org/,true,true,https://njcaastats.prestosports.com/sports/bsb/2024-25/div1/teams?jsRendering=true&pos=br&sort=r,NEEDS_REVIEW
Utah State Eastern,utah-state-eastern,,UT,,PUBLIC,JUNIOR_COLLEGE,,,,,,,,,,2026,,,,,https://collegescorecard.ed.gov/,NEEDS_REVIEW,,https://njcaastats.prestosports.com/sports/bsb/2024-25/div1/teams/utahstateeastern,https://njcaastats.prestosports.com/sports/bsb/2024-25/div1/teams/utahstateeastern/roster,https://njcaastats.prestosports.com/sports/bsb/2024-25/div1/teams/utahstateeastern/schedule,,,,,NJCAA_D1,Region 18,,,,"NJCAA Division I programs may offer athletic scholarships, subject to NJCAA and institutional limits.",https://www.njcaa.org/,true,true,https://njcaastats.prestosports.com/sports/bsb/2024-25/div1/teams?jsRendering=true&pos=br&sort=r,NEEDS_REVIEW
Vernon College,vernon-college,,TX,,PUBLIC,JUNIOR_COLLEGE,,,,,,,,,,2026,,,,,https://collegescorecard.ed.gov/,NEEDS_REVIEW,,https://njcaastats.prestosports.com/sports/bsb/2024-25/div1/teams/vernoncollege,https://njcaastats.prestosports.com/sports/bsb/2024-25/div1/teams/vernoncollege/roster,https://njcaastats.prestosports.com/sports/bsb/2024-25/div1/teams/vernoncollege/schedule,,,,,NJCAA_D1,Region 5,,,,"NJCAA Division I programs may offer athletic scholarships, subject to NJCAA and institutional limits.",https://www.njcaa.org/,true,true,https://njcaastats.prestosports.com/sports/bsb/2024-25/div1/teams?jsRendering=true&pos=br&sort=r,NEEDS_REVIEW
Volunteer State Community College,volunteer-state-community-college,,TN,,PUBLIC,JUNIOR_COLLEGE,,,,,,,,,,2026,,,,,https://collegescorecard.ed.gov/,NEEDS_REVIEW,,https://njcaastats.prestosports.com/sports/bsb/2024-25/div1/teams/volunteerstatecommunitycollege,https://njcaastats.prestosports.com/sports/bsb/2024-25/div1/teams/volunteerstatecommunitycollege/roster,https://njcaastats.prestosports.com/sports/bsb/2024-25/div1/teams/volunteerstatecommunitycollege/schedule,,,,,NJCAA_D1,Region 7,,,,"NJCAA Division I programs may offer athletic scholarships, subject to NJCAA and institutional limits.",https://www.njcaa.org/,true,true,https://njcaastats.prestosports.com/sports/bsb/2024-25/div1/teams?jsRendering=true&pos=br&sort=r,NEEDS_REVIEW
Wabash Valley College,wabash-valley-college,,IL,,PUBLIC,JUNIOR_COLLEGE,,,,,,,,,,2026,,,,,https://collegescorecard.ed.gov/,NEEDS_REVIEW,,https://njcaastats.prestosports.com/sports/bsb/2024-25/div1/teams/wabashvalleycollege,https://njcaastats.prestosports.com/sports/bsb/2024-25/div1/teams/wabashvalleycollege/roster,https://njcaastats.prestosports.com/sports/bsb/2024-25/div1/teams/wabashvalleycollege/schedule,,,,,NJCAA_D1,Region 24,,,,"NJCAA Division I programs may offer athletic scholarships, subject to NJCAA and institutional limits.",https://www.njcaa.org/,true,true,https://njcaastats.prestosports.com/sports/bsb/2024-25/div1/teams?jsRendering=true&pos=br&sort=r,NEEDS_REVIEW
Wallace State Community College-Hanceville,wallace-state-community-college-hanceville,,IL,,PUBLIC,JUNIOR_COLLEGE,,,,,,,,,,2026,,,,,https://collegescorecard.ed.gov/,NEEDS_REVIEW,,https://njcaastats.prestosports.com/sports/bsb/2024-25/div1/teams/wallacestatecommunitycollegehancevil,https://njcaastats.prestosports.com/sports/bsb/2024-25/div1/teams/wallacestatecommunitycollegehancevil/roster,https://njcaastats.prestosports.com/sports/bsb/2024-25/div1/teams/wallacestatecommunitycollegehancevil/schedule,,,,,NJCAA_D1,Region 22,,,,"NJCAA Division I programs may offer athletic scholarships, subject to NJCAA and institutional limits.",https://www.njcaa.org/,true,true,https://njcaastats.prestosports.com/sports/bsb/2024-25/div1/teams?jsRendering=true&pos=br&sort=r,NEEDS_REVIEW
Walters State Community College,walters-state-community-college,,TN,,PUBLIC,JUNIOR_COLLEGE,,,,,,,,,,2026,,,,,https://collegescorecard.ed.gov/,NEEDS_REVIEW,,https://njcaastats.prestosports.com/sports/bsb/2024-25/div1/teams/waltersstatecommunitycollege,https://njcaastats.prestosports.com/sports/bsb/2024-25/div1/teams/waltersstatecommunitycollege/roster,https://njcaastats.prestosports.com/sports/bsb/2024-25/div1/teams/waltersstatecommunitycollege/schedule,,,,,NJCAA_D1,Region 7,,,,"NJCAA Division I programs may offer athletic scholarships, subject to NJCAA and institutional limits.",https://www.njcaa.org/,true,true,https://njcaastats.prestosports.com/sports/bsb/2024-25/div1/teams?jsRendering=true&pos=br&sort=r,NEEDS_REVIEW
Weatherford College,weatherford-college,,TX,,PUBLIC,JUNIOR_COLLEGE,,,,,,,,,,2026,,,,,https://collegescorecard.ed.gov/,NEEDS_REVIEW,,https://njcaastats.prestosports.com/sports/bsb/2024-25/div1/teams/weatherfordcollege,https://njcaastats.prestosports.com/sports/bsb/2024-25/div1/teams/weatherfordcollege/roster,https://njcaastats.prestosports.com/sports/bsb/2024-25/div1/teams/weatherfordcollege/schedule,,,,,NJCAA_D1,Region 5,,,,"NJCAA Division I programs may offer athletic scholarships, subject to NJCAA and institutional limits.",https://www.njcaa.org/,true,true,https://njcaastats.prestosports.com/sports/bsb/2024-25/div1/teams?jsRendering=true&pos=br&sort=r,NEEDS_REVIEW
Western Nebraska Community College,western-nebraska-community-college,,NE,,PUBLIC,JUNIOR_COLLEGE,,,,,,,,,,2026,,,,,https://collegescorecard.ed.gov/,NEEDS_REVIEW,,https://njcaastats.prestosports.com/sports/bsb/2024-25/div1/teams/westernnebraskacommunitycollege,https://njcaastats.prestosports.com/sports/bsb/2024-25/div1/teams/westernnebraskacommunitycollege/roster,https://njcaastats.prestosports.com/sports/bsb/2024-25/div1/teams/westernnebraskacommunitycollege/schedule,,,,,NJCAA_D1,Region 9,,,,"NJCAA Division I programs may offer athletic scholarships, subject to NJCAA and institutional limits.",https://www.njcaa.org/,true,true,https://njcaastats.prestosports.com/sports/bsb/2024-25/div1/teams?jsRendering=true&pos=br&sort=r,NEEDS_REVIEW
Western Texas College,western-texas-college,,TX,,PUBLIC,JUNIOR_COLLEGE,,,,,,,,,,2026,,,,,https://collegescorecard.ed.gov/,NEEDS_REVIEW,,https://njcaastats.prestosports.com/sports/bsb/2024-25/div1/teams/westerntexascollege,https://njcaastats.prestosports.com/sports/bsb/2024-25/div1/teams/westerntexascollege/roster,https://njcaastats.prestosports.com/sports/bsb/2024-25/div1/teams/westerntexascollege/schedule,,,,,NJCAA_D1,Region 5,,,,"NJCAA Division I programs may offer athletic scholarships, subject to NJCAA and institutional limits.",https://www.njcaa.org/,true,true,https://njcaastats.prestosports.com/sports/bsb/2024-25/div1/teams?jsRendering=true&pos=br&sort=r,NEEDS_REVIEW
Wharton County Junior College,wharton-county-junior-college,,TX,,PUBLIC,JUNIOR_COLLEGE,,,,,,,,,,2026,,,,,https://collegescorecard.ed.gov/,NEEDS_REVIEW,,https://njcaastats.prestosports.com/sports/bsb/2024-25/div1/teams/whartoncountyjuniorcollege,https://njcaastats.prestosports.com/sports/bsb/2024-25/div1/teams/whartoncountyjuniorcollege/roster,https://njcaastats.prestosports.com/sports/bsb/2024-25/div1/teams/whartoncountyjuniorcollege/schedule,,,,,NJCAA_D1,Region 14,,,,"NJCAA Division I programs may offer athletic scholarships, subject to NJCAA and institutional limits.",https://www.njcaa.org/,true,true,https://njcaastats.prestosports.com/sports/bsb/2024-25/div1/teams?jsRendering=true&pos=br&sort=r,NEEDS_REVIEW
WVU Potomac State College,wvu-potomac-state-college,,WV,,PUBLIC,JUNIOR_COLLEGE,,,,,,,,,,2026,,,,,https://collegescorecard.ed.gov/,NEEDS_REVIEW,,https://njcaastats.prestosports.com/sports/bsb/2024-25/div1/teams/wvupotomacstatecollege,https://njcaastats.prestosports.com/sports/bsb/2024-25/div1/teams/wvupotomacstatecollege/roster,https://njcaastats.prestosports.com/sports/bsb/2024-25/div1/teams/wvupotomacstatecollege/schedule,,,,,NJCAA_D1,Region 20,,,,"NJCAA Division I programs may offer athletic scholarships, subject to NJCAA and institutional limits.",https://www.njcaa.org/,true,true,https://njcaastats.prestosports.com/sports/bsb/2024-25/div1/teams?jsRendering=true&pos=br&sort=r,NEEDS_REVIEW
Yavapai College,yavapai-college,,AZ,,PUBLIC,JUNIOR_COLLEGE,,,,,,,,,,2026,,,,,https://collegescorecard.ed.gov/,NEEDS_REVIEW,,https://njcaastats.prestosports.com/sports/bsb/2024-25/div1/teams/yavapaicollege,https://njcaastats.prestosports.com/sports/bsb/2024-25/div1/teams/yavapaicollege/roster,https://njcaastats.prestosports.com/sports/bsb/2024-25/div1/teams/yavapaicollege/schedule,,,,,NJCAA_D1,Region 1,,,,"NJCAA Division I programs may offer athletic scholarships, subject to NJCAA and institutional limits.",https://www.njcaa.org/,true,true,https://njcaastats.prestosports.com/sports/bsb/2024-25/div1/teams?jsRendering=true&pos=br&sort=r,NEEDS_REVIEW