name,slug,city,state,region,control,schoolType,websiteUrl,admissionsUrl,academicsUrl,majorsUrl,applicationUrl,financialAidUrl,tuitionInState,tuitionOutOfState,tuitionInternational,tuitionYear,enrollmentTotal,enrollmentUndergrad,acceptanceRate,graduationRate,dataSourceUrl,verificationStatus,baseballNickname,baseballWebsiteUrl,rosterUrl,scheduleUrl,campsUrl,questionnaireUrl,generalContactUrl,generalContactEmail,division,conference,logoUrl,currentRosterSize,averageGpa,scholarshipNotes,scholarshipInfoUrl,transferHeavy,jucoFriendly,baseballDataSourceUrl,baseballVerificationStatus
Allegany College of Maryland,allegany-college-of-maryland,,ND,,PUBLIC,JUNIOR_COLLEGE,,,,,,,,,,2026,,,,,https://collegescorecard.ed.gov/,NEEDS_REVIEW,,https://njcaastats.prestosports.com/sports/bsb/2024-25/div2/teams/alleganycollegeofmaryland,https://njcaastats.prestosports.com/sports/bsb/2024-25/div2/teams/alleganycollegeofmaryland/roster,https://njcaastats.prestosports.com/sports/bsb/2024-25/div2/teams/alleganycollegeofmaryland/schedule,,,,,NJCAA_D2,Region 20,,,,"NJCAA Division II programs may offer athletic scholarships, subject to NJCAA and institutional limits.",https://www.njcaa.org/,true,true,https://njcaastats.prestosports.com/sports/bsb/2024-25/div2/teams?jsRendering=true&pos=br&sort=r,NEEDS_REVIEW
Alpena Community College,alpena-community-college,,MI,,PUBLIC,JUNIOR_COLLEGE,,,,,,,,,,2026,,,,,https://collegescorecard.ed.gov/,NEEDS_REVIEW,,https://njcaastats.prestosports.com/sports/bsb/2024-25/div2/teams/alpenacommunitycollege,https://njcaastats.prestosports.com/sports/bsb/2024-25/div2/teams/alpenacommunitycollege/roster,https://njcaastats.prestosports.com/sports/bsb/2024-25/div2/teams/alpenacommunitycollege/schedule,,,,,NJCAA_D2,Region 12,,,,"NJCAA Division II programs may offer athletic scholarships, subject to NJCAA and institutional limits.",https://www.njcaa.org/,true,true,https://njcaastats.prestosports.com/sports/bsb/2024-25/div2/teams?jsRendering=true&pos=br&sort=r,NEEDS_REVIEW
Anne Arundel Community College,anne-arundel-community-college,,MD,,PUBLIC,JUNIOR_COLLEGE,,,,,,,,,,2026,,,,,https://collegescorecard.ed.gov/,NEEDS_REVIEW,,https://njcaastats.prestosports.com/sports/bsb/2024-25/div2/teams/annearundelcommunitycollege,https://njcaastats.prestosports.com/sports/bsb/2024-25/div2/teams/annearundelcommunitycollege/roster,https://njcaastats.prestosports.com/sports/bsb/2024-25/div2/teams/annearundelcommunitycollege/schedule,,,,,NJCAA_D2,Region 20,,,,"NJCAA Division II programs may offer athletic scholarships, subject to NJCAA and institutional limits.",https://www.njcaa.org/,true,true,https://njcaastats.prestosports.com/sports/bsb/2024-25/div2/teams?jsRendering=true&pos=br&sort=r,NEEDS_REVIEW
Arkansas State Mid-South,arkansas-state-mid-south,,AR,,PUBLIC,JUNIOR_COLLEGE,,,,,,,,,,2026,,,,,https://collegescorecard.ed.gov/,NEEDS_REVIEW,,https://njcaastats.prestosports.com/sports/bsb/2024-25/div2/teams/arkansasstatemidsouth,https://njcaastats.prestosports.com/sports/bsb/2024-25/div2/teams/arkansasstatemidsouth/roster,https://njcaastats.prestosports.com/sports/bsb/2024-25/div2/teams/arkansasstatemidsouth/schedule,,,,,NJCAA_D2,Region 2,,,,"NJCAA Division II programs may offer athletic scholarships, subject to NJCAA and institutional limits.",https://www.njcaa.org/,true,true,https://njcaastats.prestosports.com/sports/bsb/2024-25/div2/teams?jsRendering=true&pos=br&sort=r,NEEDS_REVIEW
Arkansas State University - Three Rivers,arkansas-state-university-three-rivers,,AR,,PUBLIC,JUNIOR_COLLEGE,,,,,,,,,,2026,,,,,https://collegescorecard.ed.gov/,NEEDS_REVIEW,,https://njcaastats.prestosports.com/sports/bsb/2024-25/div2/teams/arkansasstateuniversitythreerivers,https://njcaastats.prestosports.com/sports/bsb/2024-25/div2/teams/arkansasstateuniversitythreerivers/roster,https://njcaastats.prestosports.com/sports/bsb/2024-25/div2/teams/arkansasstateuniversitythreerivers/schedule,,,,,NJCAA_D2,Region 2,,,,"NJCAA Division II programs may offer athletic scholarships, subject to NJCAA and institutional limits.",https://www.njcaa.org/,true,true,https://njcaastats.prestosports.com/sports/bsb/2024-25/div2/teams?jsRendering=true&pos=br&sort=r,NEEDS_REVIEW
Arkansas State University Mountain Home,arkansas-state-university-mountain-home,,AR,,PUBLIC,JUNIOR_COLLEGE,,,,,,,,,,2026,,,,,https://collegescorecard.ed.gov/,NEEDS_REVIEW,,https://njcaastats.prestosports.com/sports/bsb/2024-25/div2/teams/arkansasstateuniversitymountainhome,https://njcaastats.prestosports.com/sports/bsb/2024-25/div2/teams/arkansasstateuniversitymountainhome/roster,https://njcaastats.prestosports.com/sports/bsb/2024-25/div2/teams/arkansasstateuniversitymountainhome/schedule,,,,,NJCAA_D2,Region 2,,,,"NJCAA Division II programs may offer athletic scholarships, subject to NJCAA and institutional limits.",https://www.njcaa.org/,true,true,https://njcaastats.prestosports.com/sports/bsb/2024-25/div2/teams?jsRendering=true&pos=br&sort=r,NEEDS_REVIEW
Bay College,bay-college,,MI,,PUBLIC,JUNIOR_COLLEGE,,,,,,,,,,2026,,,,,https://collegescorecard.ed.gov/,NEEDS_REVIEW,,https://njcaastats.prestosports.com/sports/bsb/2024-25/div2/teams/baycollege,https://njcaastats.prestosports.com/sports/bsb/2024-25/div2/teams/baycollege/roster,https://njcaastats.prestosports.com/sports/bsb/2024-25/div2/teams/baycollege/schedule,,,,,NJCAA_D2,Region 12,,,,"NJCAA Division II programs may offer athletic scholarships, subject to NJCAA and institutional limits.",https://www.njcaa.org/,true,true,https://njcaastats.prestosports.com/sports/bsb/2024-25/div2/teams?jsRendering=true&pos=br&sort=r,NEEDS_REVIEW
Bevill State Community College,bevill-state-community-college,,AL,,PUBLIC,JUNIOR_COLLEGE,,,,,,,,,,2026,,,,,https://collegescorecard.ed.gov/,NEEDS_REVIEW,,https://njcaastats.prestosports.com/sports/bsb/2024-25/div2/teams/bevillstatecommunitycollege,https://njcaastats.prestosports.com/sports/bsb/2024-25/div2/teams/bevillstatecommunitycollege/roster,https://njcaastats.prestosports.com/sports/bsb/2024-25/div2/teams/bevillstatecommunitycollege/schedule,,,,,NJCAA_D2,Region 22,,,,"NJCAA Division II programs may offer athletic scholarships, subject to NJCAA and institutional limits.",https://www.njcaa.org/,true,true,https://njcaastats.prestosports.com/sports/bsb/2024-25/div2/teams?jsRendering=true&pos=br&sort=r,NEEDS_REVIEW
Bishop State Community College,bishop-state-community-college,,AL,,PUBLIC,JUNIOR_COLLEGE,,,,,,,,,,2026,,,,,https://collegescorecard.ed.gov/,NEEDS_REVIEW,,https://njcaastats.prestosports.com/sports/bsb/2024-25/div2/teams/bishopstatecommunitycollege,https://njcaastats.prestosports.com/sports/bsb/2024-25/div2/teams/bishopstatecommunitycollege/roster,https://njcaastats.prestosports.com/sports/bsb/2024-25/div2/teams/bishopstatecommunitycollege/schedule,,,,,NJCAA_D2,Region 22,,,,"NJCAA Division II programs may offer athletic scholarships, subject to NJCAA and institutional limits.",https://www.njcaa.org/,true,true,https://njcaastats.prestosports.com/sports/bsb/2024-25/div2/teams?jsRendering=true&pos=br&sort=r,NEEDS_REVIEW
Bismarck State College,bismarck-state-college,,ND,,PUBLIC,JUNIOR_COLLEGE,,,,,,,,,,2026,,,,,https://collegescorecard.ed.gov/,NEEDS_REVIEW,,https://njcaastats.prestosports.com/sports/bsb/2024-25/div2/teams/bismarckstatecollege,https://njcaastats.prestosports.com/sports/bsb/2024-25/div2/teams/bismarckstatecollege/roster,https://njcaastats.prestosports.com/sports/bsb/2024-25/div2/teams/bismarckstatecollege/schedule,,,,,NJCAA_D2,Region 13,,,,"NJCAA Division II programs may offer athletic scholarships, subject to NJCAA and institutional limits.",https://www.njcaa.org/,true,true,https://njcaastats.prestosports.com/sports/bsb/2024-25/div2/teams?jsRendering=true&pos=br&sort=r,NEEDS_REVIEW
Black Hawk College,black-hawk-college,,IL,,PUBLIC,JUNIOR_COLLEGE,,,,,,,,,,2026,,,,,https://collegescorecard.ed.gov/,NEEDS_REVIEW,,https://njcaastats.prestosports.com/sports/bsb/2024-25/div2/teams/blackhawkcollege,https://njcaastats.prestosports.com/sports/bsb/2024-25/div2/teams/blackhawkcollege/roster,https://njcaastats.prestosports.com/sports/bsb/2024-25/div2/teams/blackhawkcollege/schedule,,,,,NJCAA_D2,Region 4,,,,"NJCAA Division II programs may offer athletic scholarships, subject to NJCAA and institutional limits.",https://www.njcaa.org/,true,true,https://njcaastats.prestosports.com/sports/bsb/2024-25/div2/teams?jsRendering=true&pos=br&sort=r,NEEDS_REVIEW
Brunswick Community College,brunswick-community-college,,NC,,PUBLIC,JUNIOR_COLLEGE,,,,,,,,,,2026,,,,,https://collegescorecard.ed.gov/,NEEDS_REVIEW,,https://njcaastats.prestosports.com/sports/bsb/2024-25/div2/teams/brunswickcommunitycollege,https://njcaastats.prestosports.com/sports/bsb/2024-25/div2/teams/brunswickcommunitycollege/roster,https://njcaastats.prestosports.com/sports/bsb/2024-25/div2/teams/brunswickcommunitycollege/schedule,,,,,NJCAA_D2,Region 10,,,,"NJCAA Division II programs may offer athletic scholarships, subject to NJCAA and institutional limits.",https://www.njcaa.org/,true,true,https://njcaastats.prestosports.com/sports/bsb/2024-25/div2/teams?jsRendering=true&pos=br&sort=r,NEEDS_REVIEW
Bryant & Stratton,bryant-and-stratton,,OH,,PUBLIC,JUNIOR_COLLEGE,,,,,,,,,,2026,,,,,https://collegescorecard.ed.gov/,NEEDS_REVIEW,,https://njcaastats.prestosports.com/sports/bsb/2024-25/div2/teams/bryantstrattonohio,https://njcaastats.prestosports.com/sports/bsb/2024-25/div2/teams/bryantstrattonohio/roster,https://njcaastats.prestosports.com/sports/bsb/2024-25/div2/teams/bryantstrattonohio/schedule,,,,,NJCAA_D2,Region 12,,,,"NJCAA Division II programs may offer athletic scholarships, subject to NJCAA and institutional limits.",https://www.njcaa.org/,true,true,https://njcaastats.prestosports.com/sports/bsb/2024-25/div2/teams?jsRendering=true&pos=br&sort=r,NEEDS_REVIEW
Bryant & Stratton College,bryant-and-stratton-college,,WI,,PUBLIC,JUNIOR_COLLEGE,,,,,,,,,,2026,,,,,https://collegescorecard.ed.gov/,NEEDS_REVIEW,,https://njcaastats.prestosports.com/sports/bsb/2024-25/div2/teams/bryantstrattoncollegewi,https://njcaastats.prestosports.com/sports/bsb/2024-25/div2/teams/bryantstrattoncollegewi/roster,https://njcaastats.prestosports.com/sports/bsb/2024-25/div2/teams/bryantstrattoncollegewi/schedule,,,,,NJCAA_D2,Region 4,,,,"NJCAA Division II programs may offer athletic scholarships, subject to NJCAA and institutional limits.",https://www.njcaa.org/,true,true,https://njcaastats.prestosports.com/sports/bsb/2024-25/div2/teams?jsRendering=true&pos=br&sort=r,NEEDS_REVIEW
Carl Albert State College,carl-albert-state-college,,OK,,PUBLIC,JUNIOR_COLLEGE,,,,,,,,,,2026,,,,,https://collegescorecard.ed.gov/,NEEDS_REVIEW,,https://njcaastats.prestosports.com/sports/bsb/2024-25/div2/teams/carlalbertstatecollege,https://njcaastats.prestosports.com/sports/bsb/2024-25/div2/teams/carlalbertstatecollege/roster,https://njcaastats.prestosports.com/sports/bsb/2024-25/div2/teams/carlalbertstatecollege/schedule,,,,,NJCAA_D2,Region 2,,,,"NJCAA Division II programs may offer athletic scholarships, subject to NJCAA and institutional limits.",https://www.njcaa.org/,true,true,https://njcaastats.prestosports.com/sports/bsb/2024-25/div2/teams?jsRendering=true&pos=br&sort=r,NEEDS_REVIEW
Carl Sandburg College,carl-sandburg-college,,IL,,PUBLIC,JUNIOR_COLLEGE,,,,,,,,,,2026,,,,,https://collegescorecard.ed.gov/,NEEDS_REVIEW,,https://njcaastats.prestosports.com/sports/bsb/2024-25/div2/teams/carlsandburgcollege,https://njcaastats.prestosports.com/sports/bsb/2024-25/div2/teams/carlsandburgcollege/roster,https://njcaastats.prestosports.com/sports/bsb/2024-25/div2/teams/carlsandburgcollege/schedule,,,,,NJCAA_D2,Region 4,,,,"NJCAA Division II programs may offer athletic scholarships, subject to NJCAA and institutional limits.",https://www.njcaa.org/,true,true,https://njcaastats.prestosports.com/sports/bsb/2024-25/div2/teams?jsRendering=true&pos=br&sort=r,NEEDS_REVIEW
Catawba Valley Community College,catawba-valley-community-college,,NC,,PUBLIC,JUNIOR_COLLEGE,,,,,,,,,,2026,,,,,https://collegescorecard.ed.gov/,NEEDS_REVIEW,,https://njcaastats.prestosports.com/sports/bsb/2024-25/div2/teams/catawbavalleycommunitycollege,https://njcaastats.prestosports.com/sports/bsb/2024-25/div2/teams/catawbavalleycommunitycollege/roster,https://njcaastats.prestosports.com/sports/bsb/2024-25/div2/teams/catawbavalleycommunitycollege/schedule,,,,,NJCAA_D2,Region 10,,,,"NJCAA Division II programs may offer athletic scholarships, subject to NJCAA and institutional limits.",https://www.njcaa.org/,true,true,https://njcaastats.prestosports.com/sports/bsb/2024-25/div2/teams?jsRendering=true&pos=br&sort=r,NEEDS_REVIEW
CC of Allegheny County,cc-of-allegheny-county,,PA,,PUBLIC,JUNIOR_COLLEGE,,,,,,,,,,2026,,,,,https://collegescorecard.ed.gov/,NEEDS_REVIEW,,https://njcaastats.prestosports.com/sports/bsb/2024-25/div2/teams/ccofalleghenycounty,https://njcaastats.prestosports.com/sports/bsb/2024-25/div2/teams/ccofalleghenycounty/roster,https://njcaastats.prestosports.com/sports/bsb/2024-25/div2/teams/ccofalleghenycounty/schedule,,,,,NJCAA_D2,Region 20,,,,"NJCAA Division II programs may offer athletic scholarships, subject to NJCAA and institutional limits.",https://www.njcaa.org/,true,true,https://njcaastats.prestosports.com/sports/bsb/2024-25/div2/teams?jsRendering=true&pos=br&sort=r,NEEDS_REVIEW
CCBC Catonsville,ccbc-catonsville,,MD,,PUBLIC,JUNIOR_COLLEGE,,,,,,,,,,2026,,,,,https://collegescorecard.ed.gov/,NEEDS_REVIEW,,https://njcaastats.prestosports.com/sports/bsb/2024-25/div2/teams/ccbccatonsville,https://njcaastats.prestosports.com/sports/bsb/2024-25/div2/teams/ccbccatonsville/roster,https://njcaastats.prestosports.com/sports/bsb/2024-25/div2/teams/ccbccatonsville/schedule,,,,,NJCAA_D2,Region 20,,,,"NJCAA Division II programs may offer athletic scholarships, subject to NJCAA and institutional limits.",https://www.njcaa.org/,true,true,https://njcaastats.prestosports.com/sports/bsb/2024-25/div2/teams?jsRendering=true&pos=br&sort=r,NEEDS_REVIEW
CCBC Dundalk,ccbc-dundalk,,MD,,PUBLIC,JUNIOR_COLLEGE,,,,,,,,,,2026,,,,,https://collegescorecard.ed.gov/,NEEDS_REVIEW,,https://njcaastats.prestosports.com/sports/bsb/2024-25/div2/teams/ccbcdundalk,https://njcaastats.prestosports.com/sports/bsb/2024-25/div2/teams/ccbcdundalk/roster,https://njcaastats.prestosports.com/sports/bsb/2024-25/div2/teams/ccbcdundalk/schedule,,,,,NJCAA_D2,Region 20,,,,"NJCAA Division II programs may offer athletic scholarships, subject to NJCAA and institutional limits.",https://www.njcaa.org/,true,true,https://njcaastats.prestosports.com/sports/bsb/2024-25/div2/teams?jsRendering=true&pos=br&sort=r,NEEDS_REVIEW
CCBC Essex,ccbc-essex,,MD,,PUBLIC,JUNIOR_COLLEGE,,,,,,,,,,2026,,,,,https://collegescorecard.ed.gov/,NEEDS_REVIEW,,https://njcaastats.prestosports.com/sports/bsb/2024-25/div2/teams/ccbcessex,https://njcaastats.prestosports.com/sports/bsb/2024-25/div2/teams/ccbcessex/roster,https://njcaastats.prestosports.com/sports/bsb/2024-25/div2/teams/ccbcessex/schedule,,,,,NJCAA_D2,Region 20,,,,"NJCAA Division II programs may offer athletic scholarships, subject to NJCAA and institutional limits.",https://www.njcaa.org/,true,true,https://njcaastats.prestosports.com/sports/bsb/2024-25/div2/teams?jsRendering=true&pos=br&sort=r,NEEDS_REVIEW
Cecil College,cecil-college,,MD,,PUBLIC,JUNIOR_COLLEGE,,,,,,,,,,2026,,,,,https://collegescorecard.ed.gov/,NEEDS_REVIEW,,https://njcaastats.prestosports.com/sports/bsb/2024-25/div2/teams/cecilcollege,https://njcaastats.prestosports.com/sports/bsb/2024-25/div2/teams/cecilcollege/roster,https://njcaastats.prestosports.com/sports/bsb/2024-25/div2/teams/cecilcollege/schedule,,,,,NJCAA_D2,Region 20,,,,"NJCAA Division II programs may offer athletic scholarships, subject to NJCAA and institutional limits.",https://www.njcaa.org/,true,true,https://njcaastats.prestosports.com/sports/bsb/2024-25/div2/teams?jsRendering=true&pos=br&sort=r,NEEDS_REVIEW
Central Alabama Community College,central-alabama-community-college,,AL,,PUBLIC,JUNIOR_COLLEGE,,,,,,,,,,2026,,,,,https://collegescorecard.ed.gov/,NEEDS_REVIEW,,https://njcaastats.prestosports.com/sports/bsb/2024-25/div2/teams/centralalabamacommunitycollege,https://njcaastats.prestosports.com/sports/bsb/2024-25/div2/teams/centralalabamacommunitycollege/roster,https://njcaastats.prestosports.com/sports/bsb/2024-25/div2/teams/centralalabamacommunitycollege/schedule,,,,,NJCAA_D2,Region 22,,,,"NJCAA Division II programs may offer athletic scholarships, subject to NJCAA and institutional limits.",https://www.njcaa.org/,true,true,https://njcaastats.prestosports.com/sports/bsb/2024-25/div2/teams?jsRendering=true&pos=br&sort=r,NEEDS_REVIEW
Chandler-Gilbert Community College,chandler-gilbert-community-college,,AZ,,PUBLIC,JUNIOR_COLLEGE,,,,,,,,,,2026,,,,,https://collegescorecard.ed.gov/,NEEDS_REVIEW,,https://njcaastats.prestosports.com/sports/bsb/2024-25/div2/teams/chandlergilbertcommunitycollege,https://njcaastats.prestosports.com/sports/bsb/2024-25/div2/teams/chandlergilbertcommunitycollege/roster,https://njcaastats.prestosports.com/sports/bsb/2024-25/div2/teams/chandlergilbertcommunitycollege/schedule,,,,,NJCAA_D2,Region 1,,,,"NJCAA Division II programs may offer athletic scholarships, subject to NJCAA and institutional limits.",https://www.njcaa.org/,true,true,https://njcaastats.prestosports.com/sports/bsb/2024-25/div2/teams?jsRendering=true&pos=br&sort=r,NEEDS_REVIEW
Chesapeake College,chesapeake-college,,MD,,PUBLIC,JUNIOR_COLLEGE,,,,,,,,,,2026,,,,,https://collegescorecard.ed.gov/,NEEDS_REVIEW,,https://njcaastats.prestosports.com/sports/bsb/2024-25/div2/teams/chesapeakecollege,https://njcaastats.prestosports.com/sports/bsb/2024-25/div2/teams/chesapeakecollege/roster,https://njcaastats.prestosports.com/sports/bsb/2024-25/div2/teams/chesapeakecollege/schedule,,,,,NJCAA_D2,Region 20,,,,"NJCAA Division II programs may offer athletic scholarships, subject to NJCAA and institutional limits.",https://www.njcaa.org/,true,true,https://njcaastats.prestosports.com/sports/bsb/2024-25/div2/teams?jsRendering=true&pos=br&sort=r,NEEDS_REVIEW
Clark State College,clark-state-college,,OH,,PUBLIC,JUNIOR_COLLEGE,,,,,,,,,,2026,,,,,https://collegescorecard.ed.gov/,NEEDS_REVIEW,,https://njcaastats.prestosports.com/sports/bsb/2024-25/div2/teams/clarkstatecollege,https://njcaastats.prestosports.com/sports/bsb/2024-25/div2/teams/clarkstatecollege/roster,https://njcaastats.prestosports.com/sports/bsb/2024-25/div2/teams/clarkstatecollege/schedule,,,,,NJCAA_D2,Region 12,,,,"NJCAA Division II programs may offer athletic scholarships, subject to NJCAA and institutional limits.",https://www.njcaa.org/,true,true,https://njcaastats.prestosports.com/sports/bsb/2024-25/div2/teams?jsRendering=true&pos=br&sort=r,NEEDS_REVIEW
Cleveland Community College,cleveland-community-college,,NC,,PUBLIC,JUNIOR_COLLEGE,,,,,,,,,,2026,,,,,https://collegescorecard.ed.gov/,NEEDS_REVIEW,,https://njcaastats.prestosports.com/sports/bsb/2024-25/div2/teams/clevelandcommunitycollege,https://njcaastats.prestosports.com/sports/bsb/2024-25/div2/teams/clevelandcommunitycollege/roster,https://njcaastats.prestosports.com/sports/bsb/2024-25/div2/teams/clevelandcommunitycollege/schedule,,,,,NJCAA_D2,Region 10,,,,"NJCAA Division II programs may offer athletic scholarships, subject to NJCAA and institutional limits.",https://www.njcaa.org/,true,true,https://njcaastats.prestosports.com/sports/bsb/2024-25/div2/teams?jsRendering=true&pos=br&sort=r,NEEDS_REVIEW
Coahoma Community College,coahoma-community-college,,MS,,PUBLIC,JUNIOR_COLLEGE,,,,,,,,,,2026,,,,,https://collegescorecard.ed.gov/,NEEDS_REVIEW,,https://njcaastats.prestosports.com/sports/bsb/2024-25/div2/teams/coahomacommunitycollege,https://njcaastats.prestosports.com/sports/bsb/2024-25/div2/teams/coahomacommunitycollege/roster,https://njcaastats.prestosports.com/sports/bsb/2024-25/div2/teams/coahomacommunitycollege/schedule,,,,,NJCAA_D2,Region 23,,,,"NJCAA Division II programs may offer athletic scholarships, subject to NJCAA and institutional limits.",https://www.njcaa.org/,true,true,https://njcaastats.prestosports.com/sports/bsb/2024-25/div2/teams?jsRendering=true&pos=br&sort=r,NEEDS_REVIEW
Coastal Alabama - North,coastal-alabama-north,,AL,,PUBLIC,JUNIOR_COLLEGE,,,,,,,,,,2026,,,,,https://collegescorecard.ed.gov/,NEEDS_REVIEW,,https://njcaastats.prestosports.com/sports/bsb/2024-25/div2/teams/coastalalabamanorth,https://njcaastats.prestosports.com/sports/bsb/2024-25/div2/teams/coastalalabamanorth/roster,https://njcaastats.prestosports.com/sports/bsb/2024-25/div2/teams/coastalalabamanorth/schedule,,,,,NJCAA_D2,Region 22,,,,"NJCAA Division II programs may offer athletic scholarships, subject to NJCAA and institutional limits.",https://www.njcaa.org/,true,true,https://njcaastats.prestosports.com/sports/bsb/2024-25/div2/teams?jsRendering=true&pos=br&sort=r,NEEDS_REVIEW
College of Lake County,college-of-lake-county,,IL,,PUBLIC,JUNIOR_COLLEGE,,,,,,,,,,2026,,,,,https://collegescorecard.ed.gov/,NEEDS_REVIEW,,https://njcaastats.prestosports.com/sports/bsb/2024-25/div2/teams/collegeoflakecounty,https://njcaastats.prestosports.com/sports/bsb/2024-25/div2/teams/collegeoflakecounty/roster,https://njcaastats.prestosports.com/sports/bsb/2024-25/div2/teams/collegeoflakecounty/schedule,,,,,NJCAA_D2,Region 4,,,,"NJCAA Division II programs may offer athletic scholarships, subject to NJCAA and institutional limits.",https://www.njcaa.org/,true,true,https://njcaastats.prestosports.com/sports/bsb/2024-25/div2/teams?jsRendering=true&pos=br&sort=r,NEEDS_REVIEW
College of Southern Maryland,college-of-southern-maryland,,ND,,PUBLIC,JUNIOR_COLLEGE,,,,,,,,,,2026,,,,,https://collegescorecard.ed.gov/,NEEDS_REVIEW,,https://njcaastats.prestosports.com/sports/bsb/2024-25/div2/teams/collegeofsouthernmaryland,https://njcaastats.prestosports.com/sports/bsb/2024-25/div2/teams/collegeofsouthernmaryland/roster,https://njcaastats.prestosports.com/sports/bsb/2024-25/div2/teams/collegeofsouthernmaryland/schedule,,,,,NJCAA_D2,Region 20,,,,"NJCAA Division II programs may offer athletic scholarships, subject to NJCAA and institutional limits.",https://www.njcaa.org/,true,true,https://njcaastats.prestosports.com/sports/bsb/2024-25/div2/teams?jsRendering=true&pos=br&sort=r,NEEDS_REVIEW
Community Christian,community-christian,,MI,,PUBLIC,JUNIOR_COLLEGE,,,,,,,,,,2026,,,,,https://collegescorecard.ed.gov/,NEEDS_REVIEW,,https://njcaastats.prestosports.com/sports/bsb/2024-25/div2/teams/communitychristianmich,https://njcaastats.prestosports.com/sports/bsb/2024-25/div2/teams/communitychristianmich/roster,https://njcaastats.prestosports.com/sports/bsb/2024-25/div2/teams/communitychristianmich/schedule,,,,,NJCAA_D2,Region 12,,,,"NJCAA Division II programs may offer athletic scholarships, subject to NJCAA and institutional limits.",https://www.njcaa.org/,true,true,https://njcaastats.prestosports.com/sports/bsb/2024-25/div2/teams?jsRendering=true&pos=br&sort=r,NEEDS_REVIEW
Copiah-Lincoln Community College,copiah-lincoln-community-college,,MS,,PUBLIC,JUNIOR_COLLEGE,,,,,,,,,,2026,,,,,https://collegescorecard.ed.gov/,NEEDS_REVIEW,,https://njcaastats.prestosports.com/sports/bsb/2024-25/div2/teams/copiahlincolncommunitycollege,https://njcaastats.prestosports.com/sports/bsb/2024-25/div2/teams/copiahlincolncommunitycollege/roster,https://njcaastats.prestosports.com/sports/bsb/2024-25/div2/teams/copiahlincolncommunitycollege/schedule,,,,,NJCAA_D2,Region 23,,,,"NJCAA Division II programs may offer athletic scholarships, subject to NJCAA and institutional limits.",https://www.njcaa.org/,true,true,https://njcaastats.prestosports.com/sports/bsb/2024-25/div2/teams?jsRendering=true&pos=br&sort=r,NEEDS_REVIEW
County College of Morris,county-college-of-morris,,NJ,,PUBLIC,JUNIOR_COLLEGE,,,,,,,,,,2026,,,,,https://collegescorecard.ed.gov/,NEEDS_REVIEW,,https://njcaastats.prestosports.com/sports/bsb/2024-25/div2/teams/countycollegeofmorris,https://njcaastats.prestosports.com/sports/bsb/2024-25/div2/teams/countycollegeofmorris/roster,https://njcaastats.prestosports.com/sports/bsb/2024-25/div2/teams/countycollegeofmorris/schedule,,,,,NJCAA_D2,Region 19,,,,"NJCAA Division II programs may offer athletic scholarships, subject to NJCAA and institutional limits.",https://www.njcaa.org/,true,true,https://njcaastats.prestosports.com/sports/bsb/2024-25/div2/teams?jsRendering=true&pos=br&sort=r,NEEDS_REVIEW
Cuyahoga Community College,cuyahoga-community-college,,OH,,PUBLIC,JUNIOR_COLLEGE,,,,,,,,,,2026,,,,,https://collegescorecard.ed.gov/,NEEDS_REVIEW,,https://njcaastats.prestosports.com/sports/bsb/2024-25/div2/teams/cuyahogacommunitycollege,https://njcaastats.prestosports.com/sports/bsb/2024-25/div2/teams/cuyahogacommunitycollege/roster,https://njcaastats.prestosports.com/sports/bsb/2024-25/div2/teams/cuyahogacommunitycollege/schedule,,,,,NJCAA_D2,Region 12,,,,"NJCAA Division II programs may offer athletic scholarships, subject to NJCAA and institutional limits.",https://www.njcaa.org/,true,true,https://njcaastats.prestosports.com/sports/bsb/2024-25/div2/teams?jsRendering=true&pos=br&sort=r,NEEDS_REVIEW
Dakota College at Bottineau,dakota-college-at-bottineau,,ND,,PUBLIC,JUNIOR_COLLEGE,,,,,,,,,,2026,,,,,https://collegescorecard.ed.gov/,NEEDS_REVIEW,,https://njcaastats.prestosports.com/sports/bsb/2024-25/div2/teams/dakotacollegeatbottineau,https://njcaastats.prestosports.com/sports/bsb/2024-25/div2/teams/dakotacollegeatbottineau/roster,https://njcaastats.prestosports.com/sports/bsb/2024-25/div2/teams/dakotacollegeatbottineau/schedule,,,,,NJCAA_D2,Region 13,,,,"NJCAA Division II programs may offer athletic scholarships, subject to NJCAA and institutional limits.",https://www.njcaa.org/,true,true,https://njcaastats.prestosports.com/sports/bsb/2024-25/div2/teams?jsRendering=true&pos=br&sort=r,NEEDS_REVIEW
Dakota County Technical College,dakota-county-technical-college,,MN,,PUBLIC,JUNIOR_COLLEGE,,,,,,,,,,2026,,,,,https://collegescorecard.ed.gov/,NEEDS_REVIEW,,https://njcaastats.prestosports.com/sports/bsb/2024-25/div2/teams/dakotacountytechnicalcollege,https://njcaastats.prestosports.com/sports/bsb/2024-25/div2/teams/dakotacountytechnicalcollege/roster,https://njcaastats.prestosports.com/sports/bsb/2024-25/div2/teams/dakotacountytechnicalcollege/schedule,,,,,NJCAA_D2,Region 13,,,,"NJCAA Division II programs may offer athletic scholarships, subject to NJCAA and institutional limits.",https://www.njcaa.org/,true,true,https://njcaastats.prestosports.com/sports/bsb/2024-25/div2/teams?jsRendering=true&pos=br&sort=r,NEEDS_REVIEW
Danville Area Community College,danville-area-community-college,,IL,,PUBLIC,JUNIOR_COLLEGE,,,,,,,,,,2026,,,,,https://collegescorecard.ed.gov/,NEEDS_REVIEW,,https://njcaastats.prestosports.com/sports/bsb/2024-25/div2/teams/danvilleareacommunitycollege,https://njcaastats.prestosports.com/sports/bsb/2024-25/div2/teams/danvilleareacommunitycollege/roster,https://njcaastats.prestosports.com/sports/bsb/2024-25/div2/teams/danvilleareacommunitycollege/schedule,,,,,NJCAA_D2,Region 24,,,,"NJCAA Division II programs may offer athletic scholarships, subject to NJCAA and institutional limits.",https://www.njcaa.org/,true,true,https://njcaastats.prestosports.com/sports/bsb/2024-25/div2/teams?jsRendering=true&pos=br&sort=r,NEEDS_REVIEW
Dawson Community College,dawson-community-college,,MT,,PUBLIC,JUNIOR_COLLEGE,,,,,,,,,,2026,,,,,https://collegescorecard.ed.gov/,NEEDS_REVIEW,,https://njcaastats.prestosports.com/sports/bsb/2024-25/div2/teams/dawsoncommunitycollege,https://njcaastats.prestosports.com/sports/bsb/2024-25/div2/teams/dawsoncommunitycollege/roster,https://njcaastats.prestosports.com/sports/bsb/2024-25/div2/teams/dawsoncommunitycollege/schedule,,,,,NJCAA_D2,Region 13,,,,"NJCAA Division II programs may offer athletic scholarships, subject to NJCAA and institutional limits.",https://www.njcaa.org/,true,true,https://njcaastats.prestosports.com/sports/bsb/2024-25/div2/teams?jsRendering=true&pos=br&sort=r,NEEDS_REVIEW
Delaware Technical Community College,delaware-technical-community-college,,DE,,PUBLIC,JUNIOR_COLLEGE,,,,,,,,,,2026,,,,,https://collegescorecard.ed.gov/,NEEDS_REVIEW,,https://njcaastats.prestosports.com/sports/bsb/2024-25/div2/teams/delawaretechnicalcommunitycollege,https://njcaastats.prestosports.com/sports/bsb/2024-25/div2/teams/delawaretechnicalcommunitycollege/roster,https://njcaastats.prestosports.com/sports/bsb/2024-25/div2/teams/delawaretechnicalcommunitycollege/schedule,,,,,NJCAA_D2,Region 19,,,,"NJCAA Division II programs may offer athletic scholarships, subject to NJCAA and institutional limits.",https://www.njcaa.org/,true,true,https://njcaastats.prestosports.com/sports/bsb/2024-25/div2/teams?jsRendering=true&pos=br&sort=r,NEEDS_REVIEW
Des Moines Area Community College,des-moines-area-community-college,,IA,,PUBLIC,JUNIOR_COLLEGE,,,,,,,,,,2026,,,,,https://collegescorecard.ed.gov/,NEEDS_REVIEW,,https://njcaastats.prestosports.com/sports/bsb/2024-25/div2/teams/desmoinesareacommunitycollege,https://njcaastats.prestosports.com/sports/bsb/2024-25/div2/teams/desmoinesareacommunitycollege/roster,https://njcaastats.prestosports.com/sports/bsb/2024-25/div2/teams/desmoinesareacommunitycollege/schedule,,,,,NJCAA_D2,Region 11,,,,"NJCAA Division II programs may offer athletic scholarships, subject to NJCAA and institutional limits.",https://www.njcaa.org/,true,true,https://njcaastats.prestosports.com/sports/bsb/2024-25/div2/teams?jsRendering=true&pos=br&sort=r,NEEDS_REVIEW
East Central College,east-central-college,,MO,,PUBLIC,JUNIOR_COLLEGE,,,,,,,,,,2026,,,,,https://collegescorecard.ed.gov/,NEEDS_REVIEW,,https://njcaastats.prestosports.com/sports/bsb/2024-25/div2/teams/eastcentralcollege,https://njcaastats.prestosports.com/sports/bsb/2024-25/div2/teams/eastcentralcollege/roster,https://njcaastats.prestosports.com/sports/bsb/2024-25/div2/teams/eastcentralcollege/schedule,,,,,NJCAA_D2,Region 16,,,,"NJCAA Division II programs may offer athletic scholarships, subject to NJCAA and institutional limits.",https://www.njcaa.org/,true,true,https://njcaastats.prestosports.com/sports/bsb/2024-25/div2/teams?jsRendering=true&pos=br&sort=r,NEEDS_REVIEW
East Central Community College,east-central-community-college,,MS,,PUBLIC,JUNIOR_COLLEGE,,,,,,,,,,2026,,,,,https://collegescorecard.ed.gov/,NEEDS_REVIEW,,https://njcaastats.prestosports.com/sports/bsb/2024-25/div2/teams/eastcentralcommunitycollege,https://njcaastats.prestosports.com/sports/bsb/2024-25/div2/teams/eastcentralcommunitycollege/roster,https://njcaastats.prestosports.com/sports/bsb/2024-25/div2/teams/eastcentralcommunitycollege/schedule,,,,,NJCAA_D2,Region 23,,,,"NJCAA Division II programs may offer athletic scholarships, subject to NJCAA and institutional limits.",https://www.njcaa.org/,true,true,https://njcaastats.prestosports.com/sports/bsb/2024-25/div2/teams?jsRendering=true&pos=br&sort=r,NEEDS_REVIEW
East Mississippi Community College,east-mississippi-community-college,,MS,,PUBLIC,JUNIOR_COLLEGE,,,,,,,,,,2026,,,,,https://collegescorecard.ed.gov/,NEEDS_REVIEW,,https://njcaastats.prestosports.com/sports/bsb/2024-25/div2/teams/eastmississippicommunitycollege,https://njcaastats.prestosports.com/sports/bsb/2024-25/div2/teams/eastmississippicommunitycollege/roster,https://njcaastats.prestosports.com/sports/bsb/2024-25/div2/teams/eastmississippicommunitycollege/schedule,,,,,NJCAA_D2,Region 23,,,,"NJCAA Division II programs may offer athletic scholarships, subject to NJCAA and institutional limits.",https://www.njcaa.org/,true,true,https://njcaastats.prestosports.com/sports/bsb/2024-25/div2/teams?jsRendering=true&pos=br&sort=r,NEEDS_REVIEW
Edison State,edison-state,,OH,,PUBLIC,JUNIOR_COLLEGE,,,,,,,,,,2026,,,,,https://collegescorecard.ed.gov/,NEEDS_REVIEW,,https://njcaastats.prestosports.com/sports/bsb/2024-25/div2/teams/edisonstate,https://njcaastats.prestosports.com/sports/bsb/2024-25/div2/teams/edisonstate/roster,https://njcaastats.prestosports.com/sports/bsb/2024-25/div2/teams/edisonstate/schedule,,,,,NJCAA_D2,Region 12,,,,"NJCAA Division II programs may offer athletic scholarships, subject to NJCAA and institutional limits.",https://www.njcaa.org/,true,true,https://njcaastats.prestosports.com/sports/bsb/2024-25/div2/teams?jsRendering=true&pos=br&sort=r,NEEDS_REVIEW
Elgin Community College,elgin-community-college,,IL,,PUBLIC,JUNIOR_COLLEGE,,,,,,,,,,2026,,,,,https://collegescorecard.ed.gov/,NEEDS_REVIEW,,https://njcaastats.prestosports.com/sports/bsb/2024-25/div2/teams/elgincommunitycollege,https://njcaastats.prestosports.com/sports/bsb/2024-25/div2/teams/elgincommunitycollege/roster,https://njcaastats.prestosports.com/sports/bsb/2024-25/div2/teams/elgincommunitycollege/schedule,,,,,NJCAA_D2,Region 4,,,,"NJCAA Division II programs may offer athletic scholarships, subject to NJCAA and institutional limits.",https://www.njcaa.org/,true,true,https://njcaastats.prestosports.com/sports/bsb/2024-25/div2/teams?jsRendering=true&pos=br&sort=r,NEEDS_REVIEW
Ellsworth Community College,ellsworth-community-college,,IA,,PUBLIC,JUNIOR_COLLEGE,,,,,,,,,,2026,,,,,https://collegescorecard.ed.gov/,NEEDS_REVIEW,,https://njcaastats.prestosports.com/sports/bsb/2024-25/div2/teams/ellsworthcommunitycollege,https://njcaastats.prestosports.com/sports/bsb/2024-25/div2/teams/ellsworthcommunitycollege/roster,https://njcaastats.prestosports.com/sports/bsb/2024-25/div2/teams/ellsworthcommunitycollege/schedule,,,,,NJCAA_D2,Region 11,,,,"NJCAA Division II programs may offer athletic scholarships, subject to NJCAA and institutional limits.",https://www.njcaa.org/,true,true,https://njcaastats.prestosports.com/sports/bsb/2024-25/div2/teams?jsRendering=true&pos=br&sort=r,NEEDS_REVIEW
Enterprise State Community College,enterprise-state-community-college,,AL,,PUBLIC,JUNIOR_COLLEGE,,,,,,,,,,2026,,,,,https://collegescorecard.ed.gov/,NEEDS_REVIEW,,https://njcaastats.prestosports.com/sports/bsb/2024-25/div2/teams/enterprisestatecommunitycollege,https://njcaastats.prestosports.com/sports/bsb/2024-25/div2/teams/enterprisestatecommunitycollege/roster,https://njcaastats.prestosports.com/sports/bsb/2024-25/div2/teams/enterprisestatecommunitycollege/schedule,,,,,NJCAA_D2,Region 22,,,,"NJCAA Division II programs may offer athletic scholarships, subject to NJCAA and institutional limits.",https://www.njcaa.org/,true,true,https://njcaastats.prestosports.com/sports/bsb/2024-25/div2/teams?jsRendering=true&pos=br&sort=r,NEEDS_REVIEW
Fayetteville Technical Community College,fayetteville-technical-community-college,,NC,,PUBLIC,JUNIOR_COLLEGE,,,,,,,,,,2026,,,,,https://collegescorecard.ed.gov/,NEEDS_REVIEW,,https://njcaastats.prestosports.com/sports/bsb/2024-25/div2/teams/fayettevilletechnicalcommunitycollege,https://njcaastats.prestosports.com/sports/bsb/2024-25/div2/teams/fayettevilletechnicalcommunitycollege/roster,https://njcaastats.prestosports.com/sports/bsb/2024-25/div2/teams/fayettevilletechnicalcommunitycollege/schedule,,,,,NJCAA_D2,Region 10,,,,"NJCAA Division II programs may offer athletic scholarships, subject to NJCAA and institutional limits.",https://www.njcaa.org/,true,true,https://njcaastats.prestosports.com/sports/bsb/2024-25/div2/teams?jsRendering=true&pos=br&sort=r,NEEDS_REVIEW
Florida State College at Jacksonville,florida-state-college-at-jacksonville,,FL,,PUBLIC,JUNIOR_COLLEGE,,,,,,,,,,2026,,,,,https://collegescorecard.ed.gov/,NEEDS_REVIEW,,https://njcaastats.prestosports.com/sports/bsb/2024-25/div2/teams/floridastatecollegeatjacksonville,https://njcaastats.prestosports.com/sports/bsb/2024-25/div2/teams/floridastatecollegeatjacksonville/roster,https://njcaastats.prestosports.com/sports/bsb/2024-25/div2/teams/floridastatecollegeatjacksonville/schedule,,,,,NJCAA_D2,Region 8,,,,"NJCAA Division II programs may offer athletic scholarships, subject to NJCAA and institutional limits.",https://www.njcaa.org/,true,true,https://njcaastats.prestosports.com/sports/bsb/2024-25/div2/teams?jsRendering=true&pos=br&sort=r,NEEDS_REVIEW
Frederick Community College,frederick-community-college,,MD,,PUBLIC,JUNIOR_COLLEGE,,,,,,,,,,2026,,,,,https://collegescorecard.ed.gov/,NEEDS_REVIEW,,https://njcaastats.prestosports.com/sports/bsb/2024-25/div2/teams/frederickcommunitycollege,https://njcaastats.prestosports.com/sports/bsb/2024-25/div2/teams/frederickcommunitycollege/roster,https://njcaastats.prestosports.com/sports/bsb/2024-25/div2/teams/frederickcommunitycollege/schedule,,,,,NJCAA_D2,Region 20,,,,"NJCAA Division II programs may offer athletic scholarships, subject to NJCAA and institutional limits.",https://www.njcaa.org/,true,true,https://njcaastats.prestosports.com/sports/bsb/2024-25/div2/teams?jsRendering=true&pos=br&sort=r,NEEDS_REVIEW
Garrett College,garrett-college,,MD,,PUBLIC,JUNIOR_COLLEGE,,,,,,,,,,2026,,,,,https://collegescorecard.ed.gov/,NEEDS_REVIEW,,https://njcaastats.prestosports.com/sports/bsb/2024-25/div2/teams/garrettcollege,https://njcaastats.prestosports.com/sports/bsb/2024-25/div2/teams/garrettcollege/roster,https://njcaastats.prestosports.com/sports/bsb/2024-25/div2/teams/garrettcollege/schedule,,,,,NJCAA_D2,Region 20,,,,"NJCAA Division II programs may offer athletic scholarships, subject to NJCAA and institutional limits.",https://www.njcaa.org/,true,true,https://njcaastats.prestosports.com/sports/bsb/2024-25/div2/teams?jsRendering=true&pos=br&sort=r,NEEDS_REVIEW
GateWay Community College - AZ,gateway-community-college-az,,AZ,,PUBLIC,JUNIOR_COLLEGE,,,,,,,,,,2026,,,,,https://collegescorecard.ed.gov/,NEEDS_REVIEW,,https://njcaastats.prestosports.com/sports/bsb/2024-25/div2/teams/gatewaycommunitycollegeaz,https://njcaastats.prestosports.com/sports/bsb/2024-25/div2/teams/gatewaycommunitycollegeaz/roster,https://njcaastats.prestosports.com/sports/bsb/2024-25/div2/teams/gatewaycommunitycollegeaz/schedule,,,,,NJCAA_D2,Region 1,,,,"NJCAA Division II programs may offer athletic scholarships, subject to NJCAA and institutional limits.",https://www.njcaa.org/,true,true,https://njcaastats.prestosports.com/sports/bsb/2024-25/div2/teams?jsRendering=true&pos=br&sort=r,NEEDS_REVIEW
Glen Oaks Community College,glen-oaks-community-college,,MI,,PUBLIC,JUNIOR_COLLEGE,,,,,,,,,,2026,,,,,https://collegescorecard.ed.gov/,NEEDS_REVIEW,,https://njcaastats.prestosports.com/sports/bsb/2024-25/div2/teams/glenoakscommunitycollege,https://njcaastats.prestosports.com/sports/bsb/2024-25/div2/teams/glenoakscommunitycollege/roster,https://njcaastats.prestosports.com/sports/bsb/2024-25/div2/teams/glenoakscommunitycollege/schedule,,,,,NJCAA_D2,Region 12,,,,"NJCAA Division II programs may offer athletic scholarships, subject to NJCAA and institutional limits.",https://www.njcaa.org/,true,true,https://njcaastats.prestosports.com/sports/bsb/2024-25/div2/teams?jsRendering=true&pos=br&sort=r,NEEDS_REVIEW
Glendale Community College,glendale-community-college,,AZ,,PUBLIC,JUNIOR_COLLEGE,,,,,,,,,,2026,,,,,https://collegescorecard.ed.gov/,NEEDS_REVIEW,,https://njcaastats.prestosports.com/sports/bsb/2024-25/div2/teams/glendalecommunitycollege,https://njcaastats.prestosports.com/sports/bsb/2024-25/div2/teams/glendalecommunitycollege/roster,https://njcaastats.prestosports.com/sports/bsb/2024-25/div2/teams/glendalecommunitycollege/schedule,,,,,NJCAA_D2,Region 1,,,,"NJCAA Division II programs may offer athletic scholarships, subject to NJCAA and institutional limits.",https://www.njcaa.org/,true,true,https://njcaastats.prestosports.com/sports/bsb/2024-25/div2/teams?jsRendering=true&pos=br&sort=r,NEEDS_REVIEW
Grand Rapids Community College,grand-rapids-community-college,,MI,,PUBLIC,JUNIOR_COLLEGE,,,,,,,,,,2026,,,,,https://collegescorecard.ed.gov/,NEEDS_REVIEW,,https://njcaastats.prestosports.com/sports/bsb/2024-25/div2/teams/grandrapidscommunitycollege,https://njcaastats.prestosports.com/sports/bsb/2024-25/div2/teams/grandrapidscommunitycollege/roster,https://njcaastats.prestosports.com/sports/bsb/2024-25/div2/teams/grandrapidscommunitycollege/schedule,,,,,NJCAA_D2,Region 12,,,,"NJCAA Division II programs may offer athletic scholarships, subject to NJCAA and institutional limits.",https://www.njcaa.org/,true,true,https://njcaastats.prestosports.com/sports/bsb/2024-25/div2/teams?jsRendering=true&pos=br&sort=r,NEEDS_REVIEW
Guilford Technical Community College,guilford-technical-community-college,,NC,,PUBLIC,JUNIOR_COLLEGE,,,,,,,,,,2026,,,,,https://collegescorecard.ed.gov/,NEEDS_REVIEW,,https://njcaastats.prestosports.com/sports/bsb/2024-25/div2/teams/guilfordtechnicalcommunitycollege,https://njcaastats.prestosports.com/sports/bsb/2024-25/div2/teams/guilfordtechnicalcommunitycollege/roster,https://njcaastats.prestosports.com/sports/bsb/2024-25/div2/teams/guilfordtechnicalcommunitycollege/schedule,,,,,NJCAA_D2,Region 10,,,,"NJCAA Division II programs may offer athletic scholarships, subject to NJCAA and institutional limits.",https://www.njcaa.org/,true,true,https://njcaastats.prestosports.com/sports/bsb/2024-25/div2/teams?jsRendering=true&pos=br&sort=r,NEEDS_REVIEW
Hagerstown Community College,hagerstown-community-college,,MD,,PUBLIC,JUNIOR_COLLEGE,,,,,,,,,,2026,,,,,https://collegescorecard.ed.gov/,NEEDS_REVIEW,,https://njcaastats.prestosports.com/sports/bsb/2024-25/div2/teams/hagerstowncommunitycollege,https://njcaastats.prestosports.com/sports/bsb/2024-25/div2/teams/hagerstowncommunitycollege/roster,https://njcaastats.prestosports.com/sports/bsb/2024-25/div2/teams/hagerstowncommunitycollege/schedule,,,,,NJCAA_D2,Region 20,,,,"NJCAA Division II programs may offer athletic scholarships, subject to NJCAA and institutional limits.",https://www.njcaa.org/,true,true,https://njcaastats.prestosports.com/sports/bsb/2024-25/div2/teams?jsRendering=true&pos=br&sort=r,NEEDS_REVIEW
Harper College,harper-college,,IL,,PUBLIC,JUNIOR_COLLEGE,,,,,,,,,,2026,,,,,https://collegescorecard.ed.gov/,NEEDS_REVIEW,,https://njcaastats.prestosports.com/sports/bsb/2024-25/div2/teams/harpercollege,https://njcaastats.prestosports.com/sports/bsb/2024-25/div2/teams/harpercollege/roster,https://njcaastats.prestosports.com/sports/bsb/2024-25/div2/teams/harpercollege/schedule,,,,,NJCAA_D2,Region 4,,,,"NJCAA Division II programs may offer athletic scholarships, subject to NJCAA and institutional limits.",https://www.njcaa.org/,true,true,https://njcaastats.prestosports.com/sports/bsb/2024-25/div2/teams?jsRendering=true&pos=br&sort=r,NEEDS_REVIEW
Heartland Community College,heartland-community-college,,IL,,PUBLIC,JUNIOR_COLLEGE,,,,,,,,,,2026,,,,,https://collegescorecard.ed.gov/,NEEDS_REVIEW,,https://njcaastats.prestosports.com/sports/bsb/2024-25/div2/teams/heartlandcommunitycollege,https://njcaastats.prestosports.com/sports/bsb/2024-25/div2/teams/heartlandcommunitycollege/roster,https://njcaastats.prestosports.com/sports/bsb/2024-25/div2/teams/heartlandcommunitycollege/schedule,,,,,NJCAA_D2,Region 24,,,,"NJCAA Division II programs may offer athletic scholarships, subject to NJCAA and institutional limits.",https://www.njcaa.org/,true,true,https://njcaastats.prestosports.com/sports/bsb/2024-25/div2/teams?jsRendering=true&pos=br&sort=r,NEEDS_REVIEW
Henry Ford College,henry-ford-college,,MI,,PUBLIC,JUNIOR_COLLEGE,,,,,,,,,,2026,,,,,https://collegescorecard.ed.gov/,NEEDS_REVIEW,,https://njcaastats.prestosports.com/sports/bsb/2024-25/div2/teams/henryfordcollege,https://njcaastats.prestosports.com/sports/bsb/2024-25/div2/teams/henryfordcollege/roster,https://njcaastats.prestosports.com/sports/bsb/2024-25/div2/teams/henryfordcollege/schedule,,,,,NJCAA_D2,Region 12,,,,"NJCAA Division II programs may offer athletic scholarships, subject to NJCAA and institutional limits.",https://www.njcaa.org/,true,true,https://njcaastats.prestosports.com/sports/bsb/2024-25/div2/teams?jsRendering=true&pos=br&sort=r,NEEDS_REVIEW
Hesston College,hesston-college,,KS,,PUBLIC,JUNIOR_COLLEGE,,,,,,,,,,2026,,,,,https://collegescorecard.ed.gov/,NEEDS_REVIEW,,https://njcaastats.prestosports.com/sports/bsb/2024-25/div2/teams/hesstoncollege,https://njcaastats.prestosports.com/sports/bsb/2024-25/div2/teams/hesstoncollege/roster,https://njcaastats.prestosports.com/sports/bsb/2024-25/div2/teams/hesstoncollege/schedule,,,,,NJCAA_D2,Region 6,,,,"NJCAA Division II programs may offer athletic scholarships, subject to NJCAA and institutional limits.",https://www.njcaa.org/,true,true,https://njcaastats.prestosports.com/sports/bsb/2024-25/div2/teams?jsRendering=true&pos=br&sort=r,NEEDS_REVIEW
Highland Community College - Illinois,highland-community-college-illinois,,IL,,PUBLIC,JUNIOR_COLLEGE,,,,,,,,,,2026,,,,,https://collegescorecard.ed.gov/,NEEDS_REVIEW,,https://njcaastats.prestosports.com/sports/bsb/2024-25/div2/teams/highlandcommunitycollegeillinois,https://njcaastats.prestosports.com/sports/bsb/2024-25/div2/teams/highlandcommunitycollegeillinois/roster,https://njcaastats.prestosports.com/sports/bsb/2024-25/div2/teams/highlandcommunitycollegeillinois/schedule,,,,,NJCAA_D2,Region 4,,,,"NJCAA Division II programs may offer athletic scholarships, subject to NJCAA and institutional limits.",https://www.njcaa.org/,true,true,https://njcaastats.prestosports.com/sports/bsb/2024-25/div2/teams?jsRendering=true&pos=br&sort=r,NEEDS_REVIEW
Hinds Community College,hinds-community-college,,MS,,PUBLIC,JUNIOR_COLLEGE,,,,,,,,,,2026,,,,,https://collegescorecard.ed.gov/,NEEDS_REVIEW,,https://njcaastats.prestosports.com/sports/bsb/2024-25/div2/teams/hindscommunitycollege,https://njcaastats.prestosports.com/sports/bsb/2024-25/div2/teams/hindscommunitycollege/roster,https://njcaastats.prestosports.com/sports/bsb/2024-25/div2/teams/hindscommunitycollege/schedule,,,,,NJCAA_D2,Region 23,,,,"NJCAA Division II programs may offer athletic scholarships, subject to NJCAA and institutional limits.",https://www.njcaa.org/,true,true,https://njcaastats.prestosports.com/sports/bsb/2024-25/div2/teams?jsRendering=true&pos=br&sort=r,NEEDS_REVIEW
Hocking,hocking,,OH,,PUBLIC,JUNIOR_COLLEGE,,,,,,,,,,2026,,,,,https://collegescorecard.ed.gov/,NEEDS_REVIEW,,https://njcaastats.prestosports.com/sports/bsb/2024-25/div2/teams/hocking,https://njcaastats.prestosports.com/sports/bsb/2024-25/div2/teams/hocking/roster,https://njcaastats.prestosports.com/sports/bsb/2024-25/div2/teams/hocking/schedule,,,,,NJCAA_D2,Region 12,,,,"NJCAA Division II programs may offer athletic scholarships, subject to NJCAA and institutional limits.",https://www.njcaa.org/,true,true,https://njcaastats.prestosports.com/sports/bsb/2024-25/div2/teams?jsRendering=true&pos=br&sort=r,NEEDS_REVIEW
Holmes Community College,holmes-community-college,,MS,,PUBLIC,JUNIOR_COLLEGE,,,,,,,,,,2026,,,,,https://collegescorecard.ed.gov/,NEEDS_REVIEW,,https://njcaastats.prestosports.com/sports/bsb/2024-25/div2/teams/holmescommunitycollege,https://njcaastats.prestosports.com/sports/bsb/2024-25/div2/teams/holmescommunitycollege/roster,https://njcaastats.prestosports.com/sports/bsb/2024-25/div2/teams/holmescommunitycollege/schedule,,,,,NJCAA_D2,Region 23,,,,"NJCAA Division II programs may offer athletic scholarships, subject to NJCAA and institutional limits.",https://www.njcaa.org/,true,true,https://njcaastats.prestosports.com/sports/bsb/2024-25/div2/teams?jsRendering=true&pos=br&sort=r,NEEDS_REVIEW
Illinois Central College,illinois-central-college,,IL,,PUBLIC,JUNIOR_COLLEGE,,,,,,,,,,2026,,,,,https://collegescorecard.ed.gov/,NEEDS_REVIEW,,https://njcaastats.prestosports.com/sports/bsb/2024-25/div2/teams/illinoiscentralcollege,https://njcaastats.prestosports.com/sports/bsb/2024-25/div2/teams/illinoiscentralcollege/roster,https://njcaastats.prestosports.com/sports/bsb/2024-25/div2/teams/illinoiscentralcollege/schedule,,,,,NJCAA_D2,Region 24,,,,"NJCAA Division II programs may offer athletic scholarships, subject to NJCAA and institutional limits.",https://www.njcaa.org/,true,true,https://njcaastats.prestosports.com/sports/bsb/2024-25/div2/teams?jsRendering=true&pos=br&sort=r,NEEDS_REVIEW
Illinois Valley Community College,illinois-valley-community-college,,IL,,PUBLIC,JUNIOR_COLLEGE,,,,,,,,,,2026,,,,,https://collegescorecard.ed.gov/,NEEDS_REVIEW,,https://njcaastats.prestosports.com/sports/bsb/2024-25/div2/teams/illinoisvalleycommunitycollege,https://njcaastats.prestosports.com/sports/bsb/2024-25/div2/teams/illinoisvalleycommunitycollege/roster,https://njcaastats.prestosports.com/sports/bsb/2024-25/div2/teams/illinoisvalleycommunitycollege/schedule,,,,,NJCAA_D2,Region 4,,,,"NJCAA Division II programs may offer athletic scholarships, subject to NJCAA and institutional limits.",https://www.njcaa.org/,true,true,https://njcaastats.prestosports.com/sports/bsb/2024-25/div2/teams?jsRendering=true&pos=br&sort=r,NEEDS_REVIEW
Iowa Central Community College,iowa-central-community-college,,IA,,PUBLIC,JUNIOR_COLLEGE,,,,,,,,,,2026,,,,,https://collegescorecard.ed.gov/,NEEDS_REVIEW,,https://njcaastats.prestosports.com/sports/bsb/2024-25/div2/teams/iowacentralcommunitycollege,https://njcaastats.prestosports.com/sports/bsb/2024-25/div2/teams/iowacentralcommunitycollege/roster,https://njcaastats.prestosports.com/sports/bsb/2024-25/div2/teams/iowacentralcommunitycollege/schedule,,,,,NJCAA_D2,Region 11,,,,"NJCAA Division II programs may offer athletic scholarships, subject to NJCAA and institutional limits.",https://www.njcaa.org/,true,true,https://njcaastats.prestosports.com/sports/bsb/2024-25/div2/teams?jsRendering=true&pos=br&sort=r,NEEDS_REVIEW
Iowa Lakes Community College,iowa-lakes-community-college,,IA,,PUBLIC,JUNIOR_COLLEGE,,,,,,,,,,2026,,,,,https://collegescorecard.ed.gov/,NEEDS_REVIEW,,https://njcaastats.prestosports.com/sports/bsb/2024-25/div2/teams/iowalakescommunitycollege,https://njcaastats.prestosports.com/sports/bsb/2024-25/div2/teams/iowalakescommunitycollege/roster,https://njcaastats.prestosports.com/sports/bsb/2024-25/div2/teams/iowalakescommunitycollege/schedule,,,,,NJCAA_D2,Region 11,,,,"NJCAA Division II programs may offer athletic scholarships, subject to NJCAA and institutional limits.",https://www.njcaa.org/,true,true,https://njcaastats.prestosports.com/sports/bsb/2024-25/div2/teams?jsRendering=true&pos=br&sort=r,NEEDS_REVIEW
Itawamba Community College,itawamba-community-college,,MS,,PUBLIC,JUNIOR_COLLEGE,,,,,,,,,,2026,,,,,https://collegescorecard.ed.gov/,NEEDS_REVIEW,,https://njcaastats.prestosports.com/sports/bsb/2024-25/div2/teams/itawambacommunitycollege,https://njcaastats.prestosports.com/sports/bsb/2024-25/div2/teams/itawambacommunitycollege/roster,https://njcaastats.prestosports.com/sports/bsb/2024-25/div2/teams/itawambacommunitycollege/schedule,,,,,NJCAA_D2,Region 23,,,,"NJCAA Division II programs may offer athletic scholarships, subject to NJCAA and institutional limits.",https://www.njcaa.org/,true,true,https://njcaastats.prestosports.com/sports/bsb/2024-25/div2/teams?jsRendering=true&pos=br&sort=r,NEEDS_REVIEW
Jackson College,jackson-college,,MI,,PUBLIC,JUNIOR_COLLEGE,,,,,,,,,,2026,,,,,https://collegescorecard.ed.gov/,NEEDS_REVIEW,,https://njcaastats.prestosports.com/sports/bsb/2024-25/div2/teams/jacksoncollege,https://njcaastats.prestosports.com/sports/bsb/2024-25/div2/teams/jacksoncollege/roster,https://njcaastats.prestosports.com/sports/bsb/2024-25/div2/teams/jacksoncollege/schedule,,,,,NJCAA_D2,Region 12,,,,"NJCAA Division II programs may offer athletic scholarships, subject to NJCAA and institutional limits.",https://www.njcaa.org/,true,true,https://njcaastats.prestosports.com/sports/bsb/2024-25/div2/teams?jsRendering=true&pos=br&sort=r,NEEDS_REVIEW
John Wood Community College,john-wood-community-college,,IL,,PUBLIC,JUNIOR_COLLEGE,,,,,,,,,,2026,,,,,https://collegescorecard.ed.gov/,NEEDS_REVIEW,,https://njcaastats.prestosports.com/sports/bsb/2024-25/div2/teams/johnwoodcommunitycollege,https://njcaastats.prestosports.com/sports/bsb/2024-25/div2/teams/johnwoodcommunitycollege/roster,https://njcaastats.prestosports.com/sports/bsb/2024-25/div2/teams/johnwoodcommunitycollege/schedule,,,,,NJCAA_D2,Region 24,,,,"NJCAA Division II programs may offer athletic scholarships, subject to NJCAA and institutional limits.",https://www.njcaa.org/,true,true,https://njcaastats.prestosports.com/sports/bsb/2024-25/div2/teams?jsRendering=true&pos=br&sort=r,NEEDS_REVIEW
Jones College,jones-college,,MS,,PUBLIC,JUNIOR_COLLEGE,,,,,,,,,,2026,,,,,https://collegescorecard.ed.gov/,NEEDS_REVIEW,,https://njcaastats.prestosports.com/sports/bsb/2024-25/div2/teams/jonescollege,https://njcaastats.prestosports.com/sports/bsb/2024-25/div2/teams/jonescollege/roster,https://njcaastats.prestosports.com/sports/bsb/2024-25/div2/teams/jonescollege/schedule,,,,,NJCAA_D2,Region 23,,,,"NJCAA Division II programs may offer athletic scholarships, subject to NJCAA and institutional limits.",https://www.njcaa.org/,true,true,https://njcaastats.prestosports.com/sports/bsb/2024-25/div2/teams?jsRendering=true&pos=br&sort=r,NEEDS_REVIEW
Kalamazoo Valley Community College,kalamazoo-valley-community-college,,MI,,PUBLIC,JUNIOR_COLLEGE,,,,,,,,,,2026,,,,,https://collegescorecard.ed.gov/,NEEDS_REVIEW,,https://njcaastats.prestosports.com/sports/bsb/2024-25/div2/teams/kalamazoovalleycommunitycollege,https://njcaastats.prestosports.com/sports/bsb/2024-25/div2/teams/kalamazoovalleycommunitycollege/roster,https://njcaastats.prestosports.com/sports/bsb/2024-25/div2/teams/kalamazoovalleycommunitycollege/schedule,,,,,NJCAA_D2,Region 12,,,,"NJCAA Division II programs may offer athletic scholarships, subject to NJCAA and institutional limits.",https://www.njcaa.org/,true,true,https://njcaastats.prestosports.com/sports/bsb/2024-25/div2/teams?jsRendering=true&pos=br&sort=r,NEEDS_REVIEW
Kankakee Community College,kankakee-community-college,,IL,,PUBLIC,JUNIOR_COLLEGE,,,,,,,,,,2026,,,,,https://collegescorecard.ed.gov/,NEEDS_REVIEW,,https://njcaastats.prestosports.com/sports/bsb/2024-25/div2/teams/kankakeecommunitycollege,https://njcaastats.prestosports.com/sports/bsb/2024-25/div2/teams/kankakeecommunitycollege/roster,https://njcaastats.prestosports.com/sports/bsb/2024-25/div2/teams/kankakeecommunitycollege/schedule,,,,,NJCAA_D2,Region 4,,,,"NJCAA Division II programs may offer athletic scholarships, subject to NJCAA and institutional limits.",https://www.njcaa.org/,true,true,https://njcaastats.prestosports.com/sports/bsb/2024-25/div2/teams?jsRendering=true&pos=br&sort=r,NEEDS_REVIEW
Kellogg Community College,kellogg-community-college,,MI,,PUBLIC,JUNIOR_COLLEGE,,,,,,,,,,2026,,,,,https://collegescorecard.ed.gov/,NEEDS_REVIEW,,https://njcaastats.prestosports.com/sports/bsb/2024-25/div2/teams/kelloggcommunitycollege,https://njcaastats.prestosports.com/sports/bsb/2024-25/div2/teams/kelloggcommunitycollege/roster,https://njcaastats.prestosports.com/sports/bsb/2024-25/div2/teams/kelloggcommunitycollege/schedule,,,,,NJCAA_D2,Region 12,,,,"NJCAA Division II programs may offer athletic scholarships, subject to NJCAA and institutional limits.",https://www.njcaa.org/,true,true,https://njcaastats.prestosports.com/sports/bsb/2024-25/div2/teams?jsRendering=true&pos=br&sort=r,NEEDS_REVIEW
Kirkwood Community College,kirkwood-community-college,,IA,,PUBLIC,JUNIOR_COLLEGE,,,,,,,,,,2026,,,,,https://collegescorecard.ed.gov/,NEEDS_REVIEW,,https://njcaastats.prestosports.com/sports/bsb/2024-25/div2/teams/kirkwoodcommunitycollege,https://njcaastats.prestosports.com/sports/bsb/2024-25/div2/teams/kirkwoodcommunitycollege/roster,https://njcaastats.prestosports.com/sports/bsb/2024-25/div2/teams/kirkwoodcommunitycollege/schedule,,,,,NJCAA_D2,Region 11,,,,"NJCAA Division II programs may offer athletic scholarships, subject to NJCAA and institutional limits.",https://www.njcaa.org/,true,true,https://njcaastats.prestosports.com/sports/bsb/2024-25/div2/teams?jsRendering=true&pos=br&sort=r,NEEDS_REVIEW
Lackawanna College,lackawanna-college,,PA,,PUBLIC,JUNIOR_COLLEGE,,,,,,,,,,2026,,,,,https://collegescorecard.ed.gov/,NEEDS_REVIEW,,https://njcaastats.prestosports.com/sports/bsb/2024-25/div2/teams/lackawannacollege,https://njcaastats.prestosports.com/sports/bsb/2024-25/div2/teams/lackawannacollege/roster,https://njcaastats.prestosports.com/sports/bsb/2024-25/div2/teams/lackawannacollege/schedule,,,,,NJCAA_D2,Region 19,,,,"NJCAA Division II programs may offer athletic scholarships, subject to NJCAA and institutional limits.",https://www.njcaa.org/,true,true,https://njcaastats.prestosports.com/sports/bsb/2024-25/div2/teams?jsRendering=true&pos=br&sort=r,NEEDS_REVIEW
Lake Michigan College,lake-michigan-college,,MI,,PUBLIC,JUNIOR_COLLEGE,,,,,,,,,,2026,,,,,https://collegescorecard.ed.gov/,NEEDS_REVIEW,,https://njcaastats.prestosports.com/sports/bsb/2024-25/div2/teams/lakemichigancollege,https://njcaastats.prestosports.com/sports/bsb/2024-25/div2/teams/lakemichigancollege/roster,https://njcaastats.prestosports.com/sports/bsb/2024-25/div2/teams/lakemichigancollege/schedule,,,,,NJCAA_D2,Region 12,,,,"NJCAA Division II programs may offer athletic scholarships, subject to NJCAA and institutional limits.",https://www.njcaa.org/,true,true,https://njcaastats.prestosports.com/sports/bsb/2024-25/div2/teams?jsRendering=true&pos=br&sort=r,NEEDS_REVIEW
Lake Region State College - ND,lake-region-state-college-nd,,ND,,PUBLIC,JUNIOR_COLLEGE,,,,,,,,,,2026,,,,,https://collegescorecard.ed.gov/,NEEDS_REVIEW,,https://njcaastats.prestosports.com/sports/bsb/2024-25/div2/teams/lakeregionstatecollegend,https://njcaastats.prestosports.com/sports/bsb/2024-25/div2/teams/lakeregionstatecollegend/roster,https://njcaastats.prestosports.com/sports/bsb/2024-25/div2/teams/lakeregionstatecollegend/schedule,,,,,NJCAA_D2,Region 13,,,,"NJCAA Division II programs may offer athletic scholarships, subject to NJCAA and institutional limits.",https://www.njcaa.org/,true,true,https://njcaastats.prestosports.com/sports/bsb/2024-25/div2/teams?jsRendering=true&pos=br&sort=r,NEEDS_REVIEW
Lake-Sumter State College,lake-sumter-state-college,,FL,,PUBLIC,JUNIOR_COLLEGE,,,,,,,,,,2026,,,,,https://collegescorecard.ed.gov/,NEEDS_REVIEW,,https://njcaastats.prestosports.com/sports/bsb/2024-25/div2/teams/lakesumterstatecollege,https://njcaastats.prestosports.com/sports/bsb/2024-25/div2/teams/lakesumterstatecollege/roster,https://njcaastats.prestosports.com/sports/bsb/2024-25/div2/teams/lakesumterstatecollege/schedule,,,,,NJCAA_D2,Region 8,,,,"NJCAA Division II programs may offer athletic scholarships, subject to NJCAA and institutional limits.",https://www.njcaa.org/,true,true,https://njcaastats.prestosports.com/sports/bsb/2024-25/div2/teams?jsRendering=true&pos=br&sort=r,NEEDS_REVIEW
Lakeland Community College,lakeland-community-college,,OH,,PUBLIC,JUNIOR_COLLEGE,,,,,,,,,,2026,,,,,https://collegescorecard.ed.gov/,NEEDS_REVIEW,,https://njcaastats.prestosports.com/sports/bsb/2024-25/div2/teams/lakelandcommunitycollege,https://njcaastats.prestosports.com/sports/bsb/2024-25/div2/teams/lakelandcommunitycollege/roster,https://njcaastats.prestosports.com/sports/bsb/2024-25/div2/teams/lakelandcommunitycollege/schedule,,,,,NJCAA_D2,Region 12,,,,"NJCAA Division II programs may offer athletic scholarships, subject to NJCAA and institutional limits.",https://www.njcaa.org/,true,true,https://njcaastats.prestosports.com/sports/bsb/2024-25/div2/teams?jsRendering=true&pos=br&sort=r,NEEDS_REVIEW
Lansing Community College,lansing-community-college,,MI,,PUBLIC,JUNIOR_COLLEGE,,,,,,,,,,2026,,,,,https://collegescorecard.ed.gov/,NEEDS_REVIEW,,https://njcaastats.prestosports.com/sports/bsb/2024-25/div2/teams/lansingcommunitycollege,https://njcaastats.prestosports.com/sports/bsb/2024-25/div2/teams/lansingcommunitycollege/roster,https://njcaastats.prestosports.com/sports/bsb/2024-25/div2/teams/lansingcommunitycollege/schedule,,,,,NJCAA_D2,Region 12,,,,"NJCAA Division II programs may offer athletic scholarships, subject to NJCAA and institutional limits.",https://www.njcaa.org/,true,true,https://njcaastats.prestosports.com/sports/bsb/2024-25/div2/teams?jsRendering=true&pos=br&sort=r,NEEDS_REVIEW
Lenoir Community College,lenoir-community-college,,NC,,PUBLIC,JUNIOR_COLLEGE,,,,,,,,,,2026,,,,,https://collegescorecard.ed.gov/,NEEDS_REVIEW,,https://njcaastats.prestosports.com/sports/bsb/2024-25/div2/teams/lenoircommunitycollege,https://njcaastats.prestosports.com/sports/bsb/2024-25/div2/teams/lenoircommunitycollege/roster,https://njcaastats.prestosports.com/sports/bsb/2024-25/div2/teams/lenoircommunitycollege/schedule,,,,,NJCAA_D2,Region 10,,,,"NJCAA Division II programs may offer athletic scholarships, subject to NJCAA and institutional limits.",https://www.njcaa.org/,true,true,https://njcaastats.prestosports.com/sports/bsb/2024-25/div2/teams?jsRendering=true&pos=br&sort=r,NEEDS_REVIEW
Lewis & Clark Community College,lewis-and-clark-community-college,,IL,,PUBLIC,JUNIOR_COLLEGE,,,,,,,,,,2026,,,,,https://collegescorecard.ed.gov/,NEEDS_REVIEW,,https://njcaastats.prestosports.com/sports/bsb/2024-25/div2/teams/lewisclarkcommunitycollege,https://njcaastats.prestosports.com/sports/bsb/2024-25/div2/teams/lewisclarkcommunitycollege/roster,https://njcaastats.prestosports.com/sports/bsb/2024-25/div2/teams/lewisclarkcommunitycollege/schedule,,,,,NJCAA_D2,Region 24,,,,"NJCAA Division II programs may offer athletic scholarships, subject to NJCAA and institutional limits.",https://www.njcaa.org/,true,true,https://njcaastats.prestosports.com/sports/bsb/2024-25/div2/teams?jsRendering=true&pos=br&sort=r,NEEDS_REVIEW
Lincoln Land Community College,lincoln-land-community-college,,IL,,PUBLIC,JUNIOR_COLLEGE,,,,,,,,,,2026,,,,,https://collegescorecard.ed.gov/,NEEDS_REVIEW,,https://njcaastats.prestosports.com/sports/bsb/2024-25/div2/teams/lincolnlandcommunitycollege,https://njcaastats.prestosports.com/sports/bsb/2024-25/div2/teams/lincolnlandcommunitycollege/roster,https://njcaastats.prestosports.com/sports/bsb/2024-25/div2/teams/lincolnlandcommunitycollege/schedule,,,,,NJCAA_D2,Region 24,,,,"NJCAA Division II programs may offer athletic scholarships, subject to NJCAA and institutional limits.",https://www.njcaa.org/,true,true,https://njcaastats.prestosports.com/sports/bsb/2024-25/div2/teams?jsRendering=true&pos=br&sort=r,NEEDS_REVIEW
Louisburg College,louisburg-college,,NC,,PUBLIC,JUNIOR_COLLEGE,,,,,,,,,,2026,,,,,https://collegescorecard.ed.gov/,NEEDS_REVIEW,,https://njcaastats.prestosports.com/sports/bsb/2024-25/div2/teams/louisburgcollege,https://njcaastats.prestosports.com/sports/bsb/2024-25/div2/teams/louisburgcollege/roster,https://njcaastats.prestosports.com/sports/bsb/2024-25/div2/teams/louisburgcollege/schedule,,,,,NJCAA_D2,Region 10,,,,"NJCAA Division II programs may offer athletic scholarships, subject to NJCAA and institutional limits.",https://www.njcaa.org/,true,true,https://njcaastats.prestosports.com/sports/bsb/2024-25/div2/teams?jsRendering=true&pos=br&sort=r,NEEDS_REVIEW
Lurleen B. Wallace Community College,lurleen-b-wallace-community-college,,AL,,PUBLIC,JUNIOR_COLLEGE,,,,,,,,,,2026,,,,,https://collegescorecard.ed.gov/,NEEDS_REVIEW,,https://njcaastats.prestosports.com/sports/bsb/2024-25/div2/teams/lurleenbwallacecommunitycollege,https://njcaastats.prestosports.com/sports/bsb/2024-25/div2/teams/lurleenbwallacecommunitycollege/roster,https://njcaastats.prestosports.com/sports/bsb/2024-25/div2/teams/lurleenbwallacecommunitycollege/schedule,,,,,NJCAA_D2,Region 22,,,,"NJCAA Division II programs may offer athletic scholarships, subject to NJCAA and institutional limits.",https://www.njcaa.org/,true,true,https://njcaastats.prestosports.com/sports/bsb/2024-25/div2/teams?jsRendering=true&pos=br&sort=r,NEEDS_REVIEW
Macomb Community College,macomb-community-college,,MI,,PUBLIC,JUNIOR_COLLEGE,,,,,,,,,,2026,,,,,https://collegescorecard.ed.gov/,NEEDS_REVIEW,,https://njcaastats.prestosports.com/sports/bsb/2024-25/div2/teams/macombcommunitycollege,https://njcaastats.prestosports.com/sports/bsb/2024-25/div2/teams/macombcommunitycollege/roster,https://njcaastats.prestosports.com/sports/bsb/2024-25/div2/teams/macombcommunitycollege/schedule,,,,,NJCAA_D2,Region 12,,,,"NJCAA Division II programs may offer athletic scholarships, subject to NJCAA and institutional limits.",https://www.njcaa.org/,true,true,https://njcaastats.prestosports.com/sports/bsb/2024-25/div2/teams?jsRendering=true&pos=br&sort=r,NEEDS_REVIEW
Madison College,madison-college,,WI,,PUBLIC,JUNIOR_COLLEGE,,,,,,,,,,2026,,,,,https://collegescorecard.ed.gov/,NEEDS_REVIEW,,https://njcaastats.prestosports.com/sports/bsb/2024-25/div2/teams/madisoncollege,https://njcaastats.prestosports.com/sports/bsb/2024-25/div2/teams/madisoncollege/roster,https://njcaastats.prestosports.com/sports/bsb/2024-25/div2/teams/madisoncollege/schedule,,,,,NJCAA_D2,Region 4,,,,"NJCAA Division II programs may offer athletic scholarships, subject to NJCAA and institutional limits.",https://www.njcaa.org/,true,true,https://njcaastats.prestosports.com/sports/bsb/2024-25/div2/teams?jsRendering=true&pos=br&sort=r,NEEDS_REVIEW
Marian University Ancilla,marian-university-ancilla,,LA,,PUBLIC,JUNIOR_COLLEGE,,,,,,,,,,2026,,,,,https://collegescorecard.ed.gov/,NEEDS_REVIEW,,https://njcaastats.prestosports.com/sports/bsb/2024-25/div2/teams/marianuniversityancilla,https://njcaastats.prestosports.com/sports/bsb/2024-25/div2/teams/marianuniversityancilla/roster,https://njcaastats.prestosports.com/sports/bsb/2024-25/div2/teams/marianuniversityancilla/schedule,,,,,NJCAA_D2,Region 12,,,,"NJCAA Division II programs may offer athletic scholarships, subject to NJCAA and institutional limits.",https://www.njcaa.org/,true,true,https://njcaastats.prestosports.com/sports/bsb/2024-25/div2/teams?jsRendering=true&pos=br&sort=r,NEEDS_REVIEW
Marion Military Institute,marion-military-institute,,AL,,PUBLIC,JUNIOR_COLLEGE,,,,,,,,,,2026,,,,,https://collegescorecard.ed.gov/,NEEDS_REVIEW,,https://njcaastats.prestosports.com/sports/bsb/2024-25/div2/teams/marionmilitaryinstitute,https://njcaastats.prestosports.com/sports/bsb/2024-25/div2/teams/marionmilitaryinstitute/roster,https://njcaastats.prestosports.com/sports/bsb/2024-25/div2/teams/marionmilitaryinstitute/schedule,,,,,NJCAA_D2,Region 22,,,,"NJCAA Division II programs may offer athletic scholarships, subject to NJCAA and institutional limits.",https://www.njcaa.org/,true,true,https://njcaastats.prestosports.com/sports/bsb/2024-25/div2/teams?jsRendering=true&pos=br&sort=r,NEEDS_REVIEW
Marshalltown Community College,marshalltown-community-college,,IA,,PUBLIC,JUNIOR_COLLEGE,,,,,,,,,,2026,,,,,https://collegescorecard.ed.gov/,NEEDS_REVIEW,,https://njcaastats.prestosports.com/sports/bsb/2024-25/div2/teams/marshalltowncc,https://njcaastats.prestosports.com/sports/bsb/2024-25/div2/teams/marshalltowncc/roster,https://njcaastats.prestosports.com/sports/bsb/2024-25/div2/teams/marshalltowncc/schedule,,,,,NJCAA_D2,Region 11,,,,"NJCAA Division II programs may offer athletic scholarships, subject to NJCAA and institutional limits.",https://www.njcaa.org/,true,true,https://njcaastats.prestosports.com/sports/bsb/2024-25/div2/teams?jsRendering=true&pos=br&sort=r,NEEDS_REVIEW
Mercer County Community College,mercer-county-community-college,,NJ,,PUBLIC,JUNIOR_COLLEGE,,,,,,,,,,2026,,,,,https://collegescorecard.ed.gov/,NEEDS_REVIEW,,https://njcaastats.prestosports.com/sports/bsb/2024-25/div2/teams/mercercountycommunitycollege,https://njcaastats.prestosports.com/sports/bsb/2024-25/div2/teams/mercercountycommunitycollege/roster,https://njcaastats.prestosports.com/sports/bsb/2024-25/div2/teams/mercercountycommunitycollege/schedule,,,,,NJCAA_D2,Region 19,,,,"NJCAA Division II programs may offer athletic scholarships, subject to NJCAA and institutional limits.",https://www.njcaa.org/,true,true,https://njcaastats.prestosports.com/sports/bsb/2024-25/div2/teams?jsRendering=true&pos=br&sort=r,NEEDS_REVIEW
Meridian Community College,meridian-community-college,,MS,,PUBLIC,JUNIOR_COLLEGE,,,,,,,,,,2026,,,,,https://collegescorecard.ed.gov/,NEEDS_REVIEW,,https://njcaastats.prestosports.com/sports/bsb/2024-25/div2/teams/meridiancommunitycollege,https://njcaastats.prestosports.com/sports/bsb/2024-25/div2/teams/meridiancommunitycollege/roster,https://njcaastats.prestosports.com/sports/bsb/2024-25/div2/teams/meridiancommunitycollege/schedule,,,,,NJCAA_D2,Region 23,,,,"NJCAA Division II programs may offer athletic scholarships, subject to NJCAA and institutional limits.",https://www.njcaa.org/,true,true,https://njcaastats.prestosports.com/sports/bsb/2024-25/div2/teams?jsRendering=true&pos=br&sort=r,NEEDS_REVIEW
Mesa Community College,mesa-community-college,,AZ,,PUBLIC,JUNIOR_COLLEGE,,,,,,,,,,2026,,,,,https://collegescorecard.ed.gov/,NEEDS_REVIEW,,https://njcaastats.prestosports.com/sports/bsb/2024-25/div2/teams/mesacommunitycollege,https://njcaastats.prestosports.com/sports/bsb/2024-25/div2/teams/mesacommunitycollege/roster,https://njcaastats.prestosports.com/sports/bsb/2024-25/div2/teams/mesacommunitycollege/schedule,,,,,NJCAA_D2,Region 1,,,,"NJCAA Division II programs may offer athletic scholarships, subject to NJCAA and institutional limits.",https://www.njcaa.org/,true,true,https://njcaastats.prestosports.com/sports/bsb/2024-25/div2/teams?jsRendering=true&pos=br&sort=r,NEEDS_REVIEW
Mid Michigan College,mid-michigan-college,,MI,,PUBLIC,JUNIOR_COLLEGE,,,,,,,,,,2026,,,,,https://collegescorecard.ed.gov/,NEEDS_REVIEW,,https://njcaastats.prestosports.com/sports/bsb/2024-25/div2/teams/midmichigancollege,https://njcaastats.prestosports.com/sports/bsb/2024-25/div2/teams/midmichigancollege/roster,https://njcaastats.prestosports.com/sports/bsb/2024-25/div2/teams/midmichigancollege/schedule,,,,,NJCAA_D2,Region 12,,,,"NJCAA Division II programs may offer athletic scholarships, subject to NJCAA and institutional limits.",https://www.njcaa.org/,true,true,https://njcaastats.prestosports.com/sports/bsb/2024-25/div2/teams?jsRendering=true&pos=br&sort=r,NEEDS_REVIEW
Miles Community College,miles-community-college,,MT,,PUBLIC,JUNIOR_COLLEGE,,,,,,,,,,2026,,,,,https://collegescorecard.ed.gov/,NEEDS_REVIEW,,https://njcaastats.prestosports.com/sports/bsb/2024-25/div2/teams/milescommunitycollege,https://njcaastats.prestosports.com/sports/bsb/2024-25/div2/teams/milescommunitycollege/roster,https://njcaastats.prestosports.com/sports/bsb/2024-25/div2/teams/milescommunitycollege/schedule,,,,,NJCAA_D2,Region 13,,,,"NJCAA Division II programs may offer athletic scholarships, subject to NJCAA and institutional limits.",https://www.njcaa.org/,true,true,https://njcaastats.prestosports.com/sports/bsb/2024-25/div2/teams?jsRendering=true&pos=br&sort=r,NEEDS_REVIEW
Milwaukee Area Technical College,milwaukee-area-technical-college,,WI,,PUBLIC,JUNIOR_COLLEGE,,,,,,,,,,2026,,,,,https://collegescorecard.ed.gov/,NEEDS_REVIEW,,https://njcaastats.prestosports.com/sports/bsb/2024-25/div2/teams/milwaukeeareatechnicalcollege,https://njcaastats.prestosports.com/sports/bsb/2024-25/div2/teams/milwaukeeareatechnicalcollege/roster,https://njcaastats.prestosports.com/sports/bsb/2024-25/div2/teams/milwaukeeareatechnicalcollege/schedule,,,,,NJCAA_D2,Region 4,,,,"NJCAA Division II programs may offer athletic scholarships, subject to NJCAA and institutional limits.",https://www.njcaa.org/,true,true,https://njcaastats.prestosports.com/sports/bsb/2024-25/div2/teams?jsRendering=true&pos=br&sort=r,NEEDS_REVIEW
Mississippi Delta Community College,mississippi-delta-community-college,,MS,,PUBLIC,JUNIOR_COLLEGE,,,,,,,,,,2026,,,,,https://collegescorecard.ed.gov/,NEEDS_REVIEW,,https://njcaastats.prestosports.com/sports/bsb/2024-25/div2/teams/mississippideltacommunitycollege,https://njcaastats.prestosports.com/sports/bsb/2024-25/div2/teams/mississippideltacommunitycollege/roster,https://njcaastats.prestosports.com/sports/bsb/2024-25/div2/teams/mississippideltacommunitycollege/schedule,,,,,NJCAA_D2,Region 23,,,,"NJCAA Division II programs may offer athletic scholarships, subject to NJCAA and institutional limits.",https://www.njcaa.org/,true,true,https://njcaastats.prestosports.com/sports/bsb/2024-25/div2/teams?jsRendering=true&pos=br&sort=r,NEEDS_REVIEW
Mississippi Gulf Coast Community College,mississippi-gulf-coast-community-college,,MS,,PUBLIC,JUNIOR_COLLEGE,,,,,,,,,,2026,,,,,https://collegescorecard.ed.gov/,NEEDS_REVIEW,,https://njcaastats.prestosports.com/sports/bsb/2024-25/div2/teams/mississippigulfcoastcommunitycollege,https://njcaastats.prestosports.com/sports/bsb/2024-25/div2/teams/mississippigulfcoastcommunitycollege/roster,https://njcaastats.prestosports.com/sports/bsb/2024-25/div2/teams/mississippigulfcoastcommunitycollege/schedule,,,,,NJCAA_D2,Region 23,,,,"NJCAA Division II programs may offer athletic scholarships, subject to NJCAA and institutional limits.",https://www.njcaa.org/,true,true,https://njcaastats.prestosports.com/sports/bsb/2024-25/div2/teams?jsRendering=true&pos=br&sort=r,NEEDS_REVIEW
Moberly Area Community College,moberly-area-community-college,,MO,,PUBLIC,JUNIOR_COLLEGE,,,,,,,,,,2026,,,,,https://collegescorecard.ed.gov/,NEEDS_REVIEW,,https://njcaastats.prestosports.com/sports/bsb/2024-25/div2/teams/moberlyareacommunitycollege,https://njcaastats.prestosports.com/sports/bsb/2024-25/div2/teams/moberlyareacommunitycollege/roster,https://njcaastats.prestosports.com/sports/bsb/2024-25/div2/teams/moberlyareacommunitycollege/schedule,,,,,NJCAA_D2,Region 16,,,,"NJCAA Division II programs may offer athletic scholarships, subject to NJCAA and institutional limits.",https://www.njcaa.org/,true,true,https://njcaastats.prestosports.com/sports/bsb/2024-25/div2/teams?jsRendering=true&pos=br&sort=r,NEEDS_REVIEW
Monroe Community College,monroe-community-college,,NY,,PUBLIC,JUNIOR_COLLEGE,,,,,,,,,,2026,,,,,https://collegescorecard.ed.gov/,NEEDS_REVIEW,,https://njcaastats.prestosports.com/sports/bsb/2024-25/div2/teams/monroecommunitycollege,https://njcaastats.prestosports.com/sports/bsb/2024-25/div2/teams/monroecommunitycollege/roster,https://njcaastats.prestosports.com/sports/bsb/2024-25/div2/teams/monroecommunitycollege/schedule,,,,,NJCAA_D2,Region 3,,,,"NJCAA Division II programs may offer athletic scholarships, subject to NJCAA and institutional limits.",https://www.njcaa.org/,true,true,https://njcaastats.prestosports.com/sports/bsb/2024-25/div2/teams?jsRendering=true&pos=br&sort=r,NEEDS_REVIEW
Montgomery College,montgomery-college,,MD,,PUBLIC,JUNIOR_COLLEGE,,,,,,,,,,2026,,,,,https://collegescorecard.ed.gov/,NEEDS_REVIEW,,https://njcaastats.prestosports.com/sports/bsb/2024-25/div2/teams/montgomerycollegemd,https://njcaastats.prestosports.com/sports/bsb/2024-25/div2/teams/montgomerycollegemd/roster,https://njcaastats.prestosports.com/sports/bsb/2024-25/div2/teams/montgomerycollegemd/schedule,,,,,NJCAA_D2,Region 20,,,,"NJCAA Division II programs may offer athletic scholarships, subject to NJCAA and institutional limits.",https://www.njcaa.org/,true,true,https://njcaastats.prestosports.com/sports/bsb/2024-25/div2/teams?jsRendering=true&pos=br&sort=r,NEEDS_REVIEW
Moraine Valley Community College,moraine-valley-community-college,,IL,,PUBLIC,JUNIOR_COLLEGE,,,,,,,,,,2026,,,,,https://collegescorecard.ed.gov/,NEEDS_REVIEW,,https://njcaastats.prestosports.com/sports/bsb/2024-25/div2/teams/morainevalleycommunitycollege,https://njcaastats.prestosports.com/sports/bsb/2024-25/div2/teams/morainevalleycommunitycollege/roster,https://njcaastats.prestosports.com/sports/bsb/2024-25/div2/teams/morainevalleycommunitycollege/schedule,,,,,NJCAA_D2,Region 4,,,,"NJCAA Division II programs may offer athletic scholarships, subject to NJCAA and institutional limits.",https://www.njcaa.org/,true,true,https://njcaastats.prestosports.com/sports/bsb/2024-25/div2/teams?jsRendering=true&pos=br&sort=r,NEEDS_REVIEW
Morton College,morton-college,,IL,,PUBLIC,JUNIOR_COLLEGE,,,,,,,,,,2026,,,,,https://collegescorecard.ed.gov/,NEEDS_REVIEW,,https://njcaastats.prestosports.com/sports/bsb/2024-25/div2/teams/mortoncollege,https://njcaastats.prestosports.com/sports/bsb/2024-25/div2/teams/mortoncollege/roster,https://njcaastats.prestosports.com/sports/bsb/2024-25/div2/teams/mortoncollege/schedule,,,,,NJCAA_D2,Region 4,,,,"NJCAA Division II programs may offer athletic scholarships, subject to NJCAA and institutional limits.",https://www.njcaa.org/,true,true,https://njcaastats.prestosports.com/sports/bsb/2024-25/div2/teams?jsRendering=true&pos=br&sort=r,NEEDS_REVIEW
Mott Community College,mott-community-college,,MI,,PUBLIC,JUNIOR_COLLEGE,,,,,,,,,,2026,,,,,https://collegescorecard.ed.gov/,NEEDS_REVIEW,,https://njcaastats.prestosports.com/sports/bsb/2024-25/div2/teams/mottcommunitycollege,https://njcaastats.prestosports.com/sports/bsb/2024-25/div2/teams/mottcommunitycollege/roster,https://njcaastats.prestosports.com/sports/bsb/2024-25/div2/teams/mottcommunitycollege/schedule,,,,,NJCAA_D2,Region 12,,,,"NJCAA Division II programs may offer athletic scholarships, subject to NJCAA and institutional limits.",https://www.njcaa.org/,true,true,https://njcaastats.prestosports.com/sports/bsb/2024-25/div2/teams?jsRendering=true&pos=br&sort=r,NEEDS_REVIEW
Murray State College,murray-state-college,,OK,,PUBLIC,JUNIOR_COLLEGE,,,,,,,,,,2026,,,,,https://collegescorecard.ed.gov/,NEEDS_REVIEW,,https://njcaastats.prestosports.com/sports/bsb/2024-25/div2/teams/murraystatecollege,https://njcaastats.prestosports.com/sports/bsb/2024-25/div2/teams/murraystatecollege/roster,https://njcaastats.prestosports.com/sports/bsb/2024-25/div2/teams/murraystatecollege/schedule,,,,,NJCAA_D2,Region 2,,,,"NJCAA Division II programs may offer athletic scholarships, subject to NJCAA and institutional limits.",https://www.njcaa.org/,true,true,https://njcaastats.prestosports.com/sports/bsb/2024-25/div2/teams?jsRendering=true&pos=br&sort=r,NEEDS_REVIEW
Muskegon Community College,muskegon-community-college,,MI,,PUBLIC,JUNIOR_COLLEGE,,,,,,,,,,2026,,,,,https://collegescorecard.ed.gov/,NEEDS_REVIEW,,https://njcaastats.prestosports.com/sports/bsb/2024-25/div2/teams/muskegoncommunitycollege,https://njcaastats.prestosports.com/sports/bsb/2024-25/div2/teams/muskegoncommunitycollege/roster,https://njcaastats.prestosports.com/sports/bsb/2024-25/div2/teams/muskegoncommunitycollege/schedule,,,,,NJCAA_D2,Region 12,,,,"NJCAA Division II programs may offer athletic scholarships, subject to NJCAA and institutional limits.",https://www.njcaa.org/,true,true,https://njcaastats.prestosports.com/sports/bsb/2024-25/div2/teams?jsRendering=true&pos=br&sort=r,NEEDS_REVIEW
National Park College,national-park-college,,AR,,PUBLIC,JUNIOR_COLLEGE,,,,,,,,,,2026,,,,,https://collegescorecard.ed.gov/,NEEDS_REVIEW,,https://njcaastats.prestosports.com/sports/bsb/2024-25/div2/teams/nationalparkcollege,https://njcaastats.prestosports.com/sports/bsb/2024-25/div2/teams/nationalparkcollege/roster,https://njcaastats.prestosports.com/sports/bsb/2024-25/div2/teams/nationalparkcollege/schedule,,,,,NJCAA_D2,Region 2,,,,"NJCAA Division II programs may offer athletic scholarships, subject to NJCAA and institutional limits.",https://www.njcaa.org/,true,true,https://njcaastats.prestosports.com/sports/bsb/2024-25/div2/teams?jsRendering=true&pos=br&sort=r,NEEDS_REVIEW
North Central Missouri College,north-central-missouri-college,,MO,,PUBLIC,JUNIOR_COLLEGE,,,,,,,,,,2026,,,,,https://collegescorecard.ed.gov/,NEEDS_REVIEW,,https://njcaastats.prestosports.com/sports/bsb/2024-25/div2/teams/northcentralmissouricollege,https://njcaastats.prestosports.com/sports/bsb/2024-25/div2/teams/northcentralmissouricollege/roster,https://njcaastats.prestosports.com/sports/bsb/2024-25/div2/teams/northcentralmissouricollege/schedule,,,,,NJCAA_D2,Region 16,,,,"NJCAA Division II programs may offer athletic scholarships, subject to NJCAA and institutional limits.",https://www.njcaa.org/,true,true,https://njcaastats.prestosports.com/sports/bsb/2024-25/div2/teams?jsRendering=true&pos=br&sort=r,NEEDS_REVIEW
North Iowa Area Community College,north-iowa-area-community-college,,IA,,PUBLIC,JUNIOR_COLLEGE,,,,,,,,,,2026,,,,,https://collegescorecard.ed.gov/,NEEDS_REVIEW,,https://njcaastats.prestosports.com/sports/bsb/2024-25/div2/teams/northiowaareacommunitycollege,https://njcaastats.prestosports.com/sports/bsb/2024-25/div2/teams/northiowaareacommunitycollege/roster,https://njcaastats.prestosports.com/sports/bsb/2024-25/div2/teams/northiowaareacommunitycollege/schedule,,,,,NJCAA_D2,Region 11,,,,"NJCAA Division II programs may offer athletic scholarships, subject to NJCAA and institutional limits.",https://www.njcaa.org/,true,true,https://njcaastats.prestosports.com/sports/bsb/2024-25/div2/teams?jsRendering=true&pos=br&sort=r,NEEDS_REVIEW
Northeast Community College,northeast-community-college,,NE,,PUBLIC,JUNIOR_COLLEGE,,,,,,,,,,2026,,,,,https://collegescorecard.ed.gov/,NEEDS_REVIEW,,https://njcaastats.prestosports.com/sports/bsb/2024-25/div2/teams/northeastcommunitycollege,https://njcaastats.prestosports.com/sports/bsb/2024-25/div2/teams/northeastcommunitycollege/roster,https://njcaastats.prestosports.com/sports/bsb/2024-25/div2/teams/northeastcommunitycollege/schedule,,,,,NJCAA_D2,Region 11,,,,"NJCAA Division II programs may offer athletic scholarships, subject to NJCAA and institutional limits.",https://www.njcaa.org/,true,true,https://njcaastats.prestosports.com/sports/bsb/2024-25/div2/teams?jsRendering=true&pos=br&sort=r,NEEDS_REVIEW
Northeast Mississippi Community College,northeast-mississippi-community-college,,MS,,PUBLIC,JUNIOR_COLLEGE,,,,,,,,,,2026,,,,,https://collegescorecard.ed.gov/,NEEDS_REVIEW,,https://njcaastats.prestosports.com/sports/bsb/2024-25/div2/teams/northeastmississippicommunitycollege,https://njcaastats.prestosports.com/sports/bsb/2024-25/div2/teams/northeastmississippicommunitycollege/roster,https://njcaastats.prestosports.com/sports/bsb/2024-25/div2/teams/northeastmississippicommunitycollege/schedule,,,,,NJCAA_D2,Region 23,,,,"NJCAA Division II programs may offer athletic scholarships, subject to NJCAA and institutional limits.",https://www.njcaa.org/,true,true,https://njcaastats.prestosports.com/sports/bsb/2024-25/div2/teams?jsRendering=true&pos=br&sort=r,NEEDS_REVIEW
Northern Oklahoma College-Enid,northern-oklahoma-college-enid,,ID,,PUBLIC,JUNIOR_COLLEGE,,,,,,,,,,2026,,,,,https://collegescorecard.ed.gov/,NEEDS_REVIEW,,https://njcaastats.prestosports.com/sports/bsb/2024-25/div2/teams/northernoklahomacollegeenid,https://njcaastats.prestosports.com/sports/bsb/2024-25/div2/teams/northernoklahomacollegeenid/roster,https://njcaastats.prestosports.com/sports/bsb/2024-25/div2/teams/northernoklahomacollegeenid/schedule,,,,,NJCAA_D2,Region 2,,,,"NJCAA Division II programs may offer athletic scholarships, subject to NJCAA and institutional limits.",https://www.njcaa.org/,true,true,https://njcaastats.prestosports.com/sports/bsb/2024-25/div2/teams?jsRendering=true&pos=br&sort=r,NEEDS_REVIEW
Northern Oklahoma College-Tonkawa,northern-oklahoma-college-tonkawa,,WA,,PUBLIC,JUNIOR_COLLEGE,,,,,,,,,,2026,,,,,https://collegescorecard.ed.gov/,NEEDS_REVIEW,,https://njcaastats.prestosports.com/sports/bsb/2024-25/div2/teams/northernoklahomacollegetonkawa,https://njcaastats.prestosports.com/sports/bsb/2024-25/div2/teams/northernoklahomacollegetonkawa/roster,https://njcaastats.prestosports.com/sports/bsb/2024-25/div2/teams/northernoklahomacollegetonkawa/schedule,,,,,NJCAA_D2,Region 2,,,,"NJCAA Division II programs may offer athletic scholarships, subject to NJCAA and institutional limits.",https://www.njcaa.org/,true,true,https://njcaastats.prestosports.com/sports/bsb/2024-25/div2/teams?jsRendering=true&pos=br&sort=r,NEEDS_REVIEW
Northwest Mississippi Community College,northwest-mississippi-community-college,,MS,,PUBLIC,JUNIOR_COLLEGE,,,,,,,,,,2026,,,,,https://collegescorecard.ed.gov/,NEEDS_REVIEW,,https://njcaastats.prestosports.com/sports/bsb/2024-25/div2/teams/northwestmississippicommunitycollege,https://njcaastats.prestosports.com/sports/bsb/2024-25/div2/teams/northwestmississippicommunitycollege/roster,https://njcaastats.prestosports.com/sports/bsb/2024-25/div2/teams/northwestmississippicommunitycollege/schedule,,,,,NJCAA_D2,Region 23,,,,"NJCAA Division II programs may offer athletic scholarships, subject to NJCAA and institutional limits.",https://www.njcaa.org/,true,true,https://njcaastats.prestosports.com/sports/bsb/2024-25/div2/teams?jsRendering=true&pos=br&sort=r,NEEDS_REVIEW
Orange County Community College,orange-county-community-college,,NY,,PUBLIC,JUNIOR_COLLEGE,,,,,,,,,,2026,,,,,https://collegescorecard.ed.gov/,NEEDS_REVIEW,,https://njcaastats.prestosports.com/sports/bsb/2024-25/div2/teams/orangecountycommunitycollege,https://njcaastats.prestosports.com/sports/bsb/2024-25/div2/teams/orangecountycommunitycollege/roster,https://njcaastats.prestosports.com/sports/bsb/2024-25/div2/teams/orangecountycommunitycollege/schedule,,,,,NJCAA_D2,Region 15,,,,"NJCAA Division II programs may offer athletic scholarships, subject to NJCAA and institutional limits.",https://www.njcaa.org/,true,true,https://njcaastats.prestosports.com/sports/bsb/2024-25/div2/teams?jsRendering=true&pos=br&sort=r,NEEDS_REVIEW
Palm Beach State College,palm-beach-state-college,,FL,,PUBLIC,JUNIOR_COLLEGE,,,,,,,,,,2026,,,,,https://collegescorecard.ed.gov/,NEEDS_REVIEW,,https://njcaastats.prestosports.com/sports/bsb/2024-25/div2/teams/palmbeachstatecollege,https://njcaastats.prestosports.com/sports/bsb/2024-25/div2/teams/palmbeachstatecollege/roster,https://njcaastats.prestosports.com/sports/bsb/2024-25/div2/teams/palmbeachstatecollege/schedule,,,,,NJCAA_D2,Region 8,,,,"NJCAA Division II programs may offer athletic scholarships, subject to NJCAA and institutional limits.",https://www.njcaa.org/,true,true,https://njcaastats.prestosports.com/sports/bsb/2024-25/div2/teams?jsRendering=true&pos=br&sort=r,NEEDS_REVIEW
Paradise Valley Community College,paradise-valley-community-college,,AZ,,PUBLIC,JUNIOR_COLLEGE,,,,,,,,,,2026,,,,,https://collegescorecard.ed.gov/,NEEDS_REVIEW,,https://njcaastats.prestosports.com/sports/bsb/2024-25/div2/teams/paradisevalleycommunitycollege,https://njcaastats.prestosports.com/sports/bsb/2024-25/div2/teams/paradisevalleycommunitycollege/roster,https://njcaastats.prestosports.com/sports/bsb/2024-25/div2/teams/paradisevalleycommunitycollege/schedule,,,,,NJCAA_D2,Region 1,,,,"NJCAA Division II programs may offer athletic scholarships, subject to NJCAA and institutional limits.",https://www.njcaa.org/,true,true,https://njcaastats.prestosports.com/sports/bsb/2024-25/div2/teams?jsRendering=true&pos=br&sort=r,NEEDS_REVIEW
Parkland College,parkland-college,,IL,,PUBLIC,JUNIOR_COLLEGE,,,,,,,,,,2026,,,,,https://collegescorecard.ed.gov/,NEEDS_REVIEW,,https://njcaastats.prestosports.com/sports/bsb/2024-25/div2/teams/parklandcollege,https://njcaastats.prestosports.com/sports/bsb/2024-25/div2/teams/parklandcollege/roster,https://njcaastats.prestosports.com/sports/bsb/2024-25/div2/teams/parklandcollege/schedule,,,,,NJCAA_D2,Region 24,,,,"NJCAA Division II programs may offer athletic scholarships, subject to NJCAA and institutional limits.",https://www.njcaa.org/,true,true,https://njcaastats.prestosports.com/sports/bsb/2024-25/div2/teams?jsRendering=true&pos=br&sort=r,NEEDS_REVIEW
Pasco-Hernando State College,pasco-hernando-state-college,,FL,,PUBLIC,JUNIOR_COLLEGE,,,,,,,,,,2026,,,,,https://collegescorecard.ed.gov/,NEEDS_REVIEW,,https://njcaastats.prestosports.com/sports/bsb/2024-25/div2/teams/pascohernandostatecollege,https://njcaastats.prestosports.com/sports/bsb/2024-25/div2/teams/pascohernandostatecollege/roster,https://njcaastats.prestosports.com/sports/bsb/2024-25/div2/teams/pascohernandostatecollege/schedule,,,,,NJCAA_D2,Region 8,,,,"NJCAA Division II programs may offer athletic scholarships, subject to NJCAA and institutional limits.",https://www.njcaa.org/,true,true,https://njcaastats.prestosports.com/sports/bsb/2024-25/div2/teams?jsRendering=true&pos=br&sort=r,NEEDS_REVIEW
Patrick & Henry Community College,patrick-and-henry-community-college,,VA,,PUBLIC,JUNIOR_COLLEGE,,,,,,,,,,2026,,,,,https://collegescorecard.ed.gov/,NEEDS_REVIEW,,https://njcaastats.prestosports.com/sports/bsb/2024-25/div2/teams/patrickhenrycommunitycollege,https://njcaastats.prestosports.com/sports/bsb/2024-25/div2/teams/patrickhenrycommunitycollege/roster,https://njcaastats.prestosports.com/sports/bsb/2024-25/div2/teams/patrickhenrycommunitycollege/schedule,,,,,NJCAA_D2,Region 10,,,,"NJCAA Division II programs may offer athletic scholarships, subject to NJCAA and institutional limits.",https://www.njcaa.org/,true,true,https://njcaastats.prestosports.com/sports/bsb/2024-25/div2/teams?jsRendering=true&pos=br&sort=r,NEEDS_REVIEW
Pearl River Community College,pearl-river-community-college,,MS,,PUBLIC,JUNIOR_COLLEGE,,,,,,,,,,2026,,,,,https://collegescorecard.ed.gov/,NEEDS_REVIEW,,https://njcaastats.prestosports.com/sports/bsb/2024-25/div2/teams/pearlrivercommunitycollege,https://njcaastats.prestosports.com/sports/bsb/2024-25/div2/teams/pearlrivercommunitycollege/roster,https://njcaastats.prestosports.com/sports/bsb/2024-25/div2/teams/pearlrivercommunitycollege/schedule,,,,,NJCAA_D2,Region 23,,,,"NJCAA Division II programs may offer athletic scholarships, subject to NJCAA and institutional limits.",https://www.njcaa.org/,true,true,https://njcaastats.prestosports.com/sports/bsb/2024-25/div2/teams?jsRendering=true&pos=br&sort=r,NEEDS_REVIEW
Phoenix College,phoenix-college,,AZ,,PUBLIC,JUNIOR_COLLEGE,,,,,,,,,,2026,,,,,https://collegescorecard.ed.gov/,NEEDS_REVIEW,,https://njcaastats.prestosports.com/sports/bsb/2024-25/div2/teams/phoenixcollege,https://njcaastats.prestosports.com/sports/bsb/2024-25/div2/teams/phoenixcollege/roster,https://njcaastats.prestosports.com/sports/bsb/2024-25/div2/teams/phoenixcollege/schedule,,,,,NJCAA_D2,Region 1,,,,"NJCAA Division II programs may offer athletic scholarships, subject to NJCAA and institutional limits.",https://www.njcaa.org/,true,true,https://njcaastats.prestosports.com/sports/bsb/2024-25/div2/teams?jsRendering=true&pos=br&sort=r,NEEDS_REVIEW
Pima Community College,pima-community-college,,AZ,,PUBLIC,JUNIOR_COLLEGE,,,,,,,,,,2026,,,,,https://collegescorecard.ed.gov/,NEEDS_REVIEW,,https://njcaastats.prestosports.com/sports/bsb/2024-25/div2/teams/pimacommunitycollege,https://njcaastats.prestosports.com/sports/bsb/2024-25/div2/teams/pimacommunitycollege/roster,https://njcaastats.prestosports.com/sports/bsb/2024-25/div2/teams/pimacommunitycollege/schedule,,,,,NJCAA_D2,Region 1,,,,"NJCAA Division II programs may offer athletic scholarships, subject to NJCAA and institutional limits.",https://www.njcaa.org/,true,true,https://njcaastats.prestosports.com/sports/bsb/2024-25/div2/teams?jsRendering=true&pos=br&sort=r,NEEDS_REVIEW
Pitt Community College,pitt-community-college,,NC,,PUBLIC,JUNIOR_COLLEGE,,,,,,,,,,2026,,,,,https://collegescorecard.ed.gov/,NEEDS_REVIEW,,https://njcaastats.prestosports.com/sports/bsb/2024-25/div2/teams/pittcommunitycollege,https://njcaastats.prestosports.com/sports/bsb/2024-25/div2/teams/pittcommunitycollege/roster,https://njcaastats.prestosports.com/sports/bsb/2024-25/div2/teams/pittcommunitycollege/schedule,,,,,NJCAA_D2,Region 10,,,,"NJCAA Division II programs may offer athletic scholarships, subject to NJCAA and institutional limits.",https://www.njcaa.org/,true,true,https://njcaastats.prestosports.com/sports/bsb/2024-25/div2/teams?jsRendering=true&pos=br&sort=r,NEEDS_REVIEW
Prairie State College,prairie-state-college,,IL,,PUBLIC,JUNIOR_COLLEGE,,,,,,,,,,2026,,,,,https://collegescorecard.ed.gov/,NEEDS_REVIEW,,https://njcaastats.prestosports.com/sports/bsb/2024-25/div2/teams/prairiestatecollege,https://njcaastats.prestosports.com/sports/bsb/2024-25/div2/teams/prairiestatecollege/roster,https://njcaastats.prestosports.com/sports/bsb/2024-25/div2/teams/prairiestatecollege/schedule,,,,,NJCAA_D2,Region 4,,,,"NJCAA Division II programs may offer athletic scholarships, subject to NJCAA and institutional limits.",https://www.njcaa.org/,true,true,https://njcaastats.prestosports.com/sports/bsb/2024-25/div2/teams?jsRendering=true&pos=br&sort=r,NEEDS_REVIEW
Prince George's Community College,prince-george-s-community-college,,MD,,PUBLIC,JUNIOR_COLLEGE,,,,,,,,,,2026,,,,,https://collegescorecard.ed.gov/,NEEDS_REVIEW,,https://njcaastats.prestosports.com/sports/bsb/2024-25/div2/teams/princegeorgescommunitycollege,https://njcaastats.prestosports.com/sports/bsb/2024-25/div2/teams/princegeorgescommunitycollege/roster,https://njcaastats.prestosports.com/sports/bsb/2024-25/div2/teams/princegeorgescommunitycollege/schedule,,,,,NJCAA_D2,Region 20,,,,"NJCAA Division II programs may offer athletic scholarships, subject to NJCAA and institutional limits.",https://www.njcaa.org/,true,true,https://njcaastats.prestosports.com/sports/bsb/2024-25/div2/teams?jsRendering=true&pos=br&sort=r,NEEDS_REVIEW
Raritan Valley Community College,raritan-valley-community-college,,NJ,,PUBLIC,JUNIOR_COLLEGE,,,,,,,,,,2026,,,,,https://collegescorecard.ed.gov/,NEEDS_REVIEW,,https://njcaastats.prestosports.com/sports/bsb/2024-25/div2/teams/raritanvalleycommunitycollege,https://njcaastats.prestosports.com/sports/bsb/2024-25/div2/teams/raritanvalleycommunitycollege/roster,https://njcaastats.prestosports.com/sports/bsb/2024-25/div2/teams/raritanvalleycommunitycollege/schedule,,,,,NJCAA_D2,Region 19,,,,"NJCAA Division II programs may offer athletic scholarships, subject to NJCAA and institutional limits.",https://www.njcaa.org/,true,true,https://njcaastats.prestosports.com/sports/bsb/2024-25/div2/teams?jsRendering=true&pos=br&sort=r,NEEDS_REVIEW
Redlands Community College,redlands-community-college,,OK,,PUBLIC,JUNIOR_COLLEGE,,,,,,,,,,2026,,,,,https://collegescorecard.ed.gov/,NEEDS_REVIEW,,https://njcaastats.prestosports.com/sports/bsb/2024-25/div2/teams/redlandscommunitycollege,https://njcaastats.prestosports.com/sports/bsb/2024-25/div2/teams/redlandscommunitycollege/roster,https://njcaastats.prestosports.com/sports/bsb/2024-25/div2/teams/redlandscommunitycollege/schedule,,,,,NJCAA_D2,Region 2,,,,"NJCAA Division II programs may offer athletic scholarships, subject to NJCAA and institutional limits.",https://www.njcaa.org/,true,true,https://njcaastats.prestosports.com/sports/bsb/2024-25/div2/teams?jsRendering=true&pos=br&sort=r,NEEDS_REVIEW
Reid State Technical College,reid-state-technical-college,,AL,,PUBLIC,JUNIOR_COLLEGE,,,,,,,,,,2026,,,,,https://collegescorecard.ed.gov/,NEEDS_REVIEW,,https://njcaastats.prestosports.com/sports/bsb/2024-25/div2/teams/reidstatetechnicalcollege,https://njcaastats.prestosports.com/sports/bsb/2024-25/div2/teams/reidstatetechnicalcollege/roster,https://njcaastats.prestosports.com/sports/bsb/2024-25/div2/teams/reidstatetechnicalcollege/schedule,,,,,NJCAA_D2,Region 22,,,,"NJCAA Division II programs may offer athletic scholarships, subject to NJCAA and institutional limits.",https://www.njcaa.org/,true,true,https://njcaastats.prestosports.com/sports/bsb/2024-25/div2/teams?jsRendering=true&pos=br&sort=r,NEEDS_REVIEW
Richard Bland College,richard-bland-college,,VA,,PUBLIC,JUNIOR_COLLEGE,,,,,,,,,,2026,,,,,https://collegescorecard.ed.gov/,NEEDS_REVIEW,,https://njcaastats.prestosports.com/sports/bsb/2024-25/div2/teams/richardblandcollege,https://njcaastats.prestosports.com/sports/bsb/2024-25/div2/teams/richardblandcollege/roster,https://njcaastats.prestosports.com/sports/bsb/2024-25/div2/teams/richardblandcollege/schedule,,,,,NJCAA_D2,Region 10,,,,"NJCAA Division II programs may offer athletic scholarships, subject to NJCAA and institutional limits.",https://www.njcaa.org/,true,true,https://njcaastats.prestosports.com/sports/bsb/2024-25/div2/teams?jsRendering=true&pos=br&sort=r,NEEDS_REVIEW
Rock Valley College,rock-valley-college,,IL,,PUBLIC,JUNIOR_COLLEGE,,,,,,,,,,2026,,,,,https://collegescorecard.ed.gov/,NEEDS_REVIEW,,https://njcaastats.prestosports.com/sports/bsb/2024-25/div2/teams/rockvalleycollege,https://njcaastats.prestosports.com/sports/bsb/2024-25/div2/teams/rockvalleycollege/roster,https://njcaastats.prestosports.com/sports/bsb/2024-25/div2/teams/rockvalleycollege/schedule,,,,,NJCAA_D2,Region 4,,,,"NJCAA Division II programs may offer athletic scholarships, subject to NJCAA and institutional limits.",https://www.njcaa.org/,true,true,https://njcaastats.prestosports.com/sports/bsb/2024-25/div2/teams?jsRendering=true&pos=br&sort=r,NEEDS_REVIEW
Rockland Community College,rockland-community-college,,NY,,PUBLIC,JUNIOR_COLLEGE,,,,,,,,,,2026,,,,,https://collegescorecard.ed.gov/,NEEDS_REVIEW,,https://njcaastats.prestosports.com/sports/bsb/2024-25/div2/teams/rocklandcommunitycollege,https://njcaastats.prestosports.com/sports/bsb/2024-25/div2/teams/rocklandcommunitycollege/roster,https://njcaastats.prestosports.com/sports/bsb/2024-25/div2/teams/rocklandcommunitycollege/schedule,,,,,NJCAA_D2,Region 15,,,,"NJCAA Division II programs may offer athletic scholarships, subject to NJCAA and institutional limits.",https://www.njcaa.org/,true,true,https://njcaastats.prestosports.com/sports/bsb/2024-25/div2/teams?jsRendering=true&pos=br&sort=r,NEEDS_REVIEW
Sauk Valley Community College,sauk-valley-community-college,,IL,,PUBLIC,JUNIOR_COLLEGE,,,,,,,,,,2026,,,,,https://collegescorecard.ed.gov/,NEEDS_REVIEW,,https://njcaastats.prestosports.com/sports/bsb/2024-25/div2/teams/saukvalleycommunitycollege,https://njcaastats.prestosports.com/sports/bsb/2024-25/div2/teams/saukvalleycommunitycollege/roster,https://njcaastats.prestosports.com/sports/bsb/2024-25/div2/teams/saukvalleycommunitycollege/schedule,,,,,NJCAA_D2,Region 4,,,,"NJCAA Division II programs may offer athletic scholarships, subject to NJCAA and institutional limits.",https://www.njcaa.org/,true,true,https://njcaastats.prestosports.com/sports/bsb/2024-25/div2/teams?jsRendering=true&pos=br&sort=r,NEEDS_REVIEW
Schoolcraft College,schoolcraft-college,,MI,,PUBLIC,JUNIOR_COLLEGE,,,,,,,,,,2026,,,,,https://collegescorecard.ed.gov/,NEEDS_REVIEW,,https://njcaastats.prestosports.com/sports/bsb/2024-25/div2/teams/schoolcraftcollege,https://njcaastats.prestosports.com/sports/bsb/2024-25/div2/teams/schoolcraftcollege/roster,https://njcaastats.prestosports.com/sports/bsb/2024-25/div2/teams/schoolcraftcollege/schedule,,,,,NJCAA_D2,Region 12,,,,"NJCAA Division II programs may offer athletic scholarships, subject to NJCAA and institutional limits.",https://www.njcaa.org/,true,true,https://njcaastats.prestosports.com/sports/bsb/2024-25/div2/teams?jsRendering=true&pos=br&sort=r,NEEDS_REVIEW
Scottsdale Community College,scottsdale-community-college,,AZ,,PUBLIC,JUNIOR_COLLEGE,,,,,,,,,,2026,,,,,https://collegescorecard.ed.gov/,NEEDS_REVIEW,,https://njcaastats.prestosports.com/sports/bsb/2024-25/div2/teams/scottsdalecommunitycollege,https://njcaastats.prestosports.com/sports/bsb/2024-25/div2/teams/scottsdalecommunitycollege/roster,https://njcaastats.prestosports.com/sports/bsb/2024-25/div2/teams/scottsdalecommunitycollege/schedule,,,,,NJCAA_D2,Region 1,,,,"NJCAA Division II programs may offer athletic scholarships, subject to NJCAA and institutional limits.",https://www.njcaa.org/,true,true,https://njcaastats.prestosports.com/sports/bsb/2024-25/div2/teams?jsRendering=true&pos=br&sort=r,NEEDS_REVIEW
South Arkansas College,south-arkansas-college,,AR,,PUBLIC,JUNIOR_COLLEGE,,,,,,,,,,2026,,,,,https://collegescorecard.ed.gov/,NEEDS_REVIEW,,https://njcaastats.prestosports.com/sports/bsb/2024-25/div2/teams/southarkansascollege,https://njcaastats.prestosports.com/sports/bsb/2024-25/div2/teams/southarkansascollege/roster,https://njcaastats.prestosports.com/sports/bsb/2024-25/div2/teams/southarkansascollege/schedule,,,,,NJCAA_D2,Region 2,,,,"NJCAA Division II programs may offer athletic scholarships, subject to NJCAA and institutional limits.",https://www.njcaa.org/,true,true,https://njcaastats.prestosports.com/sports/bsb/2024-25/div2/teams?jsRendering=true&pos=br&sort=r,NEEDS_REVIEW
South Florida State College,south-florida-state-college,,FL,,PUBLIC,JUNIOR_COLLEGE,,,,,,,,,,2026,,,,,https://collegescorecard.ed.gov/,NEEDS_REVIEW,,https://njcaastats.prestosports.com/sports/bsb/2024-25/div2/teams/southfloridastatecollege,https://njcaastats.prestosports.com/sports/bsb/2024-25/div2/teams/southfloridastatecollege/roster,https://njcaastats.prestosports.com/sports/bsb/2024-25/div2/teams/southfloridastatecollege/schedule,,,,,NJCAA_D2,Region 8,,,,"NJCAA Division II programs may offer athletic scholarships, subject to NJCAA and institutional limits.",https://www.njcaa.org/,true,true,https://njcaastats.prestosports.com/sports/bsb/2024-25/div2/teams?jsRendering=true&pos=br&sort=r,NEEDS_REVIEW
South Mountain Community College,south-mountain-community-college,,AZ,,PUBLIC,JUNIOR_COLLEGE,,,,,,,,,,2026,,,,,https://collegescorecard.ed.gov/,NEEDS_REVIEW,,https://njcaastats.prestosports.com/sports/bsb/2024-25/div2/teams/southmountaincommunitycollege,https://njcaastats.prestosports.com/sports/bsb/2024-25/div2/teams/southmountaincommunitycollege/roster,https://njcaastats.prestosports.com/sports/bsb/2024-25/div2/teams/southmountaincommunitycollege/schedule,,,,,NJCAA_D2,Region 1,,,,"NJCAA Division II programs may offer athletic scholarships, subject to NJCAA and institutional limits.",https://www.njcaa.org/,true,true,https://njcaastats.prestosports.com/sports/bsb/2024-25/div2/teams?jsRendering=true&pos=br&sort=r,NEEDS_REVIEW
Southeast Arkansas College,southeast-arkansas-college,,AR,,PUBLIC,JUNIOR_COLLEGE,,,,,,,,,,2026,,,,,https://collegescorecard.ed.gov/,NEEDS_REVIEW,,https://njcaastats.prestosports.com/sports/bsb/2024-25/div2/teams/southeastarkansascollege,https://njcaastats.prestosports.com/sports/bsb/2024-25/div2/teams/southeastarkansascollege/roster,https://njcaastats.prestosports.com/sports/bsb/2024-25/div2/teams/southeastarkansascollege/schedule,,,,,NJCAA_D2,Region 2,,,,"NJCAA Division II programs may offer athletic scholarships, subject to NJCAA and institutional limits.",https://www.njcaa.org/,true,true,https://njcaastats.prestosports.com/sports/bsb/2024-25/div2/teams?jsRendering=true&pos=br&sort=r,NEEDS_REVIEW
Southeastern Community College,southeastern-community-college,,IA,,PUBLIC,JUNIOR_COLLEGE,,,,,,,,,,2026,,,,,https://collegescorecard.ed.gov/,NEEDS_REVIEW,,https://njcaastats.prestosports.com/sports/bsb/2024-25/div2/teams/southeasterncommunitycollege,https://njcaastats.prestosports.com/sports/bsb/2024-25/div2/teams/southeasterncommunitycollege/roster,https://njcaastats.prestosports.com/sports/bsb/2024-25/div2/teams/southeasterncommunitycollege/schedule,,,,,NJCAA_D2,Region 11,,,,"NJCAA Division II programs may offer athletic scholarships, subject to NJCAA and institutional limits.",https://www.njcaa.org/,true,true,https://njcaastats.prestosports.com/sports/bsb/2024-25/div2/teams?jsRendering=true&pos=br&sort=r,NEEDS_REVIEW
Southeastern Community College-Whiteville,southeastern-community-college-whiteville,,NC,,PUBLIC,JUNIOR_COLLEGE,,,,,,,,,,2026,,,,,https://collegescorecard.ed.gov/,NEEDS_REVIEW,,https://njcaastats.prestosports.com/sports/bsb/2024-25/div2/teams/southeasterncommunitycollegewhitevill,https://njcaastats.prestosports.com/sports/bsb/2024-25/div2/teams/southeasterncommunitycollegewhitevill/roster,https://njcaastats.prestosports.com/sports/bsb/2024-25/div2/teams/southeasterncommunitycollegewhitevill/schedule,,,,,NJCAA_D2,Region 10,,,,"NJCAA Division II programs may offer athletic scholarships, subject to NJCAA and institutional limits.",https://www.njcaa.org/,true,true,https://njcaastats.prestosports.com/sports/bsb/2024-25/div2/teams?jsRendering=true&pos=br&sort=r,NEEDS_REVIEW
Southern Arkansas University Tech,southern-arkansas-university-tech,,AR,,PUBLIC,JUNIOR_COLLEGE,,,,,,,,,,2026,,,,,https://collegescorecard.ed.gov/,NEEDS_REVIEW,,https://njcaastats.prestosports.com/sports/bsb/2024-25/div2/teams/southernarkansasuniversitytech,https://njcaastats.prestosports.com/sports/bsb/2024-25/div2/teams/southernarkansasuniversitytech/roster,https://njcaastats.prestosports.com/sports/bsb/2024-25/div2/teams/southernarkansasuniversitytech/schedule,,,,,NJCAA_D2,Region 2,,,,"NJCAA Division II programs may offer athletic scholarships, subject to NJCAA and institutional limits.",https://www.njcaa.org/,true,true,https://njcaastats.prestosports.com/sports/bsb/2024-25/div2/teams?jsRendering=true&pos=br&sort=r,NEEDS_REVIEW
Southwest Mississippi Community College,southwest-mississippi-community-college,,MS,,PUBLIC,JUNIOR_COLLEGE,,,,,,,,,,2026,,,,,https://collegescorecard.ed.gov/,NEEDS_REVIEW,,https://njcaastats.prestosports.com/sports/bsb/2024-25/div2/teams/southwestmississippicommunitycollege,https://njcaastats.prestosports.com/sports/bsb/2024-25/div2/teams/southwestmississippicommunitycollege/roster,https://njcaastats.prestosports.com/sports/bsb/2024-25/div2/teams/southwestmississippicommunitycollege/schedule,,,,,NJCAA_D2,Region 23,,,,"NJCAA Division II programs may offer athletic scholarships, subject to NJCAA and institutional limits.",https://www.njcaa.org/,true,true,https://njcaastats.prestosports.com/sports/bsb/2024-25/div2/teams?jsRendering=true&pos=br&sort=r,NEEDS_REVIEW
Southwest Virginia,southwest-virginia,,IA,,PUBLIC,JUNIOR_COLLEGE,,,,,,,,,,2026,,,,,https://collegescorecard.ed.gov/,NEEDS_REVIEW,,https://njcaastats.prestosports.com/sports/bsb/2024-25/div2/teams/southwestvirginia,https://njcaastats.prestosports.com/sports/bsb/2024-25/div2/teams/southwestvirginia/roster,https://njcaastats.prestosports.com/sports/bsb/2024-25/div2/teams/southwestvirginia/schedule,,,,,NJCAA_D2,Region 10,,,,"NJCAA Division II programs may offer athletic scholarships, subject to NJCAA and institutional limits.",https://www.njcaa.org/,true,true,https://njcaastats.prestosports.com/sports/bsb/2024-25/div2/teams?jsRendering=true&pos=br&sort=r,NEEDS_REVIEW
Spoon River College,spoon-river-college,,IL,,PUBLIC,JUNIOR_COLLEGE,,,,,,,,,,2026,,,,,https://collegescorecard.ed.gov/,NEEDS_REVIEW,,https://njcaastats.prestosports.com/sports/bsb/2024-25/div2/teams/spoonrivercollege,https://njcaastats.prestosports.com/sports/bsb/2024-25/div2/teams/spoonrivercollege/roster,https://njcaastats.prestosports.com/sports/bsb/2024-25/div2/teams/spoonrivercollege/schedule,,,,,NJCAA_D2,Region 24,,,,"NJCAA Division II programs may offer athletic scholarships, subject to NJCAA and institutional limits.",https://www.njcaa.org/,true,true,https://njcaastats.prestosports.com/sports/bsb/2024-25/div2/teams?jsRendering=true&pos=br&sort=r,NEEDS_REVIEW
St. Clair County Community College,st-clair-county-community-college,,MI,,PUBLIC,JUNIOR_COLLEGE,,,,,,,,,,2026,,,,,https://collegescorecard.ed.gov/,NEEDS_REVIEW,,https://njcaastats.prestosports.com/sports/bsb/2024-25/div2/teams/stclaircountycommunitycollege,https://njcaastats.prestosports.com/sports/bsb/2024-25/div2/teams/stclaircountycommunitycollege/roster,https://njcaastats.prestosports.com/sports/bsb/2024-25/div2/teams/stclaircountycommunitycollege/schedule,,,,,NJCAA_D2,Region 12,,,,"NJCAA Division II programs may offer athletic scholarships, subject to NJCAA and institutional limits.",https://www.njcaa.org/,true,true,https://njcaastats.prestosports.com/sports/bsb/2024-25/div2/teams?jsRendering=true&pos=br&sort=r,NEEDS_REVIEW
St. Johns River State College,st-johns-river-state-college,,FL,,PUBLIC,JUNIOR_COLLEGE,,,,,,,,,,2026,,,,,https://collegescorecard.ed.gov/,NEEDS_REVIEW,,https://njcaastats.prestosports.com/sports/bsb/2024-25/div2/teams/stjohnsriverstatecollege,https://njcaastats.prestosports.com/sports/bsb/2024-25/div2/teams/stjohnsriverstatecollege/roster,https://njcaastats.prestosports.com/sports/bsb/2024-25/div2/teams/stjohnsriverstatecollege/schedule,,,,,NJCAA_D2,Region 8,,,,"NJCAA Division II programs may offer athletic scholarships, subject to NJCAA and institutional limits.",https://www.njcaa.org/,true,true,https://njcaastats.prestosports.com/sports/bsb/2024-25/div2/teams?jsRendering=true&pos=br&sort=r,NEEDS_REVIEW
Sullivan County Community College,sullivan-county-community-college,,NY,,PUBLIC,JUNIOR_COLLEGE,,,,,,,,,,2026,,,,,https://collegescorecard.ed.gov/,NEEDS_REVIEW,,https://njcaastats.prestosports.com/sports/bsb/2024-25/div2/teams/sullivancountycommunitycollege,https://njcaastats.prestosports.com/sports/bsb/2024-25/div2/teams/sullivancountycommunitycollege/roster,https://njcaastats.prestosports.com/sports/bsb/2024-25/div2/teams/sullivancountycommunitycollege/schedule,,,,,NJCAA_D2,Region 15,,,,"NJCAA Division II programs may offer athletic scholarships, subject to NJCAA and institutional limits.",https://www.njcaa.org/,true,true,https://njcaastats.prestosports.com/sports/bsb/2024-25/div2/teams?jsRendering=true&pos=br&sort=r,NEEDS_REVIEW
Sussex County Community College,sussex-county-community-college,,NJ,,PUBLIC,JUNIOR_COLLEGE,,,,,,,,,,2026,,,,,https://collegescorecard.ed.gov/,NEEDS_REVIEW,,https://njcaastats.prestosports.com/sports/bsb/2024-25/div2/teams/sussexcountycommunitycollege,https://njcaastats.prestosports.com/sports/bsb/2024-25/div2/teams/sussexcountycommunitycollege/roster,https://njcaastats.prestosports.com/sports/bsb/2024-25/div2/teams/sussexcountycommunitycollege/schedule,,,,,NJCAA_D2,Region 19,,,,"NJCAA Division II programs may offer athletic scholarships, subject to NJCAA and institutional limits.",https://www.njcaa.org/,true,true,https://njcaastats.prestosports.com/sports/bsb/2024-25/div2/teams?jsRendering=true&pos=br&sort=r,NEEDS_REVIEW
UA Rich Mountain,ua-rich-mountain,,IN,,PUBLIC,JUNIOR_COLLEGE,,,,,,,,,,2026,,,,,https://collegescorecard.ed.gov/,NEEDS_REVIEW,,https://njcaastats.prestosports.com/sports/bsb/2024-25/div2/teams/uarichmountain,https://njcaastats.prestosports.com/sports/bsb/2024-25/div2/teams/uarichmountain/roster,https://njcaastats.prestosports.com/sports/bsb/2024-25/div2/teams/uarichmountain/schedule,,,,,NJCAA_D2,Region 2,,,,"NJCAA Division II programs may offer athletic scholarships, subject to NJCAA and institutional limits.",https://www.njcaa.org/,true,true,https://njcaastats.prestosports.com/sports/bsb/2024-25/div2/teams?jsRendering=true&pos=br&sort=r,NEEDS_REVIEW
Ulster County Community College,ulster-county-community-college,,NY,,PUBLIC,JUNIOR_COLLEGE,,,,,,,,,,2026,,,,,https://collegescorecard.ed.gov/,NEEDS_REVIEW,,https://njcaastats.prestosports.com/sports/bsb/2024-25/div2/teams/ulstercountycommunitycollege,https://njcaastats.prestosports.com/sports/bsb/2024-25/div2/teams/ulstercountycommunitycollege/roster,https://njcaastats.prestosports.com/sports/bsb/2024-25/div2/teams/ulstercountycommunitycollege/schedule,,,,,NJCAA_D2,Region 15,,,,"NJCAA Division II programs may offer athletic scholarships, subject to NJCAA and institutional limits.",https://www.njcaa.org/,true,true,https://njcaastats.prestosports.com/sports/bsb/2024-25/div2/teams?jsRendering=true&pos=br&sort=r,NEEDS_REVIEW
University of Connecticut at Avery Point,university-of-connecticut-at-avery-point,,CT,,PUBLIC,JUNIOR_COLLEGE,,,,,,,,,,2026,,,,,https://collegescorecard.ed.gov/,NEEDS_REVIEW,,https://njcaastats.prestosports.com/sports/bsb/2024-25/div2/teams/universityofconnecticutataverypoint,https://njcaastats.prestosports.com/sports/bsb/2024-25/div2/teams/universityofconnecticutataverypoint/roster,https://njcaastats.prestosports.com/sports/bsb/2024-25/div2/teams/universityofconnecticutataverypoint/schedule,,,,,NJCAA_D2,Region 21,,,,"NJCAA Division II programs may offer athletic scholarships, subject to NJCAA and institutional limits.",https://www.njcaa.org/,true,true,https://njcaastats.prestosports.com/sports/bsb/2024-25/div2/teams?jsRendering=true&pos=br&sort=r,NEEDS_REVIEW
Vincennes University,vincennes-university,,IN,,PUBLIC,JUNIOR_COLLEGE,,,,,,,,,,2026,,,,,https://collegescorecard.ed.gov/,NEEDS_REVIEW,,https://njcaastats.prestosports.com/sports/bsb/2024-25/div2/teams/vincennesuniversity,https://njcaastats.prestosports.com/sports/bsb/2024-25/div2/teams/vincennesuniversity/roster,https://njcaastats.prestosports.com/sports/bsb/2024-25/div2/teams/vincennesuniversity/schedule,,,,,NJCAA_D2,Region 24,,,,"NJCAA Division II programs may offer athletic scholarships, subject to NJCAA and institutional limits.",https://www.njcaa.org/,true,true,https://njcaastats.prestosports.com/sports/bsb/2024-25/div2/teams?jsRendering=true&pos=br&sort=r,NEEDS_REVIEW
Wake Technical Community College,wake-technical-community-college,,NC,,PUBLIC,JUNIOR_COLLEGE,,,,,,,,,,2026,,,,,https://collegescorecard.ed.gov/,NEEDS_REVIEW,,https://njcaastats.prestosports.com/sports/bsb/2024-25/div2/teams/waketechnicalcommunitycollege,https://njcaastats.prestosports.com/sports/bsb/2024-25/div2/teams/waketechnicalcommunitycollege/roster,https://njcaastats.prestosports.com/sports/bsb/2024-25/div2/teams/waketechnicalcommunitycollege/schedule,,,,,NJCAA_D2,Region 10,,,,"NJCAA Division II programs may offer athletic scholarships, subject to NJCAA and institutional limits.",https://www.njcaa.org/,true,true,https://njcaastats.prestosports.com/sports/bsb/2024-25/div2/teams?jsRendering=true&pos=br&sort=r,NEEDS_REVIEW
Wallace Community College-Dothan,wallace-community-college-dothan,,AL,,PUBLIC,JUNIOR_COLLEGE,,,,,,,,,,2026,,,,,https://collegescorecard.ed.gov/,NEEDS_REVIEW,,https://njcaastats.prestosports.com/sports/bsb/2024-25/div2/teams/wallacecommunitycollegedothan,https://njcaastats.prestosports.com/sports/bsb/2024-25/div2/teams/wallacecommunitycollegedothan/roster,https://njcaastats.prestosports.com/sports/bsb/2024-25/div2/teams/wallacecommunitycollegedothan/schedule,,,,,NJCAA_D2,Region 22,,,,"NJCAA Division II programs may offer athletic scholarships, subject to NJCAA and institutional limits.",https://www.njcaa.org/,true,true,https://njcaastats.prestosports.com/sports/bsb/2024-25/div2/teams?jsRendering=true&pos=br&sort=r,NEEDS_REVIEW
Wallace Community College-Selma,wallace-community-college-selma,,MA,,PUBLIC,JUNIOR_COLLEGE,,,,,,,,,,2026,,,,,https://collegescorecard.ed.gov/,NEEDS_REVIEW,,https://njcaastats.prestosports.com/sports/bsb/2024-25/div2/teams/wallacecommunitycollegeselma,https://njcaastats.prestosports.com/sports/bsb/2024-25/div2/teams/wallacecommunitycollegeselma/roster,https://njcaastats.prestosports.com/sports/bsb/2024-25/div2/teams/wallacecommunitycollegeselma/schedule,,,,,NJCAA_D2,Region 22,,,,"NJCAA Division II programs may offer athletic scholarships, subject to NJCAA and institutional limits.",https://www.njcaa.org/,true,true,https://njcaastats.prestosports.com/sports/bsb/2024-25/div2/teams?jsRendering=true&pos=br&sort=r,NEEDS_REVIEW
Westchester Community College,westchester-community-college,,NY,,PUBLIC,JUNIOR_COLLEGE,,,,,,,,,,2026,,,,,https://collegescorecard.ed.gov/,NEEDS_REVIEW,,https://njcaastats.prestosports.com/sports/bsb/2024-25/div2/teams/westchestercommunitycollege,https://njcaastats.prestosports.com/sports/bsb/2024-25/div2/teams/westchestercommunitycollege/roster,https://njcaastats.prestosports.com/sports/bsb/2024-25/div2/teams/westchestercommunitycollege/schedule,,,,,NJCAA_D2,Region 15,,,,"NJCAA Division II programs may offer athletic scholarships, subject to NJCAA and institutional limits.",https://www.njcaa.org/,true,true,https://njcaastats.prestosports.com/sports/bsb/2024-25/div2/teams?jsRendering=true&pos=br&sort=r,NEEDS_REVIEW
Western Oklahoma State College,western-oklahoma-state-college,,OK,,PUBLIC,JUNIOR_COLLEGE,,,,,,,,,,2026,,,,,https://collegescorecard.ed.gov/,NEEDS_REVIEW,,https://njcaastats.prestosports.com/sports/bsb/2024-25/div2/teams/westernoklahomastatecollege,https://njcaastats.prestosports.com/sports/bsb/2024-25/div2/teams/westernoklahomastatecollege/roster,https://njcaastats.prestosports.com/sports/bsb/2024-25/div2/teams/westernoklahomastatecollege/schedule,,,,,NJCAA_D2,Region 2,,,,"NJCAA Division II programs may offer athletic scholarships, subject to NJCAA and institutional limits.",https://www.njcaa.org/,true,true,https://njcaastats.prestosports.com/sports/bsb/2024-25/div2/teams?jsRendering=true&pos=br&sort=r,NEEDS_REVIEW
Westmoreland County Community College,westmoreland-county-community-college,,PA,,PUBLIC,JUNIOR_COLLEGE,,,,,,,,,,2026,,,,,https://collegescorecard.ed.gov/,NEEDS_REVIEW,,https://njcaastats.prestosports.com/sports/bsb/2024-25/div2/teams/westmorelandcountycc,https://njcaastats.prestosports.com/sports/bsb/2024-25/div2/teams/westmorelandcountycc/roster,https://njcaastats.prestosports.com/sports/bsb/2024-25/div2/teams/westmorelandcountycc/schedule,,,,,NJCAA_D2,Region 20,,,,"NJCAA Division II programs may offer athletic scholarships, subject to NJCAA and institutional limits.",https://www.njcaa.org/,true,true,https://njcaastats.prestosports.com/sports/bsb/2024-25/div2/teams?jsRendering=true&pos=br&sort=r,NEEDS_REVIEW
Williston State College,williston-state-college,,ND,,PUBLIC,JUNIOR_COLLEGE,,,,,,,,,,2026,,,,,https://collegescorecard.ed.gov/,NEEDS_REVIEW,,https://njcaastats.prestosports.com/sports/bsb/2024-25/div2/teams/willistonstatecollege,https://njcaastats.prestosports.com/sports/bsb/2024-25/div2/teams/willistonstatecollege/roster,https://njcaastats.prestosports.com/sports/bsb/2024-25/div2/teams/willistonstatecollege/schedule,,,,,NJCAA_D2,Region 13,,,,"NJCAA Division II programs may offer athletic scholarships, subject to NJCAA and institutional limits.",https://www.njcaa.org/,true,true,https://njcaastats.prestosports.com/sports/bsb/2024-25/div2/teams?jsRendering=true&pos=br&sort=r,NEEDS_REVIEW